threshold,validation_rows,validation_signal_count,validation_precision,validation_natural_precision,validation_precision_lift,validation_avg_future_ret_3w,validation_natural_avg_future_ret_3w,validation_avg_return_lift,valid_signal_floor,selected,tuning_status,params_json,fit_rows,usable_features,test_year,side,model,label_col,train_rows
0.7,23,3,0.0,0.13043478260869565,-0.13043478260869565,0.006921243333333334,0.018921491304347827,-0.012000247971014493,1,0,ok,"{""C"": 0.3}",92,347,2021,bottom,logistic,manual_weak_bottom_label,115
0.6,23,3,0.0,0.13043478260869565,-0.13043478260869565,0.006921243333333334,0.018921491304347827,-0.012000247971014493,1,0,ok,"{""C"": 0.3}",92,347,2021,bottom,logistic,manual_weak_bottom_label,115
0.5,23,3,0.0,0.13043478260869565,-0.13043478260869565,0.006921243333333334,0.018921491304347827,-0.012000247971014493,1,0,ok,"{""C"": 0.3}",92,347,2021,bottom,logistic,manual_weak_bottom_label,115
0.4,23,3,0.0,0.13043478260869565,-0.13043478260869565,0.006921243333333334,0.018921491304347827,-0.012000247971014493,1,0,ok,"{""C"": 0.3}",92,347,2021,bottom,logistic,manual_weak_bottom_label,115
0.3,23,5,0.2,0.13043478260869565,0.06956521739130436,0.025677317999999998,0.018921491304347827,0.006755826695652171,1,0,ok,"{""C"": 0.3}",92,347,2021,bottom,logistic,manual_weak_bottom_label,115
0.7,23,3,0.0,0.13043478260869565,-0.13043478260869565,0.006921243333333334,0.018921491304347827,-0.012000247971014493,1,0,ok,"{""C"": 1.0}",92,347,2021,bottom,logistic,manual_weak_bottom_label,115
0.6,23,3,0.0,0.13043478260869565,-0.13043478260869565,0.006921243333333334,0.018921491304347827,-0.012000247971014493,1,0,ok,"{""C"": 1.0}",92,347,2021,bottom,logistic,manual_weak_bottom_label,115
0.5,23,3,0.0,0.13043478260869565,-0.13043478260869565,0.006921243333333334,0.018921491304347827,-0.012000247971014493,1,0,ok,"{""C"": 1.0}",92,347,2021,bottom,logistic,manual_weak_bottom_label,115
0.4,23,4,0.0,0.13043478260869565,-0.13043478260869565,0.014593745,0.018921491304347827,-0.004327746304347827,1,0,ok,"{""C"": 1.0}",92,347,2021,bottom,logistic,manual_weak_bottom_label,115
0.3,23,5,0.2,0.13043478260869565,0.06956521739130436,0.028427342,0.018921491304347827,0.009505850695652174,1,1,ok,"{""C"": 1.0}",92,347,2021,bottom,logistic,manual_weak_bottom_label,115
0.7,23,3,0.0,0.13043478260869565,-0.13043478260869565,0.006921243333333334,0.018921491304347827,-0.012000247971014493,1,0,ok,"{""C"": 3.0}",92,347,2021,bottom,logistic,manual_weak_bottom_label,115
0.6,23,3,0.0,0.13043478260869565,-0.13043478260869565,0.006921243333333334,0.018921491304347827,-0.012000247971014493,1,0,ok,"{""C"": 3.0}",92,347,2021,bottom,logistic,manual_weak_bottom_label,115
0.5,23,3,0.0,0.13043478260869565,-0.13043478260869565,0.006921243333333334,0.018921491304347827,-0.012000247971014493,1,0,ok,"{""C"": 3.0}",92,347,2021,bottom,logistic,manual_weak_bottom_label,115
0.4,23,4,0.0,0.13043478260869565,-0.13043478260869565,0.014593745,0.018921491304347827,-0.004327746304347827,1,0,ok,"{""C"": 3.0}",92,347,2021,bottom,logistic,manual_weak_bottom_label,115
0.3,23,5,0.2,0.13043478260869565,0.06956521739130436,0.028427342,0.018921491304347827,0.009505850695652174,1,0,ok,"{""C"": 3.0}",92,347,2021,bottom,logistic,manual_weak_bottom_label,115
0.7,23,5,0.0,0.13043478260869565,-0.13043478260869565,0.007007086,0.018921491304347827,-0.011914405304347828,1,0,ok,"{""shrinkage"": ""auto"", ""solver"": ""lsqr""}",92,347,2021,bottom,lda,manual_weak_bottom_label,115
0.6,23,6,0.16666666666666666,0.13043478260869565,0.03623188405797101,0.019799526666666668,0.018921491304347827,0.0008780353623188408,1,1,ok,"{""shrinkage"": ""auto"", ""solver"": ""lsqr""}",92,347,2021,bottom,lda,manual_weak_bottom_label,115
0.5,23,6,0.16666666666666666,0.13043478260869565,0.03623188405797101,0.019799526666666668,0.018921491304347827,0.0008780353623188408,1,0,ok,"{""shrinkage"": ""auto"", ""solver"": ""lsqr""}",92,347,2021,bottom,lda,manual_weak_bottom_label,115
0.4,23,6,0.16666666666666666,0.13043478260869565,0.03623188405797101,0.019799526666666668,0.018921491304347827,0.0008780353623188408,1,0,ok,"{""shrinkage"": ""auto"", ""solver"": ""lsqr""}",92,347,2021,bottom,lda,manual_weak_bottom_label,115
0.3,23,6,0.16666666666666666,0.13043478260869565,0.03623188405797101,0.019799526666666668,0.018921491304347827,0.0008780353623188408,1,0,ok,"{""shrinkage"": ""auto"", ""solver"": ""lsqr""}",92,347,2021,bottom,lda,manual_weak_bottom_label,115
0.7,23,5,0.0,0.13043478260869565,-0.13043478260869565,0.007007086,0.018921491304347827,-0.011914405304347828,1,0,ok,"{""shrinkage"": 0.2, ""solver"": ""lsqr""}",92,347,2021,bottom,lda,manual_weak_bottom_label,115
0.6,23,5,0.0,0.13043478260869565,-0.13043478260869565,0.007007086,0.018921491304347827,-0.011914405304347828,1,0,ok,"{""shrinkage"": 0.2, ""solver"": ""lsqr""}",92,347,2021,bottom,lda,manual_weak_bottom_label,115
0.5,23,5,0.0,0.13043478260869565,-0.13043478260869565,0.007007086,0.018921491304347827,-0.011914405304347828,1,0,ok,"{""shrinkage"": 0.2, ""solver"": ""lsqr""}",92,347,2021,bottom,lda,manual_weak_bottom_label,115
0.4,23,5,0.0,0.13043478260869565,-0.13043478260869565,0.007007086,0.018921491304347827,-0.011914405304347828,1,0,ok,"{""shrinkage"": 0.2, ""solver"": ""lsqr""}",92,347,2021,bottom,lda,manual_weak_bottom_label,115
0.3,23,5,0.0,0.13043478260869565,-0.13043478260869565,0.007007086,0.018921491304347827,-0.011914405304347828,1,0,ok,"{""shrinkage"": 0.2, ""solver"": ""lsqr""}",92,347,2021,bottom,lda,manual_weak_bottom_label,115
0.7,23,3,0.0,0.13043478260869565,-0.13043478260869565,0.006921243333333334,0.018921491304347827,-0.012000247971014493,1,0,ok,"{""shrinkage"": 0.5, ""solver"": ""lsqr""}",92,347,2021,bottom,lda,manual_weak_bottom_label,115
0.6,23,4,0.0,0.13043478260869565,-0.13043478260869565,0.0034383775,0.018921491304347827,-0.015483113804347828,1,0,ok,"{""shrinkage"": 0.5, ""solver"": ""lsqr""}",92,347,2021,bottom,lda,manual_weak_bottom_label,115
0.5,23,4,0.0,0.13043478260869565,-0.13043478260869565,0.0034383775,0.018921491304347827,-0.015483113804347828,1,0,ok,"{""shrinkage"": 0.5, ""solver"": ""lsqr""}",92,347,2021,bottom,lda,manual_weak_bottom_label,115
0.4,23,4,0.0,0.13043478260869565,-0.13043478260869565,0.0034383775,0.018921491304347827,-0.015483113804347828,1,0,ok,"{""shrinkage"": 0.5, ""solver"": ""lsqr""}",92,347,2021,bottom,lda,manual_weak_bottom_label,115
0.3,23,4,0.0,0.13043478260869565,-0.13043478260869565,0.0034383775,0.018921491304347827,-0.015483113804347828,1,0,ok,"{""shrinkage"": 0.5, ""solver"": ""lsqr""}",92,347,2021,bottom,lda,manual_weak_bottom_label,115
0.7,23,10,0.1,0.13043478260869565,-0.030434782608695643,0.020708941,0.018921491304347827,0.0017874496956521747,1,1,ok,"{""reg_param"": 0.2}",92,347,2021,bottom,qda,manual_weak_bottom_label,115
0.6,23,10,0.1,0.13043478260869565,-0.030434782608695643,0.020708941,0.018921491304347827,0.0017874496956521747,1,0,ok,"{""reg_param"": 0.2}",92,347,2021,bottom,qda,manual_weak_bottom_label,115
0.5,23,10,0.1,0.13043478260869565,-0.030434782608695643,0.020708941,0.018921491304347827,0.0017874496956521747,1,0,ok,"{""reg_param"": 0.2}",92,347,2021,bottom,qda,manual_weak_bottom_label,115
0.4,23,10,0.1,0.13043478260869565,-0.030434782608695643,0.020708941,0.018921491304347827,0.0017874496956521747,1,0,ok,"{""reg_param"": 0.2}",92,347,2021,bottom,qda,manual_weak_bottom_label,115
0.3,23,10,0.1,0.13043478260869565,-0.030434782608695643,0.020708941,0.018921491304347827,0.0017874496956521747,1,0,ok,"{""reg_param"": 0.2}",92,347,2021,bottom,qda,manual_weak_bottom_label,115
0.7,23,10,0.1,0.13043478260869565,-0.030434782608695643,0.020708941,0.018921491304347827,0.0017874496956521747,1,0,ok,"{""reg_param"": 0.5}",92,347,2021,bottom,qda,manual_weak_bottom_label,115
0.6,23,10,0.1,0.13043478260869565,-0.030434782608695643,0.020708941,0.018921491304347827,0.0017874496956521747,1,0,ok,"{""reg_param"": 0.5}",92,347,2021,bottom,qda,manual_weak_bottom_label,115
0.5,23,10,0.1,0.13043478260869565,-0.030434782608695643,0.020708941,0.018921491304347827,0.0017874496956521747,1,0,ok,"{""reg_param"": 0.5}",92,347,2021,bottom,qda,manual_weak_bottom_label,115
0.4,23,10,0.1,0.13043478260869565,-0.030434782608695643,0.020708941,0.018921491304347827,0.0017874496956521747,1,0,ok,"{""reg_param"": 0.5}",92,347,2021,bottom,qda,manual_weak_bottom_label,115
0.3,23,10,0.1,0.13043478260869565,-0.030434782608695643,0.020708941,0.018921491304347827,0.0017874496956521747,1,0,ok,"{""reg_param"": 0.5}",92,347,2021,bottom,qda,manual_weak_bottom_label,115
0.7,23,10,0.1,0.13043478260869565,-0.030434782608695643,0.020708941,0.018921491304347827,0.0017874496956521747,1,0,ok,"{""reg_param"": 0.8}",92,347,2021,bottom,qda,manual_weak_bottom_label,115
0.6,23,10,0.1,0.13043478260869565,-0.030434782608695643,0.020708941,0.018921491304347827,0.0017874496956521747,1,0,ok,"{""reg_param"": 0.8}",92,347,2021,bottom,qda,manual_weak_bottom_label,115
0.5,23,10,0.1,0.13043478260869565,-0.030434782608695643,0.020708941,0.018921491304347827,0.0017874496956521747,1,0,ok,"{""reg_param"": 0.8}",92,347,2021,bottom,qda,manual_weak_bottom_label,115
0.4,23,10,0.1,0.13043478260869565,-0.030434782608695643,0.020708941,0.018921491304347827,0.0017874496956521747,1,0,ok,"{""reg_param"": 0.8}",92,347,2021,bottom,qda,manual_weak_bottom_label,115
0.3,23,10,0.1,0.13043478260869565,-0.030434782608695643,0.020708941,0.018921491304347827,0.0017874496956521747,1,0,ok,"{""reg_param"": 0.8}",92,347,2021,bottom,qda,manual_weak_bottom_label,115
0.7,23,0,,0.13043478260869565,,,0.018921491304347827,,0,0,ok,"{""balanced_bagging"": true, ""is_unbalance"": false, ""learning_rate"": 0.04, ""max_depth"": 3, ""min_child_samples"": 8, ""n_estimators"": 180, ""negative_sample_ratio"": 3.0, ""num_leaves"": 7}",92,347,2021,bottom,lightgbm,manual_weak_bottom_label,115
0.6,23,0,,0.13043478260869565,,,0.018921491304347827,,0,0,ok,"{""balanced_bagging"": true, ""is_unbalance"": false, ""learning_rate"": 0.04, ""max_depth"": 3, ""min_child_samples"": 8, ""n_estimators"": 180, ""negative_sample_ratio"": 3.0, ""num_leaves"": 7}",92,347,2021,bottom,lightgbm,manual_weak_bottom_label,115
0.5,23,1,0.0,0.13043478260869565,-0.13043478260869565,0.00102674,0.018921491304347827,-0.017894751304347825,0,0,ok,"{""balanced_bagging"": true, ""is_unbalance"": false, ""learning_rate"": 0.04, ""max_depth"": 3, ""min_child_samples"": 8, ""n_estimators"": 180, ""negative_sample_ratio"": 3.0, ""num_leaves"": 7}",92,347,2021,bottom,lightgbm,manual_weak_bottom_label,115
0.4,23,1,0.0,0.13043478260869565,-0.13043478260869565,0.00102674,0.018921491304347827,-0.017894751304347825,0,0,ok,"{""balanced_bagging"": true, ""is_unbalance"": false, ""learning_rate"": 0.04, ""max_depth"": 3, ""min_child_samples"": 8, ""n_estimators"": 180, ""negative_sample_ratio"": 3.0, ""num_leaves"": 7}",92,347,2021,bottom,lightgbm,manual_weak_bottom_label,115
0.3,23,1,0.0,0.13043478260869565,-0.13043478260869565,0.02674476,0.018921491304347827,0.007823268695652173,0,0,ok,"{""balanced_bagging"": true, ""is_unbalance"": false, ""learning_rate"": 0.04, ""max_depth"": 3, ""min_child_samples"": 8, ""n_estimators"": 180, ""negative_sample_ratio"": 3.0, ""num_leaves"": 7}",92,347,2021,bottom,lightgbm,manual_weak_bottom_label,115
0.7,23,0,,0.13043478260869565,,,0.018921491304347827,,0,0,ok,"{""balanced_bagging"": true, ""is_unbalance"": false, ""learning_rate"": 0.03, ""max_depth"": 4, ""min_child_samples"": 10, ""n_estimators"": 250, ""negative_sample_ratio"": 5.0, ""num_leaves"": 15}",92,347,2021,bottom,lightgbm,manual_weak_bottom_label,115
0.6,23,0,,0.13043478260869565,,,0.018921491304347827,,0,0,ok,"{""balanced_bagging"": true, ""is_unbalance"": false, ""learning_rate"": 0.03, ""max_depth"": 4, ""min_child_samples"": 10, ""n_estimators"": 250, ""negative_sample_ratio"": 5.0, ""num_leaves"": 15}",92,347,2021,bottom,lightgbm,manual_weak_bottom_label,115
0.5,23,0,,0.13043478260869565,,,0.018921491304347827,,0,0,ok,"{""balanced_bagging"": true, ""is_unbalance"": false, ""learning_rate"": 0.03, ""max_depth"": 4, ""min_child_samples"": 10, ""n_estimators"": 250, ""negative_sample_ratio"": 5.0, ""num_leaves"": 15}",92,347,2021,bottom,lightgbm,manual_weak_bottom_label,115
0.4,23,0,,0.13043478260869565,,,0.018921491304347827,,0,0,ok,"{""balanced_bagging"": true, ""is_unbalance"": false, ""learning_rate"": 0.03, ""max_depth"": 4, ""min_child_samples"": 10, ""n_estimators"": 250, ""negative_sample_ratio"": 5.0, ""num_leaves"": 15}",92,347,2021,bottom,lightgbm,manual_weak_bottom_label,115
0.3,23,1,0.0,0.13043478260869565,-0.13043478260869565,0.00102674,0.018921491304347827,-0.017894751304347825,0,0,ok,"{""balanced_bagging"": true, ""is_unbalance"": false, ""learning_rate"": 0.03, ""max_depth"": 4, ""min_child_samples"": 10, ""n_estimators"": 250, ""negative_sample_ratio"": 5.0, ""num_leaves"": 15}",92,347,2021,bottom,lightgbm,manual_weak_bottom_label,115
0.7,23,0,,0.13043478260869565,,,0.018921491304347827,,0,0,ok,"{""balanced_bagging"": true, ""is_unbalance"": true, ""learning_rate"": 0.025, ""max_depth"": 5, ""min_child_samples"": 12, ""n_estimators"": 320, ""negative_sample_ratio"": 3.0, ""num_leaves"": 15}",92,347,2021,bottom,lightgbm,manual_weak_bottom_label,115
0.6,23,0,,0.13043478260869565,,,0.018921491304347827,,0,0,ok,"{""balanced_bagging"": true, ""is_unbalance"": true, ""learning_rate"": 0.025, ""max_depth"": 5, ""min_child_samples"": 12, ""n_estimators"": 320, ""negative_sample_ratio"": 3.0, ""num_leaves"": 15}",92,347,2021,bottom,lightgbm,manual_weak_bottom_label,115
0.5,23,0,,0.13043478260869565,,,0.018921491304347827,,0,0,ok,"{""balanced_bagging"": true, ""is_unbalance"": true, ""learning_rate"": 0.025, ""max_depth"": 5, ""min_child_samples"": 12, ""n_estimators"": 320, ""negative_sample_ratio"": 3.0, ""num_leaves"": 15}",92,347,2021,bottom,lightgbm,manual_weak_bottom_label,115
0.4,23,1,0.0,0.13043478260869565,-0.13043478260869565,0.00102674,0.018921491304347827,-0.017894751304347825,0,0,ok,"{""balanced_bagging"": true, ""is_unbalance"": true, ""learning_rate"": 0.025, ""max_depth"": 5, ""min_child_samples"": 12, ""n_estimators"": 320, ""negative_sample_ratio"": 3.0, ""num_leaves"": 15}",92,347,2021,bottom,lightgbm,manual_weak_bottom_label,115
0.3,23,2,0.5,0.13043478260869565,0.3695652173913043,0.055253245,0.018921491304347827,0.03633175369565217,1,1,ok,"{""balanced_bagging"": true, ""is_unbalance"": true, ""learning_rate"": 0.025, ""max_depth"": 5, ""min_child_samples"": 12, ""n_estimators"": 320, ""negative_sample_ratio"": 3.0, ""num_leaves"": 15}",92,347,2021,bottom,lightgbm,manual_weak_bottom_label,115
0.7,23,2,0.0,0.13043478260869565,-0.13043478260869565,0.027456995,0.018921491304347827,0.008535503695652175,1,0,ok,"{""dropout"": 0.05, ""focal_alpha"": 0.7, ""focal_gamma"": 1.5, ""hidden_layers"": [32], ""learning_rate"": 0.001, ""max_epochs"": 130, ""patience"": 15}",92,347,2021,bottom,bp,manual_weak_bottom_label,115
0.6,23,3,0.0,0.13043478260869565,-0.13043478260869565,0.006921243333333334,0.018921491304347827,-0.012000247971014493,1,0,ok,"{""dropout"": 0.05, ""focal_alpha"": 0.7, ""focal_gamma"": 1.5, ""hidden_layers"": [32], ""learning_rate"": 0.001, ""max_epochs"": 130, ""patience"": 15}",92,347,2021,bottom,bp,manual_weak_bottom_label,115
0.5,23,5,0.2,0.13043478260869565,0.06956521739130436,0.028427342,0.018921491304347827,0.009505850695652174,1,1,ok,"{""dropout"": 0.05, ""focal_alpha"": 0.7, ""focal_gamma"": 1.5, ""hidden_layers"": [32], ""learning_rate"": 0.001, ""max_epochs"": 130, ""patience"": 15}",92,347,2021,bottom,bp,manual_weak_bottom_label,115
0.4,23,8,0.125,0.13043478260869565,-0.0054347826086956486,0.01543208375,0.018921491304347827,-0.0034894075543478262,1,0,ok,"{""dropout"": 0.05, ""focal_alpha"": 0.7, ""focal_gamma"": 1.5, ""hidden_layers"": [32], ""learning_rate"": 0.001, ""max_epochs"": 130, ""patience"": 15}",92,347,2021,bottom,bp,manual_weak_bottom_label,115
0.3,23,9,0.1111111111111111,0.13043478260869565,-0.019323671497584544,0.016082065555555556,0.018921491304347827,-0.002839425748792271,1,0,ok,"{""dropout"": 0.05, ""focal_alpha"": 0.7, ""focal_gamma"": 1.5, ""hidden_layers"": [32], ""learning_rate"": 0.001, ""max_epochs"": 130, ""patience"": 15}",92,347,2021,bottom,bp,manual_weak_bottom_label,115
0.7,23,0,,0.13043478260869565,,,0.018921491304347827,,0,0,ok,"{""dropout"": 0.1, ""focal_alpha"": 0.75, ""focal_gamma"": 2.0, ""hidden_layers"": [48, 24], ""learning_rate"": 0.001, ""max_epochs"": 160, ""patience"": 18}",92,347,2021,bottom,bp,manual_weak_bottom_label,115
0.6,23,1,0.0,0.13043478260869565,-0.13043478260869565,-0.03415026,0.018921491304347827,-0.053071751304347825,0,0,ok,"{""dropout"": 0.1, ""focal_alpha"": 0.75, ""focal_gamma"": 2.0, ""hidden_layers"": [48, 24], ""learning_rate"": 0.001, ""max_epochs"": 160, ""patience"": 18}",92,347,2021,bottom,bp,manual_weak_bottom_label,115
0.5,23,1,0.0,0.13043478260869565,-0.13043478260869565,-0.03415026,0.018921491304347827,-0.053071751304347825,0,0,ok,"{""dropout"": 0.1, ""focal_alpha"": 0.75, ""focal_gamma"": 2.0, ""hidden_layers"": [48, 24], ""learning_rate"": 0.001, ""max_epochs"": 160, ""patience"": 18}",92,347,2021,bottom,bp,manual_weak_bottom_label,115
0.4,23,2,0.0,0.13043478260869565,-0.13043478260869565,-0.01347125,0.018921491304347827,-0.03239274130434783,1,0,ok,"{""dropout"": 0.1, ""focal_alpha"": 0.75, ""focal_gamma"": 2.0, ""hidden_layers"": [48, 24], ""learning_rate"": 0.001, ""max_epochs"": 160, ""patience"": 18}",92,347,2021,bottom,bp,manual_weak_bottom_label,115
0.3,23,3,0.0,0.13043478260869565,-0.13043478260869565,0.005960033333333333,0.018921491304347827,-0.012961457971014494,1,0,ok,"{""dropout"": 0.1, ""focal_alpha"": 0.75, ""focal_gamma"": 2.0, ""hidden_layers"": [48, 24], ""learning_rate"": 0.001, ""max_epochs"": 160, ""patience"": 18}",92,347,2021,bottom,bp,manual_weak_bottom_label,115
0.7,23,0,,0.13043478260869565,,,0.018921491304347827,,0,0,ok,"{""dropout"": 0.15, ""focal_alpha"": 0.8, ""focal_gamma"": 2.5, ""hidden_layers"": [64, 32], ""learning_rate"": 0.0007, ""max_epochs"": 180, ""patience"": 20}",92,347,2021,bottom,bp,manual_weak_bottom_label,115
0.6,23,0,,0.13043478260869565,,,0.018921491304347827,,0,0,ok,"{""dropout"": 0.15, ""focal_alpha"": 0.8, ""focal_gamma"": 2.5, ""hidden_layers"": [64, 32], ""learning_rate"": 0.0007, ""max_epochs"": 180, ""patience"": 20}",92,347,2021,bottom,bp,manual_weak_bottom_label,115
0.5,23,1,0.0,0.13043478260869565,-0.13043478260869565,0.00720776,0.018921491304347827,-0.011713731304347826,0,0,ok,"{""dropout"": 0.15, ""focal_alpha"": 0.8, ""focal_gamma"": 2.5, ""hidden_layers"": [64, 32], ""learning_rate"": 0.0007, ""max_epochs"": 180, ""patience"": 20}",92,347,2021,bottom,bp,manual_weak_bottom_label,115
0.4,23,3,0.0,0.13043478260869565,-0.13043478260869565,0.006921243333333334,0.018921491304347827,-0.012000247971014493,1,0,ok,"{""dropout"": 0.15, ""focal_alpha"": 0.8, ""focal_gamma"": 2.5, ""hidden_layers"": [64, 32], ""learning_rate"": 0.0007, ""max_epochs"": 180, ""patience"": 20}",92,347,2021,bottom,bp,manual_weak_bottom_label,115
0.3,23,3,0.0,0.13043478260869565,-0.13043478260869565,0.006921243333333334,0.018921491304347827,-0.012000247971014493,1,0,ok,"{""dropout"": 0.15, ""focal_alpha"": 0.8, ""focal_gamma"": 2.5, ""hidden_layers"": [64, 32], ""learning_rate"": 0.0007, ""max_epochs"": 180, ""patience"": 20}",92,347,2021,bottom,bp,manual_weak_bottom_label,115
0.7,23,6,0.16666666666666666,0.13043478260869565,0.03623188405797101,0.027800955000000002,0.018921491304347827,0.008879463695652175,1,1,ok,"{""alpha"": 0.0001, ""hidden_layer_sizes"": [32], ""learning_rate_init"": 0.001, ""max_iter"": 500, ""negative_sample_ratio"": 2.0}",92,347,2021,bottom,mlp,manual_weak_bottom_label,115
0.6,23,6,0.16666666666666666,0.13043478260869565,0.03623188405797101,0.027800955000000002,0.018921491304347827,0.008879463695652175,1,0,ok,"{""alpha"": 0.0001, ""hidden_layer_sizes"": [32], ""learning_rate_init"": 0.001, ""max_iter"": 500, ""negative_sample_ratio"": 2.0}",92,347,2021,bottom,mlp,manual_weak_bottom_label,115
0.5,23,7,0.14285714285714285,0.13043478260869565,0.0124223602484472,0.02282793,0.018921491304347827,0.003906438695652173,1,0,ok,"{""alpha"": 0.0001, ""hidden_layer_sizes"": [32], ""learning_rate_init"": 0.001, ""max_iter"": 500, ""negative_sample_ratio"": 2.0}",92,347,2021,bottom,mlp,manual_weak_bottom_label,115
0.4,23,7,0.14285714285714285,0.13043478260869565,0.0124223602484472,0.02282793,0.018921491304347827,0.003906438695652173,1,0,ok,"{""alpha"": 0.0001, ""hidden_layer_sizes"": [32], ""learning_rate_init"": 0.001, ""max_iter"": 500, ""negative_sample_ratio"": 2.0}",92,347,2021,bottom,mlp,manual_weak_bottom_label,115
0.3,23,8,0.125,0.13043478260869565,-0.0054347826086956486,0.024675845,0.018921491304347827,0.0057543536956521715,1,0,ok,"{""alpha"": 0.0001, ""hidden_layer_sizes"": [32], ""learning_rate_init"": 0.001, ""max_iter"": 500, ""negative_sample_ratio"": 2.0}",92,347,2021,bottom,mlp,manual_weak_bottom_label,115
0.7,23,0,,0.13043478260869565,,,0.018921491304347827,,0,0,ok,"{""alpha"": 0.0001, ""hidden_layer_sizes"": [48, 24], ""learning_rate_init"": 0.001, ""max_iter"": 600, ""negative_sample_ratio"": 3.0}",92,347,2021,bottom,mlp,manual_weak_bottom_label,115
0.6,23,0,,0.13043478260869565,,,0.018921491304347827,,0,0,ok,"{""alpha"": 0.0001, ""hidden_layer_sizes"": [48, 24], ""learning_rate_init"": 0.001, ""max_iter"": 600, ""negative_sample_ratio"": 3.0}",92,347,2021,bottom,mlp,manual_weak_bottom_label,115
0.5,23,1,0.0,0.13043478260869565,-0.13043478260869565,-0.03891805,0.018921491304347827,-0.05783954130434783,0,0,ok,"{""alpha"": 0.0001, ""hidden_layer_sizes"": [48, 24], ""learning_rate_init"": 0.001, ""max_iter"": 600, ""negative_sample_ratio"": 3.0}",92,347,2021,bottom,mlp,manual_weak_bottom_label,115
0.4,23,1,0.0,0.13043478260869565,-0.13043478260869565,-0.03891805,0.018921491304347827,-0.05783954130434783,0,0,ok,"{""alpha"": 0.0001, ""hidden_layer_sizes"": [48, 24], ""learning_rate_init"": 0.001, ""max_iter"": 600, ""negative_sample_ratio"": 3.0}",92,347,2021,bottom,mlp,manual_weak_bottom_label,115
0.3,23,7,0.14285714285714285,0.13043478260869565,0.0124223602484472,0.01787645,0.018921491304347827,-0.0010450413043478282,1,0,ok,"{""alpha"": 0.0001, ""hidden_layer_sizes"": [48, 24], ""learning_rate_init"": 0.001, ""max_iter"": 600, ""negative_sample_ratio"": 3.0}",92,347,2021,bottom,mlp,manual_weak_bottom_label,115
0.7,23,0,,0.13043478260869565,,,0.018921491304347827,,0,0,ok,"{""alpha"": 0.001, ""hidden_layer_sizes"": [64, 32], ""learning_rate_init"": 0.0007, ""max_iter"": 700, ""negative_sample_ratio"": 5.0}",92,347,2021,bottom,mlp,manual_weak_bottom_label,115
0.6,23,0,,0.13043478260869565,,,0.018921491304347827,,0,0,ok,"{""alpha"": 0.001, ""hidden_layer_sizes"": [64, 32], ""learning_rate_init"": 0.0007, ""max_iter"": 700, ""negative_sample_ratio"": 5.0}",92,347,2021,bottom,mlp,manual_weak_bottom_label,115
0.5,23,0,,0.13043478260869565,,,0.018921491304347827,,0,0,ok,"{""alpha"": 0.001, ""hidden_layer_sizes"": [64, 32], ""learning_rate_init"": 0.0007, ""max_iter"": 700, ""negative_sample_ratio"": 5.0}",92,347,2021,bottom,mlp,manual_weak_bottom_label,115
0.4,23,0,,0.13043478260869565,,,0.018921491304347827,,0,0,ok,"{""alpha"": 0.001, ""hidden_layer_sizes"": [64, 32], ""learning_rate_init"": 0.0007, ""max_iter"": 700, ""negative_sample_ratio"": 5.0}",92,347,2021,bottom,mlp,manual_weak_bottom_label,115
0.3,23,1,0.0,0.13043478260869565,-0.13043478260869565,-0.00701022,0.018921491304347827,-0.025931711304347828,0,0,ok,"{""alpha"": 0.001, ""hidden_layer_sizes"": [64, 32], ""learning_rate_init"": 0.0007, ""max_iter"": 700, ""negative_sample_ratio"": 5.0}",92,347,2021,bottom,mlp,manual_weak_bottom_label,115
0.7,23,0,,0.13043478260869565,,,0.018921491304347827,,0,0,ok,"{""C"": 0.5, ""gamma"": ""scale""}",92,347,2021,bottom,svm,manual_weak_bottom_label,115
0.6,23,0,,0.13043478260869565,,,0.018921491304347827,,0,0,ok,"{""C"": 0.5, ""gamma"": ""scale""}",92,347,2021,bottom,svm,manual_weak_bottom_label,115
0.5,23,0,,0.13043478260869565,,,0.018921491304347827,,0,0,ok,"{""C"": 0.5, ""gamma"": ""scale""}",92,347,2021,bottom,svm,manual_weak_bottom_label,115
0.4,23,0,,0.13043478260869565,,,0.018921491304347827,,0,0,ok,"{""C"": 0.5, ""gamma"": ""scale""}",92,347,2021,bottom,svm,manual_weak_bottom_label,115
0.3,23,6,0.3333333333333333,0.13043478260869565,0.20289855072463767,0.031685808333333336,0.018921491304347827,0.01276431702898551,1,1,ok,"{""C"": 0.5, ""gamma"": ""scale""}",92,347,2021,bottom,svm,manual_weak_bottom_label,115
0.7,23,0,,0.13043478260869565,,,0.018921491304347827,,0,0,ok,"{""C"": 1.0, ""gamma"": ""scale""}",92,347,2021,bottom,svm,manual_weak_bottom_label,115
0.6,23,0,,0.13043478260869565,,,0.018921491304347827,,0,0,ok,"{""C"": 1.0, ""gamma"": ""scale""}",92,347,2021,bottom,svm,manual_weak_bottom_label,115
0.5,23,0,,0.13043478260869565,,,0.018921491304347827,,0,0,ok,"{""C"": 1.0, ""gamma"": ""scale""}",92,347,2021,bottom,svm,manual_weak_bottom_label,115
0.4,23,0,,0.13043478260869565,,,0.018921491304347827,,0,0,ok,"{""C"": 1.0, ""gamma"": ""scale""}",92,347,2021,bottom,svm,manual_weak_bottom_label,115
0.3,23,4,0.25,0.13043478260869565,0.11956521739130435,0.0212678,0.018921491304347827,0.002346308695652173,1,0,ok,"{""C"": 1.0, ""gamma"": ""scale""}",92,347,2021,bottom,svm,manual_weak_bottom_label,115
0.7,23,0,,0.13043478260869565,,,0.018921491304347827,,0,0,ok,"{""C"": 2.0, ""gamma"": ""scale""}",92,347,2021,bottom,svm,manual_weak_bottom_label,115
0.6,23,0,,0.13043478260869565,,,0.018921491304347827,,0,0,ok,"{""C"": 2.0, ""gamma"": ""scale""}",92,347,2021,bottom,svm,manual_weak_bottom_label,115
0.5,23,0,,0.13043478260869565,,,0.018921491304347827,,0,0,ok,"{""C"": 2.0, ""gamma"": ""scale""}",92,347,2021,bottom,svm,manual_weak_bottom_label,115
0.4,23,0,,0.13043478260869565,,,0.018921491304347827,,0,0,ok,"{""C"": 2.0, ""gamma"": ""scale""}",92,347,2021,bottom,svm,manual_weak_bottom_label,115
0.3,23,5,0.2,0.13043478260869565,0.06956521739130436,0.021270624,0.018921491304347827,0.0023491326956521716,1,0,ok,"{""C"": 2.0, ""gamma"": ""scale""}",92,347,2021,bottom,svm,manual_weak_bottom_label,115
0.7,21,4,0.5,0.09523809523809523,0.40476190476190477,-0.0315552475,0.021103055714285716,-0.05265830321428572,1,0,ok,"{""C"": 0.3}",83,347,2021,top,logistic,manual_weak_top_label,104
0.6,21,4,0.5,0.09523809523809523,0.40476190476190477,-0.0315552475,0.021103055714285716,-0.05265830321428572,1,0,ok,"{""C"": 0.3}",83,347,2021,top,logistic,manual_weak_top_label,104
0.5,21,5,0.4,0.09523809523809523,0.3047619047619048,-0.010415138000000001,0.021103055714285716,-0.031518193714285714,1,0,ok,"{""C"": 0.3}",83,347,2021,top,logistic,manual_weak_top_label,104
0.4,21,5,0.2,0.09523809523809523,0.10476190476190478,0.012400834,0.021103055714285716,-0.008702221714285717,1,0,ok,"{""C"": 0.3}",83,347,2021,top,logistic,manual_weak_top_label,104
0.3,21,5,0.2,0.09523809523809523,0.10476190476190478,0.012400834,0.021103055714285716,-0.008702221714285717,1,0,ok,"{""C"": 0.3}",83,347,2021,top,logistic,manual_weak_top_label,104
0.7,21,4,0.5,0.09523809523809523,0.40476190476190477,-0.0315552475,0.021103055714285716,-0.05265830321428572,1,0,ok,"{""C"": 1.0}",83,347,2021,top,logistic,manual_weak_top_label,104
0.6,21,4,0.5,0.09523809523809523,0.40476190476190477,-0.0214976125,0.021103055714285716,-0.042600668214285715,1,0,ok,"{""C"": 1.0}",83,347,2021,top,logistic,manual_weak_top_label,104
0.5,21,5,0.4,0.09523809523809523,0.3047619047619048,-0.010415138000000001,0.021103055714285716,-0.031518193714285714,1,0,ok,"{""C"": 1.0}",83,347,2021,top,logistic,manual_weak_top_label,104
0.4,21,5,0.4,0.09523809523809523,0.3047619047619048,-0.010415138000000001,0.021103055714285716,-0.031518193714285714,1,0,ok,"{""C"": 1.0}",83,347,2021,top,logistic,manual_weak_top_label,104
0.3,21,5,0.2,0.09523809523809523,0.10476190476190478,0.012400834,0.021103055714285716,-0.008702221714285717,1,0,ok,"{""C"": 1.0}",83,347,2021,top,logistic,manual_weak_top_label,104
0.7,21,4,0.5,0.09523809523809523,0.40476190476190477,-0.0214976125,0.021103055714285716,-0.042600668214285715,1,1,ok,"{""C"": 3.0}",83,347,2021,top,logistic,manual_weak_top_label,104
0.6,21,4,0.5,0.09523809523809523,0.40476190476190477,-0.0214976125,0.021103055714285716,-0.042600668214285715,1,0,ok,"{""C"": 3.0}",83,347,2021,top,logistic,manual_weak_top_label,104
0.5,21,4,0.5,0.09523809523809523,0.40476190476190477,-0.0214976125,0.021103055714285716,-0.042600668214285715,1,0,ok,"{""C"": 3.0}",83,347,2021,top,logistic,manual_weak_top_label,104
0.4,21,5,0.4,0.09523809523809523,0.3047619047619048,-0.010415138000000001,0.021103055714285716,-0.031518193714285714,1,0,ok,"{""C"": 3.0}",83,347,2021,top,logistic,manual_weak_top_label,104
0.3,21,5,0.4,0.09523809523809523,0.3047619047619048,-0.010415138000000001,0.021103055714285716,-0.031518193714285714,1,0,ok,"{""C"": 3.0}",83,347,2021,top,logistic,manual_weak_top_label,104
0.7,21,4,0.5,0.09523809523809523,0.40476190476190477,-0.0214976125,0.021103055714285716,-0.042600668214285715,1,1,ok,"{""shrinkage"": ""auto"", ""solver"": ""lsqr""}",83,347,2021,top,lda,manual_weak_top_label,104
0.6,21,4,0.5,0.09523809523809523,0.40476190476190477,-0.0214976125,0.021103055714285716,-0.042600668214285715,1,0,ok,"{""shrinkage"": ""auto"", ""solver"": ""lsqr""}",83,347,2021,top,lda,manual_weak_top_label,104
0.5,21,5,0.4,0.09523809523809523,0.3047619047619048,-0.010415138000000001,0.021103055714285716,-0.031518193714285714,1,0,ok,"{""shrinkage"": ""auto"", ""solver"": ""lsqr""}",83,347,2021,top,lda,manual_weak_top_label,104
0.4,21,5,0.4,0.09523809523809523,0.3047619047619048,-0.010415138000000001,0.021103055714285716,-0.031518193714285714,1,0,ok,"{""shrinkage"": ""auto"", ""solver"": ""lsqr""}",83,347,2021,top,lda,manual_weak_top_label,104
0.3,21,5,0.4,0.09523809523809523,0.3047619047619048,-0.010415138000000001,0.021103055714285716,-0.031518193714285714,1,0,ok,"{""shrinkage"": ""auto"", ""solver"": ""lsqr""}",83,347,2021,top,lda,manual_weak_top_label,104
0.7,21,4,0.5,0.09523809523809523,0.40476190476190477,-0.0214976125,0.021103055714285716,-0.042600668214285715,1,0,ok,"{""shrinkage"": 0.2, ""solver"": ""lsqr""}",83,347,2021,top,lda,manual_weak_top_label,104
0.6,21,4,0.5,0.09523809523809523,0.40476190476190477,-0.0214976125,0.021103055714285716,-0.042600668214285715,1,0,ok,"{""shrinkage"": 0.2, ""solver"": ""lsqr""}",83,347,2021,top,lda,manual_weak_top_label,104
0.5,21,5,0.4,0.09523809523809523,0.3047619047619048,-0.010415138000000001,0.021103055714285716,-0.031518193714285714,1,0,ok,"{""shrinkage"": 0.2, ""solver"": ""lsqr""}",83,347,2021,top,lda,manual_weak_top_label,104
0.4,21,5,0.4,0.09523809523809523,0.3047619047619048,-0.010415138000000001,0.021103055714285716,-0.031518193714285714,1,0,ok,"{""shrinkage"": 0.2, ""solver"": ""lsqr""}",83,347,2021,top,lda,manual_weak_top_label,104
0.3,21,5,0.4,0.09523809523809523,0.3047619047619048,-0.010415138000000001,0.021103055714285716,-0.031518193714285714,1,0,ok,"{""shrinkage"": 0.2, ""solver"": ""lsqr""}",83,347,2021,top,lda,manual_weak_top_label,104
0.7,21,4,0.5,0.09523809523809523,0.40476190476190477,-0.0315552475,0.021103055714285716,-0.05265830321428572,1,0,ok,"{""shrinkage"": 0.5, ""solver"": ""lsqr""}",83,347,2021,top,lda,manual_weak_top_label,104
0.6,21,4,0.5,0.09523809523809523,0.40476190476190477,-0.0315552475,0.021103055714285716,-0.05265830321428572,1,0,ok,"{""shrinkage"": 0.5, ""solver"": ""lsqr""}",83,347,2021,top,lda,manual_weak_top_label,104
0.5,21,4,0.5,0.09523809523809523,0.40476190476190477,-0.0315552475,0.021103055714285716,-0.05265830321428572,1,0,ok,"{""shrinkage"": 0.5, ""solver"": ""lsqr""}",83,347,2021,top,lda,manual_weak_top_label,104
0.4,21,4,0.5,0.09523809523809523,0.40476190476190477,-0.0315552475,0.021103055714285716,-0.05265830321428572,1,0,ok,"{""shrinkage"": 0.5, ""solver"": ""lsqr""}",83,347,2021,top,lda,manual_weak_top_label,104
0.3,21,4,0.5,0.09523809523809523,0.40476190476190477,-0.0315552475,0.021103055714285716,-0.05265830321428572,1,0,ok,"{""shrinkage"": 0.5, ""solver"": ""lsqr""}",83,347,2021,top,lda,manual_weak_top_label,104
0.7,21,9,0.1111111111111111,0.09523809523809523,0.015873015873015872,0.012524142222222222,0.021103055714285716,-0.008578913492063495,1,1,ok,"{""reg_param"": 0.2}",83,347,2021,top,qda,manual_weak_top_label,104
0.6,21,9,0.1111111111111111,0.09523809523809523,0.015873015873015872,0.012524142222222222,0.021103055714285716,-0.008578913492063495,1,0,ok,"{""reg_param"": 0.2}",83,347,2021,top,qda,manual_weak_top_label,104
0.5,21,9,0.1111111111111111,0.09523809523809523,0.015873015873015872,0.012524142222222222,0.021103055714285716,-0.008578913492063495,1,0,ok,"{""reg_param"": 0.2}",83,347,2021,top,qda,manual_weak_top_label,104
0.4,21,9,0.1111111111111111,0.09523809523809523,0.015873015873015872,0.012524142222222222,0.021103055714285716,-0.008578913492063495,1,0,ok,"{""reg_param"": 0.2}",83,347,2021,top,qda,manual_weak_top_label,104
0.3,21,9,0.1111111111111111,0.09523809523809523,0.015873015873015872,0.012524142222222222,0.021103055714285716,-0.008578913492063495,1,0,ok,"{""reg_param"": 0.2}",83,347,2021,top,qda,manual_weak_top_label,104
0.7,21,9,0.1111111111111111,0.09523809523809523,0.015873015873015872,0.012524142222222222,0.021103055714285716,-0.008578913492063495,1,0,ok,"{""reg_param"": 0.5}",83,347,2021,top,qda,manual_weak_top_label,104
0.6,21,9,0.1111111111111111,0.09523809523809523,0.015873015873015872,0.012524142222222222,0.021103055714285716,-0.008578913492063495,1,0,ok,"{""reg_param"": 0.5}",83,347,2021,top,qda,manual_weak_top_label,104
0.5,21,9,0.1111111111111111,0.09523809523809523,0.015873015873015872,0.012524142222222222,0.021103055714285716,-0.008578913492063495,1,0,ok,"{""reg_param"": 0.5}",83,347,2021,top,qda,manual_weak_top_label,104
0.4,21,9,0.1111111111111111,0.09523809523809523,0.015873015873015872,0.012524142222222222,0.021103055714285716,-0.008578913492063495,1,0,ok,"{""reg_param"": 0.5}",83,347,2021,top,qda,manual_weak_top_label,104
0.3,21,9,0.1111111111111111,0.09523809523809523,0.015873015873015872,0.012524142222222222,0.021103055714285716,-0.008578913492063495,1,0,ok,"{""reg_param"": 0.5}",83,347,2021,top,qda,manual_weak_top_label,104
0.7,21,9,0.1111111111111111,0.09523809523809523,0.015873015873015872,0.012524142222222222,0.021103055714285716,-0.008578913492063495,1,0,ok,"{""reg_param"": 0.8}",83,347,2021,top,qda,manual_weak_top_label,104
0.6,21,9,0.1111111111111111,0.09523809523809523,0.015873015873015872,0.012524142222222222,0.021103055714285716,-0.008578913492063495,1,0,ok,"{""reg_param"": 0.8}",83,347,2021,top,qda,manual_weak_top_label,104
0.5,21,9,0.1111111111111111,0.09523809523809523,0.015873015873015872,0.012524142222222222,0.021103055714285716,-0.008578913492063495,1,0,ok,"{""reg_param"": 0.8}",83,347,2021,top,qda,manual_weak_top_label,104
0.4,21,9,0.1111111111111111,0.09523809523809523,0.015873015873015872,0.012524142222222222,0.021103055714285716,-0.008578913492063495,1,0,ok,"{""reg_param"": 0.8}",83,347,2021,top,qda,manual_weak_top_label,104
0.3,21,9,0.1111111111111111,0.09523809523809523,0.015873015873015872,0.012524142222222222,0.021103055714285716,-0.008578913492063495,1,0,ok,"{""reg_param"": 0.8}",83,347,2021,top,qda,manual_weak_top_label,104
0.7,21,1,0.0,0.09523809523809523,-0.09523809523809523,-0.0183968,0.021103055714285716,-0.039499855714285714,0,0,ok,"{""balanced_bagging"": true, ""is_unbalance"": false, ""learning_rate"": 0.04, ""max_depth"": 3, ""min_child_samples"": 8, ""n_estimators"": 180, ""negative_sample_ratio"": 3.0, ""num_leaves"": 7}",83,347,2021,top,lightgbm,manual_weak_top_label,104
0.6,21,2,0.0,0.09523809523809523,-0.09523809523809523,-0.02828399,0.021103055714285716,-0.04938704571428572,1,0,ok,"{""balanced_bagging"": true, ""is_unbalance"": false, ""learning_rate"": 0.04, ""max_depth"": 3, ""min_child_samples"": 8, ""n_estimators"": 180, ""negative_sample_ratio"": 3.0, ""num_leaves"": 7}",83,347,2021,top,lightgbm,manual_weak_top_label,104
0.5,21,4,0.0,0.09523809523809523,-0.09523809523809523,-0.02638376,0.021103055714285716,-0.047486815714285716,1,0,ok,"{""balanced_bagging"": true, ""is_unbalance"": false, ""learning_rate"": 0.04, ""max_depth"": 3, ""min_child_samples"": 8, ""n_estimators"": 180, ""negative_sample_ratio"": 3.0, ""num_leaves"": 7}",83,347,2021,top,lightgbm,manual_weak_top_label,104
0.4,21,4,0.0,0.09523809523809523,-0.09523809523809523,-0.02638376,0.021103055714285716,-0.047486815714285716,1,0,ok,"{""balanced_bagging"": true, ""is_unbalance"": false, ""learning_rate"": 0.04, ""max_depth"": 3, ""min_child_samples"": 8, ""n_estimators"": 180, ""negative_sample_ratio"": 3.0, ""num_leaves"": 7}",83,347,2021,top,lightgbm,manual_weak_top_label,104
0.3,21,4,0.0,0.09523809523809523,-0.09523809523809523,0.0245938175,0.021103055714285716,0.0034907617857142838,1,0,ok,"{""balanced_bagging"": true, ""is_unbalance"": false, ""learning_rate"": 0.04, ""max_depth"": 3, ""min_child_samples"": 8, ""n_estimators"": 180, ""negative_sample_ratio"": 3.0, ""num_leaves"": 7}",83,347,2021,top,lightgbm,manual_weak_top_label,104
0.7,21,1,0.0,0.09523809523809523,-0.09523809523809523,-0.0183968,0.021103055714285716,-0.039499855714285714,0,0,ok,"{""balanced_bagging"": true, ""is_unbalance"": false, ""learning_rate"": 0.03, ""max_depth"": 4, ""min_child_samples"": 10, ""n_estimators"": 250, ""negative_sample_ratio"": 5.0, ""num_leaves"": 15}",83,347,2021,top,lightgbm,manual_weak_top_label,104
0.6,21,2,0.0,0.09523809523809523,-0.09523809523809523,-0.02828399,0.021103055714285716,-0.04938704571428572,1,0,ok,"{""balanced_bagging"": true, ""is_unbalance"": false, ""learning_rate"": 0.03, ""max_depth"": 4, ""min_child_samples"": 10, ""n_estimators"": 250, ""negative_sample_ratio"": 5.0, ""num_leaves"": 15}",83,347,2021,top,lightgbm,manual_weak_top_label,104
0.5,21,3,0.0,0.09523809523809523,-0.09523809523809523,-0.03476662333333334,0.021103055714285716,-0.05586967904761905,1,0,ok,"{""balanced_bagging"": true, ""is_unbalance"": false, ""learning_rate"": 0.03, ""max_depth"": 4, ""min_child_samples"": 10, ""n_estimators"": 250, ""negative_sample_ratio"": 5.0, ""num_leaves"": 15}",83,347,2021,top,lightgbm,manual_weak_top_label,104
0.4,21,3,0.0,0.09523809523809523,-0.09523809523809523,0.0036223766666666664,0.021103055714285716,-0.01748067904761905,1,0,ok,"{""balanced_bagging"": true, ""is_unbalance"": false, ""learning_rate"": 0.03, ""max_depth"": 4, ""min_child_samples"": 10, ""n_estimators"": 250, ""negative_sample_ratio"": 5.0, ""num_leaves"": 15}",83,347,2021,top,lightgbm,manual_weak_top_label,104
0.3,21,4,0.25,0.09523809523809523,0.15476190476190477,-0.026111975,0.021103055714285716,-0.04721503071428572,1,0,ok,"{""balanced_bagging"": true, ""is_unbalance"": false, ""learning_rate"": 0.03, ""max_depth"": 4, ""min_child_samples"": 10, ""n_estimators"": 250, ""negative_sample_ratio"": 5.0, ""num_leaves"": 15}",83,347,2021,top,lightgbm,manual_weak_top_label,104
0.7,21,3,0.0,0.09523809523809523,-0.09523809523809523,-0.019267716666666667,0.021103055714285716,-0.04037077238095238,1,0,ok,"{""balanced_bagging"": true, ""is_unbalance"": true, ""learning_rate"": 0.025, ""max_depth"": 5, ""min_child_samples"": 12, ""n_estimators"": 320, ""negative_sample_ratio"": 3.0, ""num_leaves"": 15}",83,347,2021,top,lightgbm,manual_weak_top_label,104
0.6,21,4,0.0,0.09523809523809523,-0.09523809523809523,-0.02638376,0.021103055714285716,-0.047486815714285716,1,0,ok,"{""balanced_bagging"": true, ""is_unbalance"": true, ""learning_rate"": 0.025, ""max_depth"": 5, ""min_child_samples"": 12, ""n_estimators"": 320, ""negative_sample_ratio"": 3.0, ""num_leaves"": 15}",83,347,2021,top,lightgbm,manual_weak_top_label,104
0.5,21,4,0.0,0.09523809523809523,-0.09523809523809523,-0.02638376,0.021103055714285716,-0.047486815714285716,1,0,ok,"{""balanced_bagging"": true, ""is_unbalance"": true, ""learning_rate"": 0.025, ""max_depth"": 5, ""min_child_samples"": 12, ""n_estimators"": 320, ""negative_sample_ratio"": 3.0, ""num_leaves"": 15}",83,347,2021,top,lightgbm,manual_weak_top_label,104
0.4,21,4,0.25,0.09523809523809523,0.15476190476190477,-0.026111975,0.021103055714285716,-0.04721503071428572,1,1,ok,"{""balanced_bagging"": true, ""is_unbalance"": true, ""learning_rate"": 0.025, ""max_depth"": 5, ""min_child_samples"": 12, ""n_estimators"": 320, ""negative_sample_ratio"": 3.0, ""num_leaves"": 15}",83,347,2021,top,lightgbm,manual_weak_top_label,104
0.3,21,4,0.25,0.09523809523809523,0.15476190476190477,-0.026111975,0.021103055714285716,-0.04721503071428572,1,0,ok,"{""balanced_bagging"": true, ""is_unbalance"": true, ""learning_rate"": 0.025, ""max_depth"": 5, ""min_child_samples"": 12, ""n_estimators"": 320, ""negative_sample_ratio"": 3.0, ""num_leaves"": 15}",83,347,2021,top,lightgbm,manual_weak_top_label,104
0.7,21,3,0.0,0.09523809523809523,-0.09523809523809523,-0.0030967933333333336,0.021103055714285716,-0.02419984904761905,1,0,ok,"{""dropout"": 0.05, ""focal_alpha"": 0.7, ""focal_gamma"": 1.5, ""hidden_layers"": [32], ""learning_rate"": 0.001, ""max_epochs"": 130, ""patience"": 15}",83,347,2021,top,bp,manual_weak_top_label,104
0.6,21,4,0.0,0.09523809523809523,-0.09523809523809523,0.03008129,0.021103055714285716,0.008978234285714284,1,0,ok,"{""dropout"": 0.05, ""focal_alpha"": 0.7, ""focal_gamma"": 1.5, ""hidden_layers"": [32], ""learning_rate"": 0.001, ""max_epochs"": 130, ""patience"": 15}",83,347,2021,top,bp,manual_weak_top_label,104
0.5,21,5,0.2,0.09523809523809523,0.10476190476190478,0.014099313999999998,0.021103055714285716,-0.007003741714285718,1,0,ok,"{""dropout"": 0.05, ""focal_alpha"": 0.7, ""focal_gamma"": 1.5, ""hidden_layers"": [32], ""learning_rate"": 0.001, ""max_epochs"": 130, ""patience"": 15}",83,347,2021,top,bp,manual_weak_top_label,104
0.4,21,6,0.16666666666666666,0.09523809523809523,0.07142857142857142,0.006265156666666667,0.021103055714285716,-0.01483789904761905,1,0,ok,"{""dropout"": 0.05, ""focal_alpha"": 0.7, ""focal_gamma"": 1.5, ""hidden_layers"": [32], ""learning_rate"": 0.001, ""max_epochs"": 130, ""patience"": 15}",83,347,2021,top,bp,manual_weak_top_label,104
0.3,21,6,0.16666666666666666,0.09523809523809523,0.07142857142857142,0.006265156666666667,0.021103055714285716,-0.01483789904761905,1,0,ok,"{""dropout"": 0.05, ""focal_alpha"": 0.7, ""focal_gamma"": 1.5, ""hidden_layers"": [32], ""learning_rate"": 0.001, ""max_epochs"": 130, ""patience"": 15}",83,347,2021,top,bp,manual_weak_top_label,104
0.7,21,3,0.0,0.09523809523809523,-0.09523809523809523,-0.0030967933333333336,0.021103055714285716,-0.02419984904761905,1,0,ok,"{""dropout"": 0.1, ""focal_alpha"": 0.75, ""focal_gamma"": 2.0, ""hidden_layers"": [48, 24], ""learning_rate"": 0.001, ""max_epochs"": 160, ""patience"": 18}",83,347,2021,top,bp,manual_weak_top_label,104
0.6,21,3,0.0,0.09523809523809523,-0.09523809523809523,0.010313386666666667,0.021103055714285716,-0.01078966904761905,1,0,ok,"{""dropout"": 0.1, ""focal_alpha"": 0.75, ""focal_gamma"": 2.0, ""hidden_layers"": [48, 24], ""learning_rate"": 0.001, ""max_epochs"": 160, ""patience"": 18}",83,347,2021,top,bp,manual_weak_top_label,104
0.5,21,3,0.3333333333333333,0.09523809523809523,0.23809523809523808,0.010675766666666668,0.021103055714285716,-0.010427289047619049,1,0,ok,"{""dropout"": 0.1, ""focal_alpha"": 0.75, ""focal_gamma"": 2.0, ""hidden_layers"": [48, 24], ""learning_rate"": 0.001, ""max_epochs"": 160, ""patience"": 18}",83,347,2021,top,bp,manual_weak_top_label,104
0.4,21,4,0.25,0.09523809523809523,0.15476190476190477,0.016485515,0.021103055714285716,-0.004617540714285717,1,0,ok,"{""dropout"": 0.1, ""focal_alpha"": 0.75, ""focal_gamma"": 2.0, ""hidden_layers"": [48, 24], ""learning_rate"": 0.001, ""max_epochs"": 160, ""patience"": 18}",83,347,2021,top,bp,manual_weak_top_label,104
0.3,21,5,0.0,0.09523809523809523,-0.09523809523809523,0.030847984000000002,0.021103055714285716,0.009744928285714285,1,0,ok,"{""dropout"": 0.1, ""focal_alpha"": 0.75, ""focal_gamma"": 2.0, ""hidden_layers"": [48, 24], ""learning_rate"": 0.001, ""max_epochs"": 160, ""patience"": 18}",83,347,2021,top,bp,manual_weak_top_label,104
0.7,21,2,0.0,0.09523809523809523,-0.09523809523809523,0.0144404,0.021103055714285716,-0.006662655714285716,1,0,ok,"{""dropout"": 0.15, ""focal_alpha"": 0.8, ""focal_gamma"": 2.5, ""hidden_layers"": [64, 32], ""learning_rate"": 0.0007, ""max_epochs"": 180, ""patience"": 20}",83,347,2021,top,bp,manual_weak_top_label,104
0.6,21,3,0.0,0.09523809523809523,-0.09523809523809523,-0.0030967933333333336,0.021103055714285716,-0.02419984904761905,1,0,ok,"{""dropout"": 0.15, ""focal_alpha"": 0.8, ""focal_gamma"": 2.5, ""hidden_layers"": [64, 32], ""learning_rate"": 0.0007, ""max_epochs"": 180, ""patience"": 20}",83,347,2021,top,bp,manual_weak_top_label,104
0.5,21,3,0.0,0.09523809523809523,-0.09523809523809523,-0.0030967933333333336,0.021103055714285716,-0.02419984904761905,1,0,ok,"{""dropout"": 0.15, ""focal_alpha"": 0.8, ""focal_gamma"": 2.5, ""hidden_layers"": [64, 32], ""learning_rate"": 0.0007, ""max_epochs"": 180, ""patience"": 20}",83,347,2021,top,bp,manual_weak_top_label,104
0.4,21,4,0.5,0.09523809523809523,0.40476190476190477,-0.0315552475,0.021103055714285716,-0.05265830321428572,1,1,ok,"{""dropout"": 0.15, ""focal_alpha"": 0.8, ""focal_gamma"": 2.5, ""hidden_layers"": [64, 32], ""learning_rate"": 0.0007, ""max_epochs"": 180, ""patience"": 20}",83,347,2021,top,bp,manual_weak_top_label,104
0.3,21,5,0.4,0.09523809523809523,0.3047619047619048,-0.030400598,0.021103055714285716,-0.05150365371428572,1,0,ok,"{""dropout"": 0.15, ""focal_alpha"": 0.8, ""focal_gamma"": 2.5, ""hidden_layers"": [64, 32], ""learning_rate"": 0.0007, ""max_epochs"": 180, ""patience"": 20}",83,347,2021,top,bp,manual_weak_top_label,104
0.7,21,2,0.0,0.09523809523809523,-0.09523809523809523,0.02929951,0.021103055714285716,0.008196454285714284,1,0,ok,"{""alpha"": 0.0001, ""hidden_layer_sizes"": [32], ""learning_rate_init"": 0.001, ""max_iter"": 500, ""negative_sample_ratio"": 2.0}",83,347,2021,top,mlp,manual_weak_top_label,104
0.6,21,2,0.0,0.09523809523809523,-0.09523809523809523,0.02929951,0.021103055714285716,0.008196454285714284,1,0,ok,"{""alpha"": 0.0001, ""hidden_layer_sizes"": [32], ""learning_rate_init"": 0.001, ""max_iter"": 500, ""negative_sample_ratio"": 2.0}",83,347,2021,top,mlp,manual_weak_top_label,104
0.5,21,5,0.0,0.09523809523809523,-0.09523809523809523,0.047097952,0.021103055714285716,0.025994896285714282,1,0,ok,"{""alpha"": 0.0001, ""hidden_layer_sizes"": [32], ""learning_rate_init"": 0.001, ""max_iter"": 500, ""negative_sample_ratio"": 2.0}",83,347,2021,top,mlp,manual_weak_top_label,104
0.4,21,5,0.0,0.09523809523809523,-0.09523809523809523,0.047097952,0.021103055714285716,0.025994896285714282,1,0,ok,"{""alpha"": 0.0001, ""hidden_layer_sizes"": [32], ""learning_rate_init"": 0.001, ""max_iter"": 500, ""negative_sample_ratio"": 2.0}",83,347,2021,top,mlp,manual_weak_top_label,104
0.3,21,6,0.16666666666666666,0.09523809523809523,0.07142857142857142,-0.00019082500000000002,0.021103055714285716,-0.021293880714285715,1,0,ok,"{""alpha"": 0.0001, ""hidden_layer_sizes"": [32], ""learning_rate_init"": 0.001, ""max_iter"": 500, ""negative_sample_ratio"": 2.0}",83,347,2021,top,mlp,manual_weak_top_label,104
0.7,21,0,,0.09523809523809523,,,0.021103055714285716,,0,0,ok,"{""alpha"": 0.0001, ""hidden_layer_sizes"": [48, 24], ""learning_rate_init"": 0.001, ""max_iter"": 600, ""negative_sample_ratio"": 3.0}",83,347,2021,top,mlp,manual_weak_top_label,104
0.6,21,0,,0.09523809523809523,,,0.021103055714285716,,0,0,ok,"{""alpha"": 0.0001, ""hidden_layer_sizes"": [48, 24], ""learning_rate_init"": 0.001, ""max_iter"": 600, ""negative_sample_ratio"": 3.0}",83,347,2021,top,mlp,manual_weak_top_label,104
0.5,21,1,0.0,0.09523809523809523,-0.09523809523809523,0.05885696,0.021103055714285716,0.03775390428571428,0,0,ok,"{""alpha"": 0.0001, ""hidden_layer_sizes"": [48, 24], ""learning_rate_init"": 0.001, ""max_iter"": 600, ""negative_sample_ratio"": 3.0}",83,347,2021,top,mlp,manual_weak_top_label,104
0.4,21,3,0.3333333333333333,0.09523809523809523,0.23809523809523808,-0.009927556666666667,0.021103055714285716,-0.031030612380952383,1,1,ok,"{""alpha"": 0.0001, ""hidden_layer_sizes"": [48, 24], ""learning_rate_init"": 0.001, ""max_iter"": 600, ""negative_sample_ratio"": 3.0}",83,347,2021,top,mlp,manual_weak_top_label,104
0.3,21,5,0.0,0.09523809523809523,-0.09523809523809523,0.014518654,0.021103055714285716,-0.006584401714285716,1,0,ok,"{""alpha"": 0.0001, ""hidden_layer_sizes"": [48, 24], ""learning_rate_init"": 0.001, ""max_iter"": 600, ""negative_sample_ratio"": 3.0}",83,347,2021,top,mlp,manual_weak_top_label,104
0.7,21,1,0.0,0.09523809523809523,-0.09523809523809523,-0.025782,0.021103055714285716,-0.046885055714285716,0,0,ok,"{""alpha"": 0.001, ""hidden_layer_sizes"": [64, 32], ""learning_rate_init"": 0.0007, ""max_iter"": 700, ""negative_sample_ratio"": 5.0}",83,347,2021,top,mlp,manual_weak_top_label,104
0.6,21,1,0.0,0.09523809523809523,-0.09523809523809523,-0.025782,0.021103055714285716,-0.046885055714285716,0,0,ok,"{""alpha"": 0.001, ""hidden_layer_sizes"": [64, 32], ""learning_rate_init"": 0.0007, ""max_iter"": 700, ""negative_sample_ratio"": 5.0}",83,347,2021,top,mlp,manual_weak_top_label,104
0.5,21,1,0.0,0.09523809523809523,-0.09523809523809523,-0.025782,0.021103055714285716,-0.046885055714285716,0,0,ok,"{""alpha"": 0.001, ""hidden_layer_sizes"": [64, 32], ""learning_rate_init"": 0.0007, ""max_iter"": 700, ""negative_sample_ratio"": 5.0}",83,347,2021,top,mlp,manual_weak_top_label,104
0.4,21,2,0.0,0.09523809523809523,-0.09523809523809523,0.004750765,0.021103055714285716,-0.016352290714285716,1,0,ok,"{""alpha"": 0.001, ""hidden_layer_sizes"": [64, 32], ""learning_rate_init"": 0.0007, ""max_iter"": 700, ""negative_sample_ratio"": 5.0}",83,347,2021,top,mlp,manual_weak_top_label,104
0.3,21,4,0.25,0.09523809523809523,0.15476190476190477,-0.0022980925,0.021103055714285716,-0.023401148214285718,1,0,ok,"{""alpha"": 0.001, ""hidden_layer_sizes"": [64, 32], ""learning_rate_init"": 0.0007, ""max_iter"": 700, ""negative_sample_ratio"": 5.0}",83,347,2021,top,mlp,manual_weak_top_label,104
0.7,21,0,,0.09523809523809523,,,0.021103055714285716,,0,0,ok,"{""C"": 0.5, ""gamma"": ""scale""}",83,347,2021,top,svm,manual_weak_top_label,104
0.6,21,0,,0.09523809523809523,,,0.021103055714285716,,0,0,ok,"{""C"": 0.5, ""gamma"": ""scale""}",83,347,2021,top,svm,manual_weak_top_label,104
0.5,21,0,,0.09523809523809523,,,0.021103055714285716,,0,0,ok,"{""C"": 0.5, ""gamma"": ""scale""}",83,347,2021,top,svm,manual_weak_top_label,104
0.4,21,0,,0.09523809523809523,,,0.021103055714285716,,0,0,ok,"{""C"": 0.5, ""gamma"": ""scale""}",83,347,2021,top,svm,manual_weak_top_label,104
0.3,21,0,,0.09523809523809523,,,0.021103055714285716,,0,0,ok,"{""C"": 0.5, ""gamma"": ""scale""}",83,347,2021,top,svm,manual_weak_top_label,104
0.7,21,0,,0.09523809523809523,,,0.021103055714285716,,0,0,ok,"{""C"": 1.0, ""gamma"": ""scale""}",83,347,2021,top,svm,manual_weak_top_label,104
0.6,21,0,,0.09523809523809523,,,0.021103055714285716,,0,0,ok,"{""C"": 1.0, ""gamma"": ""scale""}",83,347,2021,top,svm,manual_weak_top_label,104
0.5,21,0,,0.09523809523809523,,,0.021103055714285716,,0,0,ok,"{""C"": 1.0, ""gamma"": ""scale""}",83,347,2021,top,svm,manual_weak_top_label,104
0.4,21,0,,0.09523809523809523,,,0.021103055714285716,,0,0,ok,"{""C"": 1.0, ""gamma"": ""scale""}",83,347,2021,top,svm,manual_weak_top_label,104
0.3,21,0,,0.09523809523809523,,,0.021103055714285716,,0,0,ok,"{""C"": 1.0, ""gamma"": ""scale""}",83,347,2021,top,svm,manual_weak_top_label,104
0.7,21,0,,0.09523809523809523,,,0.021103055714285716,,0,0,ok,"{""C"": 2.0, ""gamma"": ""scale""}",83,347,2021,top,svm,manual_weak_top_label,104
0.6,21,0,,0.09523809523809523,,,0.021103055714285716,,0,0,ok,"{""C"": 2.0, ""gamma"": ""scale""}",83,347,2021,top,svm,manual_weak_top_label,104
0.5,21,0,,0.09523809523809523,,,0.021103055714285716,,0,0,ok,"{""C"": 2.0, ""gamma"": ""scale""}",83,347,2021,top,svm,manual_weak_top_label,104
0.4,21,0,,0.09523809523809523,,,0.021103055714285716,,0,0,ok,"{""C"": 2.0, ""gamma"": ""scale""}",83,347,2021,top,svm,manual_weak_top_label,104
0.3,21,1,0.0,0.09523809523809523,-0.09523809523809523,-0.03817118,0.021103055714285716,-0.059274235714285715,0,1,ok,"{""C"": 2.0, ""gamma"": ""scale""}",83,347,2021,top,svm,manual_weak_top_label,104
0.7,25,3,0.0,0.16,-0.16,0.006921243333333334,0.0249727904,-0.018051547066666666,1,0,ok,"{""C"": 0.3}",98,347,2022,bottom,logistic,manual_weak_bottom_label,123
0.6,25,4,0.0,0.16,-0.16,0.0073131425,0.0249727904,-0.0176596479,1,0,ok,"{""C"": 0.3}",98,347,2022,bottom,logistic,manual_weak_bottom_label,123
0.5,25,5,0.0,0.16,-0.16,0.015117486,0.0249727904,-0.0098553044,1,0,ok,"{""C"": 0.3}",98,347,2022,bottom,logistic,manual_weak_bottom_label,123
0.4,25,5,0.0,0.16,-0.16,0.015117486,0.0249727904,-0.0098553044,1,0,ok,"{""C"": 0.3}",98,347,2022,bottom,logistic,manual_weak_bottom_label,123
0.3,25,6,0.0,0.16,-0.16,0.016562908333333334,0.0249727904,-0.008409882066666666,1,1,ok,"{""C"": 0.3}",98,347,2022,bottom,logistic,manual_weak_bottom_label,123
0.7,25,4,0.0,0.16,-0.16,0.0073131425,0.0249727904,-0.0176596479,1,0,ok,"{""C"": 1.0}",98,347,2022,bottom,logistic,manual_weak_bottom_label,123
0.6,25,4,0.0,0.16,-0.16,0.0073131425,0.0249727904,-0.0176596479,1,0,ok,"{""C"": 1.0}",98,347,2022,bottom,logistic,manual_weak_bottom_label,123
0.5,25,5,0.0,0.16,-0.16,0.015117486,0.0249727904,-0.0098553044,1,0,ok,"{""C"": 1.0}",98,347,2022,bottom,logistic,manual_weak_bottom_label,123
0.4,25,5,0.0,0.16,-0.16,0.015117486,0.0249727904,-0.0098553044,1,0,ok,"{""C"": 1.0}",98,347,2022,bottom,logistic,manual_weak_bottom_label,123
0.3,25,5,0.0,0.16,-0.16,0.015117486,0.0249727904,-0.0098553044,1,0,ok,"{""C"": 1.0}",98,347,2022,bottom,logistic,manual_weak_bottom_label,123
0.7,25,4,0.0,0.16,-0.16,0.0073131425,0.0249727904,-0.0176596479,1,0,ok,"{""C"": 3.0}",98,347,2022,bottom,logistic,manual_weak_bottom_label,123
0.6,25,4,0.0,0.16,-0.16,0.0073131425,0.0249727904,-0.0176596479,1,0,ok,"{""C"": 3.0}",98,347,2022,bottom,logistic,manual_weak_bottom_label,123
0.5,25,4,0.0,0.16,-0.16,0.0073131425,0.0249727904,-0.0176596479,1,0,ok,"{""C"": 3.0}",98,347,2022,bottom,logistic,manual_weak_bottom_label,123
0.4,25,5,0.0,0.16,-0.16,0.015117486,0.0249727904,-0.0098553044,1,0,ok,"{""C"": 3.0}",98,347,2022,bottom,logistic,manual_weak_bottom_label,123
0.3,25,5,0.0,0.16,-0.16,0.015117486,0.0249727904,-0.0098553044,1,0,ok,"{""C"": 3.0}",98,347,2022,bottom,logistic,manual_weak_bottom_label,123
0.7,25,5,0.0,0.16,-0.16,0.012017674,0.0249727904,-0.0129551164,1,0,ok,"{""shrinkage"": ""auto"", ""solver"": ""lsqr""}",98,347,2022,bottom,lda,manual_weak_bottom_label,123
0.6,25,5,0.0,0.16,-0.16,0.012017674,0.0249727904,-0.0129551164,1,0,ok,"{""shrinkage"": ""auto"", ""solver"": ""lsqr""}",98,347,2022,bottom,lda,manual_weak_bottom_label,123
0.5,25,5,0.0,0.16,-0.16,0.012017674,0.0249727904,-0.0129551164,1,0,ok,"{""shrinkage"": ""auto"", ""solver"": ""lsqr""}",98,347,2022,bottom,lda,manual_weak_bottom_label,123
0.4,25,5,0.0,0.16,-0.16,0.012017674,0.0249727904,-0.0129551164,1,0,ok,"{""shrinkage"": ""auto"", ""solver"": ""lsqr""}",98,347,2022,bottom,lda,manual_weak_bottom_label,123
0.3,25,6,0.0,0.16,-0.16,0.013561715,0.0249727904,-0.0114110754,1,1,ok,"{""shrinkage"": ""auto"", ""solver"": ""lsqr""}",98,347,2022,bottom,lda,manual_weak_bottom_label,123
0.7,25,6,0.0,0.16,-0.16,0.011429535,0.0249727904,-0.0135432554,1,0,ok,"{""shrinkage"": 0.2, ""solver"": ""lsqr""}",98,347,2022,bottom,lda,manual_weak_bottom_label,123
0.6,25,6,0.0,0.16,-0.16,0.011429535,0.0249727904,-0.0135432554,1,0,ok,"{""shrinkage"": 0.2, ""solver"": ""lsqr""}",98,347,2022,bottom,lda,manual_weak_bottom_label,123
0.5,25,6,0.0,0.16,-0.16,0.011429535,0.0249727904,-0.0135432554,1,0,ok,"{""shrinkage"": 0.2, ""solver"": ""lsqr""}",98,347,2022,bottom,lda,manual_weak_bottom_label,123
0.4,25,6,0.0,0.16,-0.16,0.011429535,0.0249727904,-0.0135432554,1,0,ok,"{""shrinkage"": 0.2, ""solver"": ""lsqr""}",98,347,2022,bottom,lda,manual_weak_bottom_label,123
0.3,25,7,0.0,0.16,-0.16,0.012837018571428572,0.0249727904,-0.012135771828571429,1,0,ok,"{""shrinkage"": 0.2, ""solver"": ""lsqr""}",98,347,2022,bottom,lda,manual_weak_bottom_label,123
0.7,25,6,0.0,0.16,-0.16,0.011429535,0.0249727904,-0.0135432554,1,0,ok,"{""shrinkage"": 0.5, ""solver"": ""lsqr""}",98,347,2022,bottom,lda,manual_weak_bottom_label,123
0.6,25,6,0.0,0.16,-0.16,0.011429535,0.0249727904,-0.0135432554,1,0,ok,"{""shrinkage"": 0.5, ""solver"": ""lsqr""}",98,347,2022,bottom,lda,manual_weak_bottom_label,123
0.5,25,6,0.0,0.16,-0.16,0.011429535,0.0249727904,-0.0135432554,1,0,ok,"{""shrinkage"": 0.5, ""solver"": ""lsqr""}",98,347,2022,bottom,lda,manual_weak_bottom_label,123
0.4,25,7,0.0,0.16,-0.16,0.013029707142857143,0.0249727904,-0.011943083257142858,1,0,ok,"{""shrinkage"": 0.5, ""solver"": ""lsqr""}",98,347,2022,bottom,lda,manual_weak_bottom_label,123
0.3,25,7,0.0,0.16,-0.16,0.013029707142857143,0.0249727904,-0.011943083257142858,1,0,ok,"{""shrinkage"": 0.5, ""solver"": ""lsqr""}",98,347,2022,bottom,lda,manual_weak_bottom_label,123
0.7,25,13,0.15384615384615385,0.16,-0.006153846153846149,0.027515422307692307,0.0249727904,0.002542631907692307,1,1,ok,"{""reg_param"": 0.2}",98,347,2022,bottom,qda,manual_weak_bottom_label,123
0.6,25,13,0.15384615384615385,0.16,-0.006153846153846149,0.027515422307692307,0.0249727904,0.002542631907692307,1,0,ok,"{""reg_param"": 0.2}",98,347,2022,bottom,qda,manual_weak_bottom_label,123
0.5,25,13,0.15384615384615385,0.16,-0.006153846153846149,0.027515422307692307,0.0249727904,0.002542631907692307,1,0,ok,"{""reg_param"": 0.2}",98,347,2022,bottom,qda,manual_weak_bottom_label,123
0.4,25,13,0.15384615384615385,0.16,-0.006153846153846149,0.027515422307692307,0.0249727904,0.002542631907692307,1,0,ok,"{""reg_param"": 0.2}",98,347,2022,bottom,qda,manual_weak_bottom_label,123
0.3,25,13,0.15384615384615385,0.16,-0.006153846153846149,0.027515422307692307,0.0249727904,0.002542631907692307,1,0,ok,"{""reg_param"": 0.2}",98,347,2022,bottom,qda,manual_weak_bottom_label,123
0.7,25,13,0.15384615384615385,0.16,-0.006153846153846149,0.027515422307692307,0.0249727904,0.002542631907692307,1,0,ok,"{""reg_param"": 0.5}",98,347,2022,bottom,qda,manual_weak_bottom_label,123
0.6,25,13,0.15384615384615385,0.16,-0.006153846153846149,0.027515422307692307,0.0249727904,0.002542631907692307,1,0,ok,"{""reg_param"": 0.5}",98,347,2022,bottom,qda,manual_weak_bottom_label,123
0.5,25,13,0.15384615384615385,0.16,-0.006153846153846149,0.027515422307692307,0.0249727904,0.002542631907692307,1,0,ok,"{""reg_param"": 0.5}",98,347,2022,bottom,qda,manual_weak_bottom_label,123
0.4,25,13,0.15384615384615385,0.16,-0.006153846153846149,0.027515422307692307,0.0249727904,0.002542631907692307,1,0,ok,"{""reg_param"": 0.5}",98,347,2022,bottom,qda,manual_weak_bottom_label,123
0.3,25,13,0.15384615384615385,0.16,-0.006153846153846149,0.027515422307692307,0.0249727904,0.002542631907692307,1,0,ok,"{""reg_param"": 0.5}",98,347,2022,bottom,qda,manual_weak_bottom_label,123
0.7,25,13,0.15384615384615385,0.16,-0.006153846153846149,0.027515422307692307,0.0249727904,0.002542631907692307,1,0,ok,"{""reg_param"": 0.8}",98,347,2022,bottom,qda,manual_weak_bottom_label,123
0.6,25,13,0.15384615384615385,0.16,-0.006153846153846149,0.027515422307692307,0.0249727904,0.002542631907692307,1,0,ok,"{""reg_param"": 0.8}",98,347,2022,bottom,qda,manual_weak_bottom_label,123
0.5,25,13,0.15384615384615385,0.16,-0.006153846153846149,0.027515422307692307,0.0249727904,0.002542631907692307,1,0,ok,"{""reg_param"": 0.8}",98,347,2022,bottom,qda,manual_weak_bottom_label,123
0.4,25,13,0.15384615384615385,0.16,-0.006153846153846149,0.027515422307692307,0.0249727904,0.002542631907692307,1,0,ok,"{""reg_param"": 0.8}",98,347,2022,bottom,qda,manual_weak_bottom_label,123
0.3,25,13,0.15384615384615385,0.16,-0.006153846153846149,0.027515422307692307,0.0249727904,0.002542631907692307,1,0,ok,"{""reg_param"": 0.8}",98,347,2022,bottom,qda,manual_weak_bottom_label,123
0.7,25,0,,0.16,,,0.0249727904,,0,1,ok,"{""balanced_bagging"": true, ""is_unbalance"": false, ""learning_rate"": 0.04, ""max_depth"": 3, ""min_child_samples"": 8, ""n_estimators"": 180, ""negative_sample_ratio"": 3.0, ""num_leaves"": 7}",98,347,2022,bottom,lightgbm,manual_weak_bottom_label,123
0.6,25,0,,0.16,,,0.0249727904,,0,0,ok,"{""balanced_bagging"": true, ""is_unbalance"": false, ""learning_rate"": 0.04, ""max_depth"": 3, ""min_child_samples"": 8, ""n_estimators"": 180, ""negative_sample_ratio"": 3.0, ""num_leaves"": 7}",98,347,2022,bottom,lightgbm,manual_weak_bottom_label,123
0.5,25,0,,0.16,,,0.0249727904,,0,0,ok,"{""balanced_bagging"": true, ""is_unbalance"": false, ""learning_rate"": 0.04, ""max_depth"": 3, ""min_child_samples"": 8, ""n_estimators"": 180, ""negative_sample_ratio"": 3.0, ""num_leaves"": 7}",98,347,2022,bottom,lightgbm,manual_weak_bottom_label,123
0.4,25,0,,0.16,,,0.0249727904,,0,0,ok,"{""balanced_bagging"": true, ""is_unbalance"": false, ""learning_rate"": 0.04, ""max_depth"": 3, ""min_child_samples"": 8, ""n_estimators"": 180, ""negative_sample_ratio"": 3.0, ""num_leaves"": 7}",98,347,2022,bottom,lightgbm,manual_weak_bottom_label,123
0.3,25,0,,0.16,,,0.0249727904,,0,0,ok,"{""balanced_bagging"": true, ""is_unbalance"": false, ""learning_rate"": 0.04, ""max_depth"": 3, ""min_child_samples"": 8, ""n_estimators"": 180, ""negative_sample_ratio"": 3.0, ""num_leaves"": 7}",98,347,2022,bottom,lightgbm,manual_weak_bottom_label,123
0.7,25,0,,0.16,,,0.0249727904,,0,0,ok,"{""balanced_bagging"": true, ""is_unbalance"": false, ""learning_rate"": 0.03, ""max_depth"": 4, ""min_child_samples"": 10, ""n_estimators"": 250, ""negative_sample_ratio"": 5.0, ""num_leaves"": 15}",98,347,2022,bottom,lightgbm,manual_weak_bottom_label,123
0.6,25,0,,0.16,,,0.0249727904,,0,0,ok,"{""balanced_bagging"": true, ""is_unbalance"": false, ""learning_rate"": 0.03, ""max_depth"": 4, ""min_child_samples"": 10, ""n_estimators"": 250, ""negative_sample_ratio"": 5.0, ""num_leaves"": 15}",98,347,2022,bottom,lightgbm,manual_weak_bottom_label,123
0.5,25,0,,0.16,,,0.0249727904,,0,0,ok,"{""balanced_bagging"": true, ""is_unbalance"": false, ""learning_rate"": 0.03, ""max_depth"": 4, ""min_child_samples"": 10, ""n_estimators"": 250, ""negative_sample_ratio"": 5.0, ""num_leaves"": 15}",98,347,2022,bottom,lightgbm,manual_weak_bottom_label,123
0.4,25,0,,0.16,,,0.0249727904,,0,0,ok,"{""balanced_bagging"": true, ""is_unbalance"": false, ""learning_rate"": 0.03, ""max_depth"": 4, ""min_child_samples"": 10, ""n_estimators"": 250, ""negative_sample_ratio"": 5.0, ""num_leaves"": 15}",98,347,2022,bottom,lightgbm,manual_weak_bottom_label,123
0.3,25,0,,0.16,,,0.0249727904,,0,0,ok,"{""balanced_bagging"": true, ""is_unbalance"": false, ""learning_rate"": 0.03, ""max_depth"": 4, ""min_child_samples"": 10, ""n_estimators"": 250, ""negative_sample_ratio"": 5.0, ""num_leaves"": 15}",98,347,2022,bottom,lightgbm,manual_weak_bottom_label,123
0.7,25,0,,0.16,,,0.0249727904,,0,0,ok,"{""balanced_bagging"": true, ""is_unbalance"": true, ""learning_rate"": 0.025, ""max_depth"": 5, ""min_child_samples"": 12, ""n_estimators"": 320, ""negative_sample_ratio"": 3.0, ""num_leaves"": 15}",98,347,2022,bottom,lightgbm,manual_weak_bottom_label,123
0.6,25,0,,0.16,,,0.0249727904,,0,0,ok,"{""balanced_bagging"": true, ""is_unbalance"": true, ""learning_rate"": 0.025, ""max_depth"": 5, ""min_child_samples"": 12, ""n_estimators"": 320, ""negative_sample_ratio"": 3.0, ""num_leaves"": 15}",98,347,2022,bottom,lightgbm,manual_weak_bottom_label,123
0.5,25,0,,0.16,,,0.0249727904,,0,0,ok,"{""balanced_bagging"": true, ""is_unbalance"": true, ""learning_rate"": 0.025, ""max_depth"": 5, ""min_child_samples"": 12, ""n_estimators"": 320, ""negative_sample_ratio"": 3.0, ""num_leaves"": 15}",98,347,2022,bottom,lightgbm,manual_weak_bottom_label,123
0.4,25,0,,0.16,,,0.0249727904,,0,0,ok,"{""balanced_bagging"": true, ""is_unbalance"": true, ""learning_rate"": 0.025, ""max_depth"": 5, ""min_child_samples"": 12, ""n_estimators"": 320, ""negative_sample_ratio"": 3.0, ""num_leaves"": 15}",98,347,2022,bottom,lightgbm,manual_weak_bottom_label,123
0.3,25,0,,0.16,,,0.0249727904,,0,0,ok,"{""balanced_bagging"": true, ""is_unbalance"": true, ""learning_rate"": 0.025, ""max_depth"": 5, ""min_child_samples"": 12, ""n_estimators"": 320, ""negative_sample_ratio"": 3.0, ""num_leaves"": 15}",98,347,2022,bottom,lightgbm,manual_weak_bottom_label,123
0.7,25,4,0.0,0.16,-0.16,0.0167746475,0.0249727904,-0.0081981429,1,0,ok,"{""dropout"": 0.05, ""focal_alpha"": 0.7, ""focal_gamma"": 1.5, ""hidden_layers"": [32], ""learning_rate"": 0.001, ""max_epochs"": 130, ""patience"": 15}",98,347,2022,bottom,bp,manual_weak_bottom_label,123
0.6,25,5,0.0,0.16,-0.16,0.015117486,0.0249727904,-0.0098553044,1,0,ok,"{""dropout"": 0.05, ""focal_alpha"": 0.7, ""focal_gamma"": 1.5, ""hidden_layers"": [32], ""learning_rate"": 0.001, ""max_epochs"": 130, ""patience"": 15}",98,347,2022,bottom,bp,manual_weak_bottom_label,123
0.5,25,7,0.14285714285714285,0.16,-0.017142857142857154,0.02813720142857143,0.0249727904,0.003164411028571429,1,0,ok,"{""dropout"": 0.05, ""focal_alpha"": 0.7, ""focal_gamma"": 1.5, ""hidden_layers"": [32], ""learning_rate"": 0.001, ""max_epochs"": 130, ""patience"": 15}",98,347,2022,bottom,bp,manual_weak_bottom_label,123
0.4,25,10,0.1,0.16,-0.06,0.025357928000000002,0.0249727904,0.00038513760000000175,1,0,ok,"{""dropout"": 0.05, ""focal_alpha"": 0.7, ""focal_gamma"": 1.5, ""hidden_layers"": [32], ""learning_rate"": 0.001, ""max_epochs"": 130, ""patience"": 15}",98,347,2022,bottom,bp,manual_weak_bottom_label,123
0.3,25,13,0.15384615384615385,0.16,-0.006153846153846149,0.026454244615384613,0.0249727904,0.001481454215384613,1,1,ok,"{""dropout"": 0.05, ""focal_alpha"": 0.7, ""focal_gamma"": 1.5, ""hidden_layers"": [32], ""learning_rate"": 0.001, ""max_epochs"": 130, ""patience"": 15}",98,347,2022,bottom,bp,manual_weak_bottom_label,123
0.7,25,1,0.0,0.16,-0.16,0.04633486,0.0249727904,0.0213620696,0,0,ok,"{""dropout"": 0.1, ""focal_alpha"": 0.75, ""focal_gamma"": 2.0, ""hidden_layers"": [48, 24], ""learning_rate"": 0.001, ""max_epochs"": 160, ""patience"": 18}",98,347,2022,bottom,bp,manual_weak_bottom_label,123
0.6,25,1,0.0,0.16,-0.16,0.04633486,0.0249727904,0.0213620696,0,0,ok,"{""dropout"": 0.1, ""focal_alpha"": 0.75, ""focal_gamma"": 2.0, ""hidden_layers"": [48, 24], ""learning_rate"": 0.001, ""max_epochs"": 160, ""patience"": 18}",98,347,2022,bottom,bp,manual_weak_bottom_label,123
0.5,25,1,0.0,0.16,-0.16,0.04633486,0.0249727904,0.0213620696,0,0,ok,"{""dropout"": 0.1, ""focal_alpha"": 0.75, ""focal_gamma"": 2.0, ""hidden_layers"": [48, 24], ""learning_rate"": 0.001, ""max_epochs"": 160, ""patience"": 18}",98,347,2022,bottom,bp,manual_weak_bottom_label,123
0.4,25,1,0.0,0.16,-0.16,0.04633486,0.0249727904,0.0213620696,0,0,ok,"{""dropout"": 0.1, ""focal_alpha"": 0.75, ""focal_gamma"": 2.0, ""hidden_layers"": [48, 24], ""learning_rate"": 0.001, ""max_epochs"": 160, ""patience"": 18}",98,347,2022,bottom,bp,manual_weak_bottom_label,123
0.3,25,2,0.0,0.16,-0.16,0.0060923,0.0249727904,-0.018880490399999998,1,0,ok,"{""dropout"": 0.1, ""focal_alpha"": 0.75, ""focal_gamma"": 2.0, ""hidden_layers"": [48, 24], ""learning_rate"": 0.001, ""max_epochs"": 160, ""patience"": 18}",98,347,2022,bottom,bp,manual_weak_bottom_label,123
0.7,25,1,0.0,0.16,-0.16,0.00720776,0.0249727904,-0.0177650304,0,0,ok,"{""dropout"": 0.15, ""focal_alpha"": 0.8, ""focal_gamma"": 2.5, ""hidden_layers"": [64, 32], ""learning_rate"": 0.0007, ""max_epochs"": 180, ""patience"": 20}",98,347,2022,bottom,bp,manual_weak_bottom_label,123
0.6,25,2,0.0,0.16,-0.16,0.027456995,0.0249727904,0.0024842046000000013,1,0,ok,"{""dropout"": 0.15, ""focal_alpha"": 0.8, ""focal_gamma"": 2.5, ""hidden_layers"": [64, 32], ""learning_rate"": 0.0007, ""max_epochs"": 180, ""patience"": 20}",98,347,2022,bottom,bp,manual_weak_bottom_label,123
0.5,25,4,0.0,0.16,-0.16,0.0167746475,0.0249727904,-0.0081981429,1,0,ok,"{""dropout"": 0.15, ""focal_alpha"": 0.8, ""focal_gamma"": 2.5, ""hidden_layers"": [64, 32], ""learning_rate"": 0.0007, ""max_epochs"": 180, ""patience"": 20}",98,347,2022,bottom,bp,manual_weak_bottom_label,123
0.4,25,4,0.0,0.16,-0.16,0.0140553375,0.0249727904,-0.0109174529,1,0,ok,"{""dropout"": 0.15, ""focal_alpha"": 0.8, ""focal_gamma"": 2.5, ""hidden_layers"": [64, 32], ""learning_rate"": 0.0007, ""max_epochs"": 180, ""patience"": 20}",98,347,2022,bottom,bp,manual_weak_bottom_label,123
0.3,25,6,0.0,0.16,-0.16,0.014750035,0.0249727904,-0.0102227554,1,0,ok,"{""dropout"": 0.15, ""focal_alpha"": 0.8, ""focal_gamma"": 2.5, ""hidden_layers"": [64, 32], ""learning_rate"": 0.0007, ""max_epochs"": 180, ""patience"": 20}",98,347,2022,bottom,bp,manual_weak_bottom_label,123
0.7,25,1,0.0,0.16,-0.16,-0.03415026,0.0249727904,-0.0591230504,0,0,ok,"{""alpha"": 0.0001, ""hidden_layer_sizes"": [32], ""learning_rate_init"": 0.001, ""max_iter"": 500, ""negative_sample_ratio"": 2.0}",98,347,2022,bottom,mlp,manual_weak_bottom_label,123
0.6,25,3,0.0,0.16,-0.16,-0.02892539666666667,0.0249727904,-0.05389818706666667,1,0,ok,"{""alpha"": 0.0001, ""hidden_layer_sizes"": [32], ""learning_rate_init"": 0.001, ""max_iter"": 500, ""negative_sample_ratio"": 2.0}",98,347,2022,bottom,mlp,manual_weak_bottom_label,123
0.5,25,3,0.0,0.16,-0.16,-0.02892539666666667,0.0249727904,-0.05389818706666667,1,0,ok,"{""alpha"": 0.0001, ""hidden_layer_sizes"": [32], ""learning_rate_init"": 0.001, ""max_iter"": 500, ""negative_sample_ratio"": 2.0}",98,347,2022,bottom,mlp,manual_weak_bottom_label,123
0.4,25,5,0.0,0.16,-0.16,-0.0024544199999999997,0.0249727904,-0.0274272104,1,0,ok,"{""alpha"": 0.0001, ""hidden_layer_sizes"": [32], ""learning_rate_init"": 0.001, ""max_iter"": 500, ""negative_sample_ratio"": 2.0}",98,347,2022,bottom,mlp,manual_weak_bottom_label,123
0.3,25,7,0.0,0.16,-0.16,0.0068528414285714285,0.0249727904,-0.018119948971428573,1,0,ok,"{""alpha"": 0.0001, ""hidden_layer_sizes"": [32], ""learning_rate_init"": 0.001, ""max_iter"": 500, ""negative_sample_ratio"": 2.0}",98,347,2022,bottom,mlp,manual_weak_bottom_label,123
0.7,25,0,,0.16,,,0.0249727904,,0,0,ok,"{""alpha"": 0.0001, ""hidden_layer_sizes"": [48, 24], ""learning_rate_init"": 0.001, ""max_iter"": 600, ""negative_sample_ratio"": 3.0}",98,347,2022,bottom,mlp,manual_weak_bottom_label,123
0.6,25,1,0.0,0.16,-0.16,0.00848884,0.0249727904,-0.016483950400000003,0,0,ok,"{""alpha"": 0.0001, ""hidden_layer_sizes"": [48, 24], ""learning_rate_init"": 0.001, ""max_iter"": 600, ""negative_sample_ratio"": 3.0}",98,347,2022,bottom,mlp,manual_weak_bottom_label,123
0.5,25,2,0.0,0.16,-0.16,0.02197323,0.0249727904,-0.0029995604,1,0,ok,"{""alpha"": 0.0001, ""hidden_layer_sizes"": [48, 24], ""learning_rate_init"": 0.001, ""max_iter"": 600, ""negative_sample_ratio"": 3.0}",98,347,2022,bottom,mlp,manual_weak_bottom_label,123
0.4,25,6,0.16666666666666666,0.16,0.006666666666666654,0.03374621333333334,0.0249727904,0.008773422933333337,1,0,ok,"{""alpha"": 0.0001, ""hidden_layer_sizes"": [48, 24], ""learning_rate_init"": 0.001, ""max_iter"": 600, ""negative_sample_ratio"": 3.0}",98,347,2022,bottom,mlp,manual_weak_bottom_label,123
0.3,25,11,0.18181818181818182,0.16,0.02181818181818182,0.030468186363636362,0.0249727904,0.005495395963636362,1,1,ok,"{""alpha"": 0.0001, ""hidden_layer_sizes"": [48, 24], ""learning_rate_init"": 0.001, ""max_iter"": 600, ""negative_sample_ratio"": 3.0}",98,347,2022,bottom,mlp,manual_weak_bottom_label,123
0.7,25,3,0.0,0.16,-0.16,-0.003527836666666667,0.0249727904,-0.028500627066666666,1,0,ok,"{""alpha"": 0.001, ""hidden_layer_sizes"": [64, 32], ""learning_rate_init"": 0.0007, ""max_iter"": 700, ""negative_sample_ratio"": 5.0}",98,347,2022,bottom,mlp,manual_weak_bottom_label,123
0.6,25,5,0.0,0.16,-0.16,0.014165716,0.0249727904,-0.0108070744,1,0,ok,"{""alpha"": 0.001, ""hidden_layer_sizes"": [64, 32], ""learning_rate_init"": 0.0007, ""max_iter"": 700, ""negative_sample_ratio"": 5.0}",98,347,2022,bottom,mlp,manual_weak_bottom_label,123
0.5,25,7,0.14285714285714285,0.16,-0.017142857142857154,0.020089165714285713,0.0249727904,-0.004883624685714287,1,0,ok,"{""alpha"": 0.001, ""hidden_layer_sizes"": [64, 32], ""learning_rate_init"": 0.0007, ""max_iter"": 700, ""negative_sample_ratio"": 5.0}",98,347,2022,bottom,mlp,manual_weak_bottom_label,123
0.4,25,9,0.1111111111111111,0.16,-0.0488888888888889,0.01854528,0.0249727904,-0.006427510399999999,1,0,ok,"{""alpha"": 0.001, ""hidden_layer_sizes"": [64, 32], ""learning_rate_init"": 0.0007, ""max_iter"": 700, ""negative_sample_ratio"": 5.0}",98,347,2022,bottom,mlp,manual_weak_bottom_label,123
0.3,25,10,0.1,0.16,-0.06,0.018658795,0.0249727904,-0.006313995400000001,1,0,ok,"{""alpha"": 0.001, ""hidden_layer_sizes"": [64, 32], ""learning_rate_init"": 0.0007, ""max_iter"": 700, ""negative_sample_ratio"": 5.0}",98,347,2022,bottom,mlp,manual_weak_bottom_label,123
0.7,25,0,,0.16,,,0.0249727904,,0,0,ok,"{""C"": 0.5, ""gamma"": ""scale""}",98,347,2022,bottom,svm,manual_weak_bottom_label,123
0.6,25,0,,0.16,,,0.0249727904,,0,0,ok,"{""C"": 0.5, ""gamma"": ""scale""}",98,347,2022,bottom,svm,manual_weak_bottom_label,123
0.5,25,0,,0.16,,,0.0249727904,,0,0,ok,"{""C"": 0.5, ""gamma"": ""scale""}",98,347,2022,bottom,svm,manual_weak_bottom_label,123
0.4,25,3,0.0,0.16,-0.16,0.006921243333333334,0.0249727904,-0.018051547066666666,1,0,ok,"{""C"": 0.5, ""gamma"": ""scale""}",98,347,2022,bottom,svm,manual_weak_bottom_label,123
0.3,25,6,0.0,0.16,-0.16,0.012387418333333332,0.0249727904,-0.012585372066666668,1,1,ok,"{""C"": 0.5, ""gamma"": ""scale""}",98,347,2022,bottom,svm,manual_weak_bottom_label,123
0.7,25,0,,0.16,,,0.0249727904,,0,0,ok,"{""C"": 1.0, ""gamma"": ""scale""}",98,347,2022,bottom,svm,manual_weak_bottom_label,123
0.6,25,0,,0.16,,,0.0249727904,,0,0,ok,"{""C"": 1.0, ""gamma"": ""scale""}",98,347,2022,bottom,svm,manual_weak_bottom_label,123
0.5,25,0,,0.16,,,0.0249727904,,0,0,ok,"{""C"": 1.0, ""gamma"": ""scale""}",98,347,2022,bottom,svm,manual_weak_bottom_label,123
0.4,25,0,,0.16,,,0.0249727904,,0,0,ok,"{""C"": 1.0, ""gamma"": ""scale""}",98,347,2022,bottom,svm,manual_weak_bottom_label,123
0.3,25,6,0.0,0.16,-0.16,0.012387418333333332,0.0249727904,-0.012585372066666668,1,0,ok,"{""C"": 1.0, ""gamma"": ""scale""}",98,347,2022,bottom,svm,manual_weak_bottom_label,123
0.7,25,0,,0.16,,,0.0249727904,,0,0,ok,"{""C"": 2.0, ""gamma"": ""scale""}",98,347,2022,bottom,svm,manual_weak_bottom_label,123
0.6,25,0,,0.16,,,0.0249727904,,0,0,ok,"{""C"": 2.0, ""gamma"": ""scale""}",98,347,2022,bottom,svm,manual_weak_bottom_label,123
0.5,25,0,,0.16,,,0.0249727904,,0,0,ok,"{""C"": 2.0, ""gamma"": ""scale""}",98,347,2022,bottom,svm,manual_weak_bottom_label,123
0.4,25,5,0.0,0.16,-0.16,0.010608518,0.0249727904,-0.0143642724,1,0,ok,"{""C"": 2.0, ""gamma"": ""scale""}",98,347,2022,bottom,svm,manual_weak_bottom_label,123
0.3,25,6,0.0,0.16,-0.16,0.012194205,0.0249727904,-0.0127785854,1,0,ok,"{""C"": 2.0, ""gamma"": ""scale""}",98,347,2022,bottom,svm,manual_weak_bottom_label,123
0.7,25,0,,0.08,,,0.0064805999999999996,,0,0,ok,"{""C"": 0.3}",101,347,2022,top,logistic,manual_weak_top_label,126
0.6,25,0,,0.08,,,0.0064805999999999996,,0,0,ok,"{""C"": 0.3}",101,347,2022,top,logistic,manual_weak_top_label,126
0.5,25,1,0.0,0.08,-0.08,-0.03082729,0.0064805999999999996,-0.037307889999999996,0,0,ok,"{""C"": 0.3}",101,347,2022,top,logistic,manual_weak_top_label,126
0.4,25,2,0.5,0.08,0.42,-0.0486427,0.0064805999999999996,-0.0551233,1,1,ok,"{""C"": 0.3}",101,347,2022,top,logistic,manual_weak_top_label,126
0.3,25,3,0.3333333333333333,0.08,0.2533333333333333,-0.04515219333333333,0.0064805999999999996,-0.05163279333333333,1,0,ok,"{""C"": 0.3}",101,347,2022,top,logistic,manual_weak_top_label,126
0.7,25,0,,0.08,,,0.0064805999999999996,,0,0,ok,"{""C"": 1.0}",101,347,2022,top,logistic,manual_weak_top_label,126
0.6,25,0,,0.08,,,0.0064805999999999996,,0,0,ok,"{""C"": 1.0}",101,347,2022,top,logistic,manual_weak_top_label,126
0.5,25,0,,0.08,,,0.0064805999999999996,,0,0,ok,"{""C"": 1.0}",101,347,2022,top,logistic,manual_weak_top_label,126
0.4,25,2,0.5,0.08,0.42,-0.0486427,0.0064805999999999996,-0.0551233,1,0,ok,"{""C"": 1.0}",101,347,2022,top,logistic,manual_weak_top_label,126
0.3,25,2,0.5,0.08,0.42,-0.0486427,0.0064805999999999996,-0.0551233,1,0,ok,"{""C"": 1.0}",101,347,2022,top,logistic,manual_weak_top_label,126
0.7,25,0,,0.08,,,0.0064805999999999996,,0,0,ok,"{""C"": 3.0}",101,347,2022,top,logistic,manual_weak_top_label,126
0.6,25,0,,0.08,,,0.0064805999999999996,,0,0,ok,"{""C"": 3.0}",101,347,2022,top,logistic,manual_weak_top_label,126
0.5,25,0,,0.08,,,0.0064805999999999996,,0,0,ok,"{""C"": 3.0}",101,347,2022,top,logistic,manual_weak_top_label,126
0.4,25,0,,0.08,,,0.0064805999999999996,,0,0,ok,"{""C"": 3.0}",101,347,2022,top,logistic,manual_weak_top_label,126
0.3,25,2,0.5,0.08,0.42,-0.0486427,0.0064805999999999996,-0.0551233,1,0,ok,"{""C"": 3.0}",101,347,2022,top,logistic,manual_weak_top_label,126
0.7,25,1,0.0,0.08,-0.08,-0.03082729,0.0064805999999999996,-0.037307889999999996,0,0,ok,"{""shrinkage"": ""auto"", ""solver"": ""lsqr""}",101,347,2022,top,lda,manual_weak_top_label,126
0.6,25,1,0.0,0.08,-0.08,-0.03082729,0.0064805999999999996,-0.037307889999999996,0,0,ok,"{""shrinkage"": ""auto"", ""solver"": ""lsqr""}",101,347,2022,top,lda,manual_weak_top_label,126
0.5,25,1,0.0,0.08,-0.08,-0.03082729,0.0064805999999999996,-0.037307889999999996,0,0,ok,"{""shrinkage"": ""auto"", ""solver"": ""lsqr""}",101,347,2022,top,lda,manual_weak_top_label,126
0.4,25,1,0.0,0.08,-0.08,-0.03082729,0.0064805999999999996,-0.037307889999999996,0,0,ok,"{""shrinkage"": ""auto"", ""solver"": ""lsqr""}",101,347,2022,top,lda,manual_weak_top_label,126
0.3,25,2,0.0,0.08,-0.08,0.00214296,0.0064805999999999996,-0.004337639999999999,1,0,ok,"{""shrinkage"": ""auto"", ""solver"": ""lsqr""}",101,347,2022,top,lda,manual_weak_top_label,126
0.7,25,1,0.0,0.08,-0.08,-0.03082729,0.0064805999999999996,-0.037307889999999996,0,0,ok,"{""shrinkage"": 0.2, ""solver"": ""lsqr""}",101,347,2022,top,lda,manual_weak_top_label,126
0.6,25,1,0.0,0.08,-0.08,-0.03082729,0.0064805999999999996,-0.037307889999999996,0,0,ok,"{""shrinkage"": 0.2, ""solver"": ""lsqr""}",101,347,2022,top,lda,manual_weak_top_label,126
0.5,25,1,0.0,0.08,-0.08,-0.03082729,0.0064805999999999996,-0.037307889999999996,0,0,ok,"{""shrinkage"": 0.2, ""solver"": ""lsqr""}",101,347,2022,top,lda,manual_weak_top_label,126
0.4,25,1,0.0,0.08,-0.08,-0.03082729,0.0064805999999999996,-0.037307889999999996,0,0,ok,"{""shrinkage"": 0.2, ""solver"": ""lsqr""}",101,347,2022,top,lda,manual_weak_top_label,126
0.3,25,1,0.0,0.08,-0.08,-0.03082729,0.0064805999999999996,-0.037307889999999996,0,0,ok,"{""shrinkage"": 0.2, ""solver"": ""lsqr""}",101,347,2022,top,lda,manual_weak_top_label,126
0.7,25,1,0.0,0.08,-0.08,-0.03082729,0.0064805999999999996,-0.037307889999999996,0,0,ok,"{""shrinkage"": 0.5, ""solver"": ""lsqr""}",101,347,2022,top,lda,manual_weak_top_label,126
0.6,25,2,0.5,0.08,0.42,-0.0486427,0.0064805999999999996,-0.0551233,1,1,ok,"{""shrinkage"": 0.5, ""solver"": ""lsqr""}",101,347,2022,top,lda,manual_weak_top_label,126
0.5,25,2,0.5,0.08,0.42,-0.0486427,0.0064805999999999996,-0.0551233,1,0,ok,"{""shrinkage"": 0.5, ""solver"": ""lsqr""}",101,347,2022,top,lda,manual_weak_top_label,126
0.4,25,2,0.5,0.08,0.42,-0.0486427,0.0064805999999999996,-0.0551233,1,0,ok,"{""shrinkage"": 0.5, ""solver"": ""lsqr""}",101,347,2022,top,lda,manual_weak_top_label,126
0.3,25,2,0.5,0.08,0.42,-0.0486427,0.0064805999999999996,-0.0551233,1,0,ok,"{""shrinkage"": 0.5, ""solver"": ""lsqr""}",101,347,2022,top,lda,manual_weak_top_label,126
0.7,25,9,0.1111111111111111,0.08,0.031111111111111103,0.014760857777777778,0.0064805999999999996,0.008280257777777779,1,1,ok,"{""reg_param"": 0.2}",101,347,2022,top,qda,manual_weak_top_label,126
0.6,25,9,0.1111111111111111,0.08,0.031111111111111103,0.014760857777777778,0.0064805999999999996,0.008280257777777779,1,0,ok,"{""reg_param"": 0.2}",101,347,2022,top,qda,manual_weak_top_label,126
0.5,25,9,0.1111111111111111,0.08,0.031111111111111103,0.014760857777777778,0.0064805999999999996,0.008280257777777779,1,0,ok,"{""reg_param"": 0.2}",101,347,2022,top,qda,manual_weak_top_label,126
0.4,25,9,0.1111111111111111,0.08,0.031111111111111103,0.014760857777777778,0.0064805999999999996,0.008280257777777779,1,0,ok,"{""reg_param"": 0.2}",101,347,2022,top,qda,manual_weak_top_label,126
0.3,25,9,0.1111111111111111,0.08,0.031111111111111103,0.014760857777777778,0.0064805999999999996,0.008280257777777779,1,0,ok,"{""reg_param"": 0.2}",101,347,2022,top,qda,manual_weak_top_label,126
0.7,25,9,0.1111111111111111,0.08,0.031111111111111103,0.014760857777777778,0.0064805999999999996,0.008280257777777779,1,0,ok,"{""reg_param"": 0.5}",101,347,2022,top,qda,manual_weak_top_label,126
0.6,25,9,0.1111111111111111,0.08,0.031111111111111103,0.014760857777777778,0.0064805999999999996,0.008280257777777779,1,0,ok,"{""reg_param"": 0.5}",101,347,2022,top,qda,manual_weak_top_label,126
0.5,25,9,0.1111111111111111,0.08,0.031111111111111103,0.014760857777777778,0.0064805999999999996,0.008280257777777779,1,0,ok,"{""reg_param"": 0.5}",101,347,2022,top,qda,manual_weak_top_label,126
0.4,25,9,0.1111111111111111,0.08,0.031111111111111103,0.014760857777777778,0.0064805999999999996,0.008280257777777779,1,0,ok,"{""reg_param"": 0.5}",101,347,2022,top,qda,manual_weak_top_label,126
0.3,25,9,0.1111111111111111,0.08,0.031111111111111103,0.014760857777777778,0.0064805999999999996,0.008280257777777779,1,0,ok,"{""reg_param"": 0.5}",101,347,2022,top,qda,manual_weak_top_label,126
0.7,25,9,0.1111111111111111,0.08,0.031111111111111103,0.014760857777777778,0.0064805999999999996,0.008280257777777779,1,0,ok,"{""reg_param"": 0.8}",101,347,2022,top,qda,manual_weak_top_label,126
0.6,25,9,0.1111111111111111,0.08,0.031111111111111103,0.014760857777777778,0.0064805999999999996,0.008280257777777779,1,0,ok,"{""reg_param"": 0.8}",101,347,2022,top,qda,manual_weak_top_label,126
0.5,25,9,0.1111111111111111,0.08,0.031111111111111103,0.014760857777777778,0.0064805999999999996,0.008280257777777779,1,0,ok,"{""reg_param"": 0.8}",101,347,2022,top,qda,manual_weak_top_label,126
0.4,25,9,0.1111111111111111,0.08,0.031111111111111103,0.014760857777777778,0.0064805999999999996,0.008280257777777779,1,0,ok,"{""reg_param"": 0.8}",101,347,2022,top,qda,manual_weak_top_label,126
0.3,25,9,0.1111111111111111,0.08,0.031111111111111103,0.014760857777777778,0.0064805999999999996,0.008280257777777779,1,0,ok,"{""reg_param"": 0.8}",101,347,2022,top,qda,manual_weak_top_label,126
0.7,25,2,0.5,0.08,0.42,-0.033358025,0.0064805999999999996,-0.039838625,1,0,ok,"{""balanced_bagging"": true, ""is_unbalance"": false, ""learning_rate"": 0.04, ""max_depth"": 3, ""min_child_samples"": 8, ""n_estimators"": 180, ""negative_sample_ratio"": 3.0, ""num_leaves"": 7}",101,347,2022,top,lightgbm,manual_weak_top_label,126
0.6,25,2,0.5,0.08,0.42,-0.033358025,0.0064805999999999996,-0.039838625,1,0,ok,"{""balanced_bagging"": true, ""is_unbalance"": false, ""learning_rate"": 0.04, ""max_depth"": 3, ""min_child_samples"": 8, ""n_estimators"": 180, ""negative_sample_ratio"": 3.0, ""num_leaves"": 7}",101,347,2022,top,lightgbm,manual_weak_top_label,126
0.5,25,3,0.3333333333333333,0.08,0.2533333333333333,-0.0014687399999999998,0.0064805999999999996,-0.00794934,1,0,ok,"{""balanced_bagging"": true, ""is_unbalance"": false, ""learning_rate"": 0.04, ""max_depth"": 3, ""min_child_samples"": 8, ""n_estimators"": 180, ""negative_sample_ratio"": 3.0, ""num_leaves"": 7}",101,347,2022,top,lightgbm,manual_weak_top_label,126
0.4,25,5,0.0,0.08,-0.08,-0.0075007500000000005,0.0064805999999999996,-0.01398135,1,0,ok,"{""balanced_bagging"": true, ""is_unbalance"": false, ""learning_rate"": 0.04, ""max_depth"": 3, ""min_child_samples"": 8, ""n_estimators"": 180, ""negative_sample_ratio"": 3.0, ""num_leaves"": 7}",101,347,2022,top,lightgbm,manual_weak_top_label,126
0.3,25,5,0.0,0.08,-0.08,-0.0075007500000000005,0.0064805999999999996,-0.01398135,1,0,ok,"{""balanced_bagging"": true, ""is_unbalance"": false, ""learning_rate"": 0.04, ""max_depth"": 3, ""min_child_samples"": 8, ""n_estimators"": 180, ""negative_sample_ratio"": 3.0, ""num_leaves"": 7}",101,347,2022,top,lightgbm,manual_weak_top_label,126
0.7,25,1,0.0,0.08,-0.08,-0.00025794,0.0064805999999999996,-0.0067385399999999995,0,0,ok,"{""balanced_bagging"": true, ""is_unbalance"": false, ""learning_rate"": 0.03, ""max_depth"": 4, ""min_child_samples"": 10, ""n_estimators"": 250, ""negative_sample_ratio"": 5.0, ""num_leaves"": 15}",101,347,2022,top,lightgbm,manual_weak_top_label,126
0.6,25,2,0.0,0.08,-0.08,0.031025945,0.0064805999999999996,0.024545345,1,0,ok,"{""balanced_bagging"": true, ""is_unbalance"": false, ""learning_rate"": 0.03, ""max_depth"": 4, ""min_child_samples"": 10, ""n_estimators"": 250, ""negative_sample_ratio"": 5.0, ""num_leaves"": 15}",101,347,2022,top,lightgbm,manual_weak_top_label,126
0.5,25,3,0.3333333333333333,0.08,0.2533333333333333,-0.0014687399999999998,0.0064805999999999996,-0.00794934,1,0,ok,"{""balanced_bagging"": true, ""is_unbalance"": false, ""learning_rate"": 0.03, ""max_depth"": 4, ""min_child_samples"": 10, ""n_estimators"": 250, ""negative_sample_ratio"": 5.0, ""num_leaves"": 15}",101,347,2022,top,lightgbm,manual_weak_top_label,126
0.4,25,4,0.0,0.08,-0.08,-0.001669115,0.0064805999999999996,-0.008149715,1,0,ok,"{""balanced_bagging"": true, ""is_unbalance"": false, ""learning_rate"": 0.03, ""max_depth"": 4, ""min_child_samples"": 10, ""n_estimators"": 250, ""negative_sample_ratio"": 5.0, ""num_leaves"": 15}",101,347,2022,top,lightgbm,manual_weak_top_label,126
0.3,25,4,0.0,0.08,-0.08,-0.001669115,0.0064805999999999996,-0.008149715,1,0,ok,"{""balanced_bagging"": true, ""is_unbalance"": false, ""learning_rate"": 0.03, ""max_depth"": 4, ""min_child_samples"": 10, ""n_estimators"": 250, ""negative_sample_ratio"": 5.0, ""num_leaves"": 15}",101,347,2022,top,lightgbm,manual_weak_top_label,126
0.7,25,2,0.5,0.08,0.42,-0.052314645,0.0064805999999999996,-0.058795244999999996,1,0,ok,"{""balanced_bagging"": true, ""is_unbalance"": true, ""learning_rate"": 0.025, ""max_depth"": 5, ""min_child_samples"": 12, ""n_estimators"": 320, ""negative_sample_ratio"": 3.0, ""num_leaves"": 15}",101,347,2022,top,lightgbm,manual_weak_top_label,126
0.6,25,2,1.0,0.08,0.92,-0.06465787,0.0064805999999999996,-0.07113847000000001,1,1,ok,"{""balanced_bagging"": true, ""is_unbalance"": true, ""learning_rate"": 0.025, ""max_depth"": 5, ""min_child_samples"": 12, ""n_estimators"": 320, ""negative_sample_ratio"": 3.0, ""num_leaves"": 15}",101,347,2022,top,lightgbm,manual_weak_top_label,126
0.5,25,2,0.5,0.08,0.42,-0.033358025,0.0064805999999999996,-0.039838625,1,0,ok,"{""balanced_bagging"": true, ""is_unbalance"": true, ""learning_rate"": 0.025, ""max_depth"": 5, ""min_child_samples"": 12, ""n_estimators"": 320, ""negative_sample_ratio"": 3.0, ""num_leaves"": 15}",101,347,2022,top,lightgbm,manual_weak_top_label,126
0.4,25,3,0.3333333333333333,0.08,0.2533333333333333,-0.0014687399999999998,0.0064805999999999996,-0.00794934,1,0,ok,"{""balanced_bagging"": true, ""is_unbalance"": true, ""learning_rate"": 0.025, ""max_depth"": 5, ""min_child_samples"": 12, ""n_estimators"": 320, ""negative_sample_ratio"": 3.0, ""num_leaves"": 15}",101,347,2022,top,lightgbm,manual_weak_top_label,126
0.3,25,4,0.0,0.08,-0.08,-0.00601144,0.0064805999999999996,-0.01249204,1,0,ok,"{""balanced_bagging"": true, ""is_unbalance"": true, ""learning_rate"": 0.025, ""max_depth"": 5, ""min_child_samples"": 12, ""n_estimators"": 320, ""negative_sample_ratio"": 3.0, ""num_leaves"": 15}",101,347,2022,top,lightgbm,manual_weak_top_label,126
0.7,25,0,,0.08,,,0.0064805999999999996,,0,0,ok,"{""dropout"": 0.05, ""focal_alpha"": 0.7, ""focal_gamma"": 1.5, ""hidden_layers"": [32], ""learning_rate"": 0.001, ""max_epochs"": 130, ""patience"": 15}",101,347,2022,top,bp,manual_weak_top_label,126
0.6,25,2,0.5,0.08,0.42,-0.0486427,0.0064805999999999996,-0.0551233,1,1,ok,"{""dropout"": 0.05, ""focal_alpha"": 0.7, ""focal_gamma"": 1.5, ""hidden_layers"": [32], ""learning_rate"": 0.001, ""max_epochs"": 130, ""patience"": 15}",101,347,2022,top,bp,manual_weak_top_label,126
0.5,25,2,0.5,0.08,0.42,-0.0486427,0.0064805999999999996,-0.0551233,1,0,ok,"{""dropout"": 0.05, ""focal_alpha"": 0.7, ""focal_gamma"": 1.5, ""hidden_layers"": [32], ""learning_rate"": 0.001, ""max_epochs"": 130, ""patience"": 15}",101,347,2022,top,bp,manual_weak_top_label,126
0.4,25,3,0.0,0.08,-0.08,-0.021231959999999998,0.0064805999999999996,-0.027712559999999997,1,0,ok,"{""dropout"": 0.05, ""focal_alpha"": 0.7, ""focal_gamma"": 1.5, ""hidden_layers"": [32], ""learning_rate"": 0.001, ""max_epochs"": 130, ""patience"": 15}",101,347,2022,top,bp,manual_weak_top_label,126
0.3,25,4,0.0,0.08,-0.08,0.00735109,0.0064805999999999996,0.0008704900000000007,1,0,ok,"{""dropout"": 0.05, ""focal_alpha"": 0.7, ""focal_gamma"": 1.5, ""hidden_layers"": [32], ""learning_rate"": 0.001, ""max_epochs"": 130, ""patience"": 15}",101,347,2022,top,bp,manual_weak_top_label,126
0.7,25,1,0.0,0.08,-0.08,-0.03082729,0.0064805999999999996,-0.037307889999999996,0,0,ok,"{""dropout"": 0.1, ""focal_alpha"": 0.75, ""focal_gamma"": 2.0, ""hidden_layers"": [48, 24], ""learning_rate"": 0.001, ""max_epochs"": 160, ""patience"": 18}",101,347,2022,top,bp,manual_weak_top_label,126
0.6,25,1,0.0,0.08,-0.08,-0.03082729,0.0064805999999999996,-0.037307889999999996,0,0,ok,"{""dropout"": 0.1, ""focal_alpha"": 0.75, ""focal_gamma"": 2.0, ""hidden_layers"": [48, 24], ""learning_rate"": 0.001, ""max_epochs"": 160, ""patience"": 18}",101,347,2022,top,bp,manual_weak_top_label,126
0.5,25,1,0.0,0.08,-0.08,-0.00587926,0.0064805999999999996,-0.01235986,0,0,ok,"{""dropout"": 0.1, ""focal_alpha"": 0.75, ""focal_gamma"": 2.0, ""hidden_layers"": [48, 24], ""learning_rate"": 0.001, ""max_epochs"": 160, ""patience"": 18}",101,347,2022,top,bp,manual_weak_top_label,126
0.4,25,2,0.0,0.08,-0.08,0.013163,0.0064805999999999996,0.0066824,1,0,ok,"{""dropout"": 0.1, ""focal_alpha"": 0.75, ""focal_gamma"": 2.0, ""hidden_layers"": [48, 24], ""learning_rate"": 0.001, ""max_epochs"": 160, ""patience"": 18}",101,347,2022,top,bp,manual_weak_top_label,126
0.3,25,2,0.0,0.08,-0.08,0.013163,0.0064805999999999996,0.0066824,1,0,ok,"{""dropout"": 0.1, ""focal_alpha"": 0.75, ""focal_gamma"": 2.0, ""hidden_layers"": [48, 24], ""learning_rate"": 0.001, ""max_epochs"": 160, ""patience"": 18}",101,347,2022,top,bp,manual_weak_top_label,126
0.7,25,0,,0.08,,,0.0064805999999999996,,0,0,ok,"{""dropout"": 0.15, ""focal_alpha"": 0.8, ""focal_gamma"": 2.5, ""hidden_layers"": [64, 32], ""learning_rate"": 0.0007, ""max_epochs"": 180, ""patience"": 20}",101,347,2022,top,bp,manual_weak_top_label,126
0.6,25,1,0.0,0.08,-0.08,-0.03082729,0.0064805999999999996,-0.037307889999999996,0,0,ok,"{""dropout"": 0.15, ""focal_alpha"": 0.8, ""focal_gamma"": 2.5, ""hidden_layers"": [64, 32], ""learning_rate"": 0.0007, ""max_epochs"": 180, ""patience"": 20}",101,347,2022,top,bp,manual_weak_top_label,126
0.5,25,1,0.0,0.08,-0.08,-0.03082729,0.0064805999999999996,-0.037307889999999996,0,0,ok,"{""dropout"": 0.15, ""focal_alpha"": 0.8, ""focal_gamma"": 2.5, ""hidden_layers"": [64, 32], ""learning_rate"": 0.0007, ""max_epochs"": 180, ""patience"": 20}",101,347,2022,top,bp,manual_weak_top_label,126
0.4,25,1,0.0,0.08,-0.08,-0.03082729,0.0064805999999999996,-0.037307889999999996,0,0,ok,"{""dropout"": 0.15, ""focal_alpha"": 0.8, ""focal_gamma"": 2.5, ""hidden_layers"": [64, 32], ""learning_rate"": 0.0007, ""max_epochs"": 180, ""patience"": 20}",101,347,2022,top,bp,manual_weak_top_label,126
0.3,25,2,0.5,0.08,0.42,-0.0486427,0.0064805999999999996,-0.0551233,1,0,ok,"{""dropout"": 0.15, ""focal_alpha"": 0.8, ""focal_gamma"": 2.5, ""hidden_layers"": [64, 32], ""learning_rate"": 0.0007, ""max_epochs"": 180, ""patience"": 20}",101,347,2022,top,bp,manual_weak_top_label,126
0.7,25,2,0.0,0.08,-0.08,0.031136475,0.0064805999999999996,0.024655875,1,0,ok,"{""alpha"": 0.0001, ""hidden_layer_sizes"": [32], ""learning_rate_init"": 0.001, ""max_iter"": 500, ""negative_sample_ratio"": 2.0}",101,347,2022,top,mlp,manual_weak_top_label,126
0.6,25,4,0.0,0.08,-0.08,0.004289415,0.0064805999999999996,-0.002191184999999999,1,0,ok,"{""alpha"": 0.0001, ""hidden_layer_sizes"": [32], ""learning_rate_init"": 0.001, ""max_iter"": 500, ""negative_sample_ratio"": 2.0}",101,347,2022,top,mlp,manual_weak_top_label,126
0.5,25,5,0.0,0.08,-0.08,0.009872584,0.0064805999999999996,0.0033919840000000007,1,0,ok,"{""alpha"": 0.0001, ""hidden_layer_sizes"": [32], ""learning_rate_init"": 0.001, ""max_iter"": 500, ""negative_sample_ratio"": 2.0}",101,347,2022,top,mlp,manual_weak_top_label,126
0.4,25,6,0.0,0.08,-0.08,0.006511838333333333,0.0064805999999999996,3.123833333333343e-05,1,0,ok,"{""alpha"": 0.0001, ""hidden_layer_sizes"": [32], ""learning_rate_init"": 0.001, ""max_iter"": 500, ""negative_sample_ratio"": 2.0}",101,347,2022,top,mlp,manual_weak_top_label,126
0.3,25,8,0.0,0.08,-0.08,0.0119779375,0.0064805999999999996,0.005497337500000001,1,0,ok,"{""alpha"": 0.0001, ""hidden_layer_sizes"": [32], ""learning_rate_init"": 0.001, ""max_iter"": 500, ""negative_sample_ratio"": 2.0}",101,347,2022,top,mlp,manual_weak_top_label,126
0.7,25,0,,0.08,,,0.0064805999999999996,,0,0,ok,"{""alpha"": 0.0001, ""hidden_layer_sizes"": [48, 24], ""learning_rate_init"": 0.001, ""max_iter"": 600, ""negative_sample_ratio"": 3.0}",101,347,2022,top,mlp,manual_weak_top_label,126
0.6,25,0,,0.08,,,0.0064805999999999996,,0,0,ok,"{""alpha"": 0.0001, ""hidden_layer_sizes"": [48, 24], ""learning_rate_init"": 0.001, ""max_iter"": 600, ""negative_sample_ratio"": 3.0}",101,347,2022,top,mlp,manual_weak_top_label,126
0.5,25,1,0.0,0.08,-0.08,-0.03939795,0.0064805999999999996,-0.045878550000000004,0,0,ok,"{""alpha"": 0.0001, ""hidden_layer_sizes"": [48, 24], ""learning_rate_init"": 0.001, ""max_iter"": 600, ""negative_sample_ratio"": 3.0}",101,347,2022,top,mlp,manual_weak_top_label,126
0.4,25,4,0.5,0.08,0.42,-0.006411025,0.0064805999999999996,-0.012891625,1,1,ok,"{""alpha"": 0.0001, ""hidden_layer_sizes"": [48, 24], ""learning_rate_init"": 0.001, ""max_iter"": 600, ""negative_sample_ratio"": 3.0}",101,347,2022,top,mlp,manual_weak_top_label,126
0.3,25,7,0.14285714285714285,0.08,0.06285714285714285,-0.00027107285714285715,0.0064805999999999996,-0.006751672857142857,1,0,ok,"{""alpha"": 0.0001, ""hidden_layer_sizes"": [48, 24], ""learning_rate_init"": 0.001, ""max_iter"": 600, ""negative_sample_ratio"": 3.0}",101,347,2022,top,mlp,manual_weak_top_label,126
0.7,25,0,,0.08,,,0.0064805999999999996,,0,0,ok,"{""alpha"": 0.001, ""hidden_layer_sizes"": [64, 32], ""learning_rate_init"": 0.0007, ""max_iter"": 700, ""negative_sample_ratio"": 5.0}",101,347,2022,top,mlp,manual_weak_top_label,126
0.6,25,0,,0.08,,,0.0064805999999999996,,0,0,ok,"{""alpha"": 0.001, ""hidden_layer_sizes"": [64, 32], ""learning_rate_init"": 0.0007, ""max_iter"": 700, ""negative_sample_ratio"": 5.0}",101,347,2022,top,mlp,manual_weak_top_label,126
0.5,25,1,0.0,0.08,-0.08,-0.03082729,0.0064805999999999996,-0.037307889999999996,0,0,ok,"{""alpha"": 0.001, ""hidden_layer_sizes"": [64, 32], ""learning_rate_init"": 0.0007, ""max_iter"": 700, ""negative_sample_ratio"": 5.0}",101,347,2022,top,mlp,manual_weak_top_label,126
0.4,25,1,0.0,0.08,-0.08,-0.03082729,0.0064805999999999996,-0.037307889999999996,0,0,ok,"{""alpha"": 0.001, ""hidden_layer_sizes"": [64, 32], ""learning_rate_init"": 0.0007, ""max_iter"": 700, ""negative_sample_ratio"": 5.0}",101,347,2022,top,mlp,manual_weak_top_label,126
0.3,25,2,0.0,0.08,-0.08,-0.001301335,0.0064805999999999996,-0.007781934999999999,1,0,ok,"{""alpha"": 0.001, ""hidden_layer_sizes"": [64, 32], ""learning_rate_init"": 0.0007, ""max_iter"": 700, ""negative_sample_ratio"": 5.0}",101,347,2022,top,mlp,manual_weak_top_label,126
0.7,25,0,,0.08,,,0.0064805999999999996,,0,1,ok,"{""C"": 0.5, ""gamma"": ""scale""}",101,347,2022,top,svm,manual_weak_top_label,126
0.6,25,0,,0.08,,,0.0064805999999999996,,0,0,ok,"{""C"": 0.5, ""gamma"": ""scale""}",101,347,2022,top,svm,manual_weak_top_label,126
0.5,25,0,,0.08,,,0.0064805999999999996,,0,0,ok,"{""C"": 0.5, ""gamma"": ""scale""}",101,347,2022,top,svm,manual_weak_top_label,126
0.4,25,0,,0.08,,,0.0064805999999999996,,0,0,ok,"{""C"": 0.5, ""gamma"": ""scale""}",101,347,2022,top,svm,manual_weak_top_label,126
0.3,25,0,,0.08,,,0.0064805999999999996,,0,0,ok,"{""C"": 0.5, ""gamma"": ""scale""}",101,347,2022,top,svm,manual_weak_top_label,126
0.7,25,0,,0.08,,,0.0064805999999999996,,0,0,ok,"{""C"": 1.0, ""gamma"": ""scale""}",101,347,2022,top,svm,manual_weak_top_label,126
0.6,25,0,,0.08,,,0.0064805999999999996,,0,0,ok,"{""C"": 1.0, ""gamma"": ""scale""}",101,347,2022,top,svm,manual_weak_top_label,126
0.5,25,0,,0.08,,,0.0064805999999999996,,0,0,ok,"{""C"": 1.0, ""gamma"": ""scale""}",101,347,2022,top,svm,manual_weak_top_label,126
0.4,25,0,,0.08,,,0.0064805999999999996,,0,0,ok,"{""C"": 1.0, ""gamma"": ""scale""}",101,347,2022,top,svm,manual_weak_top_label,126
0.3,25,0,,0.08,,,0.0064805999999999996,,0,0,ok,"{""C"": 1.0, ""gamma"": ""scale""}",101,347,2022,top,svm,manual_weak_top_label,126
0.7,25,0,,0.08,,,0.0064805999999999996,,0,0,ok,"{""C"": 2.0, ""gamma"": ""scale""}",101,347,2022,top,svm,manual_weak_top_label,126
0.6,25,0,,0.08,,,0.0064805999999999996,,0,0,ok,"{""C"": 2.0, ""gamma"": ""scale""}",101,347,2022,top,svm,manual_weak_top_label,126
0.5,25,0,,0.08,,,0.0064805999999999996,,0,0,ok,"{""C"": 2.0, ""gamma"": ""scale""}",101,347,2022,top,svm,manual_weak_top_label,126
0.4,25,0,,0.08,,,0.0064805999999999996,,0,0,ok,"{""C"": 2.0, ""gamma"": ""scale""}",101,347,2022,top,svm,manual_weak_top_label,126
0.3,25,0,,0.08,,,0.0064805999999999996,,0,0,ok,"{""C"": 2.0, ""gamma"": ""scale""}",101,347,2022,top,svm,manual_weak_top_label,126
0.7,29,1,0.0,0.27586206896551724,-0.27586206896551724,-0.03599303,0.008037246551724138,-0.04403027655172414,0,0,ok,"{""C"": 0.3}",115,347,2023,bottom,logistic,manual_weak_bottom_label,144
0.6,29,1,0.0,0.27586206896551724,-0.27586206896551724,0.02953034,0.008037246551724138,0.02149309344827586,0,0,ok,"{""C"": 0.3}",115,347,2023,bottom,logistic,manual_weak_bottom_label,144
0.5,29,1,0.0,0.27586206896551724,-0.27586206896551724,0.02953034,0.008037246551724138,0.02149309344827586,0,0,ok,"{""C"": 0.3}",115,347,2023,bottom,logistic,manual_weak_bottom_label,144
0.4,29,1,0.0,0.27586206896551724,-0.27586206896551724,0.02953034,0.008037246551724138,0.02149309344827586,0,0,ok,"{""C"": 0.3}",115,347,2023,bottom,logistic,manual_weak_bottom_label,144
0.3,29,3,0.0,0.27586206896551724,-0.27586206896551724,0.033218406666666665,0.008037246551724138,0.02518116011494253,1,1,ok,"{""C"": 0.3}",115,347,2023,bottom,logistic,manual_weak_bottom_label,144
0.7,29,1,0.0,0.27586206896551724,-0.27586206896551724,0.02953034,0.008037246551724138,0.02149309344827586,0,0,ok,"{""C"": 1.0}",115,347,2023,bottom,logistic,manual_weak_bottom_label,144
0.6,29,1,0.0,0.27586206896551724,-0.27586206896551724,0.02953034,0.008037246551724138,0.02149309344827586,0,0,ok,"{""C"": 1.0}",115,347,2023,bottom,logistic,manual_weak_bottom_label,144
0.5,29,1,0.0,0.27586206896551724,-0.27586206896551724,0.02953034,0.008037246551724138,0.02149309344827586,0,0,ok,"{""C"": 1.0}",115,347,2023,bottom,logistic,manual_weak_bottom_label,144
0.4,29,1,0.0,0.27586206896551724,-0.27586206896551724,0.02953034,0.008037246551724138,0.02149309344827586,0,0,ok,"{""C"": 1.0}",115,347,2023,bottom,logistic,manual_weak_bottom_label,144
0.3,29,1,0.0,0.27586206896551724,-0.27586206896551724,0.02953034,0.008037246551724138,0.02149309344827586,0,0,ok,"{""C"": 1.0}",115,347,2023,bottom,logistic,manual_weak_bottom_label,144
0.7,29,1,0.0,0.27586206896551724,-0.27586206896551724,0.02953034,0.008037246551724138,0.02149309344827586,0,0,ok,"{""C"": 3.0}",115,347,2023,bottom,logistic,manual_weak_bottom_label,144
0.6,29,1,0.0,0.27586206896551724,-0.27586206896551724,0.02953034,0.008037246551724138,0.02149309344827586,0,0,ok,"{""C"": 3.0}",115,347,2023,bottom,logistic,manual_weak_bottom_label,144
0.5,29,1,0.0,0.27586206896551724,-0.27586206896551724,0.02953034,0.008037246551724138,0.02149309344827586,0,0,ok,"{""C"": 3.0}",115,347,2023,bottom,logistic,manual_weak_bottom_label,144
0.4,29,1,0.0,0.27586206896551724,-0.27586206896551724,0.02953034,0.008037246551724138,0.02149309344827586,0,0,ok,"{""C"": 3.0}",115,347,2023,bottom,logistic,manual_weak_bottom_label,144
0.3,29,1,0.0,0.27586206896551724,-0.27586206896551724,0.02953034,0.008037246551724138,0.02149309344827586,0,0,ok,"{""C"": 3.0}",115,347,2023,bottom,logistic,manual_weak_bottom_label,144
0.7,29,2,0.0,0.27586206896551724,-0.27586206896551724,0.03002865,0.008037246551724138,0.02199140344827586,1,1,ok,"{""shrinkage"": ""auto"", ""solver"": ""lsqr""}",115,347,2023,bottom,lda,manual_weak_bottom_label,144
0.6,29,2,0.0,0.27586206896551724,-0.27586206896551724,0.03002865,0.008037246551724138,0.02199140344827586,1,0,ok,"{""shrinkage"": ""auto"", ""solver"": ""lsqr""}",115,347,2023,bottom,lda,manual_weak_bottom_label,144
0.5,29,2,0.0,0.27586206896551724,-0.27586206896551724,0.03002865,0.008037246551724138,0.02199140344827586,1,0,ok,"{""shrinkage"": ""auto"", ""solver"": ""lsqr""}",115,347,2023,bottom,lda,manual_weak_bottom_label,144
0.4,29,2,0.0,0.27586206896551724,-0.27586206896551724,0.03002865,0.008037246551724138,0.02199140344827586,1,0,ok,"{""shrinkage"": ""auto"", ""solver"": ""lsqr""}",115,347,2023,bottom,lda,manual_weak_bottom_label,144
0.3,29,2,0.0,0.27586206896551724,-0.27586206896551724,0.03002865,0.008037246551724138,0.02199140344827586,1,0,ok,"{""shrinkage"": ""auto"", ""solver"": ""lsqr""}",115,347,2023,bottom,lda,manual_weak_bottom_label,144
0.7,29,1,0.0,0.27586206896551724,-0.27586206896551724,0.02953034,0.008037246551724138,0.02149309344827586,0,0,ok,"{""shrinkage"": 0.2, ""solver"": ""lsqr""}",115,347,2023,bottom,lda,manual_weak_bottom_label,144
0.6,29,1,0.0,0.27586206896551724,-0.27586206896551724,0.02953034,0.008037246551724138,0.02149309344827586,0,0,ok,"{""shrinkage"": 0.2, ""solver"": ""lsqr""}",115,347,2023,bottom,lda,manual_weak_bottom_label,144
0.5,29,1,0.0,0.27586206896551724,-0.27586206896551724,0.02953034,0.008037246551724138,0.02149309344827586,0,0,ok,"{""shrinkage"": 0.2, ""solver"": ""lsqr""}",115,347,2023,bottom,lda,manual_weak_bottom_label,144
0.4,29,2,0.0,0.27586206896551724,-0.27586206896551724,0.03002865,0.008037246551724138,0.02199140344827586,1,0,ok,"{""shrinkage"": 0.2, ""solver"": ""lsqr""}",115,347,2023,bottom,lda,manual_weak_bottom_label,144
0.3,29,2,0.0,0.27586206896551724,-0.27586206896551724,0.03002865,0.008037246551724138,0.02199140344827586,1,0,ok,"{""shrinkage"": 0.2, ""solver"": ""lsqr""}",115,347,2023,bottom,lda,manual_weak_bottom_label,144
0.7,29,1,0.0,0.27586206896551724,-0.27586206896551724,-0.03599303,0.008037246551724138,-0.04403027655172414,0,0,ok,"{""shrinkage"": 0.5, ""solver"": ""lsqr""}",115,347,2023,bottom,lda,manual_weak_bottom_label,144
0.6,29,1,0.0,0.27586206896551724,-0.27586206896551724,-0.03599303,0.008037246551724138,-0.04403027655172414,0,0,ok,"{""shrinkage"": 0.5, ""solver"": ""lsqr""}",115,347,2023,bottom,lda,manual_weak_bottom_label,144
0.5,29,1,0.0,0.27586206896551724,-0.27586206896551724,0.02953034,0.008037246551724138,0.02149309344827586,0,0,ok,"{""shrinkage"": 0.5, ""solver"": ""lsqr""}",115,347,2023,bottom,lda,manual_weak_bottom_label,144
0.4,29,1,0.0,0.27586206896551724,-0.27586206896551724,0.02953034,0.008037246551724138,0.02149309344827586,0,0,ok,"{""shrinkage"": 0.5, ""solver"": ""lsqr""}",115,347,2023,bottom,lda,manual_weak_bottom_label,144
0.3,29,1,0.0,0.27586206896551724,-0.27586206896551724,0.02953034,0.008037246551724138,0.02149309344827586,0,0,ok,"{""shrinkage"": 0.5, ""solver"": ""lsqr""}",115,347,2023,bottom,lda,manual_weak_bottom_label,144
0.7,29,14,0.21428571428571427,0.27586206896551724,-0.061576354679802964,0.002804892142857143,0.008037246551724138,-0.005232354408866996,1,1,ok,"{""reg_param"": 0.2}",115,347,2023,bottom,qda,manual_weak_bottom_label,144
0.6,29,14,0.21428571428571427,0.27586206896551724,-0.061576354679802964,0.002804892142857143,0.008037246551724138,-0.005232354408866996,1,0,ok,"{""reg_param"": 0.2}",115,347,2023,bottom,qda,manual_weak_bottom_label,144
0.5,29,14,0.21428571428571427,0.27586206896551724,-0.061576354679802964,0.002804892142857143,0.008037246551724138,-0.005232354408866996,1,0,ok,"{""reg_param"": 0.2}",115,347,2023,bottom,qda,manual_weak_bottom_label,144
0.4,29,14,0.21428571428571427,0.27586206896551724,-0.061576354679802964,0.002804892142857143,0.008037246551724138,-0.005232354408866996,1,0,ok,"{""reg_param"": 0.2}",115,347,2023,bottom,qda,manual_weak_bottom_label,144
0.3,29,14,0.21428571428571427,0.27586206896551724,-0.061576354679802964,0.002804892142857143,0.008037246551724138,-0.005232354408866996,1,0,ok,"{""reg_param"": 0.2}",115,347,2023,bottom,qda,manual_weak_bottom_label,144
0.7,29,14,0.21428571428571427,0.27586206896551724,-0.061576354679802964,0.002804892142857143,0.008037246551724138,-0.005232354408866996,1,0,ok,"{""reg_param"": 0.5}",115,347,2023,bottom,qda,manual_weak_bottom_label,144
0.6,29,14,0.21428571428571427,0.27586206896551724,-0.061576354679802964,0.002804892142857143,0.008037246551724138,-0.005232354408866996,1,0,ok,"{""reg_param"": 0.5}",115,347,2023,bottom,qda,manual_weak_bottom_label,144
0.5,29,14,0.21428571428571427,0.27586206896551724,-0.061576354679802964,0.002804892142857143,0.008037246551724138,-0.005232354408866996,1,0,ok,"{""reg_param"": 0.5}",115,347,2023,bottom,qda,manual_weak_bottom_label,144
0.4,29,14,0.21428571428571427,0.27586206896551724,-0.061576354679802964,0.002804892142857143,0.008037246551724138,-0.005232354408866996,1,0,ok,"{""reg_param"": 0.5}",115,347,2023,bottom,qda,manual_weak_bottom_label,144
0.3,29,14,0.21428571428571427,0.27586206896551724,-0.061576354679802964,0.002804892142857143,0.008037246551724138,-0.005232354408866996,1,0,ok,"{""reg_param"": 0.5}",115,347,2023,bottom,qda,manual_weak_bottom_label,144
0.7,29,14,0.21428571428571427,0.27586206896551724,-0.061576354679802964,0.002804892142857143,0.008037246551724138,-0.005232354408866996,1,0,ok,"{""reg_param"": 0.8}",115,347,2023,bottom,qda,manual_weak_bottom_label,144
0.6,29,14,0.21428571428571427,0.27586206896551724,-0.061576354679802964,0.002804892142857143,0.008037246551724138,-0.005232354408866996,1,0,ok,"{""reg_param"": 0.8}",115,347,2023,bottom,qda,manual_weak_bottom_label,144
0.5,29,14,0.21428571428571427,0.27586206896551724,-0.061576354679802964,0.002804892142857143,0.008037246551724138,-0.005232354408866996,1,0,ok,"{""reg_param"": 0.8}",115,347,2023,bottom,qda,manual_weak_bottom_label,144
0.4,29,14,0.21428571428571427,0.27586206896551724,-0.061576354679802964,0.002804892142857143,0.008037246551724138,-0.005232354408866996,1,0,ok,"{""reg_param"": 0.8}",115,347,2023,bottom,qda,manual_weak_bottom_label,144
0.3,29,14,0.21428571428571427,0.27586206896551724,-0.061576354679802964,0.002804892142857143,0.008037246551724138,-0.005232354408866996,1,0,ok,"{""reg_param"": 0.8}",115,347,2023,bottom,qda,manual_weak_bottom_label,144
0.7,29,0,,0.27586206896551724,,,0.008037246551724138,,0,0,ok,"{""balanced_bagging"": true, ""is_unbalance"": false, ""learning_rate"": 0.04, ""max_depth"": 3, ""min_child_samples"": 8, ""n_estimators"": 180, ""negative_sample_ratio"": 3.0, ""num_leaves"": 7}",115,347,2023,bottom,lightgbm,manual_weak_bottom_label,144
0.6,29,0,,0.27586206896551724,,,0.008037246551724138,,0,0,ok,"{""balanced_bagging"": true, ""is_unbalance"": false, ""learning_rate"": 0.04, ""max_depth"": 3, ""min_child_samples"": 8, ""n_estimators"": 180, ""negative_sample_ratio"": 3.0, ""num_leaves"": 7}",115,347,2023,bottom,lightgbm,manual_weak_bottom_label,144
0.5,29,0,,0.27586206896551724,,,0.008037246551724138,,0,0,ok,"{""balanced_bagging"": true, ""is_unbalance"": false, ""learning_rate"": 0.04, ""max_depth"": 3, ""min_child_samples"": 8, ""n_estimators"": 180, ""negative_sample_ratio"": 3.0, ""num_leaves"": 7}",115,347,2023,bottom,lightgbm,manual_weak_bottom_label,144
0.4,29,1,1.0,0.27586206896551724,0.7241379310344828,0.09224006,0.008037246551724138,0.08420281344827586,0,0,ok,"{""balanced_bagging"": true, ""is_unbalance"": false, ""learning_rate"": 0.04, ""max_depth"": 3, ""min_child_samples"": 8, ""n_estimators"": 180, ""negative_sample_ratio"": 3.0, ""num_leaves"": 7}",115,347,2023,bottom,lightgbm,manual_weak_bottom_label,144
0.3,29,2,0.5,0.27586206896551724,0.22413793103448276,0.030515615,0.008037246551724138,0.02247836844827586,1,1,ok,"{""balanced_bagging"": true, ""is_unbalance"": false, ""learning_rate"": 0.04, ""max_depth"": 3, ""min_child_samples"": 8, ""n_estimators"": 180, ""negative_sample_ratio"": 3.0, ""num_leaves"": 7}",115,347,2023,bottom,lightgbm,manual_weak_bottom_label,144
0.7,29,0,,0.27586206896551724,,,0.008037246551724138,,0,0,ok,"{""balanced_bagging"": true, ""is_unbalance"": false, ""learning_rate"": 0.03, ""max_depth"": 4, ""min_child_samples"": 10, ""n_estimators"": 250, ""negative_sample_ratio"": 5.0, ""num_leaves"": 15}",115,347,2023,bottom,lightgbm,manual_weak_bottom_label,144
0.6,29,0,,0.27586206896551724,,,0.008037246551724138,,0,0,ok,"{""balanced_bagging"": true, ""is_unbalance"": false, ""learning_rate"": 0.03, ""max_depth"": 4, ""min_child_samples"": 10, ""n_estimators"": 250, ""negative_sample_ratio"": 5.0, ""num_leaves"": 15}",115,347,2023,bottom,lightgbm,manual_weak_bottom_label,144
0.5,29,0,,0.27586206896551724,,,0.008037246551724138,,0,0,ok,"{""balanced_bagging"": true, ""is_unbalance"": false, ""learning_rate"": 0.03, ""max_depth"": 4, ""min_child_samples"": 10, ""n_estimators"": 250, ""negative_sample_ratio"": 5.0, ""num_leaves"": 15}",115,347,2023,bottom,lightgbm,manual_weak_bottom_label,144
0.4,29,0,,0.27586206896551724,,,0.008037246551724138,,0,0,ok,"{""balanced_bagging"": true, ""is_unbalance"": false, ""learning_rate"": 0.03, ""max_depth"": 4, ""min_child_samples"": 10, ""n_estimators"": 250, ""negative_sample_ratio"": 5.0, ""num_leaves"": 15}",115,347,2023,bottom,lightgbm,manual_weak_bottom_label,144
0.3,29,0,,0.27586206896551724,,,0.008037246551724138,,0,0,ok,"{""balanced_bagging"": true, ""is_unbalance"": false, ""learning_rate"": 0.03, ""max_depth"": 4, ""min_child_samples"": 10, ""n_estimators"": 250, ""negative_sample_ratio"": 5.0, ""num_leaves"": 15}",115,347,2023,bottom,lightgbm,manual_weak_bottom_label,144
0.7,29,0,,0.27586206896551724,,,0.008037246551724138,,0,0,ok,"{""balanced_bagging"": true, ""is_unbalance"": true, ""learning_rate"": 0.025, ""max_depth"": 5, ""min_child_samples"": 12, ""n_estimators"": 320, ""negative_sample_ratio"": 3.0, ""num_leaves"": 15}",115,347,2023,bottom,lightgbm,manual_weak_bottom_label,144
0.6,29,0,,0.27586206896551724,,,0.008037246551724138,,0,0,ok,"{""balanced_bagging"": true, ""is_unbalance"": true, ""learning_rate"": 0.025, ""max_depth"": 5, ""min_child_samples"": 12, ""n_estimators"": 320, ""negative_sample_ratio"": 3.0, ""num_leaves"": 15}",115,347,2023,bottom,lightgbm,manual_weak_bottom_label,144
0.5,29,1,1.0,0.27586206896551724,0.7241379310344828,0.09224006,0.008037246551724138,0.08420281344827586,0,0,ok,"{""balanced_bagging"": true, ""is_unbalance"": true, ""learning_rate"": 0.025, ""max_depth"": 5, ""min_child_samples"": 12, ""n_estimators"": 320, ""negative_sample_ratio"": 3.0, ""num_leaves"": 15}",115,347,2023,bottom,lightgbm,manual_weak_bottom_label,144
0.4,29,1,0.0,0.27586206896551724,-0.27586206896551724,0.03052696,0.008037246551724138,0.022489713448275862,0,0,ok,"{""balanced_bagging"": true, ""is_unbalance"": true, ""learning_rate"": 0.025, ""max_depth"": 5, ""min_child_samples"": 12, ""n_estimators"": 320, ""negative_sample_ratio"": 3.0, ""num_leaves"": 15}",115,347,2023,bottom,lightgbm,manual_weak_bottom_label,144
0.3,29,1,0.0,0.27586206896551724,-0.27586206896551724,0.03052696,0.008037246551724138,0.022489713448275862,0,0,ok,"{""balanced_bagging"": true, ""is_unbalance"": true, ""learning_rate"": 0.025, ""max_depth"": 5, ""min_child_samples"": 12, ""n_estimators"": 320, ""negative_sample_ratio"": 3.0, ""num_leaves"": 15}",115,347,2023,bottom,lightgbm,manual_weak_bottom_label,144
0.7,29,1,0.0,0.27586206896551724,-0.27586206896551724,0.02953034,0.008037246551724138,0.02149309344827586,0,0,ok,"{""dropout"": 0.05, ""focal_alpha"": 0.7, ""focal_gamma"": 1.5, ""hidden_layers"": [32], ""learning_rate"": 0.001, ""max_epochs"": 130, ""patience"": 15}",115,347,2023,bottom,bp,manual_weak_bottom_label,144
0.6,29,2,0.0,0.27586206896551724,-0.27586206896551724,0.01900959,0.008037246551724138,0.010972343448275862,1,0,ok,"{""dropout"": 0.05, ""focal_alpha"": 0.7, ""focal_gamma"": 1.5, ""hidden_layers"": [32], ""learning_rate"": 0.001, ""max_epochs"": 130, ""patience"": 15}",115,347,2023,bottom,bp,manual_weak_bottom_label,144
0.5,29,4,0.25,0.27586206896551724,-0.025862068965517238,0.04040446,0.008037246551724138,0.03236721344827587,1,1,ok,"{""dropout"": 0.05, ""focal_alpha"": 0.7, ""focal_gamma"": 1.5, ""hidden_layers"": [32], ""learning_rate"": 0.001, ""max_epochs"": 130, ""patience"": 15}",115,347,2023,bottom,bp,manual_weak_bottom_label,144
0.4,29,4,0.25,0.27586206896551724,-0.025862068965517238,0.04040446,0.008037246551724138,0.03236721344827587,1,0,ok,"{""dropout"": 0.05, ""focal_alpha"": 0.7, ""focal_gamma"": 1.5, ""hidden_layers"": [32], ""learning_rate"": 0.001, ""max_epochs"": 130, ""patience"": 15}",115,347,2023,bottom,bp,manual_weak_bottom_label,144
0.3,29,7,0.0,0.27586206896551724,-0.27586206896551724,0.0007061542857142857,0.008037246551724138,-0.007331092266009852,1,0,ok,"{""dropout"": 0.05, ""focal_alpha"": 0.7, ""focal_gamma"": 1.5, ""hidden_layers"": [32], ""learning_rate"": 0.001, ""max_epochs"": 130, ""patience"": 15}",115,347,2023,bottom,bp,manual_weak_bottom_label,144
0.7,29,0,,0.27586206896551724,,,0.008037246551724138,,0,0,ok,"{""dropout"": 0.1, ""focal_alpha"": 0.75, ""focal_gamma"": 2.0, ""hidden_layers"": [48, 24], ""learning_rate"": 0.001, ""max_epochs"": 160, ""patience"": 18}",115,347,2023,bottom,bp,manual_weak_bottom_label,144
0.6,29,1,0.0,0.27586206896551724,-0.27586206896551724,-0.03120883,0.008037246551724138,-0.039246076551724136,0,0,ok,"{""dropout"": 0.1, ""focal_alpha"": 0.75, ""focal_gamma"": 2.0, ""hidden_layers"": [48, 24], ""learning_rate"": 0.001, ""max_epochs"": 160, ""patience"": 18}",115,347,2023,bottom,bp,manual_weak_bottom_label,144
0.5,29,2,0.0,0.27586206896551724,-0.27586206896551724,-0.000839245,0.008037246551724138,-0.008876491551724139,1,0,ok,"{""dropout"": 0.1, ""focal_alpha"": 0.75, ""focal_gamma"": 2.0, ""hidden_layers"": [48, 24], ""learning_rate"": 0.001, ""max_epochs"": 160, ""patience"": 18}",115,347,2023,bottom,bp,manual_weak_bottom_label,144
0.4,29,3,0.0,0.27586206896551724,-0.27586206896551724,0.014885456666666666,0.008037246551724138,0.006848210114942528,1,0,ok,"{""dropout"": 0.1, ""focal_alpha"": 0.75, ""focal_gamma"": 2.0, ""hidden_layers"": [48, 24], ""learning_rate"": 0.001, ""max_epochs"": 160, ""patience"": 18}",115,347,2023,bottom,bp,manual_weak_bottom_label,144
0.3,29,4,0.0,0.27586206896551724,-0.27586206896551724,0.0132863025,0.008037246551724138,0.005249055948275861,1,0,ok,"{""dropout"": 0.1, ""focal_alpha"": 0.75, ""focal_gamma"": 2.0, ""hidden_layers"": [48, 24], ""learning_rate"": 0.001, ""max_epochs"": 160, ""patience"": 18}",115,347,2023,bottom,bp,manual_weak_bottom_label,144
0.7,29,1,0.0,0.27586206896551724,-0.27586206896551724,-0.03599303,0.008037246551724138,-0.04403027655172414,0,0,ok,"{""dropout"": 0.15, ""focal_alpha"": 0.8, ""focal_gamma"": 2.5, ""hidden_layers"": [64, 32], ""learning_rate"": 0.0007, ""max_epochs"": 180, ""patience"": 20}",115,347,2023,bottom,bp,manual_weak_bottom_label,144
0.6,29,1,0.0,0.27586206896551724,-0.27586206896551724,-0.03599303,0.008037246551724138,-0.04403027655172414,0,0,ok,"{""dropout"": 0.15, ""focal_alpha"": 0.8, ""focal_gamma"": 2.5, ""hidden_layers"": [64, 32], ""learning_rate"": 0.0007, ""max_epochs"": 180, ""patience"": 20}",115,347,2023,bottom,bp,manual_weak_bottom_label,144
0.5,29,4,0.0,0.27586206896551724,-0.27586206896551724,-0.04168192,0.008037246551724138,-0.049719166551724134,1,0,ok,"{""dropout"": 0.15, ""focal_alpha"": 0.8, ""focal_gamma"": 2.5, ""hidden_layers"": [64, 32], ""learning_rate"": 0.0007, ""max_epochs"": 180, ""patience"": 20}",115,347,2023,bottom,bp,manual_weak_bottom_label,144
0.4,29,6,0.0,0.27586206896551724,-0.27586206896551724,-0.007730101666666667,0.008037246551724138,-0.015767348218390806,1,0,ok,"{""dropout"": 0.15, ""focal_alpha"": 0.8, ""focal_gamma"": 2.5, ""hidden_layers"": [64, 32], ""learning_rate"": 0.0007, ""max_epochs"": 180, ""patience"": 20}",115,347,2023,bottom,bp,manual_weak_bottom_label,144
0.3,29,7,0.0,0.27586206896551724,-0.27586206896551724,-0.004781118571428571,0.008037246551724138,-0.012818365123152708,1,0,ok,"{""dropout"": 0.15, ""focal_alpha"": 0.8, ""focal_gamma"": 2.5, ""hidden_layers"": [64, 32], ""learning_rate"": 0.0007, ""max_epochs"": 180, ""patience"": 20}",115,347,2023,bottom,bp,manual_weak_bottom_label,144
0.7,29,1,0.0,0.27586206896551724,-0.27586206896551724,-0.03599303,0.008037246551724138,-0.04403027655172414,0,0,ok,"{""alpha"": 0.0001, ""hidden_layer_sizes"": [32], ""learning_rate_init"": 0.001, ""max_iter"": 500, ""negative_sample_ratio"": 2.0}",115,347,2023,bottom,mlp,manual_weak_bottom_label,144
0.6,29,1,0.0,0.27586206896551724,-0.27586206896551724,-0.03599303,0.008037246551724138,-0.04403027655172414,0,0,ok,"{""alpha"": 0.0001, ""hidden_layer_sizes"": [32], ""learning_rate_init"": 0.001, ""max_iter"": 500, ""negative_sample_ratio"": 2.0}",115,347,2023,bottom,mlp,manual_weak_bottom_label,144
0.5,29,2,0.0,0.27586206896551724,-0.27586206896551724,0.005170915,0.008037246551724138,-0.0028663315517241383,1,0,ok,"{""alpha"": 0.0001, ""hidden_layer_sizes"": [32], ""learning_rate_init"": 0.001, ""max_iter"": 500, ""negative_sample_ratio"": 2.0}",115,347,2023,bottom,mlp,manual_weak_bottom_label,144
0.4,29,2,0.0,0.27586206896551724,-0.27586206896551724,0.0379326,0.008037246551724138,0.02989535344827586,1,0,ok,"{""alpha"": 0.0001, ""hidden_layer_sizes"": [32], ""learning_rate_init"": 0.001, ""max_iter"": 500, ""negative_sample_ratio"": 2.0}",115,347,2023,bottom,mlp,manual_weak_bottom_label,144
0.3,29,2,0.0,0.27586206896551724,-0.27586206896551724,0.0379326,0.008037246551724138,0.02989535344827586,1,0,ok,"{""alpha"": 0.0001, ""hidden_layer_sizes"": [32], ""learning_rate_init"": 0.001, ""max_iter"": 500, ""negative_sample_ratio"": 2.0}",115,347,2023,bottom,mlp,manual_weak_bottom_label,144
0.7,29,1,0.0,0.27586206896551724,-0.27586206896551724,0.00848884,0.008037246551724138,0.000451593448275861,0,0,ok,"{""alpha"": 0.0001, ""hidden_layer_sizes"": [48, 24], ""learning_rate_init"": 0.001, ""max_iter"": 600, ""negative_sample_ratio"": 3.0}",115,347,2023,bottom,mlp,manual_weak_bottom_label,144
0.6,29,3,0.3333333333333333,0.27586206896551724,0.05747126436781608,0.03353578666666667,0.008037246551724138,0.025498540114942535,1,0,ok,"{""alpha"": 0.0001, ""hidden_layer_sizes"": [48, 24], ""learning_rate_init"": 0.001, ""max_iter"": 600, ""negative_sample_ratio"": 3.0}",115,347,2023,bottom,mlp,manual_weak_bottom_label,144
0.5,29,6,0.3333333333333333,0.27586206896551724,0.05747126436781608,0.03998296,0.008037246551724138,0.03194571344827586,1,1,ok,"{""alpha"": 0.0001, ""hidden_layer_sizes"": [48, 24], ""learning_rate_init"": 0.001, ""max_iter"": 600, ""negative_sample_ratio"": 3.0}",115,347,2023,bottom,mlp,manual_weak_bottom_label,144
0.4,29,10,0.2,0.27586206896551724,-0.07586206896551723,0.0028094500000000002,0.008037246551724138,-0.005227796551724138,1,0,ok,"{""alpha"": 0.0001, ""hidden_layer_sizes"": [48, 24], ""learning_rate_init"": 0.001, ""max_iter"": 600, ""negative_sample_ratio"": 3.0}",115,347,2023,bottom,mlp,manual_weak_bottom_label,144
0.3,29,14,0.2857142857142857,0.27586206896551724,0.009852216748768461,0.00856756,0.008037246551724138,0.0005303134482758619,1,0,ok,"{""alpha"": 0.0001, ""hidden_layer_sizes"": [48, 24], ""learning_rate_init"": 0.001, ""max_iter"": 600, ""negative_sample_ratio"": 3.0}",115,347,2023,bottom,mlp,manual_weak_bottom_label,144
0.7,29,0,,0.27586206896551724,,,0.008037246551724138,,0,0,ok,"{""alpha"": 0.001, ""hidden_layer_sizes"": [64, 32], ""learning_rate_init"": 0.0007, ""max_iter"": 700, ""negative_sample_ratio"": 5.0}",115,347,2023,bottom,mlp,manual_weak_bottom_label,144
0.6,29,0,,0.27586206896551724,,,0.008037246551724138,,0,0,ok,"{""alpha"": 0.001, ""hidden_layer_sizes"": [64, 32], ""learning_rate_init"": 0.0007, ""max_iter"": 700, ""negative_sample_ratio"": 5.0}",115,347,2023,bottom,mlp,manual_weak_bottom_label,144
0.5,29,0,,0.27586206896551724,,,0.008037246551724138,,0,0,ok,"{""alpha"": 0.001, ""hidden_layer_sizes"": [64, 32], ""learning_rate_init"": 0.0007, ""max_iter"": 700, ""negative_sample_ratio"": 5.0}",115,347,2023,bottom,mlp,manual_weak_bottom_label,144
0.4,29,0,,0.27586206896551724,,,0.008037246551724138,,0,0,ok,"{""alpha"": 0.001, ""hidden_layer_sizes"": [64, 32], ""learning_rate_init"": 0.0007, ""max_iter"": 700, ""negative_sample_ratio"": 5.0}",115,347,2023,bottom,mlp,manual_weak_bottom_label,144
0.3,29,2,0.0,0.27586206896551724,-0.27586206896551724,0.0344828,0.008037246551724138,0.026445553448275864,1,0,ok,"{""alpha"": 0.001, ""hidden_layer_sizes"": [64, 32], ""learning_rate_init"": 0.0007, ""max_iter"": 700, ""negative_sample_ratio"": 5.0}",115,347,2023,bottom,mlp,manual_weak_bottom_label,144
0.7,29,0,,0.27586206896551724,,,0.008037246551724138,,0,0,ok,"{""C"": 0.5, ""gamma"": ""scale""}",115,347,2023,bottom,svm,manual_weak_bottom_label,144
0.6,29,0,,0.27586206896551724,,,0.008037246551724138,,0,0,ok,"{""C"": 0.5, ""gamma"": ""scale""}",115,347,2023,bottom,svm,manual_weak_bottom_label,144
0.5,29,0,,0.27586206896551724,,,0.008037246551724138,,0,0,ok,"{""C"": 0.5, ""gamma"": ""scale""}",115,347,2023,bottom,svm,manual_weak_bottom_label,144
0.4,29,0,,0.27586206896551724,,,0.008037246551724138,,0,0,ok,"{""C"": 0.5, ""gamma"": ""scale""}",115,347,2023,bottom,svm,manual_weak_bottom_label,144
0.3,29,1,0.0,0.27586206896551724,-0.27586206896551724,-0.03599303,0.008037246551724138,-0.04403027655172414,0,0,ok,"{""C"": 0.5, ""gamma"": ""scale""}",115,347,2023,bottom,svm,manual_weak_bottom_label,144
0.7,29,0,,0.27586206896551724,,,0.008037246551724138,,0,0,ok,"{""C"": 1.0, ""gamma"": ""scale""}",115,347,2023,bottom,svm,manual_weak_bottom_label,144
0.6,29,0,,0.27586206896551724,,,0.008037246551724138,,0,0,ok,"{""C"": 1.0, ""gamma"": ""scale""}",115,347,2023,bottom,svm,manual_weak_bottom_label,144
0.5,29,0,,0.27586206896551724,,,0.008037246551724138,,0,0,ok,"{""C"": 1.0, ""gamma"": ""scale""}",115,347,2023,bottom,svm,manual_weak_bottom_label,144
0.4,29,0,,0.27586206896551724,,,0.008037246551724138,,0,0,ok,"{""C"": 1.0, ""gamma"": ""scale""}",115,347,2023,bottom,svm,manual_weak_bottom_label,144
0.3,29,3,0.0,0.27586206896551724,-0.27586206896551724,-0.0012380566666666667,0.008037246551724138,-0.009275303218390804,1,0,ok,"{""C"": 1.0, ""gamma"": ""scale""}",115,347,2023,bottom,svm,manual_weak_bottom_label,144
0.7,29,0,,0.27586206896551724,,,0.008037246551724138,,0,0,ok,"{""C"": 2.0, ""gamma"": ""scale""}",115,347,2023,bottom,svm,manual_weak_bottom_label,144
0.6,29,0,,0.27586206896551724,,,0.008037246551724138,,0,0,ok,"{""C"": 2.0, ""gamma"": ""scale""}",115,347,2023,bottom,svm,manual_weak_bottom_label,144
0.5,29,0,,0.27586206896551724,,,0.008037246551724138,,0,0,ok,"{""C"": 2.0, ""gamma"": ""scale""}",115,347,2023,bottom,svm,manual_weak_bottom_label,144
0.4,29,2,0.0,0.27586206896551724,-0.27586206896551724,-0.006101505,0.008037246551724138,-0.014138751551724138,1,0,ok,"{""C"": 2.0, ""gamma"": ""scale""}",115,347,2023,bottom,svm,manual_weak_bottom_label,144
0.3,29,3,0.0,0.27586206896551724,-0.27586206896551724,0.020603066666666666,0.008037246551724138,0.012565820114942528,1,1,ok,"{""C"": 2.0, ""gamma"": ""scale""}",115,347,2023,bottom,svm,manual_weak_bottom_label,144
0.7,29,1,0.0,0.1724137931034483,-0.1724137931034483,0.01643443,-0.005797373448275862,0.022231803448275862,0,0,ok,"{""C"": 0.3}",114,347,2023,top,logistic,manual_weak_top_label,143
0.6,29,2,0.5,0.1724137931034483,0.3275862068965517,-0.0174584,-0.005797373448275862,-0.011661026551724137,1,0,ok,"{""C"": 0.3}",114,347,2023,top,logistic,manual_weak_top_label,143
0.5,29,3,0.3333333333333333,0.1724137931034483,0.16091954022988503,-0.021914696666666667,-0.005797373448275862,-0.016117323218390805,1,0,ok,"{""C"": 0.3}",114,347,2023,top,logistic,manual_weak_top_label,143
0.4,29,5,0.6,0.1724137931034483,0.4275862068965517,-0.041959912,-0.005797373448275862,-0.03616253855172414,1,0,ok,"{""C"": 0.3}",114,347,2023,top,logistic,manual_weak_top_label,143
0.3,29,6,0.5,0.1724137931034483,0.3275862068965517,-0.03401115166666666,-0.005797373448275862,-0.0282137782183908,1,0,ok,"{""C"": 0.3}",114,347,2023,top,logistic,manual_weak_top_label,143
0.7,29,2,0.5,0.1724137931034483,0.3275862068965517,-0.0174584,-0.005797373448275862,-0.011661026551724137,1,0,ok,"{""C"": 1.0}",114,347,2023,top,logistic,manual_weak_top_label,143
0.6,29,2,0.5,0.1724137931034483,0.3275862068965517,-0.0174584,-0.005797373448275862,-0.011661026551724137,1,0,ok,"{""C"": 1.0}",114,347,2023,top,logistic,manual_weak_top_label,143
0.5,29,2,0.5,0.1724137931034483,0.3275862068965517,-0.0174584,-0.005797373448275862,-0.011661026551724137,1,0,ok,"{""C"": 1.0}",114,347,2023,top,logistic,manual_weak_top_label,143
0.4,29,4,0.5,0.1724137931034483,0.3275862068965517,-0.0358353625,-0.005797373448275862,-0.03003798905172414,1,0,ok,"{""C"": 1.0}",114,347,2023,top,logistic,manual_weak_top_label,143
0.3,29,5,0.6,0.1724137931034483,0.4275862068965517,-0.041959912,-0.005797373448275862,-0.03616253855172414,1,0,ok,"{""C"": 1.0}",114,347,2023,top,logistic,manual_weak_top_label,143
0.7,29,2,0.5,0.1724137931034483,0.3275862068965517,-0.0174584,-0.005797373448275862,-0.011661026551724137,1,0,ok,"{""C"": 3.0}",114,347,2023,top,logistic,manual_weak_top_label,143
0.6,29,2,0.5,0.1724137931034483,0.3275862068965517,-0.0174584,-0.005797373448275862,-0.011661026551724137,1,0,ok,"{""C"": 3.0}",114,347,2023,top,logistic,manual_weak_top_label,143
0.5,29,2,0.5,0.1724137931034483,0.3275862068965517,-0.0174584,-0.005797373448275862,-0.011661026551724137,1,0,ok,"{""C"": 3.0}",114,347,2023,top,logistic,manual_weak_top_label,143
0.4,29,3,0.6666666666666666,0.1724137931034483,0.49425287356321834,-0.03750472,-0.005797373448275862,-0.031707346551724136,1,1,ok,"{""C"": 3.0}",114,347,2023,top,logistic,manual_weak_top_label,143
0.3,29,3,0.6666666666666666,0.1724137931034483,0.49425287356321834,-0.03750472,-0.005797373448275862,-0.031707346551724136,1,0,ok,"{""C"": 3.0}",114,347,2023,top,logistic,manual_weak_top_label,143
0.7,29,6,0.5,0.1724137931034483,0.3275862068965517,-0.029853146666666667,-0.005797373448275862,-0.024055773218390804,1,0,ok,"{""shrinkage"": ""auto"", ""solver"": ""lsqr""}",114,347,2023,top,lda,manual_weak_top_label,143
0.6,29,7,0.42857142857142855,0.1724137931034483,0.25615763546798026,-0.01768327,-0.005797373448275862,-0.011885896551724139,1,0,ok,"{""shrinkage"": ""auto"", ""solver"": ""lsqr""}",114,347,2023,top,lda,manual_weak_top_label,143
0.5,29,7,0.42857142857142855,0.1724137931034483,0.25615763546798026,-0.01768327,-0.005797373448275862,-0.011885896551724139,1,0,ok,"{""shrinkage"": ""auto"", ""solver"": ""lsqr""}",114,347,2023,top,lda,manual_weak_top_label,143
0.4,29,7,0.42857142857142855,0.1724137931034483,0.25615763546798026,-0.01768327,-0.005797373448275862,-0.011885896551724139,1,0,ok,"{""shrinkage"": ""auto"", ""solver"": ""lsqr""}",114,347,2023,top,lda,manual_weak_top_label,143
0.3,29,7,0.42857142857142855,0.1724137931034483,0.25615763546798026,-0.01768327,-0.005797373448275862,-0.011885896551724139,1,0,ok,"{""shrinkage"": ""auto"", ""solver"": ""lsqr""}",114,347,2023,top,lda,manual_weak_top_label,143
0.7,29,5,0.6,0.1724137931034483,0.4275862068965517,-0.041959912,-0.005797373448275862,-0.03616253855172414,1,0,ok,"{""shrinkage"": 0.2, ""solver"": ""lsqr""}",114,347,2023,top,lda,manual_weak_top_label,143
0.6,29,6,0.5,0.1724137931034483,0.3275862068965517,-0.03401115166666666,-0.005797373448275862,-0.0282137782183908,1,0,ok,"{""shrinkage"": 0.2, ""solver"": ""lsqr""}",114,347,2023,top,lda,manual_weak_top_label,143
0.5,29,6,0.5,0.1724137931034483,0.3275862068965517,-0.03401115166666666,-0.005797373448275862,-0.0282137782183908,1,0,ok,"{""shrinkage"": 0.2, ""solver"": ""lsqr""}",114,347,2023,top,lda,manual_weak_top_label,143
0.4,29,6,0.5,0.1724137931034483,0.3275862068965517,-0.03401115166666666,-0.005797373448275862,-0.0282137782183908,1,0,ok,"{""shrinkage"": 0.2, ""solver"": ""lsqr""}",114,347,2023,top,lda,manual_weak_top_label,143
0.3,29,6,0.5,0.1724137931034483,0.3275862068965517,-0.03401115166666666,-0.005797373448275862,-0.0282137782183908,1,0,ok,"{""shrinkage"": 0.2, ""solver"": ""lsqr""}",114,347,2023,top,lda,manual_weak_top_label,143
0.7,29,3,0.6666666666666666,0.1724137931034483,0.49425287356321834,-0.05327129,-0.005797373448275862,-0.04747391655172414,1,1,ok,"{""shrinkage"": 0.5, ""solver"": ""lsqr""}",114,347,2023,top,lda,manual_weak_top_label,143
0.6,29,4,0.5,0.1724137931034483,0.3275862068965517,-0.03305055,-0.005797373448275862,-0.027253176551724136,1,0,ok,"{""shrinkage"": 0.5, ""solver"": ""lsqr""}",114,347,2023,top,lda,manual_weak_top_label,143
0.5,29,5,0.6,0.1724137931034483,0.4275862068965517,-0.041959912,-0.005797373448275862,-0.03616253855172414,1,0,ok,"{""shrinkage"": 0.5, ""solver"": ""lsqr""}",114,347,2023,top,lda,manual_weak_top_label,143
0.4,29,5,0.6,0.1724137931034483,0.4275862068965517,-0.041959912,-0.005797373448275862,-0.03616253855172414,1,0,ok,"{""shrinkage"": 0.5, ""solver"": ""lsqr""}",114,347,2023,top,lda,manual_weak_top_label,143
0.3,29,5,0.6,0.1724137931034483,0.4275862068965517,-0.041959912,-0.005797373448275862,-0.03616253855172414,1,0,ok,"{""shrinkage"": 0.5, ""solver"": ""lsqr""}",114,347,2023,top,lda,manual_weak_top_label,143
0.7,29,12,0.16666666666666666,0.1724137931034483,-0.00574712643678163,-0.006777366666666666,-0.005797373448275862,-0.0009799932183908039,1,1,ok,"{""reg_param"": 0.2}",114,347,2023,top,qda,manual_weak_top_label,143
0.6,29,12,0.16666666666666666,0.1724137931034483,-0.00574712643678163,-0.006777366666666666,-0.005797373448275862,-0.0009799932183908039,1,0,ok,"{""reg_param"": 0.2}",114,347,2023,top,qda,manual_weak_top_label,143
0.5,29,12,0.16666666666666666,0.1724137931034483,-0.00574712643678163,-0.006777366666666666,-0.005797373448275862,-0.0009799932183908039,1,0,ok,"{""reg_param"": 0.2}",114,347,2023,top,qda,manual_weak_top_label,143
0.4,29,12,0.16666666666666666,0.1724137931034483,-0.00574712643678163,-0.006777366666666666,-0.005797373448275862,-0.0009799932183908039,1,0,ok,"{""reg_param"": 0.2}",114,347,2023,top,qda,manual_weak_top_label,143
0.3,29,12,0.16666666666666666,0.1724137931034483,-0.00574712643678163,-0.006777366666666666,-0.005797373448275862,-0.0009799932183908039,1,0,ok,"{""reg_param"": 0.2}",114,347,2023,top,qda,manual_weak_top_label,143
0.7,29,12,0.16666666666666666,0.1724137931034483,-0.00574712643678163,-0.006777366666666666,-0.005797373448275862,-0.0009799932183908039,1,0,ok,"{""reg_param"": 0.5}",114,347,2023,top,qda,manual_weak_top_label,143
0.6,29,12,0.16666666666666666,0.1724137931034483,-0.00574712643678163,-0.006777366666666666,-0.005797373448275862,-0.0009799932183908039,1,0,ok,"{""reg_param"": 0.5}",114,347,2023,top,qda,manual_weak_top_label,143
0.5,29,12,0.16666666666666666,0.1724137931034483,-0.00574712643678163,-0.006777366666666666,-0.005797373448275862,-0.0009799932183908039,1,0,ok,"{""reg_param"": 0.5}",114,347,2023,top,qda,manual_weak_top_label,143
0.4,29,12,0.16666666666666666,0.1724137931034483,-0.00574712643678163,-0.006777366666666666,-0.005797373448275862,-0.0009799932183908039,1,0,ok,"{""reg_param"": 0.5}",114,347,2023,top,qda,manual_weak_top_label,143
0.3,29,12,0.16666666666666666,0.1724137931034483,-0.00574712643678163,-0.006777366666666666,-0.005797373448275862,-0.0009799932183908039,1,0,ok,"{""reg_param"": 0.5}",114,347,2023,top,qda,manual_weak_top_label,143
0.7,29,12,0.16666666666666666,0.1724137931034483,-0.00574712643678163,-0.006777366666666666,-0.005797373448275862,-0.0009799932183908039,1,0,ok,"{""reg_param"": 0.8}",114,347,2023,top,qda,manual_weak_top_label,143
0.6,29,12,0.16666666666666666,0.1724137931034483,-0.00574712643678163,-0.006777366666666666,-0.005797373448275862,-0.0009799932183908039,1,0,ok,"{""reg_param"": 0.8}",114,347,2023,top,qda,manual_weak_top_label,143
0.5,29,12,0.16666666666666666,0.1724137931034483,-0.00574712643678163,-0.006777366666666666,-0.005797373448275862,-0.0009799932183908039,1,0,ok,"{""reg_param"": 0.8}",114,347,2023,top,qda,manual_weak_top_label,143
0.4,29,12,0.16666666666666666,0.1724137931034483,-0.00574712643678163,-0.006777366666666666,-0.005797373448275862,-0.0009799932183908039,1,0,ok,"{""reg_param"": 0.8}",114,347,2023,top,qda,manual_weak_top_label,143
0.3,29,12,0.16666666666666666,0.1724137931034483,-0.00574712643678163,-0.006777366666666666,-0.005797373448275862,-0.0009799932183908039,1,0,ok,"{""reg_param"": 0.8}",114,347,2023,top,qda,manual_weak_top_label,143
0.7,29,0,,0.1724137931034483,,,-0.005797373448275862,,0,0,ok,"{""balanced_bagging"": true, ""is_unbalance"": false, ""learning_rate"": 0.04, ""max_depth"": 3, ""min_child_samples"": 8, ""n_estimators"": 180, ""negative_sample_ratio"": 3.0, ""num_leaves"": 7}",114,347,2023,top,lightgbm,manual_weak_top_label,143
0.6,29,1,1.0,0.1724137931034483,0.8275862068965517,-0.06645811,-0.005797373448275862,-0.06066073655172414,0,0,ok,"{""balanced_bagging"": true, ""is_unbalance"": false, ""learning_rate"": 0.04, ""max_depth"": 3, ""min_child_samples"": 8, ""n_estimators"": 180, ""negative_sample_ratio"": 3.0, ""num_leaves"": 7}",114,347,2023,top,lightgbm,manual_weak_top_label,143
0.5,29,1,1.0,0.1724137931034483,0.8275862068965517,-0.06645811,-0.005797373448275862,-0.06066073655172414,0,0,ok,"{""balanced_bagging"": true, ""is_unbalance"": false, ""learning_rate"": 0.04, ""max_depth"": 3, ""min_child_samples"": 8, ""n_estimators"": 180, ""negative_sample_ratio"": 3.0, ""num_leaves"": 7}",114,347,2023,top,lightgbm,manual_weak_top_label,143
0.4,29,2,0.5,0.1724137931034483,0.3275862068965517,-0.02501184,-0.005797373448275862,-0.019214466551724138,1,1,ok,"{""balanced_bagging"": true, ""is_unbalance"": false, ""learning_rate"": 0.04, ""max_depth"": 3, ""min_child_samples"": 8, ""n_estimators"": 180, ""negative_sample_ratio"": 3.0, ""num_leaves"": 7}",114,347,2023,top,lightgbm,manual_weak_top_label,143
0.3,29,5,0.0,0.1724137931034483,-0.1724137931034483,0.004377352,-0.005797373448275862,0.010174725448275863,1,0,ok,"{""balanced_bagging"": true, ""is_unbalance"": false, ""learning_rate"": 0.04, ""max_depth"": 3, ""min_child_samples"": 8, ""n_estimators"": 180, ""negative_sample_ratio"": 3.0, ""num_leaves"": 7}",114,347,2023,top,lightgbm,manual_weak_top_label,143
0.7,29,0,,0.1724137931034483,,,-0.005797373448275862,,0,0,ok,"{""balanced_bagging"": true, ""is_unbalance"": false, ""learning_rate"": 0.03, ""max_depth"": 4, ""min_child_samples"": 10, ""n_estimators"": 250, ""negative_sample_ratio"": 5.0, ""num_leaves"": 15}",114,347,2023,top,lightgbm,manual_weak_top_label,143
0.6,29,0,,0.1724137931034483,,,-0.005797373448275862,,0,0,ok,"{""balanced_bagging"": true, ""is_unbalance"": false, ""learning_rate"": 0.03, ""max_depth"": 4, ""min_child_samples"": 10, ""n_estimators"": 250, ""negative_sample_ratio"": 5.0, ""num_leaves"": 15}",114,347,2023,top,lightgbm,manual_weak_top_label,143
0.5,29,0,,0.1724137931034483,,,-0.005797373448275862,,0,0,ok,"{""balanced_bagging"": true, ""is_unbalance"": false, ""learning_rate"": 0.03, ""max_depth"": 4, ""min_child_samples"": 10, ""n_estimators"": 250, ""negative_sample_ratio"": 5.0, ""num_leaves"": 15}",114,347,2023,top,lightgbm,manual_weak_top_label,143
0.4,29,2,0.5,0.1724137931034483,0.3275862068965517,-0.02501184,-0.005797373448275862,-0.019214466551724138,1,0,ok,"{""balanced_bagging"": true, ""is_unbalance"": false, ""learning_rate"": 0.03, ""max_depth"": 4, ""min_child_samples"": 10, ""n_estimators"": 250, ""negative_sample_ratio"": 5.0, ""num_leaves"": 15}",114,347,2023,top,lightgbm,manual_weak_top_label,143
0.3,29,3,0.0,0.1724137931034483,-0.1724137931034483,0.016471286666666664,-0.005797373448275862,0.022268660114942527,1,0,ok,"{""balanced_bagging"": true, ""is_unbalance"": false, ""learning_rate"": 0.03, ""max_depth"": 4, ""min_child_samples"": 10, ""n_estimators"": 250, ""negative_sample_ratio"": 5.0, ""num_leaves"": 15}",114,347,2023,top,lightgbm,manual_weak_top_label,143
0.7,29,0,,0.1724137931034483,,,-0.005797373448275862,,0,0,ok,"{""balanced_bagging"": true, ""is_unbalance"": true, ""learning_rate"": 0.025, ""max_depth"": 5, ""min_child_samples"": 12, ""n_estimators"": 320, ""negative_sample_ratio"": 3.0, ""num_leaves"": 15}",114,347,2023,top,lightgbm,manual_weak_top_label,143
0.6,29,0,,0.1724137931034483,,,-0.005797373448275862,,0,0,ok,"{""balanced_bagging"": true, ""is_unbalance"": true, ""learning_rate"": 0.025, ""max_depth"": 5, ""min_child_samples"": 12, ""n_estimators"": 320, ""negative_sample_ratio"": 3.0, ""num_leaves"": 15}",114,347,2023,top,lightgbm,manual_weak_top_label,143
0.5,29,1,1.0,0.1724137931034483,0.8275862068965517,-0.06645811,-0.005797373448275862,-0.06066073655172414,0,0,ok,"{""balanced_bagging"": true, ""is_unbalance"": true, ""learning_rate"": 0.025, ""max_depth"": 5, ""min_child_samples"": 12, ""n_estimators"": 320, ""negative_sample_ratio"": 3.0, ""num_leaves"": 15}",114,347,2023,top,lightgbm,manual_weak_top_label,143
0.4,29,5,0.4,0.1724137931034483,0.22758620689655173,-0.012402204,-0.005797373448275862,-0.006604830551724138,1,0,ok,"{""balanced_bagging"": true, ""is_unbalance"": true, ""learning_rate"": 0.025, ""max_depth"": 5, ""min_child_samples"": 12, ""n_estimators"": 320, ""negative_sample_ratio"": 3.0, ""num_leaves"": 15}",114,347,2023,top,lightgbm,manual_weak_top_label,143
0.3,29,6,0.3333333333333333,0.1724137931034483,0.16091954022988503,-0.015473051666666666,-0.005797373448275862,-0.009675678218390804,1,0,ok,"{""balanced_bagging"": true, ""is_unbalance"": true, ""learning_rate"": 0.025, ""max_depth"": 5, ""min_child_samples"": 12, ""n_estimators"": 320, ""negative_sample_ratio"": 3.0, ""num_leaves"": 15}",114,347,2023,top,lightgbm,manual_weak_top_label,143
0.7,29,3,0.3333333333333333,0.1724137931034483,0.16091954022988503,-0.017696220000000002,-0.005797373448275862,-0.01189884655172414,1,0,ok,"{""dropout"": 0.05, ""focal_alpha"": 0.7, ""focal_gamma"": 1.5, ""hidden_layers"": [32], ""learning_rate"": 0.001, ""max_epochs"": 130, ""patience"": 15}",114,347,2023,top,bp,manual_weak_top_label,143
0.6,29,5,0.4,0.1724137931034483,0.22758620689655173,-0.01838702,-0.005797373448275862,-0.012589646551724138,1,0,ok,"{""dropout"": 0.05, ""focal_alpha"": 0.7, ""focal_gamma"": 1.5, ""hidden_layers"": [32], ""learning_rate"": 0.001, ""max_epochs"": 130, ""patience"": 15}",114,347,2023,top,bp,manual_weak_top_label,143
0.5,29,5,0.4,0.1724137931034483,0.22758620689655173,-0.01428349,-0.005797373448275862,-0.008486116551724137,1,1,ok,"{""dropout"": 0.05, ""focal_alpha"": 0.7, ""focal_gamma"": 1.5, ""hidden_layers"": [32], ""learning_rate"": 0.001, ""max_epochs"": 130, ""patience"": 15}",114,347,2023,top,bp,manual_weak_top_label,143
0.4,29,6,0.16666666666666666,0.1724137931034483,-0.00574712643678163,-0.00214665,-0.005797373448275862,0.0036507234482758624,1,0,ok,"{""dropout"": 0.05, ""focal_alpha"": 0.7, ""focal_gamma"": 1.5, ""hidden_layers"": [32], ""learning_rate"": 0.001, ""max_epochs"": 130, ""patience"": 15}",114,347,2023,top,bp,manual_weak_top_label,143
0.3,29,8,0.375,0.1724137931034483,0.2025862068965517,-0.00511942625,-0.005797373448275862,0.0006779471982758627,1,0,ok,"{""dropout"": 0.05, ""focal_alpha"": 0.7, ""focal_gamma"": 1.5, ""hidden_layers"": [32], ""learning_rate"": 0.001, ""max_epochs"": 130, ""patience"": 15}",114,347,2023,top,bp,manual_weak_top_label,143
0.7,29,1,0.0,0.1724137931034483,-0.1724137931034483,-0.03082729,-0.005797373448275862,-0.025029916551724138,0,0,ok,"{""dropout"": 0.1, ""focal_alpha"": 0.75, ""focal_gamma"": 2.0, ""hidden_layers"": [48, 24], ""learning_rate"": 0.001, ""max_epochs"": 160, ""patience"": 18}",114,347,2023,top,bp,manual_weak_top_label,143
0.6,29,1,0.0,0.1724137931034483,-0.1724137931034483,0.01862717,-0.005797373448275862,0.02442454344827586,0,0,ok,"{""dropout"": 0.1, ""focal_alpha"": 0.75, ""focal_gamma"": 2.0, ""hidden_layers"": [48, 24], ""learning_rate"": 0.001, ""max_epochs"": 160, ""patience"": 18}",114,347,2023,top,bp,manual_weak_top_label,143
0.5,29,2,0.0,0.1724137931034483,-0.1724137931034483,0.03698158,-0.005797373448275862,0.04277895344827586,1,0,ok,"{""dropout"": 0.1, ""focal_alpha"": 0.75, ""focal_gamma"": 2.0, ""hidden_layers"": [48, 24], ""learning_rate"": 0.001, ""max_epochs"": 160, ""patience"": 18}",114,347,2023,top,bp,manual_weak_top_label,143
0.4,29,5,0.2,0.1724137931034483,0.027586206896551724,0.0037065760000000005,-0.005797373448275862,0.009503949448275862,1,0,ok,"{""dropout"": 0.1, ""focal_alpha"": 0.75, ""focal_gamma"": 2.0, ""hidden_layers"": [48, 24], ""learning_rate"": 0.001, ""max_epochs"": 160, ""patience"": 18}",114,347,2023,top,bp,manual_weak_top_label,143
0.3,29,5,0.2,0.1724137931034483,0.027586206896551724,0.005942024,-0.005797373448275862,0.011739397448275863,1,0,ok,"{""dropout"": 0.1, ""focal_alpha"": 0.75, ""focal_gamma"": 2.0, ""hidden_layers"": [48, 24], ""learning_rate"": 0.001, ""max_epochs"": 160, ""patience"": 18}",114,347,2023,top,bp,manual_weak_top_label,143
0.7,29,0,,0.1724137931034483,,,-0.005797373448275862,,0,0,ok,"{""dropout"": 0.15, ""focal_alpha"": 0.8, ""focal_gamma"": 2.5, ""hidden_layers"": [64, 32], ""learning_rate"": 0.0007, ""max_epochs"": 180, ""patience"": 20}",114,347,2023,top,bp,manual_weak_top_label,143
0.6,29,1,0.0,0.1724137931034483,-0.1724137931034483,0.00573265,-0.005797373448275862,0.011530023448275861,0,0,ok,"{""dropout"": 0.15, ""focal_alpha"": 0.8, ""focal_gamma"": 2.5, ""hidden_layers"": [64, 32], ""learning_rate"": 0.0007, ""max_epochs"": 180, ""patience"": 20}",114,347,2023,top,bp,manual_weak_top_label,143
0.5,29,3,0.0,0.1724137931034483,-0.1724137931034483,-0.0028867366666666667,-0.005797373448275862,0.0029106367816091956,1,0,ok,"{""dropout"": 0.15, ""focal_alpha"": 0.8, ""focal_gamma"": 2.5, ""hidden_layers"": [64, 32], ""learning_rate"": 0.0007, ""max_epochs"": 180, ""patience"": 20}",114,347,2023,top,bp,manual_weak_top_label,143
0.4,29,4,0.25,0.1724137931034483,0.07758620689655171,-0.0187700825,-0.005797373448275862,-0.012972709051724138,1,0,ok,"{""dropout"": 0.15, ""focal_alpha"": 0.8, ""focal_gamma"": 2.5, ""hidden_layers"": [64, 32], ""learning_rate"": 0.0007, ""max_epochs"": 180, ""patience"": 20}",114,347,2023,top,bp,manual_weak_top_label,143
0.3,29,7,0.2857142857142857,0.1724137931034483,0.11330049261083741,-0.01184318,-0.005797373448275862,-0.006045806551724138,1,0,ok,"{""dropout"": 0.15, ""focal_alpha"": 0.8, ""focal_gamma"": 2.5, ""hidden_layers"": [64, 32], ""learning_rate"": 0.0007, ""max_epochs"": 180, ""patience"": 20}",114,347,2023,top,bp,manual_weak_top_label,143
0.7,29,0,,0.1724137931034483,,,-0.005797373448275862,,0,0,ok,"{""alpha"": 0.0001, ""hidden_layer_sizes"": [32], ""learning_rate_init"": 0.001, ""max_iter"": 500, ""negative_sample_ratio"": 2.0}",114,347,2023,top,mlp,manual_weak_top_label,143
0.6,29,0,,0.1724137931034483,,,-0.005797373448275862,,0,0,ok,"{""alpha"": 0.0001, ""hidden_layer_sizes"": [32], ""learning_rate_init"": 0.001, ""max_iter"": 500, ""negative_sample_ratio"": 2.0}",114,347,2023,top,mlp,manual_weak_top_label,143
0.5,29,1,0.0,0.1724137931034483,-0.1724137931034483,-0.00587926,-0.005797373448275862,-8.18865517241375e-05,0,0,ok,"{""alpha"": 0.0001, ""hidden_layer_sizes"": [32], ""learning_rate_init"": 0.001, ""max_iter"": 500, ""negative_sample_ratio"": 2.0}",114,347,2023,top,mlp,manual_weak_top_label,143
0.4,29,2,0.0,0.1724137931034483,-0.1724137931034483,0.013163,-0.005797373448275862,0.018960373448275863,1,0,ok,"{""alpha"": 0.0001, ""hidden_layer_sizes"": [32], ""learning_rate_init"": 0.001, ""max_iter"": 500, ""negative_sample_ratio"": 2.0}",114,347,2023,top,mlp,manual_weak_top_label,143
0.3,29,3,0.0,0.1724137931034483,-0.1724137931034483,0.009875396666666666,-0.005797373448275862,0.01567277011494253,1,0,ok,"{""alpha"": 0.0001, ""hidden_layer_sizes"": [32], ""learning_rate_init"": 0.001, ""max_iter"": 500, ""negative_sample_ratio"": 2.0}",114,347,2023,top,mlp,manual_weak_top_label,143
0.7,29,0,,0.1724137931034483,,,-0.005797373448275862,,0,0,ok,"{""alpha"": 0.0001, ""hidden_layer_sizes"": [48, 24], ""learning_rate_init"": 0.001, ""max_iter"": 600, ""negative_sample_ratio"": 3.0}",114,347,2023,top,mlp,manual_weak_top_label,143
0.6,29,0,,0.1724137931034483,,,-0.005797373448275862,,0,0,ok,"{""alpha"": 0.0001, ""hidden_layer_sizes"": [48, 24], ""learning_rate_init"": 0.001, ""max_iter"": 600, ""negative_sample_ratio"": 3.0}",114,347,2023,top,mlp,manual_weak_top_label,143
0.5,29,1,0.0,0.1724137931034483,-0.1724137931034483,-0.03939795,-0.005797373448275862,-0.03360057655172414,0,0,ok,"{""alpha"": 0.0001, ""hidden_layer_sizes"": [48, 24], ""learning_rate_init"": 0.001, ""max_iter"": 600, ""negative_sample_ratio"": 3.0}",114,347,2023,top,mlp,manual_weak_top_label,143
0.4,29,1,0.0,0.1724137931034483,-0.1724137931034483,-0.03939795,-0.005797373448275862,-0.03360057655172414,0,0,ok,"{""alpha"": 0.0001, ""hidden_layer_sizes"": [48, 24], ""learning_rate_init"": 0.001, ""max_iter"": 600, ""negative_sample_ratio"": 3.0}",114,347,2023,top,mlp,manual_weak_top_label,143
0.3,29,6,0.0,0.1724137931034483,-0.1724137931034483,0.003284625,-0.005797373448275862,0.009081998448275862,1,0,ok,"{""alpha"": 0.0001, ""hidden_layer_sizes"": [48, 24], ""learning_rate_init"": 0.001, ""max_iter"": 600, ""negative_sample_ratio"": 3.0}",114,347,2023,top,mlp,manual_weak_top_label,143
0.7,29,1,0.0,0.1724137931034483,-0.1724137931034483,-0.03082729,-0.005797373448275862,-0.025029916551724138,0,0,ok,"{""alpha"": 0.001, ""hidden_layer_sizes"": [64, 32], ""learning_rate_init"": 0.0007, ""max_iter"": 700, ""negative_sample_ratio"": 5.0}",114,347,2023,top,mlp,manual_weak_top_label,143
0.6,29,3,0.0,0.1724137931034483,-0.1724137931034483,0.004095016666666667,-0.005797373448275862,0.009892390114942529,1,0,ok,"{""alpha"": 0.001, ""hidden_layer_sizes"": [64, 32], ""learning_rate_init"": 0.0007, ""max_iter"": 700, ""negative_sample_ratio"": 5.0}",114,347,2023,top,mlp,manual_weak_top_label,143
0.5,29,5,0.0,0.1724137931034483,-0.1724137931034483,0.0205609,-0.005797373448275862,0.026358273448275862,1,0,ok,"{""alpha"": 0.001, ""hidden_layer_sizes"": [64, 32], ""learning_rate_init"": 0.0007, ""max_iter"": 700, ""negative_sample_ratio"": 5.0}",114,347,2023,top,mlp,manual_weak_top_label,143
0.4,29,7,0.0,0.1724137931034483,-0.1724137931034483,0.012829461428571429,-0.005797373448275862,0.01862683487684729,1,0,ok,"{""alpha"": 0.001, ""hidden_layer_sizes"": [64, 32], ""learning_rate_init"": 0.0007, ""max_iter"": 700, ""negative_sample_ratio"": 5.0}",114,347,2023,top,mlp,manual_weak_top_label,143
0.3,29,9,0.2222222222222222,0.1724137931034483,0.04980842911877392,-0.0036633300000000002,-0.005797373448275862,0.002134043448275862,1,1,ok,"{""alpha"": 0.001, ""hidden_layer_sizes"": [64, 32], ""learning_rate_init"": 0.0007, ""max_iter"": 700, ""negative_sample_ratio"": 5.0}",114,347,2023,top,mlp,manual_weak_top_label,143
0.7,29,0,,0.1724137931034483,,,-0.005797373448275862,,0,1,ok,"{""C"": 0.5, ""gamma"": ""scale""}",114,347,2023,top,svm,manual_weak_top_label,143
0.6,29,0,,0.1724137931034483,,,-0.005797373448275862,,0,0,ok,"{""C"": 0.5, ""gamma"": ""scale""}",114,347,2023,top,svm,manual_weak_top_label,143
0.5,29,0,,0.1724137931034483,,,-0.005797373448275862,,0,0,ok,"{""C"": 0.5, ""gamma"": ""scale""}",114,347,2023,top,svm,manual_weak_top_label,143
0.4,29,0,,0.1724137931034483,,,-0.005797373448275862,,0,0,ok,"{""C"": 0.5, ""gamma"": ""scale""}",114,347,2023,top,svm,manual_weak_top_label,143
0.3,29,0,,0.1724137931034483,,,-0.005797373448275862,,0,0,ok,"{""C"": 0.5, ""gamma"": ""scale""}",114,347,2023,top,svm,manual_weak_top_label,143
0.7,29,0,,0.1724137931034483,,,-0.005797373448275862,,0,0,ok,"{""C"": 1.0, ""gamma"": ""scale""}",114,347,2023,top,svm,manual_weak_top_label,143
0.6,29,0,,0.1724137931034483,,,-0.005797373448275862,,0,0,ok,"{""C"": 1.0, ""gamma"": ""scale""}",114,347,2023,top,svm,manual_weak_top_label,143
0.5,29,0,,0.1724137931034483,,,-0.005797373448275862,,0,0,ok,"{""C"": 1.0, ""gamma"": ""scale""}",114,347,2023,top,svm,manual_weak_top_label,143
0.4,29,0,,0.1724137931034483,,,-0.005797373448275862,,0,0,ok,"{""C"": 1.0, ""gamma"": ""scale""}",114,347,2023,top,svm,manual_weak_top_label,143
0.3,29,0,,0.1724137931034483,,,-0.005797373448275862,,0,0,ok,"{""C"": 1.0, ""gamma"": ""scale""}",114,347,2023,top,svm,manual_weak_top_label,143
0.7,29,0,,0.1724137931034483,,,-0.005797373448275862,,0,0,ok,"{""C"": 2.0, ""gamma"": ""scale""}",114,347,2023,top,svm,manual_weak_top_label,143
0.6,29,0,,0.1724137931034483,,,-0.005797373448275862,,0,0,ok,"{""C"": 2.0, ""gamma"": ""scale""}",114,347,2023,top,svm,manual_weak_top_label,143
0.5,29,0,,0.1724137931034483,,,-0.005797373448275862,,0,0,ok,"{""C"": 2.0, ""gamma"": ""scale""}",114,347,2023,top,svm,manual_weak_top_label,143
0.4,29,0,,0.1724137931034483,,,-0.005797373448275862,,0,0,ok,"{""C"": 2.0, ""gamma"": ""scale""}",114,347,2023,top,svm,manual_weak_top_label,143
0.3,29,0,,0.1724137931034483,,,-0.005797373448275862,,0,0,ok,"{""C"": 2.0, ""gamma"": ""scale""}",114,347,2023,top,svm,manual_weak_top_label,143
0.7,32,1,1.0,0.21875,0.78125,0.0772638,0.0026793034375,0.07458449656249999,0,1,ok,"{""C"": 0.3}",129,347,2024,bottom,logistic,manual_weak_bottom_label,161
0.6,32,1,1.0,0.21875,0.78125,0.0772638,0.0026793034375,0.07458449656249999,0,0,ok,"{""C"": 0.3}",129,347,2024,bottom,logistic,manual_weak_bottom_label,161
0.5,32,1,1.0,0.21875,0.78125,0.0772638,0.0026793034375,0.07458449656249999,0,0,ok,"{""C"": 0.3}",129,347,2024,bottom,logistic,manual_weak_bottom_label,161
0.4,32,1,1.0,0.21875,0.78125,0.0772638,0.0026793034375,0.07458449656249999,0,0,ok,"{""C"": 0.3}",129,347,2024,bottom,logistic,manual_weak_bottom_label,161
0.3,32,1,0.0,0.21875,-0.21875,0.03052696,0.0026793034375,0.0278476565625,0,0,ok,"{""C"": 0.3}",129,347,2024,bottom,logistic,manual_weak_bottom_label,161
0.7,32,1,1.0,0.21875,0.78125,0.0772638,0.0026793034375,0.07458449656249999,0,0,ok,"{""C"": 1.0}",129,347,2024,bottom,logistic,manual_weak_bottom_label,161
0.6,32,1,1.0,0.21875,0.78125,0.0772638,0.0026793034375,0.07458449656249999,0,0,ok,"{""C"": 1.0}",129,347,2024,bottom,logistic,manual_weak_bottom_label,161
0.5,32,1,1.0,0.21875,0.78125,0.0772638,0.0026793034375,0.07458449656249999,0,0,ok,"{""C"": 1.0}",129,347,2024,bottom,logistic,manual_weak_bottom_label,161
0.4,32,1,1.0,0.21875,0.78125,0.0772638,0.0026793034375,0.07458449656249999,0,0,ok,"{""C"": 1.0}",129,347,2024,bottom,logistic,manual_weak_bottom_label,161
0.3,32,1,0.0,0.21875,-0.21875,0.03052696,0.0026793034375,0.0278476565625,0,0,ok,"{""C"": 1.0}",129,347,2024,bottom,logistic,manual_weak_bottom_label,161
0.7,32,1,1.0,0.21875,0.78125,0.0772638,0.0026793034375,0.07458449656249999,0,0,ok,"{""C"": 3.0}",129,347,2024,bottom,logistic,manual_weak_bottom_label,161
0.6,32,1,1.0,0.21875,0.78125,0.0772638,0.0026793034375,0.07458449656249999,0,0,ok,"{""C"": 3.0}",129,347,2024,bottom,logistic,manual_weak_bottom_label,161
0.5,32,1,1.0,0.21875,0.78125,0.0772638,0.0026793034375,0.07458449656249999,0,0,ok,"{""C"": 3.0}",129,347,2024,bottom,logistic,manual_weak_bottom_label,161
0.4,32,1,0.0,0.21875,-0.21875,0.03052696,0.0026793034375,0.0278476565625,0,0,ok,"{""C"": 3.0}",129,347,2024,bottom,logistic,manual_weak_bottom_label,161
0.3,32,1,0.0,0.21875,-0.21875,0.03052696,0.0026793034375,0.0278476565625,0,0,ok,"{""C"": 3.0}",129,347,2024,bottom,logistic,manual_weak_bottom_label,161
0.7,32,1,0.0,0.21875,-0.21875,0.03052696,0.0026793034375,0.0278476565625,0,0,ok,"{""shrinkage"": ""auto"", ""solver"": ""lsqr""}",129,347,2024,bottom,lda,manual_weak_bottom_label,161
0.6,32,1,0.0,0.21875,-0.21875,0.03052696,0.0026793034375,0.0278476565625,0,0,ok,"{""shrinkage"": ""auto"", ""solver"": ""lsqr""}",129,347,2024,bottom,lda,manual_weak_bottom_label,161
0.5,32,1,0.0,0.21875,-0.21875,0.03052696,0.0026793034375,0.0278476565625,0,0,ok,"{""shrinkage"": ""auto"", ""solver"": ""lsqr""}",129,347,2024,bottom,lda,manual_weak_bottom_label,161
0.4,32,1,0.0,0.21875,-0.21875,0.03052696,0.0026793034375,0.0278476565625,0,0,ok,"{""shrinkage"": ""auto"", ""solver"": ""lsqr""}",129,347,2024,bottom,lda,manual_weak_bottom_label,161
0.3,32,1,0.0,0.21875,-0.21875,0.03052696,0.0026793034375,0.0278476565625,0,0,ok,"{""shrinkage"": ""auto"", ""solver"": ""lsqr""}",129,347,2024,bottom,lda,manual_weak_bottom_label,161
0.7,32,1,0.0,0.21875,-0.21875,0.03052696,0.0026793034375,0.0278476565625,0,0,ok,"{""shrinkage"": 0.2, ""solver"": ""lsqr""}",129,347,2024,bottom,lda,manual_weak_bottom_label,161
0.6,32,1,0.0,0.21875,-0.21875,0.03052696,0.0026793034375,0.0278476565625,0,0,ok,"{""shrinkage"": 0.2, ""solver"": ""lsqr""}",129,347,2024,bottom,lda,manual_weak_bottom_label,161
0.5,32,1,0.0,0.21875,-0.21875,0.03052696,0.0026793034375,0.0278476565625,0,0,ok,"{""shrinkage"": 0.2, ""solver"": ""lsqr""}",129,347,2024,bottom,lda,manual_weak_bottom_label,161
0.4,32,1,0.0,0.21875,-0.21875,0.03052696,0.0026793034375,0.0278476565625,0,0,ok,"{""shrinkage"": 0.2, ""solver"": ""lsqr""}",129,347,2024,bottom,lda,manual_weak_bottom_label,161
0.3,32,1,0.0,0.21875,-0.21875,0.03052696,0.0026793034375,0.0278476565625,0,0,ok,"{""shrinkage"": 0.2, ""solver"": ""lsqr""}",129,347,2024,bottom,lda,manual_weak_bottom_label,161
0.7,32,0,,0.21875,,,0.0026793034375,,0,0,ok,"{""shrinkage"": 0.5, ""solver"": ""lsqr""}",129,347,2024,bottom,lda,manual_weak_bottom_label,161
0.6,32,0,,0.21875,,,0.0026793034375,,0,0,ok,"{""shrinkage"": 0.5, ""solver"": ""lsqr""}",129,347,2024,bottom,lda,manual_weak_bottom_label,161
0.5,32,1,1.0,0.21875,0.78125,0.0772638,0.0026793034375,0.07458449656249999,0,1,ok,"{""shrinkage"": 0.5, ""solver"": ""lsqr""}",129,347,2024,bottom,lda,manual_weak_bottom_label,161
0.4,32,1,1.0,0.21875,0.78125,0.0772638,0.0026793034375,0.07458449656249999,0,0,ok,"{""shrinkage"": 0.5, ""solver"": ""lsqr""}",129,347,2024,bottom,lda,manual_weak_bottom_label,161
0.3,32,1,1.0,0.21875,0.78125,0.0772638,0.0026793034375,0.07458449656249999,0,0,ok,"{""shrinkage"": 0.5, ""solver"": ""lsqr""}",129,347,2024,bottom,lda,manual_weak_bottom_label,161
0.7,32,15,0.3333333333333333,0.21875,0.11458333333333331,0.002461578,0.0026793034375,-0.00021772543749999998,1,1,ok,"{""reg_param"": 0.2}",129,347,2024,bottom,qda,manual_weak_bottom_label,161
0.6,32,15,0.3333333333333333,0.21875,0.11458333333333331,0.002461578,0.0026793034375,-0.00021772543749999998,1,0,ok,"{""reg_param"": 0.2}",129,347,2024,bottom,qda,manual_weak_bottom_label,161
0.5,32,15,0.3333333333333333,0.21875,0.11458333333333331,0.002461578,0.0026793034375,-0.00021772543749999998,1,0,ok,"{""reg_param"": 0.2}",129,347,2024,bottom,qda,manual_weak_bottom_label,161
0.4,32,15,0.3333333333333333,0.21875,0.11458333333333331,0.002461578,0.0026793034375,-0.00021772543749999998,1,0,ok,"{""reg_param"": 0.2}",129,347,2024,bottom,qda,manual_weak_bottom_label,161
0.3,32,15,0.3333333333333333,0.21875,0.11458333333333331,0.002461578,0.0026793034375,-0.00021772543749999998,1,0,ok,"{""reg_param"": 0.2}",129,347,2024,bottom,qda,manual_weak_bottom_label,161
0.7,32,15,0.3333333333333333,0.21875,0.11458333333333331,0.002461578,0.0026793034375,-0.00021772543749999998,1,0,ok,"{""reg_param"": 0.5}",129,347,2024,bottom,qda,manual_weak_bottom_label,161
0.6,32,15,0.3333333333333333,0.21875,0.11458333333333331,0.002461578,0.0026793034375,-0.00021772543749999998,1,0,ok,"{""reg_param"": 0.5}",129,347,2024,bottom,qda,manual_weak_bottom_label,161
0.5,32,15,0.3333333333333333,0.21875,0.11458333333333331,0.002461578,0.0026793034375,-0.00021772543749999998,1,0,ok,"{""reg_param"": 0.5}",129,347,2024,bottom,qda,manual_weak_bottom_label,161
0.4,32,15,0.3333333333333333,0.21875,0.11458333333333331,0.002461578,0.0026793034375,-0.00021772543749999998,1,0,ok,"{""reg_param"": 0.5}",129,347,2024,bottom,qda,manual_weak_bottom_label,161
0.3,32,15,0.3333333333333333,0.21875,0.11458333333333331,0.002461578,0.0026793034375,-0.00021772543749999998,1,0,ok,"{""reg_param"": 0.5}",129,347,2024,bottom,qda,manual_weak_bottom_label,161
0.7,32,15,0.3333333333333333,0.21875,0.11458333333333331,0.002461578,0.0026793034375,-0.00021772543749999998,1,0,ok,"{""reg_param"": 0.8}",129,347,2024,bottom,qda,manual_weak_bottom_label,161
0.6,32,15,0.3333333333333333,0.21875,0.11458333333333331,0.002461578,0.0026793034375,-0.00021772543749999998,1,0,ok,"{""reg_param"": 0.8}",129,347,2024,bottom,qda,manual_weak_bottom_label,161
0.5,32,15,0.3333333333333333,0.21875,0.11458333333333331,0.002461578,0.0026793034375,-0.00021772543749999998,1,0,ok,"{""reg_param"": 0.8}",129,347,2024,bottom,qda,manual_weak_bottom_label,161
0.4,32,15,0.3333333333333333,0.21875,0.11458333333333331,0.002461578,0.0026793034375,-0.00021772543749999998,1,0,ok,"{""reg_param"": 0.8}",129,347,2024,bottom,qda,manual_weak_bottom_label,161
0.3,32,15,0.3333333333333333,0.21875,0.11458333333333331,0.002461578,0.0026793034375,-0.00021772543749999998,1,0,ok,"{""reg_param"": 0.8}",129,347,2024,bottom,qda,manual_weak_bottom_label,161
0.7,32,0,,0.21875,,,0.0026793034375,,0,0,ok,"{""balanced_bagging"": true, ""is_unbalance"": false, ""learning_rate"": 0.04, ""max_depth"": 3, ""min_child_samples"": 8, ""n_estimators"": 180, ""negative_sample_ratio"": 3.0, ""num_leaves"": 7}",129,347,2024,bottom,lightgbm,manual_weak_bottom_label,161
0.6,32,0,,0.21875,,,0.0026793034375,,0,0,ok,"{""balanced_bagging"": true, ""is_unbalance"": false, ""learning_rate"": 0.04, ""max_depth"": 3, ""min_child_samples"": 8, ""n_estimators"": 180, ""negative_sample_ratio"": 3.0, ""num_leaves"": 7}",129,347,2024,bottom,lightgbm,manual_weak_bottom_label,161
0.5,32,0,,0.21875,,,0.0026793034375,,0,0,ok,"{""balanced_bagging"": true, ""is_unbalance"": false, ""learning_rate"": 0.04, ""max_depth"": 3, ""min_child_samples"": 8, ""n_estimators"": 180, ""negative_sample_ratio"": 3.0, ""num_leaves"": 7}",129,347,2024,bottom,lightgbm,manual_weak_bottom_label,161
0.4,32,1,0.0,0.21875,-0.21875,0.03052696,0.0026793034375,0.0278476565625,0,0,ok,"{""balanced_bagging"": true, ""is_unbalance"": false, ""learning_rate"": 0.04, ""max_depth"": 3, ""min_child_samples"": 8, ""n_estimators"": 180, ""negative_sample_ratio"": 3.0, ""num_leaves"": 7}",129,347,2024,bottom,lightgbm,manual_weak_bottom_label,161
0.3,32,1,0.0,0.21875,-0.21875,0.03052696,0.0026793034375,0.0278476565625,0,0,ok,"{""balanced_bagging"": true, ""is_unbalance"": false, ""learning_rate"": 0.04, ""max_depth"": 3, ""min_child_samples"": 8, ""n_estimators"": 180, ""negative_sample_ratio"": 3.0, ""num_leaves"": 7}",129,347,2024,bottom,lightgbm,manual_weak_bottom_label,161
0.7,32,0,,0.21875,,,0.0026793034375,,0,0,ok,"{""balanced_bagging"": true, ""is_unbalance"": false, ""learning_rate"": 0.03, ""max_depth"": 4, ""min_child_samples"": 10, ""n_estimators"": 250, ""negative_sample_ratio"": 5.0, ""num_leaves"": 15}",129,347,2024,bottom,lightgbm,manual_weak_bottom_label,161
0.6,32,0,,0.21875,,,0.0026793034375,,0,0,ok,"{""balanced_bagging"": true, ""is_unbalance"": false, ""learning_rate"": 0.03, ""max_depth"": 4, ""min_child_samples"": 10, ""n_estimators"": 250, ""negative_sample_ratio"": 5.0, ""num_leaves"": 15}",129,347,2024,bottom,lightgbm,manual_weak_bottom_label,161
0.5,32,0,,0.21875,,,0.0026793034375,,0,0,ok,"{""balanced_bagging"": true, ""is_unbalance"": false, ""learning_rate"": 0.03, ""max_depth"": 4, ""min_child_samples"": 10, ""n_estimators"": 250, ""negative_sample_ratio"": 5.0, ""num_leaves"": 15}",129,347,2024,bottom,lightgbm,manual_weak_bottom_label,161
0.4,32,0,,0.21875,,,0.0026793034375,,0,0,ok,"{""balanced_bagging"": true, ""is_unbalance"": false, ""learning_rate"": 0.03, ""max_depth"": 4, ""min_child_samples"": 10, ""n_estimators"": 250, ""negative_sample_ratio"": 5.0, ""num_leaves"": 15}",129,347,2024,bottom,lightgbm,manual_weak_bottom_label,161
0.3,32,0,,0.21875,,,0.0026793034375,,0,0,ok,"{""balanced_bagging"": true, ""is_unbalance"": false, ""learning_rate"": 0.03, ""max_depth"": 4, ""min_child_samples"": 10, ""n_estimators"": 250, ""negative_sample_ratio"": 5.0, ""num_leaves"": 15}",129,347,2024,bottom,lightgbm,manual_weak_bottom_label,161
0.7,32,0,,0.21875,,,0.0026793034375,,0,0,ok,"{""balanced_bagging"": true, ""is_unbalance"": true, ""learning_rate"": 0.025, ""max_depth"": 5, ""min_child_samples"": 12, ""n_estimators"": 320, ""negative_sample_ratio"": 3.0, ""num_leaves"": 15}",129,347,2024,bottom,lightgbm,manual_weak_bottom_label,161
0.6,32,0,,0.21875,,,0.0026793034375,,0,0,ok,"{""balanced_bagging"": true, ""is_unbalance"": true, ""learning_rate"": 0.025, ""max_depth"": 5, ""min_child_samples"": 12, ""n_estimators"": 320, ""negative_sample_ratio"": 3.0, ""num_leaves"": 15}",129,347,2024,bottom,lightgbm,manual_weak_bottom_label,161
0.5,32,1,0.0,0.21875,-0.21875,0.03052696,0.0026793034375,0.0278476565625,0,1,ok,"{""balanced_bagging"": true, ""is_unbalance"": true, ""learning_rate"": 0.025, ""max_depth"": 5, ""min_child_samples"": 12, ""n_estimators"": 320, ""negative_sample_ratio"": 3.0, ""num_leaves"": 15}",129,347,2024,bottom,lightgbm,manual_weak_bottom_label,161
0.4,32,1,0.0,0.21875,-0.21875,0.03052696,0.0026793034375,0.0278476565625,0,0,ok,"{""balanced_bagging"": true, ""is_unbalance"": true, ""learning_rate"": 0.025, ""max_depth"": 5, ""min_child_samples"": 12, ""n_estimators"": 320, ""negative_sample_ratio"": 3.0, ""num_leaves"": 15}",129,347,2024,bottom,lightgbm,manual_weak_bottom_label,161
0.3,32,1,0.0,0.21875,-0.21875,0.03052696,0.0026793034375,0.0278476565625,0,0,ok,"{""balanced_bagging"": true, ""is_unbalance"": true, ""learning_rate"": 0.025, ""max_depth"": 5, ""min_child_samples"": 12, ""n_estimators"": 320, ""negative_sample_ratio"": 3.0, ""num_leaves"": 15}",129,347,2024,bottom,lightgbm,manual_weak_bottom_label,161
0.7,32,1,1.0,0.21875,0.78125,0.0772638,0.0026793034375,0.07458449656249999,0,0,ok,"{""dropout"": 0.05, ""focal_alpha"": 0.7, ""focal_gamma"": 1.5, ""hidden_layers"": [32], ""learning_rate"": 0.001, ""max_epochs"": 130, ""patience"": 15}",129,347,2024,bottom,bp,manual_weak_bottom_label,161
0.6,32,1,1.0,0.21875,0.78125,0.0772638,0.0026793034375,0.07458449656249999,0,0,ok,"{""dropout"": 0.05, ""focal_alpha"": 0.7, ""focal_gamma"": 1.5, ""hidden_layers"": [32], ""learning_rate"": 0.001, ""max_epochs"": 130, ""patience"": 15}",129,347,2024,bottom,bp,manual_weak_bottom_label,161
0.5,32,1,1.0,0.21875,0.78125,0.0772638,0.0026793034375,0.07458449656249999,0,0,ok,"{""dropout"": 0.05, ""focal_alpha"": 0.7, ""focal_gamma"": 1.5, ""hidden_layers"": [32], ""learning_rate"": 0.001, ""max_epochs"": 130, ""patience"": 15}",129,347,2024,bottom,bp,manual_weak_bottom_label,161
0.4,32,1,0.0,0.21875,-0.21875,0.03052696,0.0026793034375,0.0278476565625,0,0,ok,"{""dropout"": 0.05, ""focal_alpha"": 0.7, ""focal_gamma"": 1.5, ""hidden_layers"": [32], ""learning_rate"": 0.001, ""max_epochs"": 130, ""patience"": 15}",129,347,2024,bottom,bp,manual_weak_bottom_label,161
0.3,32,3,0.0,0.21875,-0.21875,0.026124526666666665,0.0026793034375,0.023445223229166666,1,0,ok,"{""dropout"": 0.05, ""focal_alpha"": 0.7, ""focal_gamma"": 1.5, ""hidden_layers"": [32], ""learning_rate"": 0.001, ""max_epochs"": 130, ""patience"": 15}",129,347,2024,bottom,bp,manual_weak_bottom_label,161
0.7,32,0,,0.21875,,,0.0026793034375,,0,0,ok,"{""dropout"": 0.1, ""focal_alpha"": 0.75, ""focal_gamma"": 2.0, ""hidden_layers"": [48, 24], ""learning_rate"": 0.001, ""max_epochs"": 160, ""patience"": 18}",129,347,2024,bottom,bp,manual_weak_bottom_label,161
0.6,32,1,0.0,0.21875,-0.21875,0.03052696,0.0026793034375,0.0278476565625,0,0,ok,"{""dropout"": 0.1, ""focal_alpha"": 0.75, ""focal_gamma"": 2.0, ""hidden_layers"": [48, 24], ""learning_rate"": 0.001, ""max_epochs"": 160, ""patience"": 18}",129,347,2024,bottom,bp,manual_weak_bottom_label,161
0.5,32,1,0.0,0.21875,-0.21875,0.03052696,0.0026793034375,0.0278476565625,0,0,ok,"{""dropout"": 0.1, ""focal_alpha"": 0.75, ""focal_gamma"": 2.0, ""hidden_layers"": [48, 24], ""learning_rate"": 0.001, ""max_epochs"": 160, ""patience"": 18}",129,347,2024,bottom,bp,manual_weak_bottom_label,161
0.4,32,1,0.0,0.21875,-0.21875,0.03052696,0.0026793034375,0.0278476565625,0,0,ok,"{""dropout"": 0.1, ""focal_alpha"": 0.75, ""focal_gamma"": 2.0, ""hidden_layers"": [48, 24], ""learning_rate"": 0.001, ""max_epochs"": 160, ""patience"": 18}",129,347,2024,bottom,bp,manual_weak_bottom_label,161
0.3,32,1,0.0,0.21875,-0.21875,0.03052696,0.0026793034375,0.0278476565625,0,0,ok,"{""dropout"": 0.1, ""focal_alpha"": 0.75, ""focal_gamma"": 2.0, ""hidden_layers"": [48, 24], ""learning_rate"": 0.001, ""max_epochs"": 160, ""patience"": 18}",129,347,2024,bottom,bp,manual_weak_bottom_label,161
0.7,32,1,0.0,0.21875,-0.21875,0.03052696,0.0026793034375,0.0278476565625,0,0,ok,"{""dropout"": 0.15, ""focal_alpha"": 0.8, ""focal_gamma"": 2.5, ""hidden_layers"": [64, 32], ""learning_rate"": 0.0007, ""max_epochs"": 180, ""patience"": 20}",129,347,2024,bottom,bp,manual_weak_bottom_label,161
0.6,32,1,0.0,0.21875,-0.21875,0.03052696,0.0026793034375,0.0278476565625,0,0,ok,"{""dropout"": 0.15, ""focal_alpha"": 0.8, ""focal_gamma"": 2.5, ""hidden_layers"": [64, 32], ""learning_rate"": 0.0007, ""max_epochs"": 180, ""patience"": 20}",129,347,2024,bottom,bp,manual_weak_bottom_label,161
0.5,32,1,0.0,0.21875,-0.21875,0.03052696,0.0026793034375,0.0278476565625,0,0,ok,"{""dropout"": 0.15, ""focal_alpha"": 0.8, ""focal_gamma"": 2.5, ""hidden_layers"": [64, 32], ""learning_rate"": 0.0007, ""max_epochs"": 180, ""patience"": 20}",129,347,2024,bottom,bp,manual_weak_bottom_label,161
0.4,32,2,0.0,0.21875,-0.21875,-0.04976291,0.0026793034375,-0.0524422134375,1,0,ok,"{""dropout"": 0.15, ""focal_alpha"": 0.8, ""focal_gamma"": 2.5, ""hidden_layers"": [64, 32], ""learning_rate"": 0.0007, ""max_epochs"": 180, ""patience"": 20}",129,347,2024,bottom,bp,manual_weak_bottom_label,161
0.3,32,3,0.3333333333333333,0.21875,0.11458333333333331,-0.02798232,0.0026793034375,-0.0306616234375,1,1,ok,"{""dropout"": 0.15, ""focal_alpha"": 0.8, ""focal_gamma"": 2.5, ""hidden_layers"": [64, 32], ""learning_rate"": 0.0007, ""max_epochs"": 180, ""patience"": 20}",129,347,2024,bottom,bp,manual_weak_bottom_label,161
0.7,32,0,,0.21875,,,0.0026793034375,,0,0,ok,"{""alpha"": 0.0001, ""hidden_layer_sizes"": [32], ""learning_rate_init"": 0.001, ""max_iter"": 500, ""negative_sample_ratio"": 2.0}",129,347,2024,bottom,mlp,manual_weak_bottom_label,161
0.6,32,0,,0.21875,,,0.0026793034375,,0,0,ok,"{""alpha"": 0.0001, ""hidden_layer_sizes"": [32], ""learning_rate_init"": 0.001, ""max_iter"": 500, ""negative_sample_ratio"": 2.0}",129,347,2024,bottom,mlp,manual_weak_bottom_label,161
0.5,32,0,,0.21875,,,0.0026793034375,,0,0,ok,"{""alpha"": 0.0001, ""hidden_layer_sizes"": [32], ""learning_rate_init"": 0.001, ""max_iter"": 500, ""negative_sample_ratio"": 2.0}",129,347,2024,bottom,mlp,manual_weak_bottom_label,161
0.4,32,0,,0.21875,,,0.0026793034375,,0,0,ok,"{""alpha"": 0.0001, ""hidden_layer_sizes"": [32], ""learning_rate_init"": 0.001, ""max_iter"": 500, ""negative_sample_ratio"": 2.0}",129,347,2024,bottom,mlp,manual_weak_bottom_label,161
0.3,32,1,0.0,0.21875,-0.21875,0.03052696,0.0026793034375,0.0278476565625,0,0,ok,"{""alpha"": 0.0001, ""hidden_layer_sizes"": [32], ""learning_rate_init"": 0.001, ""max_iter"": 500, ""negative_sample_ratio"": 2.0}",129,347,2024,bottom,mlp,manual_weak_bottom_label,161
0.7,32,0,,0.21875,,,0.0026793034375,,0,0,ok,"{""alpha"": 0.0001, ""hidden_layer_sizes"": [48, 24], ""learning_rate_init"": 0.001, ""max_iter"": 600, ""negative_sample_ratio"": 3.0}",129,347,2024,bottom,mlp,manual_weak_bottom_label,161
0.6,32,0,,0.21875,,,0.0026793034375,,0,0,ok,"{""alpha"": 0.0001, ""hidden_layer_sizes"": [48, 24], ""learning_rate_init"": 0.001, ""max_iter"": 600, ""negative_sample_ratio"": 3.0}",129,347,2024,bottom,mlp,manual_weak_bottom_label,161
0.5,32,2,0.5,0.21875,0.28125,-0.002035435,0.0026793034375,-0.004714738437499999,1,0,ok,"{""alpha"": 0.0001, ""hidden_layer_sizes"": [48, 24], ""learning_rate_init"": 0.001, ""max_iter"": 600, ""negative_sample_ratio"": 3.0}",129,347,2024,bottom,mlp,manual_weak_bottom_label,161
0.4,32,8,0.25,0.21875,0.03125,-0.0011305975,0.0026793034375,-0.0038099009375,1,0,ok,"{""alpha"": 0.0001, ""hidden_layer_sizes"": [48, 24], ""learning_rate_init"": 0.001, ""max_iter"": 600, ""negative_sample_ratio"": 3.0}",129,347,2024,bottom,mlp,manual_weak_bottom_label,161
0.3,32,12,0.3333333333333333,0.21875,0.11458333333333331,0.012943511666666666,0.0026793034375,0.010264208229166665,1,0,ok,"{""alpha"": 0.0001, ""hidden_layer_sizes"": [48, 24], ""learning_rate_init"": 0.001, ""max_iter"": 600, ""negative_sample_ratio"": 3.0}",129,347,2024,bottom,mlp,manual_weak_bottom_label,161
0.7,32,0,,0.21875,,,0.0026793034375,,0,0,ok,"{""alpha"": 0.001, ""hidden_layer_sizes"": [64, 32], ""learning_rate_init"": 0.0007, ""max_iter"": 700, ""negative_sample_ratio"": 5.0}",129,347,2024,bottom,mlp,manual_weak_bottom_label,161
0.6,32,0,,0.21875,,,0.0026793034375,,0,0,ok,"{""alpha"": 0.001, ""hidden_layer_sizes"": [64, 32], ""learning_rate_init"": 0.0007, ""max_iter"": 700, ""negative_sample_ratio"": 5.0}",129,347,2024,bottom,mlp,manual_weak_bottom_label,161
0.5,32,1,0.0,0.21875,-0.21875,0.03052696,0.0026793034375,0.0278476565625,0,0,ok,"{""alpha"": 0.001, ""hidden_layer_sizes"": [64, 32], ""learning_rate_init"": 0.0007, ""max_iter"": 700, ""negative_sample_ratio"": 5.0}",129,347,2024,bottom,mlp,manual_weak_bottom_label,161
0.4,32,3,0.3333333333333333,0.21875,0.11458333333333331,-0.012792786666666667,0.0026793034375,-0.015472090104166666,1,0,ok,"{""alpha"": 0.001, ""hidden_layer_sizes"": [64, 32], ""learning_rate_init"": 0.0007, ""max_iter"": 700, ""negative_sample_ratio"": 5.0}",129,347,2024,bottom,mlp,manual_weak_bottom_label,161
0.3,32,5,0.6,0.21875,0.38125,0.017318918,0.0026793034375,0.0146396145625,1,1,ok,"{""alpha"": 0.001, ""hidden_layer_sizes"": [64, 32], ""learning_rate_init"": 0.0007, ""max_iter"": 700, ""negative_sample_ratio"": 5.0}",129,347,2024,bottom,mlp,manual_weak_bottom_label,161
0.7,32,0,,0.21875,,,0.0026793034375,,0,0,ok,"{""C"": 0.5, ""gamma"": ""scale""}",129,347,2024,bottom,svm,manual_weak_bottom_label,161
0.6,32,0,,0.21875,,,0.0026793034375,,0,0,ok,"{""C"": 0.5, ""gamma"": ""scale""}",129,347,2024,bottom,svm,manual_weak_bottom_label,161
0.5,32,0,,0.21875,,,0.0026793034375,,0,0,ok,"{""C"": 0.5, ""gamma"": ""scale""}",129,347,2024,bottom,svm,manual_weak_bottom_label,161
0.4,32,0,,0.21875,,,0.0026793034375,,0,0,ok,"{""C"": 0.5, ""gamma"": ""scale""}",129,347,2024,bottom,svm,manual_weak_bottom_label,161
0.3,32,7,0.14285714285714285,0.21875,-0.07589285714285715,-0.006406905714285714,0.0026793034375,-0.009086209151785714,1,1,ok,"{""C"": 0.5, ""gamma"": ""scale""}",129,347,2024,bottom,svm,manual_weak_bottom_label,161
0.7,32,0,,0.21875,,,0.0026793034375,,0,0,ok,"{""C"": 1.0, ""gamma"": ""scale""}",129,347,2024,bottom,svm,manual_weak_bottom_label,161
0.6,32,0,,0.21875,,,0.0026793034375,,0,0,ok,"{""C"": 1.0, ""gamma"": ""scale""}",129,347,2024,bottom,svm,manual_weak_bottom_label,161
0.5,32,0,,0.21875,,,0.0026793034375,,0,0,ok,"{""C"": 1.0, ""gamma"": ""scale""}",129,347,2024,bottom,svm,manual_weak_bottom_label,161
0.4,32,0,,0.21875,,,0.0026793034375,,0,0,ok,"{""C"": 1.0, ""gamma"": ""scale""}",129,347,2024,bottom,svm,manual_weak_bottom_label,161
0.3,32,0,,0.21875,,,0.0026793034375,,0,0,ok,"{""C"": 1.0, ""gamma"": ""scale""}",129,347,2024,bottom,svm,manual_weak_bottom_label,161
0.7,32,0,,0.21875,,,0.0026793034375,,0,0,ok,"{""C"": 2.0, ""gamma"": ""scale""}",129,347,2024,bottom,svm,manual_weak_bottom_label,161
0.6,32,0,,0.21875,,,0.0026793034375,,0,0,ok,"{""C"": 2.0, ""gamma"": ""scale""}",129,347,2024,bottom,svm,manual_weak_bottom_label,161
0.5,32,0,,0.21875,,,0.0026793034375,,0,0,ok,"{""C"": 2.0, ""gamma"": ""scale""}",129,347,2024,bottom,svm,manual_weak_bottom_label,161
0.4,32,0,,0.21875,,,0.0026793034375,,0,0,ok,"{""C"": 2.0, ""gamma"": ""scale""}",129,347,2024,bottom,svm,manual_weak_bottom_label,161
0.3,32,1,0.0,0.21875,-0.21875,0.03052696,0.0026793034375,0.0278476565625,0,0,ok,"{""C"": 2.0, ""gamma"": ""scale""}",129,347,2024,bottom,svm,manual_weak_bottom_label,161
0.7,30,1,0.0,0.16666666666666666,-0.16666666666666666,0.01643443,-0.012288004666666666,0.028722434666666664,0,0,ok,"{""C"": 0.3}",119,347,2024,top,logistic,manual_weak_top_label,149
0.6,30,2,0.0,0.16666666666666666,-0.16666666666666666,-0.00160781,-0.012288004666666666,0.010680194666666667,1,0,ok,"{""C"": 0.3}",119,347,2024,top,logistic,manual_weak_top_label,149
0.5,30,3,0.3333333333333333,0.16666666666666666,0.16666666666666666,-0.021914696666666667,-0.012288004666666666,-0.009626692000000001,1,0,ok,"{""C"": 0.3}",119,347,2024,top,logistic,manual_weak_top_label,149
0.4,30,4,0.25,0.16666666666666666,0.08333333333333334,-0.01500286,-0.012288004666666666,-0.0027148553333333336,1,0,ok,"{""C"": 0.3}",119,347,2024,top,logistic,manual_weak_top_label,149
0.3,30,6,0.3333333333333333,0.16666666666666666,0.16666666666666666,-0.013712135,-0.012288004666666666,-0.001424130333333334,1,0,ok,"{""C"": 0.3}",119,347,2024,top,logistic,manual_weak_top_label,149
0.7,30,2,0.5,0.16666666666666666,0.33333333333333337,-0.0174584,-0.012288004666666666,-0.005170395333333333,1,0,ok,"{""C"": 1.0}",119,347,2024,top,logistic,manual_weak_top_label,149
0.6,30,2,0.5,0.16666666666666666,0.33333333333333337,-0.0174584,-0.012288004666666666,-0.005170395333333333,1,0,ok,"{""C"": 1.0}",119,347,2024,top,logistic,manual_weak_top_label,149
0.5,30,2,0.5,0.16666666666666666,0.33333333333333337,-0.0174584,-0.012288004666666666,-0.005170395333333333,1,0,ok,"{""C"": 1.0}",119,347,2024,top,logistic,manual_weak_top_label,149
0.4,30,3,0.3333333333333333,0.16666666666666666,0.16666666666666666,-0.021914696666666667,-0.012288004666666666,-0.009626692000000001,1,0,ok,"{""C"": 1.0}",119,347,2024,top,logistic,manual_weak_top_label,149
0.3,30,5,0.4,0.16666666666666666,0.23333333333333336,-0.02752176,-0.012288004666666666,-0.015233755333333333,1,0,ok,"{""C"": 1.0}",119,347,2024,top,logistic,manual_weak_top_label,149
0.7,30,2,0.5,0.16666666666666666,0.33333333333333337,-0.0174584,-0.012288004666666666,-0.005170395333333333,1,0,ok,"{""C"": 3.0}",119,347,2024,top,logistic,manual_weak_top_label,149
0.6,30,2,0.5,0.16666666666666666,0.33333333333333337,-0.0174584,-0.012288004666666666,-0.005170395333333333,1,0,ok,"{""C"": 3.0}",119,347,2024,top,logistic,manual_weak_top_label,149
0.5,30,2,0.5,0.16666666666666666,0.33333333333333337,-0.0174584,-0.012288004666666666,-0.005170395333333333,1,0,ok,"{""C"": 3.0}",119,347,2024,top,logistic,manual_weak_top_label,149
0.4,30,3,0.6666666666666666,0.16666666666666666,0.5,-0.03750472,-0.012288004666666666,-0.025216715333333334,1,1,ok,"{""C"": 3.0}",119,347,2024,top,logistic,manual_weak_top_label,149
0.3,30,4,0.5,0.16666666666666666,0.33333333333333337,-0.0358353625,-0.012288004666666666,-0.023547357833333338,1,0,ok,"{""C"": 3.0}",119,347,2024,top,logistic,manual_weak_top_label,149
0.7,30,6,0.3333333333333333,0.16666666666666666,0.16666666666666666,-0.00955413,-0.012288004666666666,0.002733874666666667,1,0,ok,"{""shrinkage"": ""auto"", ""solver"": ""lsqr""}",119,347,2024,top,lda,manual_weak_top_label,149
0.6,30,6,0.3333333333333333,0.16666666666666666,0.16666666666666666,-0.00955413,-0.012288004666666666,0.002733874666666667,1,0,ok,"{""shrinkage"": ""auto"", ""solver"": ""lsqr""}",119,347,2024,top,lda,manual_weak_top_label,149
0.5,30,6,0.3333333333333333,0.16666666666666666,0.16666666666666666,-0.00955413,-0.012288004666666666,0.002733874666666667,1,0,ok,"{""shrinkage"": ""auto"", ""solver"": ""lsqr""}",119,347,2024,top,lda,manual_weak_top_label,149
0.4,30,6,0.3333333333333333,0.16666666666666666,0.16666666666666666,-0.005469725000000001,-0.012288004666666666,0.0068182796666666655,1,0,ok,"{""shrinkage"": ""auto"", ""solver"": ""lsqr""}",119,347,2024,top,lda,manual_weak_top_label,149
0.3,30,6,0.3333333333333333,0.16666666666666666,0.16666666666666666,-0.005469725000000001,-0.012288004666666666,0.0068182796666666655,1,0,ok,"{""shrinkage"": ""auto"", ""solver"": ""lsqr""}",119,347,2024,top,lda,manual_weak_top_label,149
0.7,30,5,0.4,0.16666666666666666,0.23333333333333336,-0.02752176,-0.012288004666666666,-0.015233755333333333,1,1,ok,"{""shrinkage"": 0.2, ""solver"": ""lsqr""}",119,347,2024,top,lda,manual_weak_top_label,149
0.6,30,5,0.4,0.16666666666666666,0.23333333333333336,-0.02752176,-0.012288004666666666,-0.015233755333333333,1,0,ok,"{""shrinkage"": 0.2, ""solver"": ""lsqr""}",119,347,2024,top,lda,manual_weak_top_label,149
0.5,30,5,0.4,0.16666666666666666,0.23333333333333336,-0.02752176,-0.012288004666666666,-0.015233755333333333,1,0,ok,"{""shrinkage"": 0.2, ""solver"": ""lsqr""}",119,347,2024,top,lda,manual_weak_top_label,149
0.4,30,6,0.3333333333333333,0.16666666666666666,0.16666666666666666,-0.013712135,-0.012288004666666666,-0.001424130333333334,1,0,ok,"{""shrinkage"": 0.2, ""solver"": ""lsqr""}",119,347,2024,top,lda,manual_weak_top_label,149
0.3,30,6,0.3333333333333333,0.16666666666666666,0.16666666666666666,-0.00955413,-0.012288004666666666,0.002733874666666667,1,0,ok,"{""shrinkage"": 0.2, ""solver"": ""lsqr""}",119,347,2024,top,lda,manual_weak_top_label,149
0.7,30,3,0.0,0.16666666666666666,-0.16666666666666666,0.00083901,-0.012288004666666666,0.013127014666666666,1,0,ok,"{""shrinkage"": 0.5, ""solver"": ""lsqr""}",119,347,2024,top,lda,manual_weak_top_label,149
0.6,30,3,0.0,0.16666666666666666,-0.16666666666666666,0.00083901,-0.012288004666666666,0.013127014666666666,1,0,ok,"{""shrinkage"": 0.5, ""solver"": ""lsqr""}",119,347,2024,top,lda,manual_weak_top_label,149
0.5,30,3,0.0,0.16666666666666666,-0.16666666666666666,0.00083901,-0.012288004666666666,0.013127014666666666,1,0,ok,"{""shrinkage"": 0.5, ""solver"": ""lsqr""}",119,347,2024,top,lda,manual_weak_top_label,149
0.4,30,3,0.0,0.16666666666666666,-0.16666666666666666,0.00083901,-0.012288004666666666,0.013127014666666666,1,0,ok,"{""shrinkage"": 0.5, ""solver"": ""lsqr""}",119,347,2024,top,lda,manual_weak_top_label,149
0.3,30,3,0.0,0.16666666666666666,-0.16666666666666666,0.00083901,-0.012288004666666666,0.013127014666666666,1,0,ok,"{""shrinkage"": 0.5, ""solver"": ""lsqr""}",119,347,2024,top,lda,manual_weak_top_label,149
0.7,30,13,0.23076923076923078,0.16666666666666666,0.06410256410256412,-0.016454573846153845,-0.012288004666666666,-0.004166569179487179,1,1,ok,"{""reg_param"": 0.2}",119,347,2024,top,qda,manual_weak_top_label,149
0.6,30,13,0.23076923076923078,0.16666666666666666,0.06410256410256412,-0.016454573846153845,-0.012288004666666666,-0.004166569179487179,1,0,ok,"{""reg_param"": 0.2}",119,347,2024,top,qda,manual_weak_top_label,149
0.5,30,13,0.23076923076923078,0.16666666666666666,0.06410256410256412,-0.016454573846153845,-0.012288004666666666,-0.004166569179487179,1,0,ok,"{""reg_param"": 0.2}",119,347,2024,top,qda,manual_weak_top_label,149
0.4,30,13,0.23076923076923078,0.16666666666666666,0.06410256410256412,-0.016454573846153845,-0.012288004666666666,-0.004166569179487179,1,0,ok,"{""reg_param"": 0.2}",119,347,2024,top,qda,manual_weak_top_label,149
0.3,30,13,0.23076923076923078,0.16666666666666666,0.06410256410256412,-0.016454573846153845,-0.012288004666666666,-0.004166569179487179,1,0,ok,"{""reg_param"": 0.2}",119,347,2024,top,qda,manual_weak_top_label,149
0.7,30,13,0.23076923076923078,0.16666666666666666,0.06410256410256412,-0.016454573846153845,-0.012288004666666666,-0.004166569179487179,1,0,ok,"{""reg_param"": 0.5}",119,347,2024,top,qda,manual_weak_top_label,149
0.6,30,13,0.23076923076923078,0.16666666666666666,0.06410256410256412,-0.016454573846153845,-0.012288004666666666,-0.004166569179487179,1,0,ok,"{""reg_param"": 0.5}",119,347,2024,top,qda,manual_weak_top_label,149
0.5,30,13,0.23076923076923078,0.16666666666666666,0.06410256410256412,-0.016454573846153845,-0.012288004666666666,-0.004166569179487179,1,0,ok,"{""reg_param"": 0.5}",119,347,2024,top,qda,manual_weak_top_label,149
0.4,30,13,0.23076923076923078,0.16666666666666666,0.06410256410256412,-0.016454573846153845,-0.012288004666666666,-0.004166569179487179,1,0,ok,"{""reg_param"": 0.5}",119,347,2024,top,qda,manual_weak_top_label,149
0.3,30,13,0.23076923076923078,0.16666666666666666,0.06410256410256412,-0.016454573846153845,-0.012288004666666666,-0.004166569179487179,1,0,ok,"{""reg_param"": 0.5}",119,347,2024,top,qda,manual_weak_top_label,149
0.7,30,13,0.23076923076923078,0.16666666666666666,0.06410256410256412,-0.016454573846153845,-0.012288004666666666,-0.004166569179487179,1,0,ok,"{""reg_param"": 0.8}",119,347,2024,top,qda,manual_weak_top_label,149
0.6,30,13,0.23076923076923078,0.16666666666666666,0.06410256410256412,-0.016454573846153845,-0.012288004666666666,-0.004166569179487179,1,0,ok,"{""reg_param"": 0.8}",119,347,2024,top,qda,manual_weak_top_label,149
0.5,30,13,0.23076923076923078,0.16666666666666666,0.06410256410256412,-0.016454573846153845,-0.012288004666666666,-0.004166569179487179,1,0,ok,"{""reg_param"": 0.8}",119,347,2024,top,qda,manual_weak_top_label,149
0.4,30,13,0.23076923076923078,0.16666666666666666,0.06410256410256412,-0.016454573846153845,-0.012288004666666666,-0.004166569179487179,1,0,ok,"{""reg_param"": 0.8}",119,347,2024,top,qda,manual_weak_top_label,149
0.3,30,13,0.23076923076923078,0.16666666666666666,0.06410256410256412,-0.016454573846153845,-0.012288004666666666,-0.004166569179487179,1,0,ok,"{""reg_param"": 0.8}",119,347,2024,top,qda,manual_weak_top_label,149
0.7,30,0,,0.16666666666666666,,,-0.012288004666666666,,0,0,ok,"{""balanced_bagging"": true, ""is_unbalance"": false, ""learning_rate"": 0.04, ""max_depth"": 3, ""min_child_samples"": 8, ""n_estimators"": 180, ""negative_sample_ratio"": 3.0, ""num_leaves"": 7}",119,347,2024,top,lightgbm,manual_weak_top_label,149
0.6,30,0,,0.16666666666666666,,,-0.012288004666666666,,0,0,ok,"{""balanced_bagging"": true, ""is_unbalance"": false, ""learning_rate"": 0.04, ""max_depth"": 3, ""min_child_samples"": 8, ""n_estimators"": 180, ""negative_sample_ratio"": 3.0, ""num_leaves"": 7}",119,347,2024,top,lightgbm,manual_weak_top_label,149
0.5,30,0,,0.16666666666666666,,,-0.012288004666666666,,0,0,ok,"{""balanced_bagging"": true, ""is_unbalance"": false, ""learning_rate"": 0.04, ""max_depth"": 3, ""min_child_samples"": 8, ""n_estimators"": 180, ""negative_sample_ratio"": 3.0, ""num_leaves"": 7}",119,347,2024,top,lightgbm,manual_weak_top_label,149
0.4,30,2,0.0,0.16666666666666666,-0.16666666666666666,-0.01335799,-0.012288004666666666,-0.0010699853333333339,1,1,ok,"{""balanced_bagging"": true, ""is_unbalance"": false, ""learning_rate"": 0.04, ""max_depth"": 3, ""min_child_samples"": 8, ""n_estimators"": 180, ""negative_sample_ratio"": 3.0, ""num_leaves"": 7}",119,347,2024,top,lightgbm,manual_weak_top_label,149
0.3,30,2,0.0,0.16666666666666666,-0.16666666666666666,-0.01335799,-0.012288004666666666,-0.0010699853333333339,1,0,ok,"{""balanced_bagging"": true, ""is_unbalance"": false, ""learning_rate"": 0.04, ""max_depth"": 3, ""min_child_samples"": 8, ""n_estimators"": 180, ""negative_sample_ratio"": 3.0, ""num_leaves"": 7}",119,347,2024,top,lightgbm,manual_weak_top_label,149
0.7,30,0,,0.16666666666666666,,,-0.012288004666666666,,0,0,ok,"{""balanced_bagging"": true, ""is_unbalance"": false, ""learning_rate"": 0.03, ""max_depth"": 4, ""min_child_samples"": 10, ""n_estimators"": 250, ""negative_sample_ratio"": 5.0, ""num_leaves"": 15}",119,347,2024,top,lightgbm,manual_weak_top_label,149
0.6,30,0,,0.16666666666666666,,,-0.012288004666666666,,0,0,ok,"{""balanced_bagging"": true, ""is_unbalance"": false, ""learning_rate"": 0.03, ""max_depth"": 4, ""min_child_samples"": 10, ""n_estimators"": 250, ""negative_sample_ratio"": 5.0, ""num_leaves"": 15}",119,347,2024,top,lightgbm,manual_weak_top_label,149
0.5,30,0,,0.16666666666666666,,,-0.012288004666666666,,0,0,ok,"{""balanced_bagging"": true, ""is_unbalance"": false, ""learning_rate"": 0.03, ""max_depth"": 4, ""min_child_samples"": 10, ""n_estimators"": 250, ""negative_sample_ratio"": 5.0, ""num_leaves"": 15}",119,347,2024,top,lightgbm,manual_weak_top_label,149
0.4,30,0,,0.16666666666666666,,,-0.012288004666666666,,0,0,ok,"{""balanced_bagging"": true, ""is_unbalance"": false, ""learning_rate"": 0.03, ""max_depth"": 4, ""min_child_samples"": 10, ""n_estimators"": 250, ""negative_sample_ratio"": 5.0, ""num_leaves"": 15}",119,347,2024,top,lightgbm,manual_weak_top_label,149
0.3,30,0,,0.16666666666666666,,,-0.012288004666666666,,0,0,ok,"{""balanced_bagging"": true, ""is_unbalance"": false, ""learning_rate"": 0.03, ""max_depth"": 4, ""min_child_samples"": 10, ""n_estimators"": 250, ""negative_sample_ratio"": 5.0, ""num_leaves"": 15}",119,347,2024,top,lightgbm,manual_weak_top_label,149
0.7,30,0,,0.16666666666666666,,,-0.012288004666666666,,0,0,ok,"{""balanced_bagging"": true, ""is_unbalance"": true, ""learning_rate"": 0.025, ""max_depth"": 5, ""min_child_samples"": 12, ""n_estimators"": 320, ""negative_sample_ratio"": 3.0, ""num_leaves"": 15}",119,347,2024,top,lightgbm,manual_weak_top_label,149
0.6,30,0,,0.16666666666666666,,,-0.012288004666666666,,0,0,ok,"{""balanced_bagging"": true, ""is_unbalance"": true, ""learning_rate"": 0.025, ""max_depth"": 5, ""min_child_samples"": 12, ""n_estimators"": 320, ""negative_sample_ratio"": 3.0, ""num_leaves"": 15}",119,347,2024,top,lightgbm,manual_weak_top_label,149
0.5,30,0,,0.16666666666666666,,,-0.012288004666666666,,0,0,ok,"{""balanced_bagging"": true, ""is_unbalance"": true, ""learning_rate"": 0.025, ""max_depth"": 5, ""min_child_samples"": 12, ""n_estimators"": 320, ""negative_sample_ratio"": 3.0, ""num_leaves"": 15}",119,347,2024,top,lightgbm,manual_weak_top_label,149
0.4,30,1,0.0,0.16666666666666666,-0.16666666666666666,-0.03001617,-0.012288004666666666,-0.01772816533333333,0,0,ok,"{""balanced_bagging"": true, ""is_unbalance"": true, ""learning_rate"": 0.025, ""max_depth"": 5, ""min_child_samples"": 12, ""n_estimators"": 320, ""negative_sample_ratio"": 3.0, ""num_leaves"": 15}",119,347,2024,top,lightgbm,manual_weak_top_label,149
0.3,30,2,0.0,0.16666666666666666,-0.16666666666666666,-0.01335799,-0.012288004666666666,-0.0010699853333333339,1,0,ok,"{""balanced_bagging"": true, ""is_unbalance"": true, ""learning_rate"": 0.025, ""max_depth"": 5, ""min_child_samples"": 12, ""n_estimators"": 320, ""negative_sample_ratio"": 3.0, ""num_leaves"": 15}",119,347,2024,top,lightgbm,manual_weak_top_label,149
0.7,30,3,0.0,0.16666666666666666,-0.16666666666666666,0.017373456666666665,-0.012288004666666666,0.029661461333333333,1,0,ok,"{""dropout"": 0.05, ""focal_alpha"": 0.7, ""focal_gamma"": 1.5, ""hidden_layers"": [32], ""learning_rate"": 0.001, ""max_epochs"": 130, ""patience"": 15}",119,347,2024,top,bp,manual_weak_top_label,149
0.6,30,4,0.25,0.16666666666666666,0.08333333333333334,-0.0063692475,-0.012288004666666666,0.005918757166666666,1,0,ok,"{""dropout"": 0.05, ""focal_alpha"": 0.7, ""focal_gamma"": 1.5, ""hidden_layers"": [32], ""learning_rate"": 0.001, ""max_epochs"": 130, ""patience"": 15}",119,347,2024,top,bp,manual_weak_top_label,149
0.5,30,4,0.25,0.16666666666666666,0.08333333333333334,-0.00013224,-0.012288004666666666,0.012155764666666666,1,0,ok,"{""dropout"": 0.05, ""focal_alpha"": 0.7, ""focal_gamma"": 1.5, ""hidden_layers"": [32], ""learning_rate"": 0.001, ""max_epochs"": 130, ""patience"": 15}",119,347,2024,top,bp,manual_weak_top_label,149
0.4,30,6,0.3333333333333333,0.16666666666666666,0.16666666666666666,-0.006789461666666666,-0.012288004666666666,0.005498543,1,0,ok,"{""dropout"": 0.05, ""focal_alpha"": 0.7, ""focal_gamma"": 1.5, ""hidden_layers"": [32], ""learning_rate"": 0.001, ""max_epochs"": 130, ""patience"": 15}",119,347,2024,top,bp,manual_weak_top_label,149
0.3,30,7,0.42857142857142855,0.16666666666666666,0.26190476190476186,-0.014752177142857143,-0.012288004666666666,-0.0024641724761904765,1,0,ok,"{""dropout"": 0.05, ""focal_alpha"": 0.7, ""focal_gamma"": 1.5, ""hidden_layers"": [32], ""learning_rate"": 0.001, ""max_epochs"": 130, ""patience"": 15}",119,347,2024,top,bp,manual_weak_top_label,149
0.7,30,1,0.0,0.16666666666666666,-0.16666666666666666,-0.03082729,-0.012288004666666666,-0.018539285333333336,0,0,ok,"{""dropout"": 0.1, ""focal_alpha"": 0.75, ""focal_gamma"": 2.0, ""hidden_layers"": [48, 24], ""learning_rate"": 0.001, ""max_epochs"": 160, ""patience"": 18}",119,347,2024,top,bp,manual_weak_top_label,149
0.6,30,1,0.0,0.16666666666666666,-0.16666666666666666,-0.03082729,-0.012288004666666666,-0.018539285333333336,0,0,ok,"{""dropout"": 0.1, ""focal_alpha"": 0.75, ""focal_gamma"": 2.0, ""hidden_layers"": [48, 24], ""learning_rate"": 0.001, ""max_epochs"": 160, ""patience"": 18}",119,347,2024,top,bp,manual_weak_top_label,149
0.5,30,1,0.0,0.16666666666666666,-0.16666666666666666,0.01862717,-0.012288004666666666,0.030915174666666663,0,0,ok,"{""dropout"": 0.1, ""focal_alpha"": 0.75, ""focal_gamma"": 2.0, ""hidden_layers"": [48, 24], ""learning_rate"": 0.001, ""max_epochs"": 160, ""patience"": 18}",119,347,2024,top,bp,manual_weak_top_label,149
0.4,30,1,0.0,0.16666666666666666,-0.16666666666666666,0.01862717,-0.012288004666666666,0.030915174666666663,0,0,ok,"{""dropout"": 0.1, ""focal_alpha"": 0.75, ""focal_gamma"": 2.0, ""hidden_layers"": [48, 24], ""learning_rate"": 0.001, ""max_epochs"": 160, ""patience"": 18}",119,347,2024,top,bp,manual_weak_top_label,149
0.3,30,2,0.0,0.16666666666666666,-0.16666666666666666,0.013163,-0.012288004666666666,0.025451004666666666,1,0,ok,"{""dropout"": 0.1, ""focal_alpha"": 0.75, ""focal_gamma"": 2.0, ""hidden_layers"": [48, 24], ""learning_rate"": 0.001, ""max_epochs"": 160, ""patience"": 18}",119,347,2024,top,bp,manual_weak_top_label,149
0.7,30,0,,0.16666666666666666,,,-0.012288004666666666,,0,0,ok,"{""dropout"": 0.15, ""focal_alpha"": 0.8, ""focal_gamma"": 2.5, ""hidden_layers"": [64, 32], ""learning_rate"": 0.0007, ""max_epochs"": 180, ""patience"": 20}",119,347,2024,top,bp,manual_weak_top_label,149
0.6,30,1,0.0,0.16666666666666666,-0.16666666666666666,-0.03082729,-0.012288004666666666,-0.018539285333333336,0,0,ok,"{""dropout"": 0.15, ""focal_alpha"": 0.8, ""focal_gamma"": 2.5, ""hidden_layers"": [64, 32], ""learning_rate"": 0.0007, ""max_epochs"": 180, ""patience"": 20}",119,347,2024,top,bp,manual_weak_top_label,149
0.5,30,2,0.5,0.16666666666666666,0.33333333333333337,-0.054212325,-0.012288004666666666,-0.041924320333333334,1,1,ok,"{""dropout"": 0.15, ""focal_alpha"": 0.8, ""focal_gamma"": 2.5, ""hidden_layers"": [64, 32], ""learning_rate"": 0.0007, ""max_epochs"": 180, ""patience"": 20}",119,347,2024,top,bp,manual_weak_top_label,149
0.4,30,2,0.5,0.16666666666666666,0.33333333333333337,-0.054212325,-0.012288004666666666,-0.041924320333333334,1,0,ok,"{""dropout"": 0.15, ""focal_alpha"": 0.8, ""focal_gamma"": 2.5, ""hidden_layers"": [64, 32], ""learning_rate"": 0.0007, ""max_epochs"": 180, ""patience"": 20}",119,347,2024,top,bp,manual_weak_top_label,149
0.3,30,4,0.25,0.16666666666666666,0.08333333333333334,-0.0091635575,-0.012288004666666666,0.0031244471666666655,1,0,ok,"{""dropout"": 0.15, ""focal_alpha"": 0.8, ""focal_gamma"": 2.5, ""hidden_layers"": [64, 32], ""learning_rate"": 0.0007, ""max_epochs"": 180, ""patience"": 20}",119,347,2024,top,bp,manual_weak_top_label,149
0.7,30,1,0.0,0.16666666666666666,-0.16666666666666666,-0.00587926,-0.012288004666666666,0.006408744666666666,0,0,ok,"{""alpha"": 0.0001, ""hidden_layer_sizes"": [32], ""learning_rate_init"": 0.001, ""max_iter"": 500, ""negative_sample_ratio"": 2.0}",119,347,2024,top,mlp,manual_weak_top_label,149
0.6,30,2,0.0,0.16666666666666666,-0.16666666666666666,-0.025368305,-0.012288004666666666,-0.013080300333333334,1,0,ok,"{""alpha"": 0.0001, ""hidden_layer_sizes"": [32], ""learning_rate_init"": 0.001, ""max_iter"": 500, ""negative_sample_ratio"": 2.0}",119,347,2024,top,mlp,manual_weak_top_label,149
0.5,30,3,0.0,0.16666666666666666,-0.16666666666666666,-0.006177116666666666,-0.012288004666666666,0.006110888,1,0,ok,"{""alpha"": 0.0001, ""hidden_layer_sizes"": [32], ""learning_rate_init"": 0.001, ""max_iter"": 500, ""negative_sample_ratio"": 2.0}",119,347,2024,top,mlp,manual_weak_top_label,149
0.4,30,5,0.2,0.16666666666666666,0.033333333333333354,-0.014984304,-0.012288004666666666,-0.002696299333333334,1,1,ok,"{""alpha"": 0.0001, ""hidden_layer_sizes"": [32], ""learning_rate_init"": 0.001, ""max_iter"": 500, ""negative_sample_ratio"": 2.0}",119,347,2024,top,mlp,manual_weak_top_label,149
0.3,30,5,0.2,0.16666666666666666,0.033333333333333354,-0.014984304,-0.012288004666666666,-0.002696299333333334,1,0,ok,"{""alpha"": 0.0001, ""hidden_layer_sizes"": [32], ""learning_rate_init"": 0.001, ""max_iter"": 500, ""negative_sample_ratio"": 2.0}",119,347,2024,top,mlp,manual_weak_top_label,149
0.7,30,0,,0.16666666666666666,,,-0.012288004666666666,,0,0,ok,"{""alpha"": 0.0001, ""hidden_layer_sizes"": [48, 24], ""learning_rate_init"": 0.001, ""max_iter"": 600, ""negative_sample_ratio"": 3.0}",119,347,2024,top,mlp,manual_weak_top_label,149
0.6,30,0,,0.16666666666666666,,,-0.012288004666666666,,0,0,ok,"{""alpha"": 0.0001, ""hidden_layer_sizes"": [48, 24], ""learning_rate_init"": 0.001, ""max_iter"": 600, ""negative_sample_ratio"": 3.0}",119,347,2024,top,mlp,manual_weak_top_label,149
0.5,30,0,,0.16666666666666666,,,-0.012288004666666666,,0,0,ok,"{""alpha"": 0.0001, ""hidden_layer_sizes"": [48, 24], ""learning_rate_init"": 0.001, ""max_iter"": 600, ""negative_sample_ratio"": 3.0}",119,347,2024,top,mlp,manual_weak_top_label,149
0.4,30,1,0.0,0.16666666666666666,-0.16666666666666666,0.00769883,-0.012288004666666666,0.019986834666666668,0,0,ok,"{""alpha"": 0.0001, ""hidden_layer_sizes"": [48, 24], ""learning_rate_init"": 0.001, ""max_iter"": 600, ""negative_sample_ratio"": 3.0}",119,347,2024,top,mlp,manual_weak_top_label,149
0.3,30,2,0.0,0.16666666666666666,-0.16666666666666666,-0.01584956,-0.012288004666666666,-0.0035615553333333324,1,0,ok,"{""alpha"": 0.0001, ""hidden_layer_sizes"": [48, 24], ""learning_rate_init"": 0.001, ""max_iter"": 600, ""negative_sample_ratio"": 3.0}",119,347,2024,top,mlp,manual_weak_top_label,149
0.7,30,0,,0.16666666666666666,,,-0.012288004666666666,,0,0,ok,"{""alpha"": 0.001, ""hidden_layer_sizes"": [64, 32], ""learning_rate_init"": 0.0007, ""max_iter"": 700, ""negative_sample_ratio"": 5.0}",119,347,2024,top,mlp,manual_weak_top_label,149
0.6,30,0,,0.16666666666666666,,,-0.012288004666666666,,0,0,ok,"{""alpha"": 0.001, ""hidden_layer_sizes"": [64, 32], ""learning_rate_init"": 0.0007, ""max_iter"": 700, ""negative_sample_ratio"": 5.0}",119,347,2024,top,mlp,manual_weak_top_label,149
0.5,30,1,0.0,0.16666666666666666,-0.16666666666666666,-0.03082729,-0.012288004666666666,-0.018539285333333336,0,0,ok,"{""alpha"": 0.001, ""hidden_layer_sizes"": [64, 32], ""learning_rate_init"": 0.0007, ""max_iter"": 700, ""negative_sample_ratio"": 5.0}",119,347,2024,top,mlp,manual_weak_top_label,149
0.4,30,2,0.0,0.16666666666666666,-0.16666666666666666,-0.01254732,-0.012288004666666666,-0.00025931533333333444,1,0,ok,"{""alpha"": 0.001, ""hidden_layer_sizes"": [64, 32], ""learning_rate_init"": 0.0007, ""max_iter"": 700, ""negative_sample_ratio"": 5.0}",119,347,2024,top,mlp,manual_weak_top_label,149
0.3,30,5,0.0,0.16666666666666666,-0.16666666666666666,0.025083526000000002,-0.012288004666666666,0.037371530666666666,1,0,ok,"{""alpha"": 0.001, ""hidden_layer_sizes"": [64, 32], ""learning_rate_init"": 0.0007, ""max_iter"": 700, ""negative_sample_ratio"": 5.0}",119,347,2024,top,mlp,manual_weak_top_label,149
0.7,30,0,,0.16666666666666666,,,-0.012288004666666666,,0,1,ok,"{""C"": 0.5, ""gamma"": ""scale""}",119,347,2024,top,svm,manual_weak_top_label,149
0.6,30,0,,0.16666666666666666,,,-0.012288004666666666,,0,0,ok,"{""C"": 0.5, ""gamma"": ""scale""}",119,347,2024,top,svm,manual_weak_top_label,149
0.5,30,0,,0.16666666666666666,,,-0.012288004666666666,,0,0,ok,"{""C"": 0.5, ""gamma"": ""scale""}",119,347,2024,top,svm,manual_weak_top_label,149
0.4,30,0,,0.16666666666666666,,,-0.012288004666666666,,0,0,ok,"{""C"": 0.5, ""gamma"": ""scale""}",119,347,2024,top,svm,manual_weak_top_label,149
0.3,30,0,,0.16666666666666666,,,-0.012288004666666666,,0,0,ok,"{""C"": 0.5, ""gamma"": ""scale""}",119,347,2024,top,svm,manual_weak_top_label,149
0.7,30,0,,0.16666666666666666,,,-0.012288004666666666,,0,0,ok,"{""C"": 1.0, ""gamma"": ""scale""}",119,347,2024,top,svm,manual_weak_top_label,149
0.6,30,0,,0.16666666666666666,,,-0.012288004666666666,,0,0,ok,"{""C"": 1.0, ""gamma"": ""scale""}",119,347,2024,top,svm,manual_weak_top_label,149
0.5,30,0,,0.16666666666666666,,,-0.012288004666666666,,0,0,ok,"{""C"": 1.0, ""gamma"": ""scale""}",119,347,2024,top,svm,manual_weak_top_label,149
0.4,30,0,,0.16666666666666666,,,-0.012288004666666666,,0,0,ok,"{""C"": 1.0, ""gamma"": ""scale""}",119,347,2024,top,svm,manual_weak_top_label,149
0.3,30,0,,0.16666666666666666,,,-0.012288004666666666,,0,0,ok,"{""C"": 1.0, ""gamma"": ""scale""}",119,347,2024,top,svm,manual_weak_top_label,149
0.7,30,0,,0.16666666666666666,,,-0.012288004666666666,,0,0,ok,"{""C"": 2.0, ""gamma"": ""scale""}",119,347,2024,top,svm,manual_weak_top_label,149
0.6,30,0,,0.16666666666666666,,,-0.012288004666666666,,0,0,ok,"{""C"": 2.0, ""gamma"": ""scale""}",119,347,2024,top,svm,manual_weak_top_label,149
0.5,30,0,,0.16666666666666666,,,-0.012288004666666666,,0,0,ok,"{""C"": 2.0, ""gamma"": ""scale""}",119,347,2024,top,svm,manual_weak_top_label,149
0.4,30,0,,0.16666666666666666,,,-0.012288004666666666,,0,0,ok,"{""C"": 2.0, ""gamma"": ""scale""}",119,347,2024,top,svm,manual_weak_top_label,149
0.3,30,0,,0.16666666666666666,,,-0.012288004666666666,,0,0,ok,"{""C"": 2.0, ""gamma"": ""scale""}",119,347,2024,top,svm,manual_weak_top_label,149
0.7,37,4,0.25,0.1891891891891892,0.0608108108108108,0.0199443925,0.007404172162162162,0.012540220337837839,1,0,ok,"{""C"": 0.3}",149,347,2025,bottom,logistic,manual_weak_bottom_label,186
0.6,37,5,0.4,0.1891891891891892,0.21081081081081082,0.05212293999999999,0.007404172162162162,0.04471876783783783,1,0,ok,"{""C"": 0.3}",149,347,2025,bottom,logistic,manual_weak_bottom_label,186
0.5,37,7,0.42857142857142855,0.1891891891891892,0.23938223938223935,0.05902323285714285,0.007404172162162162,0.05161906069498069,1,1,ok,"{""C"": 0.3}",149,347,2025,bottom,logistic,manual_weak_bottom_label,186
0.4,37,7,0.42857142857142855,0.1891891891891892,0.23938223938223935,0.05902323285714285,0.007404172162162162,0.05161906069498069,1,0,ok,"{""C"": 0.3}",149,347,2025,bottom,logistic,manual_weak_bottom_label,186
0.3,37,7,0.42857142857142855,0.1891891891891892,0.23938223938223935,0.05902323285714285,0.007404172162162162,0.05161906069498069,1,0,ok,"{""C"": 0.3}",149,347,2025,bottom,logistic,manual_weak_bottom_label,186
0.7,37,4,0.25,0.1891891891891892,0.0608108108108108,0.0199443925,0.007404172162162162,0.012540220337837839,1,0,ok,"{""C"": 1.0}",149,347,2025,bottom,logistic,manual_weak_bottom_label,186
0.6,37,5,0.4,0.1891891891891892,0.21081081081081082,0.05212293999999999,0.007404172162162162,0.04471876783783783,1,0,ok,"{""C"": 1.0}",149,347,2025,bottom,logistic,manual_weak_bottom_label,186
0.5,37,7,0.42857142857142855,0.1891891891891892,0.23938223938223935,0.05902323285714285,0.007404172162162162,0.05161906069498069,1,0,ok,"{""C"": 1.0}",149,347,2025,bottom,logistic,manual_weak_bottom_label,186
0.4,37,7,0.42857142857142855,0.1891891891891892,0.23938223938223935,0.05902323285714285,0.007404172162162162,0.05161906069498069,1,0,ok,"{""C"": 1.0}",149,347,2025,bottom,logistic,manual_weak_bottom_label,186
0.3,37,7,0.42857142857142855,0.1891891891891892,0.23938223938223935,0.05902323285714285,0.007404172162162162,0.05161906069498069,1,0,ok,"{""C"": 1.0}",149,347,2025,bottom,logistic,manual_weak_bottom_label,186
0.7,37,4,0.25,0.1891891891891892,0.0608108108108108,0.0199443925,0.007404172162162162,0.012540220337837839,1,0,ok,"{""C"": 3.0}",149,347,2025,bottom,logistic,manual_weak_bottom_label,186
0.6,37,5,0.2,0.1891891891891892,0.010810810810810811,0.01859548,0.007404172162162162,0.011191307837837838,1,0,ok,"{""C"": 3.0}",149,347,2025,bottom,logistic,manual_weak_bottom_label,186
0.5,37,6,0.3333333333333333,0.1891891891891892,0.14414414414414412,0.045635755,0.007404172162162162,0.03823158283783784,1,0,ok,"{""C"": 3.0}",149,347,2025,bottom,logistic,manual_weak_bottom_label,186
0.4,37,7,0.42857142857142855,0.1891891891891892,0.23938223938223935,0.05902323285714285,0.007404172162162162,0.05161906069498069,1,0,ok,"{""C"": 3.0}",149,347,2025,bottom,logistic,manual_weak_bottom_label,186
0.3,37,7,0.42857142857142855,0.1891891891891892,0.23938223938223935,0.05902323285714285,0.007404172162162162,0.05161906069498069,1,0,ok,"{""C"": 3.0}",149,347,2025,bottom,logistic,manual_weak_bottom_label,186
0.7,37,7,0.2857142857142857,0.1891891891891892,0.0965250965250965,0.02720607714285714,0.007404172162162162,0.01980190498069498,1,0,ok,"{""shrinkage"": ""auto"", ""solver"": ""lsqr""}",149,347,2025,bottom,lda,manual_weak_bottom_label,186
0.6,37,7,0.2857142857142857,0.1891891891891892,0.0965250965250965,0.02720607714285714,0.007404172162162162,0.01980190498069498,1,0,ok,"{""shrinkage"": ""auto"", ""solver"": ""lsqr""}",149,347,2025,bottom,lda,manual_weak_bottom_label,186
0.5,37,7,0.2857142857142857,0.1891891891891892,0.0965250965250965,0.02720607714285714,0.007404172162162162,0.01980190498069498,1,0,ok,"{""shrinkage"": ""auto"", ""solver"": ""lsqr""}",149,347,2025,bottom,lda,manual_weak_bottom_label,186
0.4,37,7,0.2857142857142857,0.1891891891891892,0.0965250965250965,0.02720607714285714,0.007404172162162162,0.01980190498069498,1,0,ok,"{""shrinkage"": ""auto"", ""solver"": ""lsqr""}",149,347,2025,bottom,lda,manual_weak_bottom_label,186
0.3,37,7,0.2857142857142857,0.1891891891891892,0.0965250965250965,0.02720607714285714,0.007404172162162162,0.01980190498069498,1,0,ok,"{""shrinkage"": ""auto"", ""solver"": ""lsqr""}",149,347,2025,bottom,lda,manual_weak_bottom_label,186
0.7,37,7,0.2857142857142857,0.1891891891891892,0.0965250965250965,0.02720607714285714,0.007404172162162162,0.01980190498069498,1,0,ok,"{""shrinkage"": 0.2, ""solver"": ""lsqr""}",149,347,2025,bottom,lda,manual_weak_bottom_label,186
0.6,37,7,0.2857142857142857,0.1891891891891892,0.0965250965250965,0.02720607714285714,0.007404172162162162,0.01980190498069498,1,0,ok,"{""shrinkage"": 0.2, ""solver"": ""lsqr""}",149,347,2025,bottom,lda,manual_weak_bottom_label,186
0.5,37,7,0.2857142857142857,0.1891891891891892,0.0965250965250965,0.02720607714285714,0.007404172162162162,0.01980190498069498,1,0,ok,"{""shrinkage"": 0.2, ""solver"": ""lsqr""}",149,347,2025,bottom,lda,manual_weak_bottom_label,186
0.4,37,7,0.2857142857142857,0.1891891891891892,0.0965250965250965,0.02720607714285714,0.007404172162162162,0.01980190498069498,1,0,ok,"{""shrinkage"": 0.2, ""solver"": ""lsqr""}",149,347,2025,bottom,lda,manual_weak_bottom_label,186
0.3,37,7,0.2857142857142857,0.1891891891891892,0.0965250965250965,0.02720607714285714,0.007404172162162162,0.01980190498069498,1,0,ok,"{""shrinkage"": 0.2, ""solver"": ""lsqr""}",149,347,2025,bottom,lda,manual_weak_bottom_label,186
0.7,37,5,0.4,0.1891891891891892,0.21081081081081082,0.043606052,0.007404172162162162,0.03620187983783784,1,1,ok,"{""shrinkage"": 0.5, ""solver"": ""lsqr""}",149,347,2025,bottom,lda,manual_weak_bottom_label,186
0.6,37,5,0.4,0.1891891891891892,0.21081081081081082,0.043606052,0.007404172162162162,0.03620187983783784,1,0,ok,"{""shrinkage"": 0.5, ""solver"": ""lsqr""}",149,347,2025,bottom,lda,manual_weak_bottom_label,186
0.5,37,6,0.3333333333333333,0.1891891891891892,0.14414414414414412,0.03853834833333333,0.007404172162162162,0.03113417617117117,1,0,ok,"{""shrinkage"": 0.5, ""solver"": ""lsqr""}",149,347,2025,bottom,lda,manual_weak_bottom_label,186
0.4,37,6,0.3333333333333333,0.1891891891891892,0.14414414414414412,0.045635755,0.007404172162162162,0.03823158283783784,1,0,ok,"{""shrinkage"": 0.5, ""solver"": ""lsqr""}",149,347,2025,bottom,lda,manual_weak_bottom_label,186
0.3,37,7,0.2857142857142857,0.1891891891891892,0.0965250965250965,0.039182231428571426,0.007404172162162162,0.03177805926640927,1,0,ok,"{""shrinkage"": 0.5, ""solver"": ""lsqr""}",149,347,2025,bottom,lda,manual_weak_bottom_label,186
0.7,37,17,0.23529411764705882,0.1891891891891892,0.04610492845786962,0.0072623,0.007404172162162162,-0.00014187216216216166,1,1,ok,"{""reg_param"": 0.2}",149,347,2025,bottom,qda,manual_weak_bottom_label,186
0.6,37,17,0.23529411764705882,0.1891891891891892,0.04610492845786962,0.0072623,0.007404172162162162,-0.00014187216216216166,1,0,ok,"{""reg_param"": 0.2}",149,347,2025,bottom,qda,manual_weak_bottom_label,186
0.5,37,17,0.23529411764705882,0.1891891891891892,0.04610492845786962,0.0072623,0.007404172162162162,-0.00014187216216216166,1,0,ok,"{""reg_param"": 0.2}",149,347,2025,bottom,qda,manual_weak_bottom_label,186
0.4,37,17,0.23529411764705882,0.1891891891891892,0.04610492845786962,0.0072623,0.007404172162162162,-0.00014187216216216166,1,0,ok,"{""reg_param"": 0.2}",149,347,2025,bottom,qda,manual_weak_bottom_label,186
0.3,37,17,0.23529411764705882,0.1891891891891892,0.04610492845786962,0.0072623,0.007404172162162162,-0.00014187216216216166,1,0,ok,"{""reg_param"": 0.2}",149,347,2025,bottom,qda,manual_weak_bottom_label,186
0.7,37,17,0.23529411764705882,0.1891891891891892,0.04610492845786962,0.0072623,0.007404172162162162,-0.00014187216216216166,1,0,ok,"{""reg_param"": 0.5}",149,347,2025,bottom,qda,manual_weak_bottom_label,186
0.6,37,17,0.23529411764705882,0.1891891891891892,0.04610492845786962,0.0072623,0.007404172162162162,-0.00014187216216216166,1,0,ok,"{""reg_param"": 0.5}",149,347,2025,bottom,qda,manual_weak_bottom_label,186
0.5,37,17,0.23529411764705882,0.1891891891891892,0.04610492845786962,0.0072623,0.007404172162162162,-0.00014187216216216166,1,0,ok,"{""reg_param"": 0.5}",149,347,2025,bottom,qda,manual_weak_bottom_label,186
0.4,37,17,0.23529411764705882,0.1891891891891892,0.04610492845786962,0.0072623,0.007404172162162162,-0.00014187216216216166,1,0,ok,"{""reg_param"": 0.5}",149,347,2025,bottom,qda,manual_weak_bottom_label,186
0.3,37,17,0.23529411764705882,0.1891891891891892,0.04610492845786962,0.0072623,0.007404172162162162,-0.00014187216216216166,1,0,ok,"{""reg_param"": 0.5}",149,347,2025,bottom,qda,manual_weak_bottom_label,186
0.7,37,17,0.23529411764705882,0.1891891891891892,0.04610492845786962,0.0072623,0.007404172162162162,-0.00014187216216216166,1,0,ok,"{""reg_param"": 0.8}",149,347,2025,bottom,qda,manual_weak_bottom_label,186
0.6,37,17,0.23529411764705882,0.1891891891891892,0.04610492845786962,0.0072623,0.007404172162162162,-0.00014187216216216166,1,0,ok,"{""reg_param"": 0.8}",149,347,2025,bottom,qda,manual_weak_bottom_label,186
0.5,37,17,0.23529411764705882,0.1891891891891892,0.04610492845786962,0.0072623,0.007404172162162162,-0.00014187216216216166,1,0,ok,"{""reg_param"": 0.8}",149,347,2025,bottom,qda,manual_weak_bottom_label,186
0.4,37,17,0.23529411764705882,0.1891891891891892,0.04610492845786962,0.0072623,0.007404172162162162,-0.00014187216216216166,1,0,ok,"{""reg_param"": 0.8}",149,347,2025,bottom,qda,manual_weak_bottom_label,186
0.3,37,17,0.23529411764705882,0.1891891891891892,0.04610492845786962,0.0072623,0.007404172162162162,-0.00014187216216216166,1,0,ok,"{""reg_param"": 0.8}",149,347,2025,bottom,qda,manual_weak_bottom_label,186
0.7,37,0,,0.1891891891891892,,,0.007404172162162162,,0,0,ok,"{""balanced_bagging"": true, ""is_unbalance"": false, ""learning_rate"": 0.04, ""max_depth"": 3, ""min_child_samples"": 8, ""n_estimators"": 180, ""negative_sample_ratio"": 3.0, ""num_leaves"": 7}",149,347,2025,bottom,lightgbm,manual_weak_bottom_label,186
0.6,37,1,0.0,0.1891891891891892,-0.1891891891891892,-0.0499846,0.007404172162162162,-0.057388772162162156,0,0,ok,"{""balanced_bagging"": true, ""is_unbalance"": false, ""learning_rate"": 0.04, ""max_depth"": 3, ""min_child_samples"": 8, ""n_estimators"": 180, ""negative_sample_ratio"": 3.0, ""num_leaves"": 7}",149,347,2025,bottom,lightgbm,manual_weak_bottom_label,186
0.5,37,2,0.5,0.1891891891891892,0.3108108108108108,0.065426265,0.007404172162162162,0.05802209283783784,1,1,ok,"{""balanced_bagging"": true, ""is_unbalance"": false, ""learning_rate"": 0.04, ""max_depth"": 3, ""min_child_samples"": 8, ""n_estimators"": 180, ""negative_sample_ratio"": 3.0, ""num_leaves"": 7}",149,347,2025,bottom,lightgbm,manual_weak_bottom_label,186
0.4,37,2,0.5,0.1891891891891892,0.3108108108108108,0.065426265,0.007404172162162162,0.05802209283783784,1,0,ok,"{""balanced_bagging"": true, ""is_unbalance"": false, ""learning_rate"": 0.04, ""max_depth"": 3, ""min_child_samples"": 8, ""n_estimators"": 180, ""negative_sample_ratio"": 3.0, ""num_leaves"": 7}",149,347,2025,bottom,lightgbm,manual_weak_bottom_label,186
0.3,37,6,0.16666666666666666,0.1891891891891892,-0.022522522522522542,-0.014920726666666667,0.007404172162162162,-0.022324898828828828,1,0,ok,"{""balanced_bagging"": true, ""is_unbalance"": false, ""learning_rate"": 0.04, ""max_depth"": 3, ""min_child_samples"": 8, ""n_estimators"": 180, ""negative_sample_ratio"": 3.0, ""num_leaves"": 7}",149,347,2025,bottom,lightgbm,manual_weak_bottom_label,186
0.7,37,0,,0.1891891891891892,,,0.007404172162162162,,0,0,ok,"{""balanced_bagging"": true, ""is_unbalance"": false, ""learning_rate"": 0.03, ""max_depth"": 4, ""min_child_samples"": 10, ""n_estimators"": 250, ""negative_sample_ratio"": 5.0, ""num_leaves"": 15}",149,347,2025,bottom,lightgbm,manual_weak_bottom_label,186
0.6,37,0,,0.1891891891891892,,,0.007404172162162162,,0,0,ok,"{""balanced_bagging"": true, ""is_unbalance"": false, ""learning_rate"": 0.03, ""max_depth"": 4, ""min_child_samples"": 10, ""n_estimators"": 250, ""negative_sample_ratio"": 5.0, ""num_leaves"": 15}",149,347,2025,bottom,lightgbm,manual_weak_bottom_label,186
0.5,37,1,1.0,0.1891891891891892,0.8108108108108107,0.18083713,0.007404172162162162,0.17343295783783785,0,0,ok,"{""balanced_bagging"": true, ""is_unbalance"": false, ""learning_rate"": 0.03, ""max_depth"": 4, ""min_child_samples"": 10, ""n_estimators"": 250, ""negative_sample_ratio"": 5.0, ""num_leaves"": 15}",149,347,2025,bottom,lightgbm,manual_weak_bottom_label,186
0.4,37,3,0.3333333333333333,0.1891891891891892,0.14414414414414412,0.04529618,0.007404172162162162,0.03789200783783784,1,0,ok,"{""balanced_bagging"": true, ""is_unbalance"": false, ""learning_rate"": 0.03, ""max_depth"": 4, ""min_child_samples"": 10, ""n_estimators"": 250, ""negative_sample_ratio"": 5.0, ""num_leaves"": 15}",149,347,2025,bottom,lightgbm,manual_weak_bottom_label,186
0.3,37,6,0.16666666666666666,0.1891891891891892,-0.022522522522522542,0.016778763333333332,0.007404172162162162,0.009374591171171169,1,0,ok,"{""balanced_bagging"": true, ""is_unbalance"": false, ""learning_rate"": 0.03, ""max_depth"": 4, ""min_child_samples"": 10, ""n_estimators"": 250, ""negative_sample_ratio"": 5.0, ""num_leaves"": 15}",149,347,2025,bottom,lightgbm,manual_weak_bottom_label,186
0.7,37,0,,0.1891891891891892,,,0.007404172162162162,,0,0,ok,"{""balanced_bagging"": true, ""is_unbalance"": true, ""learning_rate"": 0.025, ""max_depth"": 5, ""min_child_samples"": 12, ""n_estimators"": 320, ""negative_sample_ratio"": 3.0, ""num_leaves"": 15}",149,347,2025,bottom,lightgbm,manual_weak_bottom_label,186
0.6,37,1,1.0,0.1891891891891892,0.8108108108108107,0.18083713,0.007404172162162162,0.17343295783783785,0,0,ok,"{""balanced_bagging"": true, ""is_unbalance"": true, ""learning_rate"": 0.025, ""max_depth"": 5, ""min_child_samples"": 12, ""n_estimators"": 320, ""negative_sample_ratio"": 3.0, ""num_leaves"": 15}",149,347,2025,bottom,lightgbm,manual_weak_bottom_label,186
0.5,37,2,0.5,0.1891891891891892,0.3108108108108108,0.065426265,0.007404172162162162,0.05802209283783784,1,0,ok,"{""balanced_bagging"": true, ""is_unbalance"": true, ""learning_rate"": 0.025, ""max_depth"": 5, ""min_child_samples"": 12, ""n_estimators"": 320, ""negative_sample_ratio"": 3.0, ""num_leaves"": 15}",149,347,2025,bottom,lightgbm,manual_weak_bottom_label,186
0.4,37,3,0.0,0.1891891891891892,-0.1891891891891892,-0.03966787,0.007404172162162162,-0.04707204216216216,1,0,ok,"{""balanced_bagging"": true, ""is_unbalance"": true, ""learning_rate"": 0.025, ""max_depth"": 5, ""min_child_samples"": 12, ""n_estimators"": 320, ""negative_sample_ratio"": 3.0, ""num_leaves"": 15}",149,347,2025,bottom,lightgbm,manual_weak_bottom_label,186
0.3,37,6,0.16666666666666666,0.1891891891891892,-0.022522522522522542,-0.012825276666666668,0.007404172162162162,-0.02022944882882883,1,0,ok,"{""balanced_bagging"": true, ""is_unbalance"": true, ""learning_rate"": 0.025, ""max_depth"": 5, ""min_child_samples"": 12, ""n_estimators"": 320, ""negative_sample_ratio"": 3.0, ""num_leaves"": 15}",149,347,2025,bottom,lightgbm,manual_weak_bottom_label,186
0.7,37,1,0.0,0.1891891891891892,-0.1891891891891892,-0.01522962,0.007404172162162162,-0.022633792162162162,0,0,ok,"{""dropout"": 0.05, ""focal_alpha"": 0.7, ""focal_gamma"": 1.5, ""hidden_layers"": [32], ""learning_rate"": 0.001, ""max_epochs"": 130, ""patience"": 15}",149,347,2025,bottom,bp,manual_weak_bottom_label,186
0.6,37,4,0.25,0.1891891891891892,0.0608108108108108,0.01047357,0.007404172162162162,0.003069397837837838,1,0,ok,"{""dropout"": 0.05, ""focal_alpha"": 0.7, ""focal_gamma"": 1.5, ""hidden_layers"": [32], ""learning_rate"": 0.001, ""max_epochs"": 130, ""patience"": 15}",149,347,2025,bottom,bp,manual_weak_bottom_label,186
0.5,37,4,0.25,0.1891891891891892,0.0608108108108108,0.01047357,0.007404172162162162,0.003069397837837838,1,0,ok,"{""dropout"": 0.05, ""focal_alpha"": 0.7, ""focal_gamma"": 1.5, ""hidden_layers"": [32], ""learning_rate"": 0.001, ""max_epochs"": 130, ""patience"": 15}",149,347,2025,bottom,bp,manual_weak_bottom_label,186
0.4,37,6,0.16666666666666666,0.1891891891891892,-0.022522522522522542,0.006575185,0.007404172162162162,-0.000828987162162162,1,0,ok,"{""dropout"": 0.05, ""focal_alpha"": 0.7, ""focal_gamma"": 1.5, ""hidden_layers"": [32], ""learning_rate"": 0.001, ""max_epochs"": 130, ""patience"": 15}",149,347,2025,bottom,bp,manual_weak_bottom_label,186
0.3,37,8,0.375,0.1891891891891892,0.1858108108108108,0.0449545425,0.007404172162162162,0.03755037033783784,1,0,ok,"{""dropout"": 0.05, ""focal_alpha"": 0.7, ""focal_gamma"": 1.5, ""hidden_layers"": [32], ""learning_rate"": 0.001, ""max_epochs"": 130, ""patience"": 15}",149,347,2025,bottom,bp,manual_weak_bottom_label,186
0.7,37,4,0.25,0.1891891891891892,0.0608108108108108,0.01047357,0.007404172162162162,0.003069397837837838,1,0,ok,"{""dropout"": 0.1, ""focal_alpha"": 0.75, ""focal_gamma"": 2.0, ""hidden_layers"": [48, 24], ""learning_rate"": 0.001, ""max_epochs"": 160, ""patience"": 18}",149,347,2025,bottom,bp,manual_weak_bottom_label,186
0.6,37,5,0.4,0.1891891891891892,0.21081081081081082,0.05212293999999999,0.007404172162162162,0.04471876783783783,1,0,ok,"{""dropout"": 0.1, ""focal_alpha"": 0.75, ""focal_gamma"": 2.0, ""hidden_layers"": [48, 24], ""learning_rate"": 0.001, ""max_epochs"": 160, ""patience"": 18}",149,347,2025,bottom,bp,manual_weak_bottom_label,186
0.5,37,6,0.5,0.1891891891891892,0.3108108108108108,0.06666046666666667,0.007404172162162162,0.05925629450450451,1,1,ok,"{""dropout"": 0.1, ""focal_alpha"": 0.75, ""focal_gamma"": 2.0, ""hidden_layers"": [48, 24], ""learning_rate"": 0.001, ""max_epochs"": 160, ""patience"": 18}",149,347,2025,bottom,bp,manual_weak_bottom_label,186
0.4,37,6,0.5,0.1891891891891892,0.3108108108108108,0.06666046666666667,0.007404172162162162,0.05925629450450451,1,0,ok,"{""dropout"": 0.1, ""focal_alpha"": 0.75, ""focal_gamma"": 2.0, ""hidden_layers"": [48, 24], ""learning_rate"": 0.001, ""max_epochs"": 160, ""patience"": 18}",149,347,2025,bottom,bp,manual_weak_bottom_label,186
0.3,37,9,0.3333333333333333,0.1891891891891892,0.14414414414414412,0.04108301,0.007404172162162162,0.033678837837837844,1,0,ok,"{""dropout"": 0.1, ""focal_alpha"": 0.75, ""focal_gamma"": 2.0, ""hidden_layers"": [48, 24], ""learning_rate"": 0.001, ""max_epochs"": 160, ""patience"": 18}",149,347,2025,bottom,bp,manual_weak_bottom_label,186
0.7,37,3,0.3333333333333333,0.1891891891891892,0.14414414414414412,0.01862040666666667,0.007404172162162162,0.011216234504504506,1,0,ok,"{""dropout"": 0.15, ""focal_alpha"": 0.8, ""focal_gamma"": 2.5, ""hidden_layers"": [64, 32], ""learning_rate"": 0.0007, ""max_epochs"": 180, ""patience"": 20}",149,347,2025,bottom,bp,manual_weak_bottom_label,186
0.6,37,4,0.25,0.1891891891891892,0.0608108108108108,0.01047357,0.007404172162162162,0.003069397837837838,1,0,ok,"{""dropout"": 0.15, ""focal_alpha"": 0.8, ""focal_gamma"": 2.5, ""hidden_layers"": [64, 32], ""learning_rate"": 0.0007, ""max_epochs"": 180, ""patience"": 20}",149,347,2025,bottom,bp,manual_weak_bottom_label,186
0.5,37,5,0.4,0.1891891891891892,0.21081081081081082,0.05212293999999999,0.007404172162162162,0.04471876783783783,1,0,ok,"{""dropout"": 0.15, ""focal_alpha"": 0.8, ""focal_gamma"": 2.5, ""hidden_layers"": [64, 32], ""learning_rate"": 0.0007, ""max_epochs"": 180, ""patience"": 20}",149,347,2025,bottom,bp,manual_weak_bottom_label,186
0.4,37,6,0.3333333333333333,0.1891891891891892,0.14414414414414412,0.04351263166666666,0.007404172162162162,0.0361084595045045,1,0,ok,"{""dropout"": 0.15, ""focal_alpha"": 0.8, ""focal_gamma"": 2.5, ""hidden_layers"": [64, 32], ""learning_rate"": 0.0007, ""max_epochs"": 180, ""patience"": 20}",149,347,2025,bottom,bp,manual_weak_bottom_label,186
0.3,37,6,0.3333333333333333,0.1891891891891892,0.14414414414414412,0.03602121,0.007404172162162162,0.028617037837837835,1,0,ok,"{""dropout"": 0.15, ""focal_alpha"": 0.8, ""focal_gamma"": 2.5, ""hidden_layers"": [64, 32], ""learning_rate"": 0.0007, ""max_epochs"": 180, ""patience"": 20}",149,347,2025,bottom,bp,manual_weak_bottom_label,186
0.7,37,4,0.5,0.1891891891891892,0.3108108108108108,0.028455995,0.007404172162162162,0.02105182283783784,1,0,ok,"{""alpha"": 0.0001, ""hidden_layer_sizes"": [32], ""learning_rate_init"": 0.001, ""max_iter"": 500, ""negative_sample_ratio"": 2.0}",149,347,2025,bottom,mlp,manual_weak_bottom_label,186
0.6,37,7,0.42857142857142855,0.1891891891891892,0.23938223938223935,0.03621016,0.007404172162162162,0.028805987837837835,1,0,ok,"{""alpha"": 0.0001, ""hidden_layer_sizes"": [32], ""learning_rate_init"": 0.001, ""max_iter"": 500, ""negative_sample_ratio"": 2.0}",149,347,2025,bottom,mlp,manual_weak_bottom_label,186
0.5,37,8,0.375,0.1891891891891892,0.1858108108108108,0.029794035,0.007404172162162162,0.022389862837837837,1,0,ok,"{""alpha"": 0.0001, ""hidden_layer_sizes"": [32], ""learning_rate_init"": 0.001, ""max_iter"": 500, ""negative_sample_ratio"": 2.0}",149,347,2025,bottom,mlp,manual_weak_bottom_label,186
0.4,37,11,0.36363636363636365,0.1891891891891892,0.17444717444717445,0.03367954,0.007404172162162162,0.026275367837837838,1,0,ok,"{""alpha"": 0.0001, ""hidden_layer_sizes"": [32], ""learning_rate_init"": 0.001, ""max_iter"": 500, ""negative_sample_ratio"": 2.0}",149,347,2025,bottom,mlp,manual_weak_bottom_label,186
0.3,37,13,0.15384615384615385,0.1891891891891892,-0.035343035343035345,0.008347572307692307,0.007404172162162162,0.0009434001455301448,1,0,ok,"{""alpha"": 0.0001, ""hidden_layer_sizes"": [32], ""learning_rate_init"": 0.001, ""max_iter"": 500, ""negative_sample_ratio"": 2.0}",149,347,2025,bottom,mlp,manual_weak_bottom_label,186
0.7,37,0,,0.1891891891891892,,,0.007404172162162162,,0,0,ok,"{""alpha"": 0.0001, ""hidden_layer_sizes"": [48, 24], ""learning_rate_init"": 0.001, ""max_iter"": 600, ""negative_sample_ratio"": 3.0}",149,347,2025,bottom,mlp,manual_weak_bottom_label,186
0.6,37,0,,0.1891891891891892,,,0.007404172162162162,,0,0,ok,"{""alpha"": 0.0001, ""hidden_layer_sizes"": [48, 24], ""learning_rate_init"": 0.001, ""max_iter"": 600, ""negative_sample_ratio"": 3.0}",149,347,2025,bottom,mlp,manual_weak_bottom_label,186
0.5,37,0,,0.1891891891891892,,,0.007404172162162162,,0,0,ok,"{""alpha"": 0.0001, ""hidden_layer_sizes"": [48, 24], ""learning_rate_init"": 0.001, ""max_iter"": 600, ""negative_sample_ratio"": 3.0}",149,347,2025,bottom,mlp,manual_weak_bottom_label,186
0.4,37,0,,0.1891891891891892,,,0.007404172162162162,,0,0,ok,"{""alpha"": 0.0001, ""hidden_layer_sizes"": [48, 24], ""learning_rate_init"": 0.001, ""max_iter"": 600, ""negative_sample_ratio"": 3.0}",149,347,2025,bottom,mlp,manual_weak_bottom_label,186
0.3,37,0,,0.1891891891891892,,,0.007404172162162162,,0,0,ok,"{""alpha"": 0.0001, ""hidden_layer_sizes"": [48, 24], ""learning_rate_init"": 0.001, ""max_iter"": 600, ""negative_sample_ratio"": 3.0}",149,347,2025,bottom,mlp,manual_weak_bottom_label,186
0.7,37,1,1.0,0.1891891891891892,0.8108108108108107,0.29358353,0.007404172162162162,0.2861793578378378,0,0,ok,"{""alpha"": 0.001, ""hidden_layer_sizes"": [64, 32], ""learning_rate_init"": 0.0007, ""max_iter"": 700, ""negative_sample_ratio"": 5.0}",149,347,2025,bottom,mlp,manual_weak_bottom_label,186
0.6,37,1,1.0,0.1891891891891892,0.8108108108108107,0.29358353,0.007404172162162162,0.2861793578378378,0,0,ok,"{""alpha"": 0.001, ""hidden_layer_sizes"": [64, 32], ""learning_rate_init"": 0.0007, ""max_iter"": 700, ""negative_sample_ratio"": 5.0}",149,347,2025,bottom,mlp,manual_weak_bottom_label,186
0.5,37,3,0.6666666666666666,0.1891891891891892,0.47747747747747743,0.12441943,0.007404172162162162,0.11701525783783784,1,1,ok,"{""alpha"": 0.001, ""hidden_layer_sizes"": [64, 32], ""learning_rate_init"": 0.0007, ""max_iter"": 700, ""negative_sample_ratio"": 5.0}",149,347,2025,bottom,mlp,manual_weak_bottom_label,186
0.4,37,3,0.6666666666666666,0.1891891891891892,0.47747747747747743,0.12441943,0.007404172162162162,0.11701525783783784,1,0,ok,"{""alpha"": 0.001, ""hidden_layer_sizes"": [64, 32], ""learning_rate_init"": 0.0007, ""max_iter"": 700, ""negative_sample_ratio"": 5.0}",149,347,2025,bottom,mlp,manual_weak_bottom_label,186
0.3,37,5,0.6,0.1891891891891892,0.4108108108108108,0.047087116,0.007404172162162162,0.03968294383783784,1,0,ok,"{""alpha"": 0.001, ""hidden_layer_sizes"": [64, 32], ""learning_rate_init"": 0.0007, ""max_iter"": 700, ""negative_sample_ratio"": 5.0}",149,347,2025,bottom,mlp,manual_weak_bottom_label,186
0.7,37,0,,0.1891891891891892,,,0.007404172162162162,,0,0,ok,"{""C"": 0.5, ""gamma"": ""scale""}",149,347,2025,bottom,svm,manual_weak_bottom_label,186
0.6,37,0,,0.1891891891891892,,,0.007404172162162162,,0,0,ok,"{""C"": 0.5, ""gamma"": ""scale""}",149,347,2025,bottom,svm,manual_weak_bottom_label,186
0.5,37,0,,0.1891891891891892,,,0.007404172162162162,,0,0,ok,"{""C"": 0.5, ""gamma"": ""scale""}",149,347,2025,bottom,svm,manual_weak_bottom_label,186
0.4,37,0,,0.1891891891891892,,,0.007404172162162162,,0,0,ok,"{""C"": 0.5, ""gamma"": ""scale""}",149,347,2025,bottom,svm,manual_weak_bottom_label,186
0.3,37,9,0.2222222222222222,0.1891891891891892,0.03303303303303301,0.014408210000000001,0.007404172162162162,0.007004037837837839,1,1,ok,"{""C"": 0.5, ""gamma"": ""scale""}",149,347,2025,bottom,svm,manual_weak_bottom_label,186
0.7,37,0,,0.1891891891891892,,,0.007404172162162162,,0,0,ok,"{""C"": 1.0, ""gamma"": ""scale""}",149,347,2025,bottom,svm,manual_weak_bottom_label,186
0.6,37,0,,0.1891891891891892,,,0.007404172162162162,,0,0,ok,"{""C"": 1.0, ""gamma"": ""scale""}",149,347,2025,bottom,svm,manual_weak_bottom_label,186
0.5,37,0,,0.1891891891891892,,,0.007404172162162162,,0,0,ok,"{""C"": 1.0, ""gamma"": ""scale""}",149,347,2025,bottom,svm,manual_weak_bottom_label,186
0.4,37,0,,0.1891891891891892,,,0.007404172162162162,,0,0,ok,"{""C"": 1.0, ""gamma"": ""scale""}",149,347,2025,bottom,svm,manual_weak_bottom_label,186
0.3,37,0,,0.1891891891891892,,,0.007404172162162162,,0,0,ok,"{""C"": 1.0, ""gamma"": ""scale""}",149,347,2025,bottom,svm,manual_weak_bottom_label,186
0.7,37,0,,0.1891891891891892,,,0.007404172162162162,,0,0,ok,"{""C"": 2.0, ""gamma"": ""scale""}",149,347,2025,bottom,svm,manual_weak_bottom_label,186
0.6,37,0,,0.1891891891891892,,,0.007404172162162162,,0,0,ok,"{""C"": 2.0, ""gamma"": ""scale""}",149,347,2025,bottom,svm,manual_weak_bottom_label,186
0.5,37,0,,0.1891891891891892,,,0.007404172162162162,,0,0,ok,"{""C"": 2.0, ""gamma"": ""scale""}",149,347,2025,bottom,svm,manual_weak_bottom_label,186
0.4,37,0,,0.1891891891891892,,,0.007404172162162162,,0,0,ok,"{""C"": 2.0, ""gamma"": ""scale""}",149,347,2025,bottom,svm,manual_weak_bottom_label,186
0.3,37,0,,0.1891891891891892,,,0.007404172162162162,,0,0,ok,"{""C"": 2.0, ""gamma"": ""scale""}",149,347,2025,bottom,svm,manual_weak_bottom_label,186
0.7,34,0,,0.08823529411764706,,,0.0018498020588235294,,0,0,ok,"{""C"": 0.3}",135,347,2025,top,logistic,manual_weak_top_label,169
0.6,34,0,,0.08823529411764706,,,0.0018498020588235294,,0,0,ok,"{""C"": 0.3}",135,347,2025,top,logistic,manual_weak_top_label,169
0.5,34,0,,0.08823529411764706,,,0.0018498020588235294,,0,0,ok,"{""C"": 0.3}",135,347,2025,top,logistic,manual_weak_top_label,169
0.4,34,0,,0.08823529411764706,,,0.0018498020588235294,,0,0,ok,"{""C"": 0.3}",135,347,2025,top,logistic,manual_weak_top_label,169
0.3,34,1,1.0,0.08823529411764706,0.9117647058823529,-0.06252847,0.0018498020588235294,-0.06437827205882353,0,0,ok,"{""C"": 0.3}",135,347,2025,top,logistic,manual_weak_top_label,169
0.7,34,0,,0.08823529411764706,,,0.0018498020588235294,,0,0,ok,"{""C"": 1.0}",135,347,2025,top,logistic,manual_weak_top_label,169
0.6,34,0,,0.08823529411764706,,,0.0018498020588235294,,0,0,ok,"{""C"": 1.0}",135,347,2025,top,logistic,manual_weak_top_label,169
0.5,34,0,,0.08823529411764706,,,0.0018498020588235294,,0,0,ok,"{""C"": 1.0}",135,347,2025,top,logistic,manual_weak_top_label,169
0.4,34,1,1.0,0.08823529411764706,0.9117647058823529,-0.06252847,0.0018498020588235294,-0.06437827205882353,0,0,ok,"{""C"": 1.0}",135,347,2025,top,logistic,manual_weak_top_label,169
0.3,34,1,1.0,0.08823529411764706,0.9117647058823529,-0.06252847,0.0018498020588235294,-0.06437827205882353,0,0,ok,"{""C"": 1.0}",135,347,2025,top,logistic,manual_weak_top_label,169
0.7,34,0,,0.08823529411764706,,,0.0018498020588235294,,0,0,ok,"{""C"": 3.0}",135,347,2025,top,logistic,manual_weak_top_label,169
0.6,34,0,,0.08823529411764706,,,0.0018498020588235294,,0,0,ok,"{""C"": 3.0}",135,347,2025,top,logistic,manual_weak_top_label,169
0.5,34,1,1.0,0.08823529411764706,0.9117647058823529,-0.06252847,0.0018498020588235294,-0.06437827205882353,0,1,ok,"{""C"": 3.0}",135,347,2025,top,logistic,manual_weak_top_label,169
0.4,34,1,1.0,0.08823529411764706,0.9117647058823529,-0.06252847,0.0018498020588235294,-0.06437827205882353,0,0,ok,"{""C"": 3.0}",135,347,2025,top,logistic,manual_weak_top_label,169
0.3,34,1,1.0,0.08823529411764706,0.9117647058823529,-0.06252847,0.0018498020588235294,-0.06437827205882353,0,0,ok,"{""C"": 3.0}",135,347,2025,top,logistic,manual_weak_top_label,169
0.7,34,0,,0.08823529411764706,,,0.0018498020588235294,,0,1,ok,"{""shrinkage"": ""auto"", ""solver"": ""lsqr""}",135,347,2025,top,lda,manual_weak_top_label,169
0.6,34,0,,0.08823529411764706,,,0.0018498020588235294,,0,0,ok,"{""shrinkage"": ""auto"", ""solver"": ""lsqr""}",135,347,2025,top,lda,manual_weak_top_label,169
0.5,34,0,,0.08823529411764706,,,0.0018498020588235294,,0,0,ok,"{""shrinkage"": ""auto"", ""solver"": ""lsqr""}",135,347,2025,top,lda,manual_weak_top_label,169
0.4,34,0,,0.08823529411764706,,,0.0018498020588235294,,0,0,ok,"{""shrinkage"": ""auto"", ""solver"": ""lsqr""}",135,347,2025,top,lda,manual_weak_top_label,169
0.3,34,0,,0.08823529411764706,,,0.0018498020588235294,,0,0,ok,"{""shrinkage"": ""auto"", ""solver"": ""lsqr""}",135,347,2025,top,lda,manual_weak_top_label,169
0.7,34,0,,0.08823529411764706,,,0.0018498020588235294,,0,0,ok,"{""shrinkage"": 0.2, ""solver"": ""lsqr""}",135,347,2025,top,lda,manual_weak_top_label,169
0.6,34,0,,0.08823529411764706,,,0.0018498020588235294,,0,0,ok,"{""shrinkage"": 0.2, ""solver"": ""lsqr""}",135,347,2025,top,lda,manual_weak_top_label,169
0.5,34,0,,0.08823529411764706,,,0.0018498020588235294,,0,0,ok,"{""shrinkage"": 0.2, ""solver"": ""lsqr""}",135,347,2025,top,lda,manual_weak_top_label,169
0.4,34,0,,0.08823529411764706,,,0.0018498020588235294,,0,0,ok,"{""shrinkage"": 0.2, ""solver"": ""lsqr""}",135,347,2025,top,lda,manual_weak_top_label,169
0.3,34,0,,0.08823529411764706,,,0.0018498020588235294,,0,0,ok,"{""shrinkage"": 0.2, ""solver"": ""lsqr""}",135,347,2025,top,lda,manual_weak_top_label,169
0.7,34,0,,0.08823529411764706,,,0.0018498020588235294,,0,0,ok,"{""shrinkage"": 0.5, ""solver"": ""lsqr""}",135,347,2025,top,lda,manual_weak_top_label,169
0.6,34,0,,0.08823529411764706,,,0.0018498020588235294,,0,0,ok,"{""shrinkage"": 0.5, ""solver"": ""lsqr""}",135,347,2025,top,lda,manual_weak_top_label,169
0.5,34,0,,0.08823529411764706,,,0.0018498020588235294,,0,0,ok,"{""shrinkage"": 0.5, ""solver"": ""lsqr""}",135,347,2025,top,lda,manual_weak_top_label,169
0.4,34,0,,0.08823529411764706,,,0.0018498020588235294,,0,0,ok,"{""shrinkage"": 0.5, ""solver"": ""lsqr""}",135,347,2025,top,lda,manual_weak_top_label,169
0.3,34,0,,0.08823529411764706,,,0.0018498020588235294,,0,0,ok,"{""shrinkage"": 0.5, ""solver"": ""lsqr""}",135,347,2025,top,lda,manual_weak_top_label,169
0.7,34,15,0.06666666666666667,0.08823529411764706,-0.0215686274509804,0.001946822,0.0018498020588235294,9.701994117647058e-05,1,1,ok,"{""reg_param"": 0.2}",135,347,2025,top,qda,manual_weak_top_label,169
0.6,34,15,0.06666666666666667,0.08823529411764706,-0.0215686274509804,0.001946822,0.0018498020588235294,9.701994117647058e-05,1,0,ok,"{""reg_param"": 0.2}",135,347,2025,top,qda,manual_weak_top_label,169
0.5,34,15,0.06666666666666667,0.08823529411764706,-0.0215686274509804,0.001946822,0.0018498020588235294,9.701994117647058e-05,1,0,ok,"{""reg_param"": 0.2}",135,347,2025,top,qda,manual_weak_top_label,169
0.4,34,15,0.06666666666666667,0.08823529411764706,-0.0215686274509804,0.001946822,0.0018498020588235294,9.701994117647058e-05,1,0,ok,"{""reg_param"": 0.2}",135,347,2025,top,qda,manual_weak_top_label,169
0.3,34,15,0.06666666666666667,0.08823529411764706,-0.0215686274509804,0.001946822,0.0018498020588235294,9.701994117647058e-05,1,0,ok,"{""reg_param"": 0.2}",135,347,2025,top,qda,manual_weak_top_label,169
0.7,34,15,0.06666666666666667,0.08823529411764706,-0.0215686274509804,0.001946822,0.0018498020588235294,9.701994117647058e-05,1,0,ok,"{""reg_param"": 0.5}",135,347,2025,top,qda,manual_weak_top_label,169
0.6,34,15,0.06666666666666667,0.08823529411764706,-0.0215686274509804,0.001946822,0.0018498020588235294,9.701994117647058e-05,1,0,ok,"{""reg_param"": 0.5}",135,347,2025,top,qda,manual_weak_top_label,169
0.5,34,15,0.06666666666666667,0.08823529411764706,-0.0215686274509804,0.001946822,0.0018498020588235294,9.701994117647058e-05,1,0,ok,"{""reg_param"": 0.5}",135,347,2025,top,qda,manual_weak_top_label,169
0.4,34,15,0.06666666666666667,0.08823529411764706,-0.0215686274509804,0.001946822,0.0018498020588235294,9.701994117647058e-05,1,0,ok,"{""reg_param"": 0.5}",135,347,2025,top,qda,manual_weak_top_label,169
0.3,34,15,0.06666666666666667,0.08823529411764706,-0.0215686274509804,0.001946822,0.0018498020588235294,9.701994117647058e-05,1,0,ok,"{""reg_param"": 0.5}",135,347,2025,top,qda,manual_weak_top_label,169
0.7,34,15,0.06666666666666667,0.08823529411764706,-0.0215686274509804,0.001946822,0.0018498020588235294,9.701994117647058e-05,1,0,ok,"{""reg_param"": 0.8}",135,347,2025,top,qda,manual_weak_top_label,169
0.6,34,15,0.06666666666666667,0.08823529411764706,-0.0215686274509804,0.001946822,0.0018498020588235294,9.701994117647058e-05,1,0,ok,"{""reg_param"": 0.8}",135,347,2025,top,qda,manual_weak_top_label,169
0.5,34,15,0.06666666666666667,0.08823529411764706,-0.0215686274509804,0.001946822,0.0018498020588235294,9.701994117647058e-05,1,0,ok,"{""reg_param"": 0.8}",135,347,2025,top,qda,manual_weak_top_label,169
0.4,34,15,0.06666666666666667,0.08823529411764706,-0.0215686274509804,0.001946822,0.0018498020588235294,9.701994117647058e-05,1,0,ok,"{""reg_param"": 0.8}",135,347,2025,top,qda,manual_weak_top_label,169
0.3,34,15,0.06666666666666667,0.08823529411764706,-0.0215686274509804,0.001946822,0.0018498020588235294,9.701994117647058e-05,1,0,ok,"{""reg_param"": 0.8}",135,347,2025,top,qda,manual_weak_top_label,169
0.7,34,1,0.0,0.08823529411764706,-0.08823529411764706,0.036586,0.0018498020588235294,0.03473619794117647,0,0,ok,"{""balanced_bagging"": true, ""is_unbalance"": false, ""learning_rate"": 0.04, ""max_depth"": 3, ""min_child_samples"": 8, ""n_estimators"": 180, ""negative_sample_ratio"": 3.0, ""num_leaves"": 7}",135,347,2025,top,lightgbm,manual_weak_top_label,169
0.6,34,2,0.0,0.08823529411764706,-0.08823529411764706,-0.00335565,0.0018498020588235294,-0.0052054520588235296,1,0,ok,"{""balanced_bagging"": true, ""is_unbalance"": false, ""learning_rate"": 0.04, ""max_depth"": 3, ""min_child_samples"": 8, ""n_estimators"": 180, ""negative_sample_ratio"": 3.0, ""num_leaves"": 7}",135,347,2025,top,lightgbm,manual_weak_top_label,169
0.5,34,3,0.0,0.08823529411764706,-0.08823529411764706,0.03347816,0.0018498020588235294,0.03162835794117647,1,0,ok,"{""balanced_bagging"": true, ""is_unbalance"": false, ""learning_rate"": 0.04, ""max_depth"": 3, ""min_child_samples"": 8, ""n_estimators"": 180, ""negative_sample_ratio"": 3.0, ""num_leaves"": 7}",135,347,2025,top,lightgbm,manual_weak_top_label,169
0.4,34,4,0.25,0.08823529411764706,0.16176470588235292,0.0056567175,0.0018498020588235294,0.0038069154411764705,1,1,ok,"{""balanced_bagging"": true, ""is_unbalance"": false, ""learning_rate"": 0.04, ""max_depth"": 3, ""min_child_samples"": 8, ""n_estimators"": 180, ""negative_sample_ratio"": 3.0, ""num_leaves"": 7}",135,347,2025,top,lightgbm,manual_weak_top_label,169
0.3,34,5,0.2,0.08823529411764706,0.11176470588235295,-0.00147786,0.0018498020588235294,-0.0033276620588235293,1,0,ok,"{""balanced_bagging"": true, ""is_unbalance"": false, ""learning_rate"": 0.04, ""max_depth"": 3, ""min_child_samples"": 8, ""n_estimators"": 180, ""negative_sample_ratio"": 3.0, ""num_leaves"": 7}",135,347,2025,top,lightgbm,manual_weak_top_label,169
0.7,34,0,,0.08823529411764706,,,0.0018498020588235294,,0,0,ok,"{""balanced_bagging"": true, ""is_unbalance"": false, ""learning_rate"": 0.03, ""max_depth"": 4, ""min_child_samples"": 10, ""n_estimators"": 250, ""negative_sample_ratio"": 5.0, ""num_leaves"": 15}",135,347,2025,top,lightgbm,manual_weak_top_label,169
0.6,34,1,0.0,0.08823529411764706,-0.08823529411764706,0.05380991,0.0018498020588235294,0.051960107941176475,0,0,ok,"{""balanced_bagging"": true, ""is_unbalance"": false, ""learning_rate"": 0.03, ""max_depth"": 4, ""min_child_samples"": 10, ""n_estimators"": 250, ""negative_sample_ratio"": 5.0, ""num_leaves"": 15}",135,347,2025,top,lightgbm,manual_weak_top_label,169
0.5,34,2,0.0,0.08823529411764706,-0.08823529411764706,0.04176428,0.0018498020588235294,0.039914477941176474,1,0,ok,"{""balanced_bagging"": true, ""is_unbalance"": false, ""learning_rate"": 0.03, ""max_depth"": 4, ""min_child_samples"": 10, ""n_estimators"": 250, ""negative_sample_ratio"": 5.0, ""num_leaves"": 15}",135,347,2025,top,lightgbm,manual_weak_top_label,169
0.4,34,2,0.0,0.08823529411764706,-0.08823529411764706,0.033152325,0.0018498020588235294,0.031302522941176476,1,0,ok,"{""balanced_bagging"": true, ""is_unbalance"": false, ""learning_rate"": 0.03, ""max_depth"": 4, ""min_child_samples"": 10, ""n_estimators"": 250, ""negative_sample_ratio"": 5.0, ""num_leaves"": 15}",135,347,2025,top,lightgbm,manual_weak_top_label,169
0.3,34,3,0.0,0.08823529411764706,-0.08823529411764706,-0.01224249,0.0018498020588235294,-0.014092292058823529,1,0,ok,"{""balanced_bagging"": true, ""is_unbalance"": false, ""learning_rate"": 0.03, ""max_depth"": 4, ""min_child_samples"": 10, ""n_estimators"": 250, ""negative_sample_ratio"": 5.0, ""num_leaves"": 15}",135,347,2025,top,lightgbm,manual_weak_top_label,169
0.7,34,1,0.0,0.08823529411764706,-0.08823529411764706,0.036586,0.0018498020588235294,0.03473619794117647,0,0,ok,"{""balanced_bagging"": true, ""is_unbalance"": true, ""learning_rate"": 0.025, ""max_depth"": 5, ""min_child_samples"": 12, ""n_estimators"": 320, ""negative_sample_ratio"": 3.0, ""num_leaves"": 15}",135,347,2025,top,lightgbm,manual_weak_top_label,169
0.6,34,2,0.0,0.08823529411764706,-0.08823529411764706,-0.00335565,0.0018498020588235294,-0.0052054520588235296,1,0,ok,"{""balanced_bagging"": true, ""is_unbalance"": true, ""learning_rate"": 0.025, ""max_depth"": 5, ""min_child_samples"": 12, ""n_estimators"": 320, ""negative_sample_ratio"": 3.0, ""num_leaves"": 15}",135,347,2025,top,lightgbm,manual_weak_top_label,169
0.5,34,3,0.0,0.08823529411764706,-0.08823529411764706,0.03347816,0.0018498020588235294,0.03162835794117647,1,0,ok,"{""balanced_bagging"": true, ""is_unbalance"": true, ""learning_rate"": 0.025, ""max_depth"": 5, ""min_child_samples"": 12, ""n_estimators"": 320, ""negative_sample_ratio"": 3.0, ""num_leaves"": 15}",135,347,2025,top,lightgbm,manual_weak_top_label,169
0.4,34,6,0.16666666666666666,0.08823529411764706,0.07843137254901959,-0.006137,0.0018498020588235294,-0.007986802058823529,1,0,ok,"{""balanced_bagging"": true, ""is_unbalance"": true, ""learning_rate"": 0.025, ""max_depth"": 5, ""min_child_samples"": 12, ""n_estimators"": 320, ""negative_sample_ratio"": 3.0, ""num_leaves"": 15}",135,347,2025,top,lightgbm,manual_weak_top_label,169
0.3,34,6,0.16666666666666666,0.08823529411764706,0.07843137254901959,-0.006137,0.0018498020588235294,-0.007986802058823529,1,0,ok,"{""balanced_bagging"": true, ""is_unbalance"": true, ""learning_rate"": 0.025, ""max_depth"": 5, ""min_child_samples"": 12, ""n_estimators"": 320, ""negative_sample_ratio"": 3.0, ""num_leaves"": 15}",135,347,2025,top,lightgbm,manual_weak_top_label,169
0.7,34,0,,0.08823529411764706,,,0.0018498020588235294,,0,1,ok,"{""dropout"": 0.05, ""focal_alpha"": 0.7, ""focal_gamma"": 1.5, ""hidden_layers"": [32], ""learning_rate"": 0.001, ""max_epochs"": 130, ""patience"": 15}",135,347,2025,top,bp,manual_weak_top_label,169
0.6,34,0,,0.08823529411764706,,,0.0018498020588235294,,0,0,ok,"{""dropout"": 0.05, ""focal_alpha"": 0.7, ""focal_gamma"": 1.5, ""hidden_layers"": [32], ""learning_rate"": 0.001, ""max_epochs"": 130, ""patience"": 15}",135,347,2025,top,bp,manual_weak_top_label,169
0.5,34,0,,0.08823529411764706,,,0.0018498020588235294,,0,0,ok,"{""dropout"": 0.05, ""focal_alpha"": 0.7, ""focal_gamma"": 1.5, ""hidden_layers"": [32], ""learning_rate"": 0.001, ""max_epochs"": 130, ""patience"": 15}",135,347,2025,top,bp,manual_weak_top_label,169
0.4,34,0,,0.08823529411764706,,,0.0018498020588235294,,0,0,ok,"{""dropout"": 0.05, ""focal_alpha"": 0.7, ""focal_gamma"": 1.5, ""hidden_layers"": [32], ""learning_rate"": 0.001, ""max_epochs"": 130, ""patience"": 15}",135,347,2025,top,bp,manual_weak_top_label,169
0.3,34,0,,0.08823529411764706,,,0.0018498020588235294,,0,0,ok,"{""dropout"": 0.05, ""focal_alpha"": 0.7, ""focal_gamma"": 1.5, ""hidden_layers"": [32], ""learning_rate"": 0.001, ""max_epochs"": 130, ""patience"": 15}",135,347,2025,top,bp,manual_weak_top_label,169
0.7,34,0,,0.08823529411764706,,,0.0018498020588235294,,0,0,ok,"{""dropout"": 0.1, ""focal_alpha"": 0.75, ""focal_gamma"": 2.0, ""hidden_layers"": [48, 24], ""learning_rate"": 0.001, ""max_epochs"": 160, ""patience"": 18}",135,347,2025,top,bp,manual_weak_top_label,169
0.6,34,0,,0.08823529411764706,,,0.0018498020588235294,,0,0,ok,"{""dropout"": 0.1, ""focal_alpha"": 0.75, ""focal_gamma"": 2.0, ""hidden_layers"": [48, 24], ""learning_rate"": 0.001, ""max_epochs"": 160, ""patience"": 18}",135,347,2025,top,bp,manual_weak_top_label,169
0.5,34,0,,0.08823529411764706,,,0.0018498020588235294,,0,0,ok,"{""dropout"": 0.1, ""focal_alpha"": 0.75, ""focal_gamma"": 2.0, ""hidden_layers"": [48, 24], ""learning_rate"": 0.001, ""max_epochs"": 160, ""patience"": 18}",135,347,2025,top,bp,manual_weak_top_label,169
0.4,34,0,,0.08823529411764706,,,0.0018498020588235294,,0,0,ok,"{""dropout"": 0.1, ""focal_alpha"": 0.75, ""focal_gamma"": 2.0, ""hidden_layers"": [48, 24], ""learning_rate"": 0.001, ""max_epochs"": 160, ""patience"": 18}",135,347,2025,top,bp,manual_weak_top_label,169
0.3,34,0,,0.08823529411764706,,,0.0018498020588235294,,0,0,ok,"{""dropout"": 0.1, ""focal_alpha"": 0.75, ""focal_gamma"": 2.0, ""hidden_layers"": [48, 24], ""learning_rate"": 0.001, ""max_epochs"": 160, ""patience"": 18}",135,347,2025,top,bp,manual_weak_top_label,169
0.7,34,0,,0.08823529411764706,,,0.0018498020588235294,,0,0,ok,"{""dropout"": 0.15, ""focal_alpha"": 0.8, ""focal_gamma"": 2.5, ""hidden_layers"": [64, 32], ""learning_rate"": 0.0007, ""max_epochs"": 180, ""patience"": 20}",135,347,2025,top,bp,manual_weak_top_label,169
0.6,34,0,,0.08823529411764706,,,0.0018498020588235294,,0,0,ok,"{""dropout"": 0.15, ""focal_alpha"": 0.8, ""focal_gamma"": 2.5, ""hidden_layers"": [64, 32], ""learning_rate"": 0.0007, ""max_epochs"": 180, ""patience"": 20}",135,347,2025,top,bp,manual_weak_top_label,169
0.5,34,0,,0.08823529411764706,,,0.0018498020588235294,,0,0,ok,"{""dropout"": 0.15, ""focal_alpha"": 0.8, ""focal_gamma"": 2.5, ""hidden_layers"": [64, 32], ""learning_rate"": 0.0007, ""max_epochs"": 180, ""patience"": 20}",135,347,2025,top,bp,manual_weak_top_label,169
0.4,34,0,,0.08823529411764706,,,0.0018498020588235294,,0,0,ok,"{""dropout"": 0.15, ""focal_alpha"": 0.8, ""focal_gamma"": 2.5, ""hidden_layers"": [64, 32], ""learning_rate"": 0.0007, ""max_epochs"": 180, ""patience"": 20}",135,347,2025,top,bp,manual_weak_top_label,169
0.3,34,0,,0.08823529411764706,,,0.0018498020588235294,,0,0,ok,"{""dropout"": 0.15, ""focal_alpha"": 0.8, ""focal_gamma"": 2.5, ""hidden_layers"": [64, 32], ""learning_rate"": 0.0007, ""max_epochs"": 180, ""patience"": 20}",135,347,2025,top,bp,manual_weak_top_label,169
0.7,34,0,,0.08823529411764706,,,0.0018498020588235294,,0,0,ok,"{""alpha"": 0.0001, ""hidden_layer_sizes"": [32], ""learning_rate_init"": 0.001, ""max_iter"": 500, ""negative_sample_ratio"": 2.0}",135,347,2025,top,mlp,manual_weak_top_label,169
0.6,34,0,,0.08823529411764706,,,0.0018498020588235294,,0,0,ok,"{""alpha"": 0.0001, ""hidden_layer_sizes"": [32], ""learning_rate_init"": 0.001, ""max_iter"": 500, ""negative_sample_ratio"": 2.0}",135,347,2025,top,mlp,manual_weak_top_label,169
0.5,34,0,,0.08823529411764706,,,0.0018498020588235294,,0,0,ok,"{""alpha"": 0.0001, ""hidden_layer_sizes"": [32], ""learning_rate_init"": 0.001, ""max_iter"": 500, ""negative_sample_ratio"": 2.0}",135,347,2025,top,mlp,manual_weak_top_label,169
0.4,34,0,,0.08823529411764706,,,0.0018498020588235294,,0,0,ok,"{""alpha"": 0.0001, ""hidden_layer_sizes"": [32], ""learning_rate_init"": 0.001, ""max_iter"": 500, ""negative_sample_ratio"": 2.0}",135,347,2025,top,mlp,manual_weak_top_label,169
0.3,34,0,,0.08823529411764706,,,0.0018498020588235294,,0,0,ok,"{""alpha"": 0.0001, ""hidden_layer_sizes"": [32], ""learning_rate_init"": 0.001, ""max_iter"": 500, ""negative_sample_ratio"": 2.0}",135,347,2025,top,mlp,manual_weak_top_label,169
0.7,34,0,,0.08823529411764706,,,0.0018498020588235294,,0,0,ok,"{""alpha"": 0.0001, ""hidden_layer_sizes"": [48, 24], ""learning_rate_init"": 0.001, ""max_iter"": 600, ""negative_sample_ratio"": 3.0}",135,347,2025,top,mlp,manual_weak_top_label,169
0.6,34,0,,0.08823529411764706,,,0.0018498020588235294,,0,0,ok,"{""alpha"": 0.0001, ""hidden_layer_sizes"": [48, 24], ""learning_rate_init"": 0.001, ""max_iter"": 600, ""negative_sample_ratio"": 3.0}",135,347,2025,top,mlp,manual_weak_top_label,169
0.5,34,0,,0.08823529411764706,,,0.0018498020588235294,,0,0,ok,"{""alpha"": 0.0001, ""hidden_layer_sizes"": [48, 24], ""learning_rate_init"": 0.001, ""max_iter"": 600, ""negative_sample_ratio"": 3.0}",135,347,2025,top,mlp,manual_weak_top_label,169
0.4,34,0,,0.08823529411764706,,,0.0018498020588235294,,0,0,ok,"{""alpha"": 0.0001, ""hidden_layer_sizes"": [48, 24], ""learning_rate_init"": 0.001, ""max_iter"": 600, ""negative_sample_ratio"": 3.0}",135,347,2025,top,mlp,manual_weak_top_label,169
0.3,34,3,0.6666666666666666,0.08823529411764706,0.5784313725490196,-0.056589593333333334,0.0018498020588235294,-0.05843939539215686,1,1,ok,"{""alpha"": 0.0001, ""hidden_layer_sizes"": [48, 24], ""learning_rate_init"": 0.001, ""max_iter"": 600, ""negative_sample_ratio"": 3.0}",135,347,2025,top,mlp,manual_weak_top_label,169
0.7,34,0,,0.08823529411764706,,,0.0018498020588235294,,0,0,ok,"{""alpha"": 0.001, ""hidden_layer_sizes"": [64, 32], ""learning_rate_init"": 0.0007, ""max_iter"": 700, ""negative_sample_ratio"": 5.0}",135,347,2025,top,mlp,manual_weak_top_label,169
0.6,34,0,,0.08823529411764706,,,0.0018498020588235294,,0,0,ok,"{""alpha"": 0.001, ""hidden_layer_sizes"": [64, 32], ""learning_rate_init"": 0.0007, ""max_iter"": 700, ""negative_sample_ratio"": 5.0}",135,347,2025,top,mlp,manual_weak_top_label,169
0.5,34,0,,0.08823529411764706,,,0.0018498020588235294,,0,0,ok,"{""alpha"": 0.001, ""hidden_layer_sizes"": [64, 32], ""learning_rate_init"": 0.0007, ""max_iter"": 700, ""negative_sample_ratio"": 5.0}",135,347,2025,top,mlp,manual_weak_top_label,169
0.4,34,0,,0.08823529411764706,,,0.0018498020588235294,,0,0,ok,"{""alpha"": 0.001, ""hidden_layer_sizes"": [64, 32], ""learning_rate_init"": 0.0007, ""max_iter"": 700, ""negative_sample_ratio"": 5.0}",135,347,2025,top,mlp,manual_weak_top_label,169
0.3,34,0,,0.08823529411764706,,,0.0018498020588235294,,0,0,ok,"{""alpha"": 0.001, ""hidden_layer_sizes"": [64, 32], ""learning_rate_init"": 0.0007, ""max_iter"": 700, ""negative_sample_ratio"": 5.0}",135,347,2025,top,mlp,manual_weak_top_label,169
0.7,34,0,,0.08823529411764706,,,0.0018498020588235294,,0,1,ok,"{""C"": 0.5, ""gamma"": ""scale""}",135,347,2025,top,svm,manual_weak_top_label,169
0.6,34,0,,0.08823529411764706,,,0.0018498020588235294,,0,0,ok,"{""C"": 0.5, ""gamma"": ""scale""}",135,347,2025,top,svm,manual_weak_top_label,169
0.5,34,0,,0.08823529411764706,,,0.0018498020588235294,,0,0,ok,"{""C"": 0.5, ""gamma"": ""scale""}",135,347,2025,top,svm,manual_weak_top_label,169
0.4,34,0,,0.08823529411764706,,,0.0018498020588235294,,0,0,ok,"{""C"": 0.5, ""gamma"": ""scale""}",135,347,2025,top,svm,manual_weak_top_label,169
0.3,34,0,,0.08823529411764706,,,0.0018498020588235294,,0,0,ok,"{""C"": 0.5, ""gamma"": ""scale""}",135,347,2025,top,svm,manual_weak_top_label,169
0.7,34,0,,0.08823529411764706,,,0.0018498020588235294,,0,0,ok,"{""C"": 1.0, ""gamma"": ""scale""}",135,347,2025,top,svm,manual_weak_top_label,169
0.6,34,0,,0.08823529411764706,,,0.0018498020588235294,,0,0,ok,"{""C"": 1.0, ""gamma"": ""scale""}",135,347,2025,top,svm,manual_weak_top_label,169
0.5,34,0,,0.08823529411764706,,,0.0018498020588235294,,0,0,ok,"{""C"": 1.0, ""gamma"": ""scale""}",135,347,2025,top,svm,manual_weak_top_label,169
0.4,34,0,,0.08823529411764706,,,0.0018498020588235294,,0,0,ok,"{""C"": 1.0, ""gamma"": ""scale""}",135,347,2025,top,svm,manual_weak_top_label,169
0.3,34,0,,0.08823529411764706,,,0.0018498020588235294,,0,0,ok,"{""C"": 1.0, ""gamma"": ""scale""}",135,347,2025,top,svm,manual_weak_top_label,169
0.7,34,0,,0.08823529411764706,,,0.0018498020588235294,,0,0,ok,"{""C"": 2.0, ""gamma"": ""scale""}",135,347,2025,top,svm,manual_weak_top_label,169
0.6,34,0,,0.08823529411764706,,,0.0018498020588235294,,0,0,ok,"{""C"": 2.0, ""gamma"": ""scale""}",135,347,2025,top,svm,manual_weak_top_label,169
0.5,34,0,,0.08823529411764706,,,0.0018498020588235294,,0,0,ok,"{""C"": 2.0, ""gamma"": ""scale""}",135,347,2025,top,svm,manual_weak_top_label,169
0.4,34,0,,0.08823529411764706,,,0.0018498020588235294,,0,0,ok,"{""C"": 2.0, ""gamma"": ""scale""}",135,347,2025,top,svm,manual_weak_top_label,169
0.3,34,0,,0.08823529411764706,,,0.0018498020588235294,,0,0,ok,"{""C"": 2.0, ""gamma"": ""scale""}",135,347,2025,top,svm,manual_weak_top_label,169
0.7,38,5,0.4,0.2631578947368421,0.13684210526315793,0.028600148,0.01307777947368421,0.01552236852631579,1,1,ok,"{""C"": 0.3}",154,347,2026,bottom,logistic,manual_weak_bottom_label,192
0.6,38,5,0.4,0.2631578947368421,0.13684210526315793,0.028600148,0.01307777947368421,0.01552236852631579,1,0,ok,"{""C"": 0.3}",154,347,2026,bottom,logistic,manual_weak_bottom_label,192
0.5,38,6,0.3333333333333333,0.2631578947368421,0.07017543859649122,0.023190468333333335,0.01307777947368421,0.010112688859649126,1,0,ok,"{""C"": 0.3}",154,347,2026,bottom,logistic,manual_weak_bottom_label,192
0.4,38,6,0.3333333333333333,0.2631578947368421,0.07017543859649122,0.022406943333333332,0.01307777947368421,0.009329163859649122,1,0,ok,"{""C"": 0.3}",154,347,2026,bottom,logistic,manual_weak_bottom_label,192
0.3,38,7,0.2857142857142857,0.2631578947368421,0.022556390977443608,0.016352725714285716,0.01307777947368421,0.0032749462406015065,1,0,ok,"{""C"": 0.3}",154,347,2026,bottom,logistic,manual_weak_bottom_label,192
0.7,38,5,0.4,0.2631578947368421,0.13684210526315793,0.028600148,0.01307777947368421,0.01552236852631579,1,0,ok,"{""C"": 1.0}",154,347,2026,bottom,logistic,manual_weak_bottom_label,192
0.6,38,6,0.3333333333333333,0.2631578947368421,0.07017543859649122,0.022406943333333332,0.01307777947368421,0.009329163859649122,1,0,ok,"{""C"": 1.0}",154,347,2026,bottom,logistic,manual_weak_bottom_label,192
0.5,38,6,0.3333333333333333,0.2631578947368421,0.07017543859649122,0.022406943333333332,0.01307777947368421,0.009329163859649122,1,0,ok,"{""C"": 1.0}",154,347,2026,bottom,logistic,manual_weak_bottom_label,192
0.4,38,6,0.3333333333333333,0.2631578947368421,0.07017543859649122,0.022406943333333332,0.01307777947368421,0.009329163859649122,1,0,ok,"{""C"": 1.0}",154,347,2026,bottom,logistic,manual_weak_bottom_label,192
0.3,38,6,0.3333333333333333,0.2631578947368421,0.07017543859649122,0.022406943333333332,0.01307777947368421,0.009329163859649122,1,0,ok,"{""C"": 1.0}",154,347,2026,bottom,logistic,manual_weak_bottom_label,192
0.7,38,6,0.3333333333333333,0.2631578947368421,0.07017543859649122,0.022406943333333332,0.01307777947368421,0.009329163859649122,1,0,ok,"{""C"": 3.0}",154,347,2026,bottom,logistic,manual_weak_bottom_label,192
0.6,38,6,0.3333333333333333,0.2631578947368421,0.07017543859649122,0.022406943333333332,0.01307777947368421,0.009329163859649122,1,0,ok,"{""C"": 3.0}",154,347,2026,bottom,logistic,manual_weak_bottom_label,192
0.5,38,6,0.3333333333333333,0.2631578947368421,0.07017543859649122,0.022406943333333332,0.01307777947368421,0.009329163859649122,1,0,ok,"{""C"": 3.0}",154,347,2026,bottom,logistic,manual_weak_bottom_label,192
0.4,38,6,0.3333333333333333,0.2631578947368421,0.07017543859649122,0.022406943333333332,0.01307777947368421,0.009329163859649122,1,0,ok,"{""C"": 3.0}",154,347,2026,bottom,logistic,manual_weak_bottom_label,192
0.3,38,6,0.3333333333333333,0.2631578947368421,0.07017543859649122,0.022406943333333332,0.01307777947368421,0.009329163859649122,1,0,ok,"{""C"": 3.0}",154,347,2026,bottom,logistic,manual_weak_bottom_label,192
0.7,38,9,0.2222222222222222,0.2631578947368421,-0.04093567251461988,0.009653484444444445,0.01307777947368421,-0.003424295029239764,1,0,ok,"{""shrinkage"": ""auto"", ""solver"": ""lsqr""}",154,347,2026,bottom,lda,manual_weak_bottom_label,192
0.6,38,9,0.2222222222222222,0.2631578947368421,-0.04093567251461988,0.009653484444444445,0.01307777947368421,-0.003424295029239764,1,0,ok,"{""shrinkage"": ""auto"", ""solver"": ""lsqr""}",154,347,2026,bottom,lda,manual_weak_bottom_label,192
0.5,38,9,0.2222222222222222,0.2631578947368421,-0.04093567251461988,0.009653484444444445,0.01307777947368421,-0.003424295029239764,1,0,ok,"{""shrinkage"": ""auto"", ""solver"": ""lsqr""}",154,347,2026,bottom,lda,manual_weak_bottom_label,192
0.4,38,9,0.2222222222222222,0.2631578947368421,-0.04093567251461988,0.009653484444444445,0.01307777947368421,-0.003424295029239764,1,0,ok,"{""shrinkage"": ""auto"", ""solver"": ""lsqr""}",154,347,2026,bottom,lda,manual_weak_bottom_label,192
0.3,38,9,0.2222222222222222,0.2631578947368421,-0.04093567251461988,0.009653484444444445,0.01307777947368421,-0.003424295029239764,1,0,ok,"{""shrinkage"": ""auto"", ""solver"": ""lsqr""}",154,347,2026,bottom,lda,manual_weak_bottom_label,192
0.7,38,8,0.25,0.2631578947368421,-0.01315789473684209,0.00921019125,0.01307777947368421,-0.00386758822368421,1,0,ok,"{""shrinkage"": 0.2, ""solver"": ""lsqr""}",154,347,2026,bottom,lda,manual_weak_bottom_label,192
0.6,38,9,0.2222222222222222,0.2631578947368421,-0.04093567251461988,0.009653484444444445,0.01307777947368421,-0.003424295029239764,1,0,ok,"{""shrinkage"": 0.2, ""solver"": ""lsqr""}",154,347,2026,bottom,lda,manual_weak_bottom_label,192
0.5,38,9,0.2222222222222222,0.2631578947368421,-0.04093567251461988,0.009653484444444445,0.01307777947368421,-0.003424295029239764,1,0,ok,"{""shrinkage"": 0.2, ""solver"": ""lsqr""}",154,347,2026,bottom,lda,manual_weak_bottom_label,192
0.4,38,9,0.2222222222222222,0.2631578947368421,-0.04093567251461988,0.009653484444444445,0.01307777947368421,-0.003424295029239764,1,0,ok,"{""shrinkage"": 0.2, ""solver"": ""lsqr""}",154,347,2026,bottom,lda,manual_weak_bottom_label,192
0.3,38,10,0.3,0.2631578947368421,0.0368421052631579,0.026771848999999997,0.01307777947368421,0.013694069526315788,1,0,ok,"{""shrinkage"": 0.2, ""solver"": ""lsqr""}",154,347,2026,bottom,lda,manual_weak_bottom_label,192
0.7,38,6,0.3333333333333333,0.2631578947368421,0.07017543859649122,0.023409931666666665,0.01307777947368421,0.010332152192982455,1,0,ok,"{""shrinkage"": 0.5, ""solver"": ""lsqr""}",154,347,2026,bottom,lda,manual_weak_bottom_label,192
0.6,38,6,0.3333333333333333,0.2631578947368421,0.07017543859649122,0.023409931666666665,0.01307777947368421,0.010332152192982455,1,0,ok,"{""shrinkage"": 0.5, ""solver"": ""lsqr""}",154,347,2026,bottom,lda,manual_weak_bottom_label,192
0.5,38,7,0.2857142857142857,0.2631578947368421,0.022556390977443608,0.01702431857142857,0.01307777947368421,0.003946539097744362,1,0,ok,"{""shrinkage"": 0.5, ""solver"": ""lsqr""}",154,347,2026,bottom,lda,manual_weak_bottom_label,192
0.4,38,7,0.2857142857142857,0.2631578947368421,0.022556390977443608,0.01702431857142857,0.01307777947368421,0.003946539097744362,1,0,ok,"{""shrinkage"": 0.5, ""solver"": ""lsqr""}",154,347,2026,bottom,lda,manual_weak_bottom_label,192
0.3,38,8,0.375,0.2631578947368421,0.11184210526315791,0.03750092,0.01307777947368421,0.024423140526315792,1,1,ok,"{""shrinkage"": 0.5, ""solver"": ""lsqr""}",154,347,2026,bottom,lda,manual_weak_bottom_label,192
0.7,38,16,0.25,0.2631578947368421,-0.01315789473684209,0.01107457875,0.01307777947368421,-0.00200320072368421,1,0,ok,"{""reg_param"": 0.2}",154,347,2026,bottom,qda,manual_weak_bottom_label,192
0.6,38,16,0.25,0.2631578947368421,-0.01315789473684209,0.01107457875,0.01307777947368421,-0.00200320072368421,1,0,ok,"{""reg_param"": 0.2}",154,347,2026,bottom,qda,manual_weak_bottom_label,192
0.5,38,16,0.25,0.2631578947368421,-0.01315789473684209,0.01107457875,0.01307777947368421,-0.00200320072368421,1,0,ok,"{""reg_param"": 0.2}",154,347,2026,bottom,qda,manual_weak_bottom_label,192
0.4,38,16,0.25,0.2631578947368421,-0.01315789473684209,0.01107457875,0.01307777947368421,-0.00200320072368421,1,0,ok,"{""reg_param"": 0.2}",154,347,2026,bottom,qda,manual_weak_bottom_label,192
0.3,38,16,0.25,0.2631578947368421,-0.01315789473684209,0.01107457875,0.01307777947368421,-0.00200320072368421,1,0,ok,"{""reg_param"": 0.2}",154,347,2026,bottom,qda,manual_weak_bottom_label,192
0.7,38,17,0.29411764705882354,0.2631578947368421,0.03095975232198145,0.013575181764705882,0.01307777947368421,0.000497402291021673,1,1,ok,"{""reg_param"": 0.5}",154,347,2026,bottom,qda,manual_weak_bottom_label,192
0.6,38,17,0.29411764705882354,0.2631578947368421,0.03095975232198145,0.013575181764705882,0.01307777947368421,0.000497402291021673,1,0,ok,"{""reg_param"": 0.5}",154,347,2026,bottom,qda,manual_weak_bottom_label,192
0.5,38,17,0.29411764705882354,0.2631578947368421,0.03095975232198145,0.013575181764705882,0.01307777947368421,0.000497402291021673,1,0,ok,"{""reg_param"": 0.5}",154,347,2026,bottom,qda,manual_weak_bottom_label,192
0.4,38,17,0.29411764705882354,0.2631578947368421,0.03095975232198145,0.013575181764705882,0.01307777947368421,0.000497402291021673,1,0,ok,"{""reg_param"": 0.5}",154,347,2026,bottom,qda,manual_weak_bottom_label,192
0.3,38,17,0.29411764705882354,0.2631578947368421,0.03095975232198145,0.013575181764705882,0.01307777947368421,0.000497402291021673,1,0,ok,"{""reg_param"": 0.5}",154,347,2026,bottom,qda,manual_weak_bottom_label,192
0.7,38,17,0.29411764705882354,0.2631578947368421,0.03095975232198145,0.013575181764705882,0.01307777947368421,0.000497402291021673,1,0,ok,"{""reg_param"": 0.8}",154,347,2026,bottom,qda,manual_weak_bottom_label,192
0.6,38,17,0.29411764705882354,0.2631578947368421,0.03095975232198145,0.013575181764705882,0.01307777947368421,0.000497402291021673,1,0,ok,"{""reg_param"": 0.8}",154,347,2026,bottom,qda,manual_weak_bottom_label,192
0.5,38,17,0.29411764705882354,0.2631578947368421,0.03095975232198145,0.013575181764705882,0.01307777947368421,0.000497402291021673,1,0,ok,"{""reg_param"": 0.8}",154,347,2026,bottom,qda,manual_weak_bottom_label,192
0.4,38,17,0.29411764705882354,0.2631578947368421,0.03095975232198145,0.013575181764705882,0.01307777947368421,0.000497402291021673,1,0,ok,"{""reg_param"": 0.8}",154,347,2026,bottom,qda,manual_weak_bottom_label,192
0.3,38,17,0.29411764705882354,0.2631578947368421,0.03095975232198145,0.013575181764705882,0.01307777947368421,0.000497402291021673,1,0,ok,"{""reg_param"": 0.8}",154,347,2026,bottom,qda,manual_weak_bottom_label,192
0.7,38,0,,0.2631578947368421,,,0.01307777947368421,,0,0,ok,"{""balanced_bagging"": true, ""is_unbalance"": false, ""learning_rate"": 0.04, ""max_depth"": 3, ""min_child_samples"": 8, ""n_estimators"": 180, ""negative_sample_ratio"": 3.0, ""num_leaves"": 7}",154,347,2026,bottom,lightgbm,manual_weak_bottom_label,192
0.6,38,0,,0.2631578947368421,,,0.01307777947368421,,0,0,ok,"{""balanced_bagging"": true, ""is_unbalance"": false, ""learning_rate"": 0.04, ""max_depth"": 3, ""min_child_samples"": 8, ""n_estimators"": 180, ""negative_sample_ratio"": 3.0, ""num_leaves"": 7}",154,347,2026,bottom,lightgbm,manual_weak_bottom_label,192
0.5,38,0,,0.2631578947368421,,,0.01307777947368421,,0,0,ok,"{""balanced_bagging"": true, ""is_unbalance"": false, ""learning_rate"": 0.04, ""max_depth"": 3, ""min_child_samples"": 8, ""n_estimators"": 180, ""negative_sample_ratio"": 3.0, ""num_leaves"": 7}",154,347,2026,bottom,lightgbm,manual_weak_bottom_label,192
0.4,38,0,,0.2631578947368421,,,0.01307777947368421,,0,0,ok,"{""balanced_bagging"": true, ""is_unbalance"": false, ""learning_rate"": 0.04, ""max_depth"": 3, ""min_child_samples"": 8, ""n_estimators"": 180, ""negative_sample_ratio"": 3.0, ""num_leaves"": 7}",154,347,2026,bottom,lightgbm,manual_weak_bottom_label,192
0.3,38,2,0.5,0.2631578947368421,0.2368421052631579,0.065426265,0.01307777947368421,0.05234848552631579,1,1,ok,"{""balanced_bagging"": true, ""is_unbalance"": false, ""learning_rate"": 0.04, ""max_depth"": 3, ""min_child_samples"": 8, ""n_estimators"": 180, ""negative_sample_ratio"": 3.0, ""num_leaves"": 7}",154,347,2026,bottom,lightgbm,manual_weak_bottom_label,192
0.7,38,0,,0.2631578947368421,,,0.01307777947368421,,0,0,ok,"{""balanced_bagging"": true, ""is_unbalance"": false, ""learning_rate"": 0.03, ""max_depth"": 4, ""min_child_samples"": 10, ""n_estimators"": 250, ""negative_sample_ratio"": 5.0, ""num_leaves"": 15}",154,347,2026,bottom,lightgbm,manual_weak_bottom_label,192
0.6,38,0,,0.2631578947368421,,,0.01307777947368421,,0,0,ok,"{""balanced_bagging"": true, ""is_unbalance"": false, ""learning_rate"": 0.03, ""max_depth"": 4, ""min_child_samples"": 10, ""n_estimators"": 250, ""negative_sample_ratio"": 5.0, ""num_leaves"": 15}",154,347,2026,bottom,lightgbm,manual_weak_bottom_label,192
0.5,38,0,,0.2631578947368421,,,0.01307777947368421,,0,0,ok,"{""balanced_bagging"": true, ""is_unbalance"": false, ""learning_rate"": 0.03, ""max_depth"": 4, ""min_child_samples"": 10, ""n_estimators"": 250, ""negative_sample_ratio"": 5.0, ""num_leaves"": 15}",154,347,2026,bottom,lightgbm,manual_weak_bottom_label,192
0.4,38,0,,0.2631578947368421,,,0.01307777947368421,,0,0,ok,"{""balanced_bagging"": true, ""is_unbalance"": false, ""learning_rate"": 0.03, ""max_depth"": 4, ""min_child_samples"": 10, ""n_estimators"": 250, ""negative_sample_ratio"": 5.0, ""num_leaves"": 15}",154,347,2026,bottom,lightgbm,manual_weak_bottom_label,192
0.3,38,0,,0.2631578947368421,,,0.01307777947368421,,0,0,ok,"{""balanced_bagging"": true, ""is_unbalance"": false, ""learning_rate"": 0.03, ""max_depth"": 4, ""min_child_samples"": 10, ""n_estimators"": 250, ""negative_sample_ratio"": 5.0, ""num_leaves"": 15}",154,347,2026,bottom,lightgbm,manual_weak_bottom_label,192
0.7,38,0,,0.2631578947368421,,,0.01307777947368421,,0,0,ok,"{""balanced_bagging"": true, ""is_unbalance"": true, ""learning_rate"": 0.025, ""max_depth"": 5, ""min_child_samples"": 12, ""n_estimators"": 320, ""negative_sample_ratio"": 3.0, ""num_leaves"": 15}",154,347,2026,bottom,lightgbm,manual_weak_bottom_label,192
0.6,38,1,1.0,0.2631578947368421,0.736842105263158,0.18083713,0.01307777947368421,0.1677593505263158,0,0,ok,"{""balanced_bagging"": true, ""is_unbalance"": true, ""learning_rate"": 0.025, ""max_depth"": 5, ""min_child_samples"": 12, ""n_estimators"": 320, ""negative_sample_ratio"": 3.0, ""num_leaves"": 15}",154,347,2026,bottom,lightgbm,manual_weak_bottom_label,192
0.5,38,1,1.0,0.2631578947368421,0.736842105263158,0.18083713,0.01307777947368421,0.1677593505263158,0,0,ok,"{""balanced_bagging"": true, ""is_unbalance"": true, ""learning_rate"": 0.025, ""max_depth"": 5, ""min_child_samples"": 12, ""n_estimators"": 320, ""negative_sample_ratio"": 3.0, ""num_leaves"": 15}",154,347,2026,bottom,lightgbm,manual_weak_bottom_label,192
0.4,38,1,1.0,0.2631578947368421,0.736842105263158,0.18083713,0.01307777947368421,0.1677593505263158,0,0,ok,"{""balanced_bagging"": true, ""is_unbalance"": true, ""learning_rate"": 0.025, ""max_depth"": 5, ""min_child_samples"": 12, ""n_estimators"": 320, ""negative_sample_ratio"": 3.0, ""num_leaves"": 15}",154,347,2026,bottom,lightgbm,manual_weak_bottom_label,192
0.3,38,2,0.5,0.2631578947368421,0.2368421052631579,0.065426265,0.01307777947368421,0.05234848552631579,1,0,ok,"{""balanced_bagging"": true, ""is_unbalance"": true, ""learning_rate"": 0.025, ""max_depth"": 5, ""min_child_samples"": 12, ""n_estimators"": 320, ""negative_sample_ratio"": 3.0, ""num_leaves"": 15}",154,347,2026,bottom,lightgbm,manual_weak_bottom_label,192
0.7,38,1,1.0,0.2631578947368421,0.736842105263158,0.0947936,0.01307777947368421,0.08171582052631579,0,0,ok,"{""dropout"": 0.05, ""focal_alpha"": 0.7, ""focal_gamma"": 1.5, ""hidden_layers"": [32], ""learning_rate"": 0.001, ""max_epochs"": 130, ""patience"": 15}",154,347,2026,bottom,bp,manual_weak_bottom_label,192
0.6,38,3,0.6666666666666666,0.2631578947368421,0.40350877192982454,0.04462517666666666,0.01307777947368421,0.031547397192982454,1,0,ok,"{""dropout"": 0.05, ""focal_alpha"": 0.7, ""focal_gamma"": 1.5, ""hidden_layers"": [32], ""learning_rate"": 0.001, ""max_epochs"": 130, ""patience"": 15}",154,347,2026,bottom,bp,manual_weak_bottom_label,192
0.5,38,5,0.4,0.2631578947368421,0.13684210526315793,0.030439558,0.01307777947368421,0.01736177852631579,1,0,ok,"{""dropout"": 0.05, ""focal_alpha"": 0.7, ""focal_gamma"": 1.5, ""hidden_layers"": [32], ""learning_rate"": 0.001, ""max_epochs"": 130, ""patience"": 15}",154,347,2026,bottom,bp,manual_weak_bottom_label,192
0.4,38,6,0.3333333333333333,0.2631578947368421,0.07017543859649122,0.023409931666666665,0.01307777947368421,0.010332152192982455,1,0,ok,"{""dropout"": 0.05, ""focal_alpha"": 0.7, ""focal_gamma"": 1.5, ""hidden_layers"": [32], ""learning_rate"": 0.001, ""max_epochs"": 130, ""patience"": 15}",154,347,2026,bottom,bp,manual_weak_bottom_label,192
0.3,38,7,0.2857142857142857,0.2631578947368421,0.022556390977443608,0.01702431857142857,0.01307777947368421,0.003946539097744362,1,0,ok,"{""dropout"": 0.05, ""focal_alpha"": 0.7, ""focal_gamma"": 1.5, ""hidden_layers"": [32], ""learning_rate"": 0.001, ""max_epochs"": 130, ""patience"": 15}",154,347,2026,bottom,bp,manual_weak_bottom_label,192
0.7,38,1,1.0,0.2631578947368421,0.736842105263158,0.05431155,0.01307777947368421,0.04123377052631579,0,0,ok,"{""dropout"": 0.1, ""focal_alpha"": 0.75, ""focal_gamma"": 2.0, ""hidden_layers"": [48, 24], ""learning_rate"": 0.001, ""max_epochs"": 160, ""patience"": 18}",154,347,2026,bottom,bp,manual_weak_bottom_label,192
0.6,38,1,1.0,0.2631578947368421,0.736842105263158,0.05431155,0.01307777947368421,0.04123377052631579,0,0,ok,"{""dropout"": 0.1, ""focal_alpha"": 0.75, ""focal_gamma"": 2.0, ""hidden_layers"": [48, 24], ""learning_rate"": 0.001, ""max_epochs"": 160, ""patience"": 18}",154,347,2026,bottom,bp,manual_weak_bottom_label,192
0.5,38,2,1.0,0.2631578947368421,0.736842105263158,0.074552575,0.01307777947368421,0.06147479552631579,1,1,ok,"{""dropout"": 0.1, ""focal_alpha"": 0.75, ""focal_gamma"": 2.0, ""hidden_layers"": [48, 24], ""learning_rate"": 0.001, ""max_epochs"": 160, ""patience"": 18}",154,347,2026,bottom,bp,manual_weak_bottom_label,192
0.4,38,2,1.0,0.2631578947368421,0.736842105263158,0.074552575,0.01307777947368421,0.06147479552631579,1,0,ok,"{""dropout"": 0.1, ""focal_alpha"": 0.75, ""focal_gamma"": 2.0, ""hidden_layers"": [48, 24], ""learning_rate"": 0.001, ""max_epochs"": 160, ""patience"": 18}",154,347,2026,bottom,bp,manual_weak_bottom_label,192
0.3,38,2,1.0,0.2631578947368421,0.736842105263158,0.074552575,0.01307777947368421,0.06147479552631579,1,0,ok,"{""dropout"": 0.1, ""focal_alpha"": 0.75, ""focal_gamma"": 2.0, ""hidden_layers"": [48, 24], ""learning_rate"": 0.001, ""max_epochs"": 160, ""patience"": 18}",154,347,2026,bottom,bp,manual_weak_bottom_label,192
0.7,38,1,1.0,0.2631578947368421,0.736842105263158,0.0947936,0.01307777947368421,0.08171582052631579,0,0,ok,"{""dropout"": 0.15, ""focal_alpha"": 0.8, ""focal_gamma"": 2.5, ""hidden_layers"": [64, 32], ""learning_rate"": 0.0007, ""max_epochs"": 180, ""patience"": 20}",154,347,2026,bottom,bp,manual_weak_bottom_label,192
0.6,38,2,0.5,0.2631578947368421,0.2368421052631579,0.03978199,0.01307777947368421,0.026704210526315796,1,0,ok,"{""dropout"": 0.15, ""focal_alpha"": 0.8, ""focal_gamma"": 2.5, ""hidden_layers"": [64, 32], ""learning_rate"": 0.0007, ""max_epochs"": 180, ""patience"": 20}",154,347,2026,bottom,bp,manual_weak_bottom_label,192
0.5,38,4,0.5,0.2631578947368421,0.2368421052631579,0.070873315,0.01307777947368421,0.0577955355263158,1,0,ok,"{""dropout"": 0.15, ""focal_alpha"": 0.8, ""focal_gamma"": 2.5, ""hidden_layers"": [64, 32], ""learning_rate"": 0.0007, ""max_epochs"": 180, ""patience"": 20}",154,347,2026,bottom,bp,manual_weak_bottom_label,192
0.4,38,4,0.5,0.2631578947368421,0.2368421052631579,0.070873315,0.01307777947368421,0.0577955355263158,1,0,ok,"{""dropout"": 0.15, ""focal_alpha"": 0.8, ""focal_gamma"": 2.5, ""hidden_layers"": [64, 32], ""learning_rate"": 0.0007, ""max_epochs"": 180, ""patience"": 20}",154,347,2026,bottom,bp,manual_weak_bottom_label,192
0.3,38,5,0.4,0.2631578947368421,0.13684210526315793,0.053905263999999994,0.01307777947368421,0.04082748452631579,1,0,ok,"{""dropout"": 0.15, ""focal_alpha"": 0.8, ""focal_gamma"": 2.5, ""hidden_layers"": [64, 32], ""learning_rate"": 0.0007, ""max_epochs"": 180, ""patience"": 20}",154,347,2026,bottom,bp,manual_weak_bottom_label,192
0.7,38,0,,0.2631578947368421,,,0.01307777947368421,,0,0,ok,"{""alpha"": 0.0001, ""hidden_layer_sizes"": [32], ""learning_rate_init"": 0.001, ""max_iter"": 500, ""negative_sample_ratio"": 2.0}",154,347,2026,bottom,mlp,manual_weak_bottom_label,192
0.6,38,1,0.0,0.2631578947368421,-0.2631578947368421,0.00046109,0.01307777947368421,-0.012616689473684209,0,0,ok,"{""alpha"": 0.0001, ""hidden_layer_sizes"": [32], ""learning_rate_init"": 0.001, ""max_iter"": 500, ""negative_sample_ratio"": 2.0}",154,347,2026,bottom,mlp,manual_weak_bottom_label,192
0.5,38,3,0.3333333333333333,0.2631578947368421,0.07017543859649122,0.01980135666666667,0.01307777947368421,0.0067235771929824596,1,0,ok,"{""alpha"": 0.0001, ""hidden_layer_sizes"": [32], ""learning_rate_init"": 0.001, ""max_iter"": 500, ""negative_sample_ratio"": 2.0}",154,347,2026,bottom,mlp,manual_weak_bottom_label,192
0.4,38,6,0.6666666666666666,0.2631578947368421,0.40350877192982454,0.058162109999999996,0.01307777947368421,0.04508433052631579,1,0,ok,"{""alpha"": 0.0001, ""hidden_layer_sizes"": [32], ""learning_rate_init"": 0.001, ""max_iter"": 500, ""negative_sample_ratio"": 2.0}",154,347,2026,bottom,mlp,manual_weak_bottom_label,192
0.3,38,6,0.6666666666666666,0.2631578947368421,0.40350877192982454,0.058162109999999996,0.01307777947368421,0.04508433052631579,1,0,ok,"{""alpha"": 0.0001, ""hidden_layer_sizes"": [32], ""learning_rate_init"": 0.001, ""max_iter"": 500, ""negative_sample_ratio"": 2.0}",154,347,2026,bottom,mlp,manual_weak_bottom_label,192
0.7,38,0,,0.2631578947368421,,,0.01307777947368421,,0,0,ok,"{""alpha"": 0.0001, ""hidden_layer_sizes"": [48, 24], ""learning_rate_init"": 0.001, ""max_iter"": 600, ""negative_sample_ratio"": 3.0}",154,347,2026,bottom,mlp,manual_weak_bottom_label,192
0.6,38,0,,0.2631578947368421,,,0.01307777947368421,,0,0,ok,"{""alpha"": 0.0001, ""hidden_layer_sizes"": [48, 24], ""learning_rate_init"": 0.001, ""max_iter"": 600, ""negative_sample_ratio"": 3.0}",154,347,2026,bottom,mlp,manual_weak_bottom_label,192
0.5,38,1,1.0,0.2631578947368421,0.736842105263158,0.05431155,0.01307777947368421,0.04123377052631579,0,0,ok,"{""alpha"": 0.0001, ""hidden_layer_sizes"": [48, 24], ""learning_rate_init"": 0.001, ""max_iter"": 600, ""negative_sample_ratio"": 3.0}",154,347,2026,bottom,mlp,manual_weak_bottom_label,192
0.4,38,4,0.25,0.2631578947368421,-0.01315789473684209,-0.0004102325,0.01307777947368421,-0.013488011973684209,1,0,ok,"{""alpha"": 0.0001, ""hidden_layer_sizes"": [48, 24], ""learning_rate_init"": 0.001, ""max_iter"": 600, ""negative_sample_ratio"": 3.0}",154,347,2026,bottom,mlp,manual_weak_bottom_label,192
0.3,38,8,0.375,0.2631578947368421,0.11184210526315791,0.00655758125,0.01307777947368421,-0.00652019822368421,1,0,ok,"{""alpha"": 0.0001, ""hidden_layer_sizes"": [48, 24], ""learning_rate_init"": 0.001, ""max_iter"": 600, ""negative_sample_ratio"": 3.0}",154,347,2026,bottom,mlp,manual_weak_bottom_label,192
0.7,38,1,1.0,0.2631578947368421,0.736842105263158,0.21360653,0.01307777947368421,0.20052875052631577,0,0,ok,"{""alpha"": 0.001, ""hidden_layer_sizes"": [64, 32], ""learning_rate_init"": 0.0007, ""max_iter"": 700, ""negative_sample_ratio"": 5.0}",154,347,2026,bottom,mlp,manual_weak_bottom_label,192
0.6,38,1,1.0,0.2631578947368421,0.736842105263158,0.29358353,0.01307777947368421,0.28050575052631577,0,0,ok,"{""alpha"": 0.001, ""hidden_layer_sizes"": [64, 32], ""learning_rate_init"": 0.0007, ""max_iter"": 700, ""negative_sample_ratio"": 5.0}",154,347,2026,bottom,mlp,manual_weak_bottom_label,192
0.5,38,2,1.0,0.2631578947368421,0.736842105263158,0.194188565,0.01307777947368421,0.1811107855263158,1,1,ok,"{""alpha"": 0.001, ""hidden_layer_sizes"": [64, 32], ""learning_rate_init"": 0.0007, ""max_iter"": 700, ""negative_sample_ratio"": 5.0}",154,347,2026,bottom,mlp,manual_weak_bottom_label,192
0.4,38,2,1.0,0.2631578947368421,0.736842105263158,0.194188565,0.01307777947368421,0.1811107855263158,1,0,ok,"{""alpha"": 0.001, ""hidden_layer_sizes"": [64, 32], ""learning_rate_init"": 0.0007, ""max_iter"": 700, ""negative_sample_ratio"": 5.0}",154,347,2026,bottom,mlp,manual_weak_bottom_label,192
0.3,38,3,1.0,0.2631578947368421,0.736842105263158,0.09473697666666665,0.01307777947368421,0.08165919719298244,1,0,ok,"{""alpha"": 0.001, ""hidden_layer_sizes"": [64, 32], ""learning_rate_init"": 0.0007, ""max_iter"": 700, ""negative_sample_ratio"": 5.0}",154,347,2026,bottom,mlp,manual_weak_bottom_label,192
0.7,38,0,,0.2631578947368421,,,0.01307777947368421,,0,0,ok,"{""C"": 0.5, ""gamma"": ""scale""}",154,347,2026,bottom,svm,manual_weak_bottom_label,192
0.6,38,0,,0.2631578947368421,,,0.01307777947368421,,0,0,ok,"{""C"": 0.5, ""gamma"": ""scale""}",154,347,2026,bottom,svm,manual_weak_bottom_label,192
0.5,38,0,,0.2631578947368421,,,0.01307777947368421,,0,0,ok,"{""C"": 0.5, ""gamma"": ""scale""}",154,347,2026,bottom,svm,manual_weak_bottom_label,192
0.4,38,0,,0.2631578947368421,,,0.01307777947368421,,0,0,ok,"{""C"": 0.5, ""gamma"": ""scale""}",154,347,2026,bottom,svm,manual_weak_bottom_label,192
0.3,38,3,0.3333333333333333,0.2631578947368421,0.07017543859649122,0.009859793333333334,0.01307777947368421,-0.003217986140350876,1,1,ok,"{""C"": 0.5, ""gamma"": ""scale""}",154,347,2026,bottom,svm,manual_weak_bottom_label,192
0.7,38,0,,0.2631578947368421,,,0.01307777947368421,,0,0,ok,"{""C"": 1.0, ""gamma"": ""scale""}",154,347,2026,bottom,svm,manual_weak_bottom_label,192
0.6,38,0,,0.2631578947368421,,,0.01307777947368421,,0,0,ok,"{""C"": 1.0, ""gamma"": ""scale""}",154,347,2026,bottom,svm,manual_weak_bottom_label,192
0.5,38,0,,0.2631578947368421,,,0.01307777947368421,,0,0,ok,"{""C"": 1.0, ""gamma"": ""scale""}",154,347,2026,bottom,svm,manual_weak_bottom_label,192
0.4,38,0,,0.2631578947368421,,,0.01307777947368421,,0,0,ok,"{""C"": 1.0, ""gamma"": ""scale""}",154,347,2026,bottom,svm,manual_weak_bottom_label,192
0.3,38,0,,0.2631578947368421,,,0.01307777947368421,,0,0,ok,"{""C"": 1.0, ""gamma"": ""scale""}",154,347,2026,bottom,svm,manual_weak_bottom_label,192
0.7,38,0,,0.2631578947368421,,,0.01307777947368421,,0,0,ok,"{""C"": 2.0, ""gamma"": ""scale""}",154,347,2026,bottom,svm,manual_weak_bottom_label,192
0.6,38,0,,0.2631578947368421,,,0.01307777947368421,,0,0,ok,"{""C"": 2.0, ""gamma"": ""scale""}",154,347,2026,bottom,svm,manual_weak_bottom_label,192
0.5,38,0,,0.2631578947368421,,,0.01307777947368421,,0,0,ok,"{""C"": 2.0, ""gamma"": ""scale""}",154,347,2026,bottom,svm,manual_weak_bottom_label,192
0.4,38,0,,0.2631578947368421,,,0.01307777947368421,,0,0,ok,"{""C"": 2.0, ""gamma"": ""scale""}",154,347,2026,bottom,svm,manual_weak_bottom_label,192
0.3,38,1,0.0,0.2631578947368421,-0.2631578947368421,-0.00836755,0.01307777947368421,-0.02144532947368421,0,0,ok,"{""C"": 2.0, ""gamma"": ""scale""}",154,347,2026,bottom,svm,manual_weak_bottom_label,192
0.7,40,1,0.0,0.1,-0.1,-0.00360309,0.01013887425,-0.01374196425,0,0,ok,"{""C"": 0.3}",162,347,2026,top,logistic,manual_weak_top_label,202
0.6,40,1,0.0,0.1,-0.1,-0.00360309,0.01013887425,-0.01374196425,0,0,ok,"{""C"": 0.3}",162,347,2026,top,logistic,manual_weak_top_label,202
0.5,40,2,0.5,0.1,0.4,-0.03104032,0.01013887425,-0.04117919425,1,0,ok,"{""C"": 0.3}",162,347,2026,top,logistic,manual_weak_top_label,202
0.4,40,2,0.5,0.1,0.4,-0.03104032,0.01013887425,-0.04117919425,1,0,ok,"{""C"": 0.3}",162,347,2026,top,logistic,manual_weak_top_label,202
0.3,40,3,0.6666666666666666,0.1,0.5666666666666667,-0.058972086666666666,0.01013887425,-0.06911096091666667,1,1,ok,"{""C"": 0.3}",162,347,2026,top,logistic,manual_weak_top_label,202
0.7,40,1,0.0,0.1,-0.1,-0.00360309,0.01013887425,-0.01374196425,0,0,ok,"{""C"": 1.0}",162,347,2026,top,logistic,manual_weak_top_label,202
0.6,40,1,0.0,0.1,-0.1,-0.00360309,0.01013887425,-0.01374196425,0,0,ok,"{""C"": 1.0}",162,347,2026,top,logistic,manual_weak_top_label,202
0.5,40,1,0.0,0.1,-0.1,-0.00360309,0.01013887425,-0.01374196425,0,0,ok,"{""C"": 1.0}",162,347,2026,top,logistic,manual_weak_top_label,202
0.4,40,1,0.0,0.1,-0.1,-0.00360309,0.01013887425,-0.01374196425,0,0,ok,"{""C"": 1.0}",162,347,2026,top,logistic,manual_weak_top_label,202
0.3,40,2,0.5,0.1,0.4,-0.03104032,0.01013887425,-0.04117919425,1,0,ok,"{""C"": 1.0}",162,347,2026,top,logistic,manual_weak_top_label,202
0.7,40,1,0.0,0.1,-0.1,-0.00360309,0.01013887425,-0.01374196425,0,0,ok,"{""C"": 3.0}",162,347,2026,top,logistic,manual_weak_top_label,202
0.6,40,1,0.0,0.1,-0.1,-0.00360309,0.01013887425,-0.01374196425,0,0,ok,"{""C"": 3.0}",162,347,2026,top,logistic,manual_weak_top_label,202
0.5,40,1,0.0,0.1,-0.1,-0.00360309,0.01013887425,-0.01374196425,0,0,ok,"{""C"": 3.0}",162,347,2026,top,logistic,manual_weak_top_label,202
0.4,40,1,0.0,0.1,-0.1,-0.00360309,0.01013887425,-0.01374196425,0,0,ok,"{""C"": 3.0}",162,347,2026,top,logistic,manual_weak_top_label,202
0.3,40,1,0.0,0.1,-0.1,-0.00360309,0.01013887425,-0.01374196425,0,0,ok,"{""C"": 3.0}",162,347,2026,top,logistic,manual_weak_top_label,202
0.7,40,4,0.25,0.1,0.15,-0.031638145,0.01013887425,-0.04177701925,1,0,ok,"{""shrinkage"": ""auto"", ""solver"": ""lsqr""}",162,347,2026,top,lda,manual_weak_top_label,202
0.6,40,4,0.25,0.1,0.15,-0.031638145,0.01013887425,-0.04177701925,1,0,ok,"{""shrinkage"": ""auto"", ""solver"": ""lsqr""}",162,347,2026,top,lda,manual_weak_top_label,202
0.5,40,4,0.25,0.1,0.15,-0.031638145,0.01013887425,-0.04177701925,1,0,ok,"{""shrinkage"": ""auto"", ""solver"": ""lsqr""}",162,347,2026,top,lda,manual_weak_top_label,202
0.4,40,4,0.25,0.1,0.15,-0.031638145,0.01013887425,-0.04177701925,1,0,ok,"{""shrinkage"": ""auto"", ""solver"": ""lsqr""}",162,347,2026,top,lda,manual_weak_top_label,202
0.3,40,4,0.25,0.1,0.15,-0.031638145,0.01013887425,-0.04177701925,1,0,ok,"{""shrinkage"": ""auto"", ""solver"": ""lsqr""}",162,347,2026,top,lda,manual_weak_top_label,202
0.7,40,3,0.3333333333333333,0.1,0.2333333333333333,-0.030040876666666664,0.01013887425,-0.040179750916666666,1,0,ok,"{""shrinkage"": 0.2, ""solver"": ""lsqr""}",162,347,2026,top,lda,manual_weak_top_label,202
0.6,40,3,0.3333333333333333,0.1,0.2333333333333333,-0.030040876666666664,0.01013887425,-0.040179750916666666,1,0,ok,"{""shrinkage"": 0.2, ""solver"": ""lsqr""}",162,347,2026,top,lda,manual_weak_top_label,202
0.5,40,4,0.25,0.1,0.15,-0.02049533,0.01013887425,-0.030634204249999998,1,0,ok,"{""shrinkage"": 0.2, ""solver"": ""lsqr""}",162,347,2026,top,lda,manual_weak_top_label,202
0.4,40,5,0.2,0.1,0.1,-0.023682254,0.01013887425,-0.03382112825,1,0,ok,"{""shrinkage"": 0.2, ""solver"": ""lsqr""}",162,347,2026,top,lda,manual_weak_top_label,202
0.3,40,5,0.2,0.1,0.1,-0.023682254,0.01013887425,-0.03382112825,1,0,ok,"{""shrinkage"": 0.2, ""solver"": ""lsqr""}",162,347,2026,top,lda,manual_weak_top_label,202
0.7,40,3,0.3333333333333333,0.1,0.2333333333333333,-0.030040876666666664,0.01013887425,-0.040179750916666666,1,0,ok,"{""shrinkage"": 0.5, ""solver"": ""lsqr""}",162,347,2026,top,lda,manual_weak_top_label,202
0.6,40,3,0.3333333333333333,0.1,0.2333333333333333,-0.030040876666666664,0.01013887425,-0.040179750916666666,1,0,ok,"{""shrinkage"": 0.5, ""solver"": ""lsqr""}",162,347,2026,top,lda,manual_weak_top_label,202
0.5,40,3,0.3333333333333333,0.1,0.2333333333333333,-0.030040876666666664,0.01013887425,-0.040179750916666666,1,0,ok,"{""shrinkage"": 0.5, ""solver"": ""lsqr""}",162,347,2026,top,lda,manual_weak_top_label,202
0.4,40,3,0.3333333333333333,0.1,0.2333333333333333,-0.030040876666666664,0.01013887425,-0.040179750916666666,1,0,ok,"{""shrinkage"": 0.5, ""solver"": ""lsqr""}",162,347,2026,top,lda,manual_weak_top_label,202
0.3,40,3,0.3333333333333333,0.1,0.2333333333333333,-0.02189526,0.01013887425,-0.03203413425,1,1,ok,"{""shrinkage"": 0.5, ""solver"": ""lsqr""}",162,347,2026,top,lda,manual_weak_top_label,202
0.7,40,15,0.13333333333333333,0.1,0.033333333333333326,0.009455631333333332,0.01013887425,-0.0006832429166666685,1,1,ok,"{""reg_param"": 0.2}",162,347,2026,top,qda,manual_weak_top_label,202
0.6,40,15,0.13333333333333333,0.1,0.033333333333333326,0.009455631333333332,0.01013887425,-0.0006832429166666685,1,0,ok,"{""reg_param"": 0.2}",162,347,2026,top,qda,manual_weak_top_label,202
0.5,40,15,0.13333333333333333,0.1,0.033333333333333326,0.009455631333333332,0.01013887425,-0.0006832429166666685,1,0,ok,"{""reg_param"": 0.2}",162,347,2026,top,qda,manual_weak_top_label,202
0.4,40,15,0.13333333333333333,0.1,0.033333333333333326,0.009455631333333332,0.01013887425,-0.0006832429166666685,1,0,ok,"{""reg_param"": 0.2}",162,347,2026,top,qda,manual_weak_top_label,202
0.3,40,15,0.13333333333333333,0.1,0.033333333333333326,0.009455631333333332,0.01013887425,-0.0006832429166666685,1,0,ok,"{""reg_param"": 0.2}",162,347,2026,top,qda,manual_weak_top_label,202
0.7,40,15,0.13333333333333333,0.1,0.033333333333333326,0.009455631333333332,0.01013887425,-0.0006832429166666685,1,0,ok,"{""reg_param"": 0.5}",162,347,2026,top,qda,manual_weak_top_label,202
0.6,40,15,0.13333333333333333,0.1,0.033333333333333326,0.009455631333333332,0.01013887425,-0.0006832429166666685,1,0,ok,"{""reg_param"": 0.5}",162,347,2026,top,qda,manual_weak_top_label,202
0.5,40,15,0.13333333333333333,0.1,0.033333333333333326,0.009455631333333332,0.01013887425,-0.0006832429166666685,1,0,ok,"{""reg_param"": 0.5}",162,347,2026,top,qda,manual_weak_top_label,202
0.4,40,15,0.13333333333333333,0.1,0.033333333333333326,0.009455631333333332,0.01013887425,-0.0006832429166666685,1,0,ok,"{""reg_param"": 0.5}",162,347,2026,top,qda,manual_weak_top_label,202
0.3,40,15,0.13333333333333333,0.1,0.033333333333333326,0.009455631333333332,0.01013887425,-0.0006832429166666685,1,0,ok,"{""reg_param"": 0.5}",162,347,2026,top,qda,manual_weak_top_label,202
0.7,40,15,0.13333333333333333,0.1,0.033333333333333326,0.009455631333333332,0.01013887425,-0.0006832429166666685,1,0,ok,"{""reg_param"": 0.8}",162,347,2026,top,qda,manual_weak_top_label,202
0.6,40,15,0.13333333333333333,0.1,0.033333333333333326,0.009455631333333332,0.01013887425,-0.0006832429166666685,1,0,ok,"{""reg_param"": 0.8}",162,347,2026,top,qda,manual_weak_top_label,202
0.5,40,15,0.13333333333333333,0.1,0.033333333333333326,0.009455631333333332,0.01013887425,-0.0006832429166666685,1,0,ok,"{""reg_param"": 0.8}",162,347,2026,top,qda,manual_weak_top_label,202
0.4,40,15,0.13333333333333333,0.1,0.033333333333333326,0.009455631333333332,0.01013887425,-0.0006832429166666685,1,0,ok,"{""reg_param"": 0.8}",162,347,2026,top,qda,manual_weak_top_label,202
0.3,40,15,0.13333333333333333,0.1,0.033333333333333326,0.009455631333333332,0.01013887425,-0.0006832429166666685,1,0,ok,"{""reg_param"": 0.8}",162,347,2026,top,qda,manual_weak_top_label,202
0.7,40,0,,0.1,,,0.01013887425,,0,0,ok,"{""balanced_bagging"": true, ""is_unbalance"": false, ""learning_rate"": 0.04, ""max_depth"": 3, ""min_child_samples"": 8, ""n_estimators"": 180, ""negative_sample_ratio"": 3.0, ""num_leaves"": 7}",162,347,2026,top,lightgbm,manual_weak_top_label,202
0.6,40,0,,0.1,,,0.01013887425,,0,0,ok,"{""balanced_bagging"": true, ""is_unbalance"": false, ""learning_rate"": 0.04, ""max_depth"": 3, ""min_child_samples"": 8, ""n_estimators"": 180, ""negative_sample_ratio"": 3.0, ""num_leaves"": 7}",162,347,2026,top,lightgbm,manual_weak_top_label,202
0.5,40,0,,0.1,,,0.01013887425,,0,0,ok,"{""balanced_bagging"": true, ""is_unbalance"": false, ""learning_rate"": 0.04, ""max_depth"": 3, ""min_child_samples"": 8, ""n_estimators"": 180, ""negative_sample_ratio"": 3.0, ""num_leaves"": 7}",162,347,2026,top,lightgbm,manual_weak_top_label,202
0.4,40,1,0.0,0.1,-0.1,0.05380991,0.01013887425,0.043671035750000003,0,1,ok,"{""balanced_bagging"": true, ""is_unbalance"": false, ""learning_rate"": 0.04, ""max_depth"": 3, ""min_child_samples"": 8, ""n_estimators"": 180, ""negative_sample_ratio"": 3.0, ""num_leaves"": 7}",162,347,2026,top,lightgbm,manual_weak_top_label,202
0.3,40,1,0.0,0.1,-0.1,0.05380991,0.01013887425,0.043671035750000003,0,0,ok,"{""balanced_bagging"": true, ""is_unbalance"": false, ""learning_rate"": 0.04, ""max_depth"": 3, ""min_child_samples"": 8, ""n_estimators"": 180, ""negative_sample_ratio"": 3.0, ""num_leaves"": 7}",162,347,2026,top,lightgbm,manual_weak_top_label,202
0.7,40,0,,0.1,,,0.01013887425,,0,0,ok,"{""balanced_bagging"": true, ""is_unbalance"": false, ""learning_rate"": 0.03, ""max_depth"": 4, ""min_child_samples"": 10, ""n_estimators"": 250, ""negative_sample_ratio"": 5.0, ""num_leaves"": 15}",162,347,2026,top,lightgbm,manual_weak_top_label,202
0.6,40,0,,0.1,,,0.01013887425,,0,0,ok,"{""balanced_bagging"": true, ""is_unbalance"": false, ""learning_rate"": 0.03, ""max_depth"": 4, ""min_child_samples"": 10, ""n_estimators"": 250, ""negative_sample_ratio"": 5.0, ""num_leaves"": 15}",162,347,2026,top,lightgbm,manual_weak_top_label,202
0.5,40,0,,0.1,,,0.01013887425,,0,0,ok,"{""balanced_bagging"": true, ""is_unbalance"": false, ""learning_rate"": 0.03, ""max_depth"": 4, ""min_child_samples"": 10, ""n_estimators"": 250, ""negative_sample_ratio"": 5.0, ""num_leaves"": 15}",162,347,2026,top,lightgbm,manual_weak_top_label,202
0.4,40,0,,0.1,,,0.01013887425,,0,0,ok,"{""balanced_bagging"": true, ""is_unbalance"": false, ""learning_rate"": 0.03, ""max_depth"": 4, ""min_child_samples"": 10, ""n_estimators"": 250, ""negative_sample_ratio"": 5.0, ""num_leaves"": 15}",162,347,2026,top,lightgbm,manual_weak_top_label,202
0.3,40,0,,0.1,,,0.01013887425,,0,0,ok,"{""balanced_bagging"": true, ""is_unbalance"": false, ""learning_rate"": 0.03, ""max_depth"": 4, ""min_child_samples"": 10, ""n_estimators"": 250, ""negative_sample_ratio"": 5.0, ""num_leaves"": 15}",162,347,2026,top,lightgbm,manual_weak_top_label,202
0.7,40,0,,0.1,,,0.01013887425,,0,0,ok,"{""balanced_bagging"": true, ""is_unbalance"": true, ""learning_rate"": 0.025, ""max_depth"": 5, ""min_child_samples"": 12, ""n_estimators"": 320, ""negative_sample_ratio"": 3.0, ""num_leaves"": 15}",162,347,2026,top,lightgbm,manual_weak_top_label,202
0.6,40,0,,0.1,,,0.01013887425,,0,0,ok,"{""balanced_bagging"": true, ""is_unbalance"": true, ""learning_rate"": 0.025, ""max_depth"": 5, ""min_child_samples"": 12, ""n_estimators"": 320, ""negative_sample_ratio"": 3.0, ""num_leaves"": 15}",162,347,2026,top,lightgbm,manual_weak_top_label,202
0.5,40,0,,0.1,,,0.01013887425,,0,0,ok,"{""balanced_bagging"": true, ""is_unbalance"": true, ""learning_rate"": 0.025, ""max_depth"": 5, ""min_child_samples"": 12, ""n_estimators"": 320, ""negative_sample_ratio"": 3.0, ""num_leaves"": 15}",162,347,2026,top,lightgbm,manual_weak_top_label,202
0.4,40,0,,0.1,,,0.01013887425,,0,0,ok,"{""balanced_bagging"": true, ""is_unbalance"": true, ""learning_rate"": 0.025, ""max_depth"": 5, ""min_child_samples"": 12, ""n_estimators"": 320, ""negative_sample_ratio"": 3.0, ""num_leaves"": 15}",162,347,2026,top,lightgbm,manual_weak_top_label,202
0.3,40,1,0.0,0.1,-0.1,0.05380991,0.01013887425,0.043671035750000003,0,0,ok,"{""balanced_bagging"": true, ""is_unbalance"": true, ""learning_rate"": 0.025, ""max_depth"": 5, ""min_child_samples"": 12, ""n_estimators"": 320, ""negative_sample_ratio"": 3.0, ""num_leaves"": 15}",162,347,2026,top,lightgbm,manual_weak_top_label,202
0.7,40,0,,0.1,,,0.01013887425,,0,0,ok,"{""dropout"": 0.05, ""focal_alpha"": 0.7, ""focal_gamma"": 1.5, ""hidden_layers"": [32], ""learning_rate"": 0.001, ""max_epochs"": 130, ""patience"": 15}",162,347,2026,top,bp,manual_weak_top_label,202
0.6,40,0,,0.1,,,0.01013887425,,0,0,ok,"{""dropout"": 0.05, ""focal_alpha"": 0.7, ""focal_gamma"": 1.5, ""hidden_layers"": [32], ""learning_rate"": 0.001, ""max_epochs"": 130, ""patience"": 15}",162,347,2026,top,bp,manual_weak_top_label,202
0.5,40,0,,0.1,,,0.01013887425,,0,0,ok,"{""dropout"": 0.05, ""focal_alpha"": 0.7, ""focal_gamma"": 1.5, ""hidden_layers"": [32], ""learning_rate"": 0.001, ""max_epochs"": 130, ""patience"": 15}",162,347,2026,top,bp,manual_weak_top_label,202
0.4,40,0,,0.1,,,0.01013887425,,0,0,ok,"{""dropout"": 0.05, ""focal_alpha"": 0.7, ""focal_gamma"": 1.5, ""hidden_layers"": [32], ""learning_rate"": 0.001, ""max_epochs"": 130, ""patience"": 15}",162,347,2026,top,bp,manual_weak_top_label,202
0.3,40,2,0.5,0.1,0.4,-0.059219355,0.01013887425,-0.06935822925,1,1,ok,"{""dropout"": 0.05, ""focal_alpha"": 0.7, ""focal_gamma"": 1.5, ""hidden_layers"": [32], ""learning_rate"": 0.001, ""max_epochs"": 130, ""patience"": 15}",162,347,2026,top,bp,manual_weak_top_label,202
0.7,40,0,,0.1,,,0.01013887425,,0,0,ok,"{""dropout"": 0.1, ""focal_alpha"": 0.75, ""focal_gamma"": 2.0, ""hidden_layers"": [48, 24], ""learning_rate"": 0.001, ""max_epochs"": 160, ""patience"": 18}",162,347,2026,top,bp,manual_weak_top_label,202
0.6,40,0,,0.1,,,0.01013887425,,0,0,ok,"{""dropout"": 0.1, ""focal_alpha"": 0.75, ""focal_gamma"": 2.0, ""hidden_layers"": [48, 24], ""learning_rate"": 0.001, ""max_epochs"": 160, ""patience"": 18}",162,347,2026,top,bp,manual_weak_top_label,202
0.5,40,0,,0.1,,,0.01013887425,,0,0,ok,"{""dropout"": 0.1, ""focal_alpha"": 0.75, ""focal_gamma"": 2.0, ""hidden_layers"": [48, 24], ""learning_rate"": 0.001, ""max_epochs"": 160, ""patience"": 18}",162,347,2026,top,bp,manual_weak_top_label,202
0.4,40,1,0.0,0.1,-0.1,-0.00360309,0.01013887425,-0.01374196425,0,0,ok,"{""dropout"": 0.1, ""focal_alpha"": 0.75, ""focal_gamma"": 2.0, ""hidden_layers"": [48, 24], ""learning_rate"": 0.001, ""max_epochs"": 160, ""patience"": 18}",162,347,2026,top,bp,manual_weak_top_label,202
0.3,40,1,0.0,0.1,-0.1,-0.00360309,0.01013887425,-0.01374196425,0,0,ok,"{""dropout"": 0.1, ""focal_alpha"": 0.75, ""focal_gamma"": 2.0, ""hidden_layers"": [48, 24], ""learning_rate"": 0.001, ""max_epochs"": 160, ""patience"": 18}",162,347,2026,top,bp,manual_weak_top_label,202
0.7,40,0,,0.1,,,0.01013887425,,0,0,ok,"{""dropout"": 0.15, ""focal_alpha"": 0.8, ""focal_gamma"": 2.5, ""hidden_layers"": [64, 32], ""learning_rate"": 0.0007, ""max_epochs"": 180, ""patience"": 20}",162,347,2026,top,bp,manual_weak_top_label,202
0.6,40,0,,0.1,,,0.01013887425,,0,0,ok,"{""dropout"": 0.15, ""focal_alpha"": 0.8, ""focal_gamma"": 2.5, ""hidden_layers"": [64, 32], ""learning_rate"": 0.0007, ""max_epochs"": 180, ""patience"": 20}",162,347,2026,top,bp,manual_weak_top_label,202
0.5,40,0,,0.1,,,0.01013887425,,0,0,ok,"{""dropout"": 0.15, ""focal_alpha"": 0.8, ""focal_gamma"": 2.5, ""hidden_layers"": [64, 32], ""learning_rate"": 0.0007, ""max_epochs"": 180, ""patience"": 20}",162,347,2026,top,bp,manual_weak_top_label,202
0.4,40,0,,0.1,,,0.01013887425,,0,0,ok,"{""dropout"": 0.15, ""focal_alpha"": 0.8, ""focal_gamma"": 2.5, ""hidden_layers"": [64, 32], ""learning_rate"": 0.0007, ""max_epochs"": 180, ""patience"": 20}",162,347,2026,top,bp,manual_weak_top_label,202
0.3,40,1,1.0,0.1,0.9,-0.05847755,0.01013887425,-0.06861642425,0,0,ok,"{""dropout"": 0.15, ""focal_alpha"": 0.8, ""focal_gamma"": 2.5, ""hidden_layers"": [64, 32], ""learning_rate"": 0.0007, ""max_epochs"": 180, ""patience"": 20}",162,347,2026,top,bp,manual_weak_top_label,202
0.7,40,0,,0.1,,,0.01013887425,,0,0,ok,"{""alpha"": 0.0001, ""hidden_layer_sizes"": [32], ""learning_rate_init"": 0.001, ""max_iter"": 500, ""negative_sample_ratio"": 2.0}",162,347,2026,top,mlp,manual_weak_top_label,202
0.6,40,0,,0.1,,,0.01013887425,,0,0,ok,"{""alpha"": 0.0001, ""hidden_layer_sizes"": [32], ""learning_rate_init"": 0.001, ""max_iter"": 500, ""negative_sample_ratio"": 2.0}",162,347,2026,top,mlp,manual_weak_top_label,202
0.5,40,0,,0.1,,,0.01013887425,,0,0,ok,"{""alpha"": 0.0001, ""hidden_layer_sizes"": [32], ""learning_rate_init"": 0.001, ""max_iter"": 500, ""negative_sample_ratio"": 2.0}",162,347,2026,top,mlp,manual_weak_top_label,202
0.4,40,1,0.0,0.1,-0.1,-0.00360309,0.01013887425,-0.01374196425,0,0,ok,"{""alpha"": 0.0001, ""hidden_layer_sizes"": [32], ""learning_rate_init"": 0.001, ""max_iter"": 500, ""negative_sample_ratio"": 2.0}",162,347,2026,top,mlp,manual_weak_top_label,202
0.3,40,1,0.0,0.1,-0.1,-0.00360309,0.01013887425,-0.01374196425,0,0,ok,"{""alpha"": 0.0001, ""hidden_layer_sizes"": [32], ""learning_rate_init"": 0.001, ""max_iter"": 500, ""negative_sample_ratio"": 2.0}",162,347,2026,top,mlp,manual_weak_top_label,202
0.7,40,1,0.0,0.1,-0.1,-0.00912878,0.01013887425,-0.019267654250000002,0,0,ok,"{""alpha"": 0.0001, ""hidden_layer_sizes"": [48, 24], ""learning_rate_init"": 0.001, ""max_iter"": 600, ""negative_sample_ratio"": 3.0}",162,347,2026,top,mlp,manual_weak_top_label,202
0.6,40,2,0.5,0.1,0.4,-0.033803165,0.01013887425,-0.04394203925,1,1,ok,"{""alpha"": 0.0001, ""hidden_layer_sizes"": [48, 24], ""learning_rate_init"": 0.001, ""max_iter"": 600, ""negative_sample_ratio"": 3.0}",162,347,2026,top,mlp,manual_weak_top_label,202
0.5,40,3,0.3333333333333333,0.1,0.2333333333333333,-0.02373647333333333,0.01013887425,-0.03387534758333333,1,0,ok,"{""alpha"": 0.0001, ""hidden_layer_sizes"": [48, 24], ""learning_rate_init"": 0.001, ""max_iter"": 600, ""negative_sample_ratio"": 3.0}",162,347,2026,top,mlp,manual_weak_top_label,202
0.4,40,7,0.14285714285714285,0.1,0.042857142857142844,0.004238871428571428,0.01013887425,-0.005900002821428572,1,0,ok,"{""alpha"": 0.0001, ""hidden_layer_sizes"": [48, 24], ""learning_rate_init"": 0.001, ""max_iter"": 600, ""negative_sample_ratio"": 3.0}",162,347,2026,top,mlp,manual_weak_top_label,202
0.3,40,11,0.09090909090909091,0.1,-0.009090909090909094,0.005070700909090909,0.01013887425,-0.005068173340909091,1,0,ok,"{""alpha"": 0.0001, ""hidden_layer_sizes"": [48, 24], ""learning_rate_init"": 0.001, ""max_iter"": 600, ""negative_sample_ratio"": 3.0}",162,347,2026,top,mlp,manual_weak_top_label,202
0.7,40,0,,0.1,,,0.01013887425,,0,0,ok,"{""alpha"": 0.001, ""hidden_layer_sizes"": [64, 32], ""learning_rate_init"": 0.0007, ""max_iter"": 700, ""negative_sample_ratio"": 5.0}",162,347,2026,top,mlp,manual_weak_top_label,202
0.6,40,0,,0.1,,,0.01013887425,,0,0,ok,"{""alpha"": 0.001, ""hidden_layer_sizes"": [64, 32], ""learning_rate_init"": 0.0007, ""max_iter"": 700, ""negative_sample_ratio"": 5.0}",162,347,2026,top,mlp,manual_weak_top_label,202
0.5,40,0,,0.1,,,0.01013887425,,0,0,ok,"{""alpha"": 0.001, ""hidden_layer_sizes"": [64, 32], ""learning_rate_init"": 0.0007, ""max_iter"": 700, ""negative_sample_ratio"": 5.0}",162,347,2026,top,mlp,manual_weak_top_label,202
0.4,40,0,,0.1,,,0.01013887425,,0,0,ok,"{""alpha"": 0.001, ""hidden_layer_sizes"": [64, 32], ""learning_rate_init"": 0.0007, ""max_iter"": 700, ""negative_sample_ratio"": 5.0}",162,347,2026,top,mlp,manual_weak_top_label,202
0.3,40,0,,0.1,,,0.01013887425,,0,0,ok,"{""alpha"": 0.001, ""hidden_layer_sizes"": [64, 32], ""learning_rate_init"": 0.0007, ""max_iter"": 700, ""negative_sample_ratio"": 5.0}",162,347,2026,top,mlp,manual_weak_top_label,202
0.7,40,0,,0.1,,,0.01013887425,,0,1,ok,"{""C"": 0.5, ""gamma"": ""scale""}",162,347,2026,top,svm,manual_weak_top_label,202
0.6,40,0,,0.1,,,0.01013887425,,0,0,ok,"{""C"": 0.5, ""gamma"": ""scale""}",162,347,2026,top,svm,manual_weak_top_label,202
0.5,40,0,,0.1,,,0.01013887425,,0,0,ok,"{""C"": 0.5, ""gamma"": ""scale""}",162,347,2026,top,svm,manual_weak_top_label,202
0.4,40,0,,0.1,,,0.01013887425,,0,0,ok,"{""C"": 0.5, ""gamma"": ""scale""}",162,347,2026,top,svm,manual_weak_top_label,202
0.3,40,0,,0.1,,,0.01013887425,,0,0,ok,"{""C"": 0.5, ""gamma"": ""scale""}",162,347,2026,top,svm,manual_weak_top_label,202
0.7,40,0,,0.1,,,0.01013887425,,0,0,ok,"{""C"": 1.0, ""gamma"": ""scale""}",162,347,2026,top,svm,manual_weak_top_label,202
0.6,40,0,,0.1,,,0.01013887425,,0,0,ok,"{""C"": 1.0, ""gamma"": ""scale""}",162,347,2026,top,svm,manual_weak_top_label,202
0.5,40,0,,0.1,,,0.01013887425,,0,0,ok,"{""C"": 1.0, ""gamma"": ""scale""}",162,347,2026,top,svm,manual_weak_top_label,202
0.4,40,0,,0.1,,,0.01013887425,,0,0,ok,"{""C"": 1.0, ""gamma"": ""scale""}",162,347,2026,top,svm,manual_weak_top_label,202
0.3,40,0,,0.1,,,0.01013887425,,0,0,ok,"{""C"": 1.0, ""gamma"": ""scale""}",162,347,2026,top,svm,manual_weak_top_label,202
0.7,40,0,,0.1,,,0.01013887425,,0,0,ok,"{""C"": 2.0, ""gamma"": ""scale""}",162,347,2026,top,svm,manual_weak_top_label,202
0.6,40,0,,0.1,,,0.01013887425,,0,0,ok,"{""C"": 2.0, ""gamma"": ""scale""}",162,347,2026,top,svm,manual_weak_top_label,202
0.5,40,0,,0.1,,,0.01013887425,,0,0,ok,"{""C"": 2.0, ""gamma"": ""scale""}",162,347,2026,top,svm,manual_weak_top_label,202
0.4,40,0,,0.1,,,0.01013887425,,0,0,ok,"{""C"": 2.0, ""gamma"": ""scale""}",162,347,2026,top,svm,manual_weak_top_label,202
0.3,40,0,,0.1,,,0.01013887425,,0,0,ok,"{""C"": 2.0, ""gamma"": ""scale""}",162,347,2026,top,svm,manual_weak_top_label,202
