threshold,validation_rows,validation_signal_count,validation_precision,validation_natural_precision,validation_precision_lift,validation_avg_future_ret_3w,validation_natural_avg_future_ret_3w,validation_avg_return_lift,valid_signal_floor,selected,tuning_status,params_json,fit_rows,usable_features,test_year,side,model,label_col,train_rows
0.7,23,0,,0.2608695652173913,,,0.018921491304347827,,0,0,ok,"{""C"": 0.3}",92,347,2021,bottom,logistic,manual_weak_bottom_label,115
0.6,23,1,0.0,0.2608695652173913,-0.2608695652173913,-0.00701022,0.018921491304347827,-0.025931711304347828,0,0,ok,"{""C"": 0.3}",92,347,2021,bottom,logistic,manual_weak_bottom_label,115
0.5,23,1,0.0,0.2608695652173913,-0.2608695652173913,-0.00701022,0.018921491304347827,-0.025931711304347828,0,0,ok,"{""C"": 0.3}",92,347,2021,bottom,logistic,manual_weak_bottom_label,115
0.4,23,1,0.0,0.2608695652173913,-0.2608695652173913,-0.00701022,0.018921491304347827,-0.025931711304347828,0,0,ok,"{""C"": 0.3}",92,347,2021,bottom,logistic,manual_weak_bottom_label,115
0.3,23,2,0.5,0.2608695652173913,0.2391304347826087,9.877e-05,0.018921491304347827,-0.018822721304347825,1,0,ok,"{""C"": 0.3}",92,347,2021,bottom,logistic,manual_weak_bottom_label,115
0.7,23,1,0.0,0.2608695652173913,-0.2608695652173913,-0.00701022,0.018921491304347827,-0.025931711304347828,0,0,ok,"{""C"": 1.0}",92,347,2021,bottom,logistic,manual_weak_bottom_label,115
0.6,23,1,0.0,0.2608695652173913,-0.2608695652173913,-0.00701022,0.018921491304347827,-0.025931711304347828,0,0,ok,"{""C"": 1.0}",92,347,2021,bottom,logistic,manual_weak_bottom_label,115
0.5,23,2,0.5,0.2608695652173913,0.2391304347826087,9.877e-05,0.018921491304347827,-0.018822721304347825,1,0,ok,"{""C"": 1.0}",92,347,2021,bottom,logistic,manual_weak_bottom_label,115
0.4,23,2,0.5,0.2608695652173913,0.2391304347826087,9.877e-05,0.018921491304347827,-0.018822721304347825,1,0,ok,"{""C"": 1.0}",92,347,2021,bottom,logistic,manual_weak_bottom_label,115
0.3,23,2,0.5,0.2608695652173913,0.2391304347826087,9.877e-05,0.018921491304347827,-0.018822721304347825,1,0,ok,"{""C"": 1.0}",92,347,2021,bottom,logistic,manual_weak_bottom_label,115
0.7,23,1,0.0,0.2608695652173913,-0.2608695652173913,-0.00701022,0.018921491304347827,-0.025931711304347828,0,0,ok,"{""C"": 3.0}",92,347,2021,bottom,logistic,manual_weak_bottom_label,115
0.6,23,2,0.5,0.2608695652173913,0.2391304347826087,9.877e-05,0.018921491304347827,-0.018822721304347825,1,1,ok,"{""C"": 3.0}",92,347,2021,bottom,logistic,manual_weak_bottom_label,115
0.5,23,2,0.5,0.2608695652173913,0.2391304347826087,9.877e-05,0.018921491304347827,-0.018822721304347825,1,0,ok,"{""C"": 3.0}",92,347,2021,bottom,logistic,manual_weak_bottom_label,115
0.4,23,2,0.5,0.2608695652173913,0.2391304347826087,9.877e-05,0.018921491304347827,-0.018822721304347825,1,0,ok,"{""C"": 3.0}",92,347,2021,bottom,logistic,manual_weak_bottom_label,115
0.3,23,2,0.5,0.2608695652173913,0.2391304347826087,9.877e-05,0.018921491304347827,-0.018822721304347825,1,0,ok,"{""C"": 3.0}",92,347,2021,bottom,logistic,manual_weak_bottom_label,115
0.7,23,5,0.2,0.2608695652173913,-0.060869565217391286,0.007007086,0.018921491304347827,-0.011914405304347828,1,0,ok,"{""shrinkage"": ""auto"", ""solver"": ""lsqr""}",92,347,2021,bottom,lda,manual_weak_bottom_label,115
0.6,23,5,0.2,0.2608695652173913,-0.060869565217391286,0.007007086,0.018921491304347827,-0.011914405304347828,1,0,ok,"{""shrinkage"": ""auto"", ""solver"": ""lsqr""}",92,347,2021,bottom,lda,manual_weak_bottom_label,115
0.5,23,6,0.16666666666666666,0.2608695652173913,-0.09420289855072464,-0.00176338,0.018921491304347827,-0.020684871304347825,1,0,ok,"{""shrinkage"": ""auto"", ""solver"": ""lsqr""}",92,347,2021,bottom,lda,manual_weak_bottom_label,115
0.4,23,6,0.16666666666666666,0.2608695652173913,-0.09420289855072464,-0.00176338,0.018921491304347827,-0.020684871304347825,1,0,ok,"{""shrinkage"": ""auto"", ""solver"": ""lsqr""}",92,347,2021,bottom,lda,manual_weak_bottom_label,115
0.3,23,6,0.16666666666666666,0.2608695652173913,-0.09420289855072464,-0.00176338,0.018921491304347827,-0.020684871304347825,1,0,ok,"{""shrinkage"": ""auto"", ""solver"": ""lsqr""}",92,347,2021,bottom,lda,manual_weak_bottom_label,115
0.7,23,4,0.25,0.2608695652173913,-0.010869565217391297,0.0034383775,0.018921491304347827,-0.015483113804347828,1,0,ok,"{""shrinkage"": 0.2, ""solver"": ""lsqr""}",92,347,2021,bottom,lda,manual_weak_bottom_label,115
0.6,23,4,0.25,0.2608695652173913,-0.010869565217391297,0.0034383775,0.018921491304347827,-0.015483113804347828,1,0,ok,"{""shrinkage"": 0.2, ""solver"": ""lsqr""}",92,347,2021,bottom,lda,manual_weak_bottom_label,115
0.5,23,4,0.25,0.2608695652173913,-0.010869565217391297,0.0034383775,0.018921491304347827,-0.015483113804347828,1,0,ok,"{""shrinkage"": 0.2, ""solver"": ""lsqr""}",92,347,2021,bottom,lda,manual_weak_bottom_label,115
0.4,23,5,0.2,0.2608695652173913,-0.060869565217391286,-0.00637244,0.018921491304347827,-0.025293931304347827,1,0,ok,"{""shrinkage"": 0.2, ""solver"": ""lsqr""}",92,347,2021,bottom,lda,manual_weak_bottom_label,115
0.3,23,5,0.2,0.2608695652173913,-0.060869565217391286,-0.00637244,0.018921491304347827,-0.025293931304347827,1,0,ok,"{""shrinkage"": 0.2, ""solver"": ""lsqr""}",92,347,2021,bottom,lda,manual_weak_bottom_label,115
0.7,23,2,0.5,0.2608695652173913,0.2391304347826087,0.027456995,0.018921491304347827,0.008535503695652175,1,1,ok,"{""shrinkage"": 0.5, ""solver"": ""lsqr""}",92,347,2021,bottom,lda,manual_weak_bottom_label,115
0.6,23,4,0.25,0.2608695652173913,-0.010869565217391297,0.0034383775,0.018921491304347827,-0.015483113804347828,1,0,ok,"{""shrinkage"": 0.5, ""solver"": ""lsqr""}",92,347,2021,bottom,lda,manual_weak_bottom_label,115
0.5,23,4,0.25,0.2608695652173913,-0.010869565217391297,0.0034383775,0.018921491304347827,-0.015483113804347828,1,0,ok,"{""shrinkage"": 0.5, ""solver"": ""lsqr""}",92,347,2021,bottom,lda,manual_weak_bottom_label,115
0.4,23,4,0.25,0.2608695652173913,-0.010869565217391297,0.0034383775,0.018921491304347827,-0.015483113804347828,1,0,ok,"{""shrinkage"": 0.5, ""solver"": ""lsqr""}",92,347,2021,bottom,lda,manual_weak_bottom_label,115
0.3,23,5,0.2,0.2608695652173913,-0.060869565217391286,-0.00637244,0.018921491304347827,-0.025293931304347827,1,0,ok,"{""shrinkage"": 0.5, ""solver"": ""lsqr""}",92,347,2021,bottom,lda,manual_weak_bottom_label,115
0.7,23,10,0.2,0.2608695652173913,-0.060869565217391286,0.020708941,0.018921491304347827,0.0017874496956521747,1,1,ok,"{""reg_param"": 0.2}",92,347,2021,bottom,qda,manual_weak_bottom_label,115
0.6,23,10,0.2,0.2608695652173913,-0.060869565217391286,0.020708941,0.018921491304347827,0.0017874496956521747,1,0,ok,"{""reg_param"": 0.2}",92,347,2021,bottom,qda,manual_weak_bottom_label,115
0.5,23,10,0.2,0.2608695652173913,-0.060869565217391286,0.020708941,0.018921491304347827,0.0017874496956521747,1,0,ok,"{""reg_param"": 0.2}",92,347,2021,bottom,qda,manual_weak_bottom_label,115
0.4,23,10,0.2,0.2608695652173913,-0.060869565217391286,0.020708941,0.018921491304347827,0.0017874496956521747,1,0,ok,"{""reg_param"": 0.2}",92,347,2021,bottom,qda,manual_weak_bottom_label,115
0.3,23,10,0.2,0.2608695652173913,-0.060869565217391286,0.020708941,0.018921491304347827,0.0017874496956521747,1,0,ok,"{""reg_param"": 0.2}",92,347,2021,bottom,qda,manual_weak_bottom_label,115
0.7,23,10,0.2,0.2608695652173913,-0.060869565217391286,0.020708941,0.018921491304347827,0.0017874496956521747,1,0,ok,"{""reg_param"": 0.5}",92,347,2021,bottom,qda,manual_weak_bottom_label,115
0.6,23,10,0.2,0.2608695652173913,-0.060869565217391286,0.020708941,0.018921491304347827,0.0017874496956521747,1,0,ok,"{""reg_param"": 0.5}",92,347,2021,bottom,qda,manual_weak_bottom_label,115
0.5,23,10,0.2,0.2608695652173913,-0.060869565217391286,0.020708941,0.018921491304347827,0.0017874496956521747,1,0,ok,"{""reg_param"": 0.5}",92,347,2021,bottom,qda,manual_weak_bottom_label,115
0.4,23,10,0.2,0.2608695652173913,-0.060869565217391286,0.020708941,0.018921491304347827,0.0017874496956521747,1,0,ok,"{""reg_param"": 0.5}",92,347,2021,bottom,qda,manual_weak_bottom_label,115
0.3,23,10,0.2,0.2608695652173913,-0.060869565217391286,0.020708941,0.018921491304347827,0.0017874496956521747,1,0,ok,"{""reg_param"": 0.5}",92,347,2021,bottom,qda,manual_weak_bottom_label,115
0.7,23,10,0.2,0.2608695652173913,-0.060869565217391286,0.020708941,0.018921491304347827,0.0017874496956521747,1,0,ok,"{""reg_param"": 0.8}",92,347,2021,bottom,qda,manual_weak_bottom_label,115
0.6,23,10,0.2,0.2608695652173913,-0.060869565217391286,0.020708941,0.018921491304347827,0.0017874496956521747,1,0,ok,"{""reg_param"": 0.8}",92,347,2021,bottom,qda,manual_weak_bottom_label,115
0.5,23,10,0.2,0.2608695652173913,-0.060869565217391286,0.020708941,0.018921491304347827,0.0017874496956521747,1,0,ok,"{""reg_param"": 0.8}",92,347,2021,bottom,qda,manual_weak_bottom_label,115
0.4,23,10,0.2,0.2608695652173913,-0.060869565217391286,0.020708941,0.018921491304347827,0.0017874496956521747,1,0,ok,"{""reg_param"": 0.8}",92,347,2021,bottom,qda,manual_weak_bottom_label,115
0.3,23,10,0.2,0.2608695652173913,-0.060869565217391286,0.020708941,0.018921491304347827,0.0017874496956521747,1,0,ok,"{""reg_param"": 0.8}",92,347,2021,bottom,qda,manual_weak_bottom_label,115
0.7,23,0,,0.2608695652173913,,,0.018921491304347827,,0,0,ok,"{""balanced_bagging"": true, ""is_unbalance"": false, ""learning_rate"": 0.04, ""max_depth"": 3, ""min_child_samples"": 8, ""n_estimators"": 180, ""negative_sample_ratio"": 3.0, ""num_leaves"": 7}",92,347,2021,bottom,lightgbm,manual_weak_bottom_label,115
0.6,23,0,,0.2608695652173913,,,0.018921491304347827,,0,0,ok,"{""balanced_bagging"": true, ""is_unbalance"": false, ""learning_rate"": 0.04, ""max_depth"": 3, ""min_child_samples"": 8, ""n_estimators"": 180, ""negative_sample_ratio"": 3.0, ""num_leaves"": 7}",92,347,2021,bottom,lightgbm,manual_weak_bottom_label,115
0.5,23,0,,0.2608695652173913,,,0.018921491304347827,,0,0,ok,"{""balanced_bagging"": true, ""is_unbalance"": false, ""learning_rate"": 0.04, ""max_depth"": 3, ""min_child_samples"": 8, ""n_estimators"": 180, ""negative_sample_ratio"": 3.0, ""num_leaves"": 7}",92,347,2021,bottom,lightgbm,manual_weak_bottom_label,115
0.4,23,0,,0.2608695652173913,,,0.018921491304347827,,0,0,ok,"{""balanced_bagging"": true, ""is_unbalance"": false, ""learning_rate"": 0.04, ""max_depth"": 3, ""min_child_samples"": 8, ""n_estimators"": 180, ""negative_sample_ratio"": 3.0, ""num_leaves"": 7}",92,347,2021,bottom,lightgbm,manual_weak_bottom_label,115
0.3,23,2,0.5,0.2608695652173913,0.2391304347826087,0.017114795,0.018921491304347827,-0.0018066963043478282,1,1,ok,"{""balanced_bagging"": true, ""is_unbalance"": false, ""learning_rate"": 0.04, ""max_depth"": 3, ""min_child_samples"": 8, ""n_estimators"": 180, ""negative_sample_ratio"": 3.0, ""num_leaves"": 7}",92,347,2021,bottom,lightgbm,manual_weak_bottom_label,115
0.7,23,0,,0.2608695652173913,,,0.018921491304347827,,0,0,ok,"{""balanced_bagging"": true, ""is_unbalance"": false, ""learning_rate"": 0.03, ""max_depth"": 4, ""min_child_samples"": 10, ""n_estimators"": 250, ""negative_sample_ratio"": 5.0, ""num_leaves"": 15}",92,347,2021,bottom,lightgbm,manual_weak_bottom_label,115
0.6,23,0,,0.2608695652173913,,,0.018921491304347827,,0,0,ok,"{""balanced_bagging"": true, ""is_unbalance"": false, ""learning_rate"": 0.03, ""max_depth"": 4, ""min_child_samples"": 10, ""n_estimators"": 250, ""negative_sample_ratio"": 5.0, ""num_leaves"": 15}",92,347,2021,bottom,lightgbm,manual_weak_bottom_label,115
0.5,23,0,,0.2608695652173913,,,0.018921491304347827,,0,0,ok,"{""balanced_bagging"": true, ""is_unbalance"": false, ""learning_rate"": 0.03, ""max_depth"": 4, ""min_child_samples"": 10, ""n_estimators"": 250, ""negative_sample_ratio"": 5.0, ""num_leaves"": 15}",92,347,2021,bottom,lightgbm,manual_weak_bottom_label,115
0.4,23,0,,0.2608695652173913,,,0.018921491304347827,,0,0,ok,"{""balanced_bagging"": true, ""is_unbalance"": false, ""learning_rate"": 0.03, ""max_depth"": 4, ""min_child_samples"": 10, ""n_estimators"": 250, ""negative_sample_ratio"": 5.0, ""num_leaves"": 15}",92,347,2021,bottom,lightgbm,manual_weak_bottom_label,115
0.3,23,0,,0.2608695652173913,,,0.018921491304347827,,0,0,ok,"{""balanced_bagging"": true, ""is_unbalance"": false, ""learning_rate"": 0.03, ""max_depth"": 4, ""min_child_samples"": 10, ""n_estimators"": 250, ""negative_sample_ratio"": 5.0, ""num_leaves"": 15}",92,347,2021,bottom,lightgbm,manual_weak_bottom_label,115
0.7,23,0,,0.2608695652173913,,,0.018921491304347827,,0,0,ok,"{""balanced_bagging"": true, ""is_unbalance"": true, ""learning_rate"": 0.025, ""max_depth"": 5, ""min_child_samples"": 12, ""n_estimators"": 320, ""negative_sample_ratio"": 3.0, ""num_leaves"": 15}",92,347,2021,bottom,lightgbm,manual_weak_bottom_label,115
0.6,23,0,,0.2608695652173913,,,0.018921491304347827,,0,0,ok,"{""balanced_bagging"": true, ""is_unbalance"": true, ""learning_rate"": 0.025, ""max_depth"": 5, ""min_child_samples"": 12, ""n_estimators"": 320, ""negative_sample_ratio"": 3.0, ""num_leaves"": 15}",92,347,2021,bottom,lightgbm,manual_weak_bottom_label,115
0.5,23,0,,0.2608695652173913,,,0.018921491304347827,,0,0,ok,"{""balanced_bagging"": true, ""is_unbalance"": true, ""learning_rate"": 0.025, ""max_depth"": 5, ""min_child_samples"": 12, ""n_estimators"": 320, ""negative_sample_ratio"": 3.0, ""num_leaves"": 15}",92,347,2021,bottom,lightgbm,manual_weak_bottom_label,115
0.4,23,0,,0.2608695652173913,,,0.018921491304347827,,0,0,ok,"{""balanced_bagging"": true, ""is_unbalance"": true, ""learning_rate"": 0.025, ""max_depth"": 5, ""min_child_samples"": 12, ""n_estimators"": 320, ""negative_sample_ratio"": 3.0, ""num_leaves"": 15}",92,347,2021,bottom,lightgbm,manual_weak_bottom_label,115
0.3,23,1,1.0,0.2608695652173913,0.7391304347826086,0.03057697,0.018921491304347827,0.011655478695652172,0,0,ok,"{""balanced_bagging"": true, ""is_unbalance"": true, ""learning_rate"": 0.025, ""max_depth"": 5, ""min_child_samples"": 12, ""n_estimators"": 320, ""negative_sample_ratio"": 3.0, ""num_leaves"": 15}",92,347,2021,bottom,lightgbm,manual_weak_bottom_label,115
0.7,23,2,0.5,0.2608695652173913,0.2391304347826087,0.027456995,0.018921491304347827,0.008535503695652175,1,1,ok,"{""dropout"": 0.05, ""focal_alpha"": 0.7, ""focal_gamma"": 1.5, ""hidden_layers"": [32], ""learning_rate"": 0.001, ""max_epochs"": 130, ""patience"": 15}",92,347,2021,bottom,bp,manual_weak_bottom_label,115
0.6,23,4,0.25,0.2608695652173913,-0.010869565217391297,0.0172964225,0.018921491304347827,-0.0016250688043478283,1,0,ok,"{""dropout"": 0.05, ""focal_alpha"": 0.7, ""focal_gamma"": 1.5, ""hidden_layers"": [32], ""learning_rate"": 0.001, ""max_epochs"": 130, ""patience"": 15}",92,347,2021,bottom,bp,manual_weak_bottom_label,115
0.5,23,5,0.2,0.2608695652173913,-0.060869565217391286,0.004713996,0.018921491304347827,-0.014207495304347827,1,0,ok,"{""dropout"": 0.05, ""focal_alpha"": 0.7, ""focal_gamma"": 1.5, ""hidden_layers"": [32], ""learning_rate"": 0.001, ""max_epochs"": 130, ""patience"": 15}",92,347,2021,bottom,bp,manual_weak_bottom_label,115
0.4,23,7,0.2857142857142857,0.2608695652173913,0.0248447204968944,-3.285714285714286e-05,0.018921491304347827,-0.01895434844720497,1,0,ok,"{""dropout"": 0.05, ""focal_alpha"": 0.7, ""focal_gamma"": 1.5, ""hidden_layers"": [32], ""learning_rate"": 0.001, ""max_epochs"": 130, ""patience"": 15}",92,347,2021,bottom,bp,manual_weak_bottom_label,115
0.3,23,7,0.2857142857142857,0.2608695652173913,0.0248447204968944,-3.285714285714286e-05,0.018921491304347827,-0.01895434844720497,1,0,ok,"{""dropout"": 0.05, ""focal_alpha"": 0.7, ""focal_gamma"": 1.5, ""hidden_layers"": [32], ""learning_rate"": 0.001, ""max_epochs"": 130, ""patience"": 15}",92,347,2021,bottom,bp,manual_weak_bottom_label,115
0.7,23,0,,0.2608695652173913,,,0.018921491304347827,,0,0,ok,"{""dropout"": 0.1, ""focal_alpha"": 0.75, ""focal_gamma"": 2.0, ""hidden_layers"": [48, 24], ""learning_rate"": 0.001, ""max_epochs"": 160, ""patience"": 18}",92,347,2021,bottom,bp,manual_weak_bottom_label,115
0.6,23,0,,0.2608695652173913,,,0.018921491304347827,,0,0,ok,"{""dropout"": 0.1, ""focal_alpha"": 0.75, ""focal_gamma"": 2.0, ""hidden_layers"": [48, 24], ""learning_rate"": 0.001, ""max_epochs"": 160, ""patience"": 18}",92,347,2021,bottom,bp,manual_weak_bottom_label,115
0.5,23,1,0.0,0.2608695652173913,-0.2608695652173913,0.02816923,0.018921491304347827,0.009247738695652173,0,0,ok,"{""dropout"": 0.1, ""focal_alpha"": 0.75, ""focal_gamma"": 2.0, ""hidden_layers"": [48, 24], ""learning_rate"": 0.001, ""max_epochs"": 160, ""patience"": 18}",92,347,2021,bottom,bp,manual_weak_bottom_label,115
0.4,23,1,0.0,0.2608695652173913,-0.2608695652173913,0.02816923,0.018921491304347827,0.009247738695652173,0,0,ok,"{""dropout"": 0.1, ""focal_alpha"": 0.75, ""focal_gamma"": 2.0, ""hidden_layers"": [48, 24], ""learning_rate"": 0.001, ""max_epochs"": 160, ""patience"": 18}",92,347,2021,bottom,bp,manual_weak_bottom_label,115
0.3,23,3,0.0,0.2608695652173913,-0.2608695652173913,0.008270543333333333,0.018921491304347827,-0.010650947971014494,1,0,ok,"{""dropout"": 0.1, ""focal_alpha"": 0.75, ""focal_gamma"": 2.0, ""hidden_layers"": [48, 24], ""learning_rate"": 0.001, ""max_epochs"": 160, ""patience"": 18}",92,347,2021,bottom,bp,manual_weak_bottom_label,115
0.7,23,0,,0.2608695652173913,,,0.018921491304347827,,0,0,ok,"{""dropout"": 0.15, ""focal_alpha"": 0.8, ""focal_gamma"": 2.5, ""hidden_layers"": [64, 32], ""learning_rate"": 0.0007, ""max_epochs"": 180, ""patience"": 20}",92,347,2021,bottom,bp,manual_weak_bottom_label,115
0.6,23,0,,0.2608695652173913,,,0.018921491304347827,,0,0,ok,"{""dropout"": 0.15, ""focal_alpha"": 0.8, ""focal_gamma"": 2.5, ""hidden_layers"": [64, 32], ""learning_rate"": 0.0007, ""max_epochs"": 180, ""patience"": 20}",92,347,2021,bottom,bp,manual_weak_bottom_label,115
0.5,23,0,,0.2608695652173913,,,0.018921491304347827,,0,0,ok,"{""dropout"": 0.15, ""focal_alpha"": 0.8, ""focal_gamma"": 2.5, ""hidden_layers"": [64, 32], ""learning_rate"": 0.0007, ""max_epochs"": 180, ""patience"": 20}",92,347,2021,bottom,bp,manual_weak_bottom_label,115
0.4,23,1,1.0,0.2608695652173913,0.7391304347826086,0.00720776,0.018921491304347827,-0.011713731304347826,0,0,ok,"{""dropout"": 0.15, ""focal_alpha"": 0.8, ""focal_gamma"": 2.5, ""hidden_layers"": [64, 32], ""learning_rate"": 0.0007, ""max_epochs"": 180, ""patience"": 20}",92,347,2021,bottom,bp,manual_weak_bottom_label,115
0.3,23,2,0.5,0.2608695652173913,0.2391304347826087,0.027456995,0.018921491304347827,0.008535503695652175,1,0,ok,"{""dropout"": 0.15, ""focal_alpha"": 0.8, ""focal_gamma"": 2.5, ""hidden_layers"": [64, 32], ""learning_rate"": 0.0007, ""max_epochs"": 180, ""patience"": 20}",92,347,2021,bottom,bp,manual_weak_bottom_label,115
0.7,23,0,,0.2608695652173913,,,0.018921491304347827,,0,0,ok,"{""alpha"": 0.0001, ""hidden_layer_sizes"": [32], ""learning_rate_init"": 0.001, ""max_iter"": 500, ""negative_sample_ratio"": 2.0}",92,347,2021,bottom,mlp,manual_weak_bottom_label,115
0.6,23,1,0.0,0.2608695652173913,-0.2608695652173913,0.00365262,0.018921491304347827,-0.015268871304347826,0,0,ok,"{""alpha"": 0.0001, ""hidden_layer_sizes"": [32], ""learning_rate_init"": 0.001, ""max_iter"": 500, ""negative_sample_ratio"": 2.0}",92,347,2021,bottom,mlp,manual_weak_bottom_label,115
0.5,23,3,0.0,0.2608695652173913,-0.2608695652173913,-0.012502619999999999,0.018921491304347827,-0.03142411130434783,1,0,ok,"{""alpha"": 0.0001, ""hidden_layer_sizes"": [32], ""learning_rate_init"": 0.001, ""max_iter"": 500, ""negative_sample_ratio"": 2.0}",92,347,2021,bottom,mlp,manual_weak_bottom_label,115
0.4,23,4,0.0,0.2608695652173913,-0.2608695652173913,-0.0034116825,0.018921491304347827,-0.022333173804347826,1,0,ok,"{""alpha"": 0.0001, ""hidden_layer_sizes"": [32], ""learning_rate_init"": 0.001, ""max_iter"": 500, ""negative_sample_ratio"": 2.0}",92,347,2021,bottom,mlp,manual_weak_bottom_label,115
0.3,23,4,0.0,0.2608695652173913,-0.2608695652173913,-0.0034116825,0.018921491304347827,-0.022333173804347826,1,0,ok,"{""alpha"": 0.0001, ""hidden_layer_sizes"": [32], ""learning_rate_init"": 0.001, ""max_iter"": 500, ""negative_sample_ratio"": 2.0}",92,347,2021,bottom,mlp,manual_weak_bottom_label,115
0.7,23,0,,0.2608695652173913,,,0.018921491304347827,,0,0,ok,"{""alpha"": 0.0001, ""hidden_layer_sizes"": [48, 24], ""learning_rate_init"": 0.001, ""max_iter"": 600, ""negative_sample_ratio"": 3.0}",92,347,2021,bottom,mlp,manual_weak_bottom_label,115
0.6,23,2,0.5,0.2608695652173913,0.2391304347826087,0.03418256,0.018921491304347827,0.015261068695652174,1,1,ok,"{""alpha"": 0.0001, ""hidden_layer_sizes"": [48, 24], ""learning_rate_init"": 0.001, ""max_iter"": 600, ""negative_sample_ratio"": 3.0}",92,347,2021,bottom,mlp,manual_weak_bottom_label,115
0.5,23,2,0.5,0.2608695652173913,0.2391304347826087,0.03418256,0.018921491304347827,0.015261068695652174,1,0,ok,"{""alpha"": 0.0001, ""hidden_layer_sizes"": [48, 24], ""learning_rate_init"": 0.001, ""max_iter"": 600, ""negative_sample_ratio"": 3.0}",92,347,2021,bottom,mlp,manual_weak_bottom_label,115
0.4,23,3,0.3333333333333333,0.2608695652173913,0.07246376811594202,0.02539863666666667,0.018921491304347827,0.006477145362318842,1,0,ok,"{""alpha"": 0.0001, ""hidden_layer_sizes"": [48, 24], ""learning_rate_init"": 0.001, ""max_iter"": 600, ""negative_sample_ratio"": 3.0}",92,347,2021,bottom,mlp,manual_weak_bottom_label,115
0.3,23,5,0.2,0.2608695652173913,-0.060869565217391286,0.0166088,0.018921491304347827,-0.002312691304347827,1,0,ok,"{""alpha"": 0.0001, ""hidden_layer_sizes"": [48, 24], ""learning_rate_init"": 0.001, ""max_iter"": 600, ""negative_sample_ratio"": 3.0}",92,347,2021,bottom,mlp,manual_weak_bottom_label,115
0.7,23,0,,0.2608695652173913,,,0.018921491304347827,,0,0,ok,"{""alpha"": 0.001, ""hidden_layer_sizes"": [64, 32], ""learning_rate_init"": 0.0007, ""max_iter"": 700, ""negative_sample_ratio"": 5.0}",92,347,2021,bottom,mlp,manual_weak_bottom_label,115
0.6,23,0,,0.2608695652173913,,,0.018921491304347827,,0,0,ok,"{""alpha"": 0.001, ""hidden_layer_sizes"": [64, 32], ""learning_rate_init"": 0.0007, ""max_iter"": 700, ""negative_sample_ratio"": 5.0}",92,347,2021,bottom,mlp,manual_weak_bottom_label,115
0.5,23,0,,0.2608695652173913,,,0.018921491304347827,,0,0,ok,"{""alpha"": 0.001, ""hidden_layer_sizes"": [64, 32], ""learning_rate_init"": 0.0007, ""max_iter"": 700, ""negative_sample_ratio"": 5.0}",92,347,2021,bottom,mlp,manual_weak_bottom_label,115
0.4,23,0,,0.2608695652173913,,,0.018921491304347827,,0,0,ok,"{""alpha"": 0.001, ""hidden_layer_sizes"": [64, 32], ""learning_rate_init"": 0.0007, ""max_iter"": 700, ""negative_sample_ratio"": 5.0}",92,347,2021,bottom,mlp,manual_weak_bottom_label,115
0.3,23,0,,0.2608695652173913,,,0.018921491304347827,,0,0,ok,"{""alpha"": 0.001, ""hidden_layer_sizes"": [64, 32], ""learning_rate_init"": 0.0007, ""max_iter"": 700, ""negative_sample_ratio"": 5.0}",92,347,2021,bottom,mlp,manual_weak_bottom_label,115
0.7,23,0,,0.2608695652173913,,,0.018921491304347827,,0,1,ok,"{""C"": 0.5, ""gamma"": ""scale""}",92,347,2021,bottom,svm,manual_weak_bottom_label,115
0.6,23,0,,0.2608695652173913,,,0.018921491304347827,,0,0,ok,"{""C"": 0.5, ""gamma"": ""scale""}",92,347,2021,bottom,svm,manual_weak_bottom_label,115
0.5,23,0,,0.2608695652173913,,,0.018921491304347827,,0,0,ok,"{""C"": 0.5, ""gamma"": ""scale""}",92,347,2021,bottom,svm,manual_weak_bottom_label,115
0.4,23,0,,0.2608695652173913,,,0.018921491304347827,,0,0,ok,"{""C"": 0.5, ""gamma"": ""scale""}",92,347,2021,bottom,svm,manual_weak_bottom_label,115
0.3,23,0,,0.2608695652173913,,,0.018921491304347827,,0,0,ok,"{""C"": 0.5, ""gamma"": ""scale""}",92,347,2021,bottom,svm,manual_weak_bottom_label,115
0.7,23,0,,0.2608695652173913,,,0.018921491304347827,,0,0,ok,"{""C"": 1.0, ""gamma"": ""scale""}",92,347,2021,bottom,svm,manual_weak_bottom_label,115
0.6,23,0,,0.2608695652173913,,,0.018921491304347827,,0,0,ok,"{""C"": 1.0, ""gamma"": ""scale""}",92,347,2021,bottom,svm,manual_weak_bottom_label,115
0.5,23,0,,0.2608695652173913,,,0.018921491304347827,,0,0,ok,"{""C"": 1.0, ""gamma"": ""scale""}",92,347,2021,bottom,svm,manual_weak_bottom_label,115
0.4,23,0,,0.2608695652173913,,,0.018921491304347827,,0,0,ok,"{""C"": 1.0, ""gamma"": ""scale""}",92,347,2021,bottom,svm,manual_weak_bottom_label,115
0.3,23,0,,0.2608695652173913,,,0.018921491304347827,,0,0,ok,"{""C"": 1.0, ""gamma"": ""scale""}",92,347,2021,bottom,svm,manual_weak_bottom_label,115
0.7,23,0,,0.2608695652173913,,,0.018921491304347827,,0,0,ok,"{""C"": 2.0, ""gamma"": ""scale""}",92,347,2021,bottom,svm,manual_weak_bottom_label,115
0.6,23,0,,0.2608695652173913,,,0.018921491304347827,,0,0,ok,"{""C"": 2.0, ""gamma"": ""scale""}",92,347,2021,bottom,svm,manual_weak_bottom_label,115
0.5,23,0,,0.2608695652173913,,,0.018921491304347827,,0,0,ok,"{""C"": 2.0, ""gamma"": ""scale""}",92,347,2021,bottom,svm,manual_weak_bottom_label,115
0.4,23,0,,0.2608695652173913,,,0.018921491304347827,,0,0,ok,"{""C"": 2.0, ""gamma"": ""scale""}",92,347,2021,bottom,svm,manual_weak_bottom_label,115
0.3,23,0,,0.2608695652173913,,,0.018921491304347827,,0,0,ok,"{""C"": 2.0, ""gamma"": ""scale""}",92,347,2021,bottom,svm,manual_weak_bottom_label,115
0.7,21,6,0.6666666666666666,0.47619047619047616,0.19047619047619047,0.013774191666666666,0.021103055714285716,-0.00732886404761905,1,1,ok,"{""C"": 0.3}",83,347,2021,top,logistic,manual_weak_top_label,104
0.6,21,6,0.5,0.47619047619047616,0.023809523809523836,0.007693503333333333,0.021103055714285716,-0.013409552380952382,1,0,ok,"{""C"": 0.3}",83,347,2021,top,logistic,manual_weak_top_label,104
0.5,21,6,0.5,0.47619047619047616,0.023809523809523836,0.007693503333333333,0.021103055714285716,-0.013409552380952382,1,0,ok,"{""C"": 0.3}",83,347,2021,top,logistic,manual_weak_top_label,104
0.4,21,7,0.42857142857142855,0.47619047619047616,-0.047619047619047616,0.011992738571428572,0.021103055714285716,-0.009110317142857144,1,0,ok,"{""C"": 0.3}",83,347,2021,top,logistic,manual_weak_top_label,104
0.3,21,7,0.42857142857142855,0.47619047619047616,-0.047619047619047616,0.011992738571428572,0.021103055714285716,-0.009110317142857144,1,0,ok,"{""C"": 0.3}",83,347,2021,top,logistic,manual_weak_top_label,104
0.7,21,6,0.6666666666666666,0.47619047619047616,0.19047619047619047,0.013774191666666666,0.021103055714285716,-0.00732886404761905,1,0,ok,"{""C"": 1.0}",83,347,2021,top,logistic,manual_weak_top_label,104
0.6,21,6,0.5,0.47619047619047616,0.023809523809523836,0.007693503333333333,0.021103055714285716,-0.013409552380952382,1,0,ok,"{""C"": 1.0}",83,347,2021,top,logistic,manual_weak_top_label,104
0.5,21,6,0.5,0.47619047619047616,0.023809523809523836,0.007693503333333333,0.021103055714285716,-0.013409552380952382,1,0,ok,"{""C"": 1.0}",83,347,2021,top,logistic,manual_weak_top_label,104
0.4,21,6,0.5,0.47619047619047616,0.023809523809523836,0.007693503333333333,0.021103055714285716,-0.013409552380952382,1,0,ok,"{""C"": 1.0}",83,347,2021,top,logistic,manual_weak_top_label,104
0.3,21,6,0.5,0.47619047619047616,0.023809523809523836,0.007693503333333333,0.021103055714285716,-0.013409552380952382,1,0,ok,"{""C"": 1.0}",83,347,2021,top,logistic,manual_weak_top_label,104
0.7,21,6,0.5,0.47619047619047616,0.023809523809523836,0.007693503333333333,0.021103055714285716,-0.013409552380952382,1,0,ok,"{""C"": 3.0}",83,347,2021,top,logistic,manual_weak_top_label,104
0.6,21,6,0.5,0.47619047619047616,0.023809523809523836,0.007693503333333333,0.021103055714285716,-0.013409552380952382,1,0,ok,"{""C"": 3.0}",83,347,2021,top,logistic,manual_weak_top_label,104
0.5,21,6,0.5,0.47619047619047616,0.023809523809523836,0.007693503333333333,0.021103055714285716,-0.013409552380952382,1,0,ok,"{""C"": 3.0}",83,347,2021,top,logistic,manual_weak_top_label,104
0.4,21,6,0.5,0.47619047619047616,0.023809523809523836,0.007693503333333333,0.021103055714285716,-0.013409552380952382,1,0,ok,"{""C"": 3.0}",83,347,2021,top,logistic,manual_weak_top_label,104
0.3,21,6,0.5,0.47619047619047616,0.023809523809523836,0.007693503333333333,0.021103055714285716,-0.013409552380952382,1,0,ok,"{""C"": 3.0}",83,347,2021,top,logistic,manual_weak_top_label,104
0.7,21,7,0.2857142857142857,0.47619047619047616,-0.19047619047619047,0.021492694285714285,0.021103055714285716,0.00038963857142856884,1,0,ok,"{""shrinkage"": ""auto"", ""solver"": ""lsqr""}",83,347,2021,top,lda,manual_weak_top_label,104
0.6,21,7,0.2857142857142857,0.47619047619047616,-0.19047619047619047,0.021492694285714285,0.021103055714285716,0.00038963857142856884,1,0,ok,"{""shrinkage"": ""auto"", ""solver"": ""lsqr""}",83,347,2021,top,lda,manual_weak_top_label,104
0.5,21,7,0.2857142857142857,0.47619047619047616,-0.19047619047619047,0.021492694285714285,0.021103055714285716,0.00038963857142856884,1,0,ok,"{""shrinkage"": ""auto"", ""solver"": ""lsqr""}",83,347,2021,top,lda,manual_weak_top_label,104
0.4,21,7,0.2857142857142857,0.47619047619047616,-0.19047619047619047,0.021492694285714285,0.021103055714285716,0.00038963857142856884,1,0,ok,"{""shrinkage"": ""auto"", ""solver"": ""lsqr""}",83,347,2021,top,lda,manual_weak_top_label,104
0.3,21,7,0.2857142857142857,0.47619047619047616,-0.19047619047619047,0.021492694285714285,0.021103055714285716,0.00038963857142856884,1,0,ok,"{""shrinkage"": ""auto"", ""solver"": ""lsqr""}",83,347,2021,top,lda,manual_weak_top_label,104
0.7,21,7,0.2857142857142857,0.47619047619047616,-0.19047619047619047,0.021492694285714285,0.021103055714285716,0.00038963857142856884,1,0,ok,"{""shrinkage"": 0.2, ""solver"": ""lsqr""}",83,347,2021,top,lda,manual_weak_top_label,104
0.6,21,7,0.2857142857142857,0.47619047619047616,-0.19047619047619047,0.021492694285714285,0.021103055714285716,0.00038963857142856884,1,0,ok,"{""shrinkage"": 0.2, ""solver"": ""lsqr""}",83,347,2021,top,lda,manual_weak_top_label,104
0.5,21,7,0.2857142857142857,0.47619047619047616,-0.19047619047619047,0.021492694285714285,0.021103055714285716,0.00038963857142856884,1,0,ok,"{""shrinkage"": 0.2, ""solver"": ""lsqr""}",83,347,2021,top,lda,manual_weak_top_label,104
0.4,21,7,0.2857142857142857,0.47619047619047616,-0.19047619047619047,0.021492694285714285,0.021103055714285716,0.00038963857142856884,1,0,ok,"{""shrinkage"": 0.2, ""solver"": ""lsqr""}",83,347,2021,top,lda,manual_weak_top_label,104
0.3,21,7,0.2857142857142857,0.47619047619047616,-0.19047619047619047,0.021492694285714285,0.021103055714285716,0.00038963857142856884,1,0,ok,"{""shrinkage"": 0.2, ""solver"": ""lsqr""}",83,347,2021,top,lda,manual_weak_top_label,104
0.7,21,7,0.42857142857142855,0.47619047619047616,-0.047619047619047616,0.011992738571428572,0.021103055714285716,-0.009110317142857144,1,1,ok,"{""shrinkage"": 0.5, ""solver"": ""lsqr""}",83,347,2021,top,lda,manual_weak_top_label,104
0.6,21,7,0.42857142857142855,0.47619047619047616,-0.047619047619047616,0.011992738571428572,0.021103055714285716,-0.009110317142857144,1,0,ok,"{""shrinkage"": 0.5, ""solver"": ""lsqr""}",83,347,2021,top,lda,manual_weak_top_label,104
0.5,21,7,0.42857142857142855,0.47619047619047616,-0.047619047619047616,0.011992738571428572,0.021103055714285716,-0.009110317142857144,1,0,ok,"{""shrinkage"": 0.5, ""solver"": ""lsqr""}",83,347,2021,top,lda,manual_weak_top_label,104
0.4,21,7,0.2857142857142857,0.47619047619047616,-0.19047619047619047,0.021492694285714285,0.021103055714285716,0.00038963857142856884,1,0,ok,"{""shrinkage"": 0.5, ""solver"": ""lsqr""}",83,347,2021,top,lda,manual_weak_top_label,104
0.3,21,7,0.2857142857142857,0.47619047619047616,-0.19047619047619047,0.021492694285714285,0.021103055714285716,0.00038963857142856884,1,0,ok,"{""shrinkage"": 0.5, ""solver"": ""lsqr""}",83,347,2021,top,lda,manual_weak_top_label,104
0.7,21,9,0.4444444444444444,0.47619047619047616,-0.031746031746031744,0.012524142222222222,0.021103055714285716,-0.008578913492063495,1,1,ok,"{""reg_param"": 0.2}",83,347,2021,top,qda,manual_weak_top_label,104
0.6,21,9,0.4444444444444444,0.47619047619047616,-0.031746031746031744,0.012524142222222222,0.021103055714285716,-0.008578913492063495,1,0,ok,"{""reg_param"": 0.2}",83,347,2021,top,qda,manual_weak_top_label,104
0.5,21,9,0.4444444444444444,0.47619047619047616,-0.031746031746031744,0.012524142222222222,0.021103055714285716,-0.008578913492063495,1,0,ok,"{""reg_param"": 0.2}",83,347,2021,top,qda,manual_weak_top_label,104
0.4,21,9,0.4444444444444444,0.47619047619047616,-0.031746031746031744,0.012524142222222222,0.021103055714285716,-0.008578913492063495,1,0,ok,"{""reg_param"": 0.2}",83,347,2021,top,qda,manual_weak_top_label,104
0.3,21,9,0.4444444444444444,0.47619047619047616,-0.031746031746031744,0.012524142222222222,0.021103055714285716,-0.008578913492063495,1,0,ok,"{""reg_param"": 0.2}",83,347,2021,top,qda,manual_weak_top_label,104
0.7,21,9,0.4444444444444444,0.47619047619047616,-0.031746031746031744,0.012524142222222222,0.021103055714285716,-0.008578913492063495,1,0,ok,"{""reg_param"": 0.5}",83,347,2021,top,qda,manual_weak_top_label,104
0.6,21,9,0.4444444444444444,0.47619047619047616,-0.031746031746031744,0.012524142222222222,0.021103055714285716,-0.008578913492063495,1,0,ok,"{""reg_param"": 0.5}",83,347,2021,top,qda,manual_weak_top_label,104
0.5,21,9,0.4444444444444444,0.47619047619047616,-0.031746031746031744,0.012524142222222222,0.021103055714285716,-0.008578913492063495,1,0,ok,"{""reg_param"": 0.5}",83,347,2021,top,qda,manual_weak_top_label,104
0.4,21,9,0.4444444444444444,0.47619047619047616,-0.031746031746031744,0.012524142222222222,0.021103055714285716,-0.008578913492063495,1,0,ok,"{""reg_param"": 0.5}",83,347,2021,top,qda,manual_weak_top_label,104
0.3,21,9,0.4444444444444444,0.47619047619047616,-0.031746031746031744,0.012524142222222222,0.021103055714285716,-0.008578913492063495,1,0,ok,"{""reg_param"": 0.5}",83,347,2021,top,qda,manual_weak_top_label,104
0.7,21,9,0.4444444444444444,0.47619047619047616,-0.031746031746031744,0.012524142222222222,0.021103055714285716,-0.008578913492063495,1,0,ok,"{""reg_param"": 0.8}",83,347,2021,top,qda,manual_weak_top_label,104
0.6,21,9,0.4444444444444444,0.47619047619047616,-0.031746031746031744,0.012524142222222222,0.021103055714285716,-0.008578913492063495,1,0,ok,"{""reg_param"": 0.8}",83,347,2021,top,qda,manual_weak_top_label,104
0.5,21,9,0.4444444444444444,0.47619047619047616,-0.031746031746031744,0.012524142222222222,0.021103055714285716,-0.008578913492063495,1,0,ok,"{""reg_param"": 0.8}",83,347,2021,top,qda,manual_weak_top_label,104
0.4,21,9,0.4444444444444444,0.47619047619047616,-0.031746031746031744,0.012524142222222222,0.021103055714285716,-0.008578913492063495,1,0,ok,"{""reg_param"": 0.8}",83,347,2021,top,qda,manual_weak_top_label,104
0.3,21,9,0.4444444444444444,0.47619047619047616,-0.031746031746031744,0.012524142222222222,0.021103055714285716,-0.008578913492063495,1,0,ok,"{""reg_param"": 0.8}",83,347,2021,top,qda,manual_weak_top_label,104
0.7,21,1,1.0,0.47619047619047616,0.5238095238095238,-0.00025794,0.021103055714285716,-0.021360995714285718,0,0,ok,"{""balanced_bagging"": true, ""is_unbalance"": false, ""learning_rate"": 0.04, ""max_depth"": 3, ""min_child_samples"": 8, ""n_estimators"": 180, ""negative_sample_ratio"": 3.0, ""num_leaves"": 7}",83,347,2021,top,lightgbm,manual_weak_top_label,104
0.6,21,3,0.6666666666666666,0.47619047619047616,0.19047619047619047,0.0129899,0.021103055714285716,-0.008113155714285716,1,0,ok,"{""balanced_bagging"": true, ""is_unbalance"": false, ""learning_rate"": 0.04, ""max_depth"": 3, ""min_child_samples"": 8, ""n_estimators"": 180, ""negative_sample_ratio"": 3.0, ""num_leaves"": 7}",83,347,2021,top,lightgbm,manual_weak_top_label,104
0.5,21,3,0.6666666666666666,0.47619047619047616,0.19047619047619047,0.0129899,0.021103055714285716,-0.008113155714285716,1,0,ok,"{""balanced_bagging"": true, ""is_unbalance"": false, ""learning_rate"": 0.04, ""max_depth"": 3, ""min_child_samples"": 8, ""n_estimators"": 180, ""negative_sample_ratio"": 3.0, ""num_leaves"": 7}",83,347,2021,top,lightgbm,manual_weak_top_label,104
0.4,21,3,0.6666666666666666,0.47619047619047616,0.19047619047619047,0.0129899,0.021103055714285716,-0.008113155714285716,1,0,ok,"{""balanced_bagging"": true, ""is_unbalance"": false, ""learning_rate"": 0.04, ""max_depth"": 3, ""min_child_samples"": 8, ""n_estimators"": 180, ""negative_sample_ratio"": 3.0, ""num_leaves"": 7}",83,347,2021,top,lightgbm,manual_weak_top_label,104
0.3,21,4,0.5,0.47619047619047616,0.023809523809523836,0.02827875,0.021103055714285716,0.007175694285714282,1,0,ok,"{""balanced_bagging"": true, ""is_unbalance"": false, ""learning_rate"": 0.04, ""max_depth"": 3, ""min_child_samples"": 8, ""n_estimators"": 180, ""negative_sample_ratio"": 3.0, ""num_leaves"": 7}",83,347,2021,top,lightgbm,manual_weak_top_label,104
0.7,21,2,1.0,0.47619047619047616,0.5238095238095238,-0.02828399,0.021103055714285716,-0.04938704571428572,1,1,ok,"{""balanced_bagging"": true, ""is_unbalance"": false, ""learning_rate"": 0.03, ""max_depth"": 4, ""min_child_samples"": 10, ""n_estimators"": 250, ""negative_sample_ratio"": 5.0, ""num_leaves"": 15}",83,347,2021,top,lightgbm,manual_weak_top_label,104
0.6,21,2,1.0,0.47619047619047616,0.5238095238095238,-0.02828399,0.021103055714285716,-0.04938704571428572,1,0,ok,"{""balanced_bagging"": true, ""is_unbalance"": false, ""learning_rate"": 0.03, ""max_depth"": 4, ""min_child_samples"": 10, ""n_estimators"": 250, ""negative_sample_ratio"": 5.0, ""num_leaves"": 15}",83,347,2021,top,lightgbm,manual_weak_top_label,104
0.5,21,3,0.6666666666666666,0.47619047619047616,0.19047619047619047,0.010675766666666668,0.021103055714285716,-0.010427289047619049,1,0,ok,"{""balanced_bagging"": true, ""is_unbalance"": false, ""learning_rate"": 0.03, ""max_depth"": 4, ""min_child_samples"": 10, ""n_estimators"": 250, ""negative_sample_ratio"": 5.0, ""num_leaves"": 15}",83,347,2021,top,lightgbm,manual_weak_top_label,104
0.4,21,5,0.6,0.47619047619047616,0.12380952380952381,0.02205285,0.021103055714285716,0.0009497942857142824,1,0,ok,"{""balanced_bagging"": true, ""is_unbalance"": false, ""learning_rate"": 0.03, ""max_depth"": 4, ""min_child_samples"": 10, ""n_estimators"": 250, ""negative_sample_ratio"": 5.0, ""num_leaves"": 15}",83,347,2021,top,lightgbm,manual_weak_top_label,104
0.3,21,6,0.5,0.47619047619047616,0.023809523809523836,0.006037028333333333,0.021103055714285716,-0.015066027380952383,1,0,ok,"{""balanced_bagging"": true, ""is_unbalance"": false, ""learning_rate"": 0.03, ""max_depth"": 4, ""min_child_samples"": 10, ""n_estimators"": 250, ""negative_sample_ratio"": 5.0, ""num_leaves"": 15}",83,347,2021,top,lightgbm,manual_weak_top_label,104
0.7,21,3,0.6666666666666666,0.47619047619047616,0.19047619047619047,0.0129899,0.021103055714285716,-0.008113155714285716,1,0,ok,"{""balanced_bagging"": true, ""is_unbalance"": true, ""learning_rate"": 0.025, ""max_depth"": 5, ""min_child_samples"": 12, ""n_estimators"": 320, ""negative_sample_ratio"": 3.0, ""num_leaves"": 15}",83,347,2021,top,lightgbm,manual_weak_top_label,104
0.6,21,4,0.5,0.47619047619047616,0.023809523809523836,0.03161946,0.021103055714285716,0.010516404285714286,1,0,ok,"{""balanced_bagging"": true, ""is_unbalance"": true, ""learning_rate"": 0.025, ""max_depth"": 5, ""min_child_samples"": 12, ""n_estimators"": 320, ""negative_sample_ratio"": 3.0, ""num_leaves"": 15}",83,347,2021,top,lightgbm,manual_weak_top_label,104
0.5,21,4,0.5,0.47619047619047616,0.023809523809523836,0.031891245,0.021103055714285716,0.010788189285714282,1,0,ok,"{""balanced_bagging"": true, ""is_unbalance"": true, ""learning_rate"": 0.025, ""max_depth"": 5, ""min_child_samples"": 12, ""n_estimators"": 320, ""negative_sample_ratio"": 3.0, ""num_leaves"": 15}",83,347,2021,top,lightgbm,manual_weak_top_label,104
0.4,21,5,0.4,0.47619047619047616,-0.07619047619047614,0.008032012,0.021103055714285716,-0.013071043714285717,1,0,ok,"{""balanced_bagging"": true, ""is_unbalance"": true, ""learning_rate"": 0.025, ""max_depth"": 5, ""min_child_samples"": 12, ""n_estimators"": 320, ""negative_sample_ratio"": 3.0, ""num_leaves"": 15}",83,347,2021,top,lightgbm,manual_weak_top_label,104
0.3,21,6,0.3333333333333333,0.47619047619047616,-0.14285714285714285,0.012991368333333335,0.021103055714285716,-0.008111687380952382,1,0,ok,"{""balanced_bagging"": true, ""is_unbalance"": true, ""learning_rate"": 0.025, ""max_depth"": 5, ""min_child_samples"": 12, ""n_estimators"": 320, ""negative_sample_ratio"": 3.0, ""num_leaves"": 15}",83,347,2021,top,lightgbm,manual_weak_top_label,104
0.7,21,3,0.3333333333333333,0.47619047619047616,-0.14285714285714285,0.027914606666666664,0.021103055714285716,0.006811550952380948,1,0,ok,"{""dropout"": 0.05, ""focal_alpha"": 0.7, ""focal_gamma"": 1.5, ""hidden_layers"": [32], ""learning_rate"": 0.001, ""max_epochs"": 130, ""patience"": 15}",83,347,2021,top,bp,manual_weak_top_label,104
0.6,21,3,0.3333333333333333,0.47619047619047616,-0.14285714285714285,0.027914606666666664,0.021103055714285716,0.006811550952380948,1,0,ok,"{""dropout"": 0.05, ""focal_alpha"": 0.7, ""focal_gamma"": 1.5, ""hidden_layers"": [32], ""learning_rate"": 0.001, ""max_epochs"": 130, ""patience"": 15}",83,347,2021,top,bp,manual_weak_top_label,104
0.5,21,5,0.4,0.47619047619047616,-0.07619047619047614,-0.012011186,0.021103055714285716,-0.033114241714285717,1,0,ok,"{""dropout"": 0.05, ""focal_alpha"": 0.7, ""focal_gamma"": 1.5, ""hidden_layers"": [32], ""learning_rate"": 0.001, ""max_epochs"": 130, ""patience"": 15}",83,347,2021,top,bp,manual_weak_top_label,104
0.4,21,6,0.3333333333333333,0.47619047619047616,-0.14285714285714285,0.0023482283333333335,0.021103055714285716,-0.018754827380952382,1,0,ok,"{""dropout"": 0.05, ""focal_alpha"": 0.7, ""focal_gamma"": 1.5, ""hidden_layers"": [32], ""learning_rate"": 0.001, ""max_epochs"": 130, ""patience"": 15}",83,347,2021,top,bp,manual_weak_top_label,104
0.3,21,7,0.42857142857142855,0.47619047619047616,-0.047619047619047616,0.0029112885714285717,0.021103055714285716,-0.018191767142857144,1,0,ok,"{""dropout"": 0.05, ""focal_alpha"": 0.7, ""focal_gamma"": 1.5, ""hidden_layers"": [32], ""learning_rate"": 0.001, ""max_epochs"": 130, ""patience"": 15}",83,347,2021,top,bp,manual_weak_top_label,104
0.7,21,2,0.5,0.47619047619047616,0.023809523809523836,0.01823311,0.021103055714285716,-0.002869945714285716,1,0,ok,"{""dropout"": 0.1, ""focal_alpha"": 0.75, ""focal_gamma"": 2.0, ""hidden_layers"": [48, 24], ""learning_rate"": 0.001, ""max_epochs"": 160, ""patience"": 18}",83,347,2021,top,bp,manual_weak_top_label,104
0.6,21,2,0.5,0.47619047619047616,0.023809523809523836,0.01823311,0.021103055714285716,-0.002869945714285716,1,0,ok,"{""dropout"": 0.1, ""focal_alpha"": 0.75, ""focal_gamma"": 2.0, ""hidden_layers"": [48, 24], ""learning_rate"": 0.001, ""max_epochs"": 160, ""patience"": 18}",83,347,2021,top,bp,manual_weak_top_label,104
0.5,21,2,0.5,0.47619047619047616,0.023809523809523836,0.01823311,0.021103055714285716,-0.002869945714285716,1,0,ok,"{""dropout"": 0.1, ""focal_alpha"": 0.75, ""focal_gamma"": 2.0, ""hidden_layers"": [48, 24], ""learning_rate"": 0.001, ""max_epochs"": 160, ""patience"": 18}",83,347,2021,top,bp,manual_weak_top_label,104
0.4,21,3,0.3333333333333333,0.47619047619047616,-0.14285714285714285,0.048781170000000006,0.021103055714285716,0.02767811428571429,1,0,ok,"{""dropout"": 0.1, ""focal_alpha"": 0.75, ""focal_gamma"": 2.0, ""hidden_layers"": [48, 24], ""learning_rate"": 0.001, ""max_epochs"": 160, ""patience"": 18}",83,347,2021,top,bp,manual_weak_top_label,104
0.3,21,5,0.4,0.47619047619047616,-0.07619047619047614,0.000508752,0.021103055714285716,-0.020594303714285715,1,0,ok,"{""dropout"": 0.1, ""focal_alpha"": 0.75, ""focal_gamma"": 2.0, ""hidden_layers"": [48, 24], ""learning_rate"": 0.001, ""max_epochs"": 160, ""patience"": 18}",83,347,2021,top,bp,manual_weak_top_label,104
0.7,21,5,0.8,0.47619047619047616,0.3238095238095239,0.0016999699999999999,0.021103055714285716,-0.019403085714285718,1,1,ok,"{""dropout"": 0.15, ""focal_alpha"": 0.8, ""focal_gamma"": 2.5, ""hidden_layers"": [64, 32], ""learning_rate"": 0.0007, ""max_epochs"": 180, ""patience"": 20}",83,347,2021,top,bp,manual_weak_top_label,104
0.6,21,5,0.8,0.47619047619047616,0.3238095238095239,0.0016999699999999999,0.021103055714285716,-0.019403085714285718,1,0,ok,"{""dropout"": 0.15, ""focal_alpha"": 0.8, ""focal_gamma"": 2.5, ""hidden_layers"": [64, 32], ""learning_rate"": 0.0007, ""max_epochs"": 180, ""patience"": 20}",83,347,2021,top,bp,manual_weak_top_label,104
0.5,21,5,0.8,0.47619047619047616,0.3238095238095239,0.0016999699999999999,0.021103055714285716,-0.019403085714285718,1,0,ok,"{""dropout"": 0.15, ""focal_alpha"": 0.8, ""focal_gamma"": 2.5, ""hidden_layers"": [64, 32], ""learning_rate"": 0.0007, ""max_epochs"": 180, ""patience"": 20}",83,347,2021,top,bp,manual_weak_top_label,104
0.4,21,5,0.6,0.47619047619047616,0.12380952380952381,-0.005596856,0.021103055714285716,-0.026699911714285717,1,0,ok,"{""dropout"": 0.15, ""focal_alpha"": 0.8, ""focal_gamma"": 2.5, ""hidden_layers"": [64, 32], ""learning_rate"": 0.0007, ""max_epochs"": 180, ""patience"": 20}",83,347,2021,top,bp,manual_weak_top_label,104
0.3,21,7,0.42857142857142855,0.47619047619047616,-0.047619047619047616,-0.00228259,0.021103055714285716,-0.023385645714285717,1,0,ok,"{""dropout"": 0.15, ""focal_alpha"": 0.8, ""focal_gamma"": 2.5, ""hidden_layers"": [64, 32], ""learning_rate"": 0.0007, ""max_epochs"": 180, ""patience"": 20}",83,347,2021,top,bp,manual_weak_top_label,104
0.7,21,2,0.5,0.47619047619047616,0.023809523809523836,0.07719732,0.021103055714285716,0.05609426428571428,1,0,ok,"{""alpha"": 0.0001, ""hidden_layer_sizes"": [32], ""learning_rate_init"": 0.001, ""max_iter"": 500, ""negative_sample_ratio"": 2.0}",83,347,2021,top,mlp,manual_weak_top_label,104
0.6,21,3,0.6666666666666666,0.47619047619047616,0.19047619047619047,0.0513789,0.021103055714285716,0.030275844285714282,1,1,ok,"{""alpha"": 0.0001, ""hidden_layer_sizes"": [32], ""learning_rate_init"": 0.001, ""max_iter"": 500, ""negative_sample_ratio"": 2.0}",83,347,2021,top,mlp,manual_weak_top_label,104
0.5,21,4,0.5,0.47619047619047616,0.023809523809523836,0.04395615,0.021103055714285716,0.022853094285714283,1,0,ok,"{""alpha"": 0.0001, ""hidden_layer_sizes"": [32], ""learning_rate_init"": 0.001, ""max_iter"": 500, ""negative_sample_ratio"": 2.0}",83,347,2021,top,mlp,manual_weak_top_label,104
0.4,21,5,0.6,0.47619047619047616,0.12380952380952381,0.022593394,0.021103055714285716,0.0014903382857142829,1,0,ok,"{""alpha"": 0.0001, ""hidden_layer_sizes"": [32], ""learning_rate_init"": 0.001, ""max_iter"": 500, ""negative_sample_ratio"": 2.0}",83,347,2021,top,mlp,manual_weak_top_label,104
0.3,21,5,0.6,0.47619047619047616,0.12380952380952381,-0.001670542,0.021103055714285716,-0.022773597714285717,1,0,ok,"{""alpha"": 0.0001, ""hidden_layer_sizes"": [32], ""learning_rate_init"": 0.001, ""max_iter"": 500, ""negative_sample_ratio"": 2.0}",83,347,2021,top,mlp,manual_weak_top_label,104
0.7,21,0,,0.47619047619047616,,,0.021103055714285716,,0,0,ok,"{""alpha"": 0.0001, ""hidden_layer_sizes"": [48, 24], ""learning_rate_init"": 0.001, ""max_iter"": 600, ""negative_sample_ratio"": 3.0}",83,347,2021,top,mlp,manual_weak_top_label,104
0.6,21,1,1.0,0.47619047619047616,0.5238095238095238,0.05885696,0.021103055714285716,0.03775390428571428,0,0,ok,"{""alpha"": 0.0001, ""hidden_layer_sizes"": [48, 24], ""learning_rate_init"": 0.001, ""max_iter"": 600, ""negative_sample_ratio"": 3.0}",83,347,2021,top,mlp,manual_weak_top_label,104
0.5,21,1,1.0,0.47619047619047616,0.5238095238095238,0.05885696,0.021103055714285716,0.03775390428571428,0,0,ok,"{""alpha"": 0.0001, ""hidden_layer_sizes"": [48, 24], ""learning_rate_init"": 0.001, ""max_iter"": 600, ""negative_sample_ratio"": 3.0}",83,347,2021,top,mlp,manual_weak_top_label,104
0.4,21,5,0.4,0.47619047619047616,-0.07619047619047614,0.03878259,0.021103055714285716,0.017679534285714282,1,0,ok,"{""alpha"": 0.0001, ""hidden_layer_sizes"": [48, 24], ""learning_rate_init"": 0.001, ""max_iter"": 600, ""negative_sample_ratio"": 3.0}",83,347,2021,top,mlp,manual_weak_top_label,104
0.3,21,7,0.42857142857142855,0.47619047619047616,-0.047619047619047616,0.019559255714285715,0.021103055714285716,-0.0015438000000000014,1,0,ok,"{""alpha"": 0.0001, ""hidden_layer_sizes"": [48, 24], ""learning_rate_init"": 0.001, ""max_iter"": 600, ""negative_sample_ratio"": 3.0}",83,347,2021,top,mlp,manual_weak_top_label,104
0.7,21,0,,0.47619047619047616,,,0.021103055714285716,,0,0,ok,"{""alpha"": 0.001, ""hidden_layer_sizes"": [64, 32], ""learning_rate_init"": 0.0007, ""max_iter"": 700, ""negative_sample_ratio"": 5.0}",83,347,2021,top,mlp,manual_weak_top_label,104
0.6,21,0,,0.47619047619047616,,,0.021103055714285716,,0,0,ok,"{""alpha"": 0.001, ""hidden_layer_sizes"": [64, 32], ""learning_rate_init"": 0.0007, ""max_iter"": 700, ""negative_sample_ratio"": 5.0}",83,347,2021,top,mlp,manual_weak_top_label,104
0.5,21,1,0.0,0.47619047619047616,-0.47619047619047616,-0.025782,0.021103055714285716,-0.046885055714285716,0,0,ok,"{""alpha"": 0.001, ""hidden_layer_sizes"": [64, 32], ""learning_rate_init"": 0.0007, ""max_iter"": 700, ""negative_sample_ratio"": 5.0}",83,347,2021,top,mlp,manual_weak_top_label,104
0.4,21,1,0.0,0.47619047619047616,-0.47619047619047616,-0.025782,0.021103055714285716,-0.046885055714285716,0,0,ok,"{""alpha"": 0.001, ""hidden_layer_sizes"": [64, 32], ""learning_rate_init"": 0.0007, ""max_iter"": 700, ""negative_sample_ratio"": 5.0}",83,347,2021,top,mlp,manual_weak_top_label,104
0.3,21,1,0.0,0.47619047619047616,-0.47619047619047616,-0.025782,0.021103055714285716,-0.046885055714285716,0,0,ok,"{""alpha"": 0.001, ""hidden_layer_sizes"": [64, 32], ""learning_rate_init"": 0.0007, ""max_iter"": 700, ""negative_sample_ratio"": 5.0}",83,347,2021,top,mlp,manual_weak_top_label,104
0.7,21,0,,0.47619047619047616,,,0.021103055714285716,,0,0,ok,"{""C"": 0.5, ""gamma"": ""scale""}",83,347,2021,top,svm,manual_weak_top_label,104
0.6,21,0,,0.47619047619047616,,,0.021103055714285716,,0,0,ok,"{""C"": 0.5, ""gamma"": ""scale""}",83,347,2021,top,svm,manual_weak_top_label,104
0.5,21,0,,0.47619047619047616,,,0.021103055714285716,,0,0,ok,"{""C"": 0.5, ""gamma"": ""scale""}",83,347,2021,top,svm,manual_weak_top_label,104
0.4,21,0,,0.47619047619047616,,,0.021103055714285716,,0,0,ok,"{""C"": 0.5, ""gamma"": ""scale""}",83,347,2021,top,svm,manual_weak_top_label,104
0.3,21,1,1.0,0.47619047619047616,0.5238095238095238,-0.03817118,0.021103055714285716,-0.059274235714285715,0,0,ok,"{""C"": 0.5, ""gamma"": ""scale""}",83,347,2021,top,svm,manual_weak_top_label,104
0.7,21,0,,0.47619047619047616,,,0.021103055714285716,,0,0,ok,"{""C"": 1.0, ""gamma"": ""scale""}",83,347,2021,top,svm,manual_weak_top_label,104
0.6,21,0,,0.47619047619047616,,,0.021103055714285716,,0,0,ok,"{""C"": 1.0, ""gamma"": ""scale""}",83,347,2021,top,svm,manual_weak_top_label,104
0.5,21,0,,0.47619047619047616,,,0.021103055714285716,,0,0,ok,"{""C"": 1.0, ""gamma"": ""scale""}",83,347,2021,top,svm,manual_weak_top_label,104
0.4,21,0,,0.47619047619047616,,,0.021103055714285716,,0,0,ok,"{""C"": 1.0, ""gamma"": ""scale""}",83,347,2021,top,svm,manual_weak_top_label,104
0.3,21,1,1.0,0.47619047619047616,0.5238095238095238,-0.03817118,0.021103055714285716,-0.059274235714285715,0,0,ok,"{""C"": 1.0, ""gamma"": ""scale""}",83,347,2021,top,svm,manual_weak_top_label,104
0.7,21,0,,0.47619047619047616,,,0.021103055714285716,,0,0,ok,"{""C"": 2.0, ""gamma"": ""scale""}",83,347,2021,top,svm,manual_weak_top_label,104
0.6,21,0,,0.47619047619047616,,,0.021103055714285716,,0,0,ok,"{""C"": 2.0, ""gamma"": ""scale""}",83,347,2021,top,svm,manual_weak_top_label,104
0.5,21,0,,0.47619047619047616,,,0.021103055714285716,,0,0,ok,"{""C"": 2.0, ""gamma"": ""scale""}",83,347,2021,top,svm,manual_weak_top_label,104
0.4,21,0,,0.47619047619047616,,,0.021103055714285716,,0,0,ok,"{""C"": 2.0, ""gamma"": ""scale""}",83,347,2021,top,svm,manual_weak_top_label,104
0.3,21,2,0.5,0.47619047619047616,0.023809523809523836,0.00455321,0.021103055714285716,-0.016549845714285714,1,1,ok,"{""C"": 2.0, ""gamma"": ""scale""}",83,347,2021,top,svm,manual_weak_top_label,104
0.7,25,1,0.0,0.28,-0.28,-0.00701022,0.0249727904,-0.0319830104,0,0,ok,"{""C"": 0.3}",98,347,2022,bottom,logistic,manual_weak_bottom_label,123
0.6,25,3,0.3333333333333333,0.28,0.05333333333333329,0.022497956666666666,0.0249727904,-0.0024748337333333342,1,0,ok,"{""C"": 0.3}",98,347,2022,bottom,logistic,manual_weak_bottom_label,123
0.5,25,5,0.4,0.28,0.12,0.025036302,0.0249727904,6.351159999999981e-05,1,0,ok,"{""C"": 0.3}",98,347,2022,bottom,logistic,manual_weak_bottom_label,123
0.4,25,6,0.16666666666666666,0.28,-0.11333333333333337,0.011448093333333333,0.0249727904,-0.013524697066666667,1,0,ok,"{""C"": 0.3}",98,347,2022,bottom,logistic,manual_weak_bottom_label,123
0.3,25,6,0.16666666666666666,0.28,-0.11333333333333337,0.011448093333333333,0.0249727904,-0.013524697066666667,1,0,ok,"{""C"": 0.3}",98,347,2022,bottom,logistic,manual_weak_bottom_label,123
0.7,25,1,0.0,0.28,-0.28,-0.00701022,0.0249727904,-0.0319830104,0,0,ok,"{""C"": 1.0}",98,347,2022,bottom,logistic,manual_weak_bottom_label,123
0.6,25,4,0.5,0.28,0.21999999999999997,0.0310386925,0.0249727904,0.006065902099999999,1,1,ok,"{""C"": 1.0}",98,347,2022,bottom,logistic,manual_weak_bottom_label,123
0.5,25,5,0.4,0.28,0.12,0.025036302,0.0249727904,6.351159999999981e-05,1,0,ok,"{""C"": 1.0}",98,347,2022,bottom,logistic,manual_weak_bottom_label,123
0.4,25,5,0.4,0.28,0.12,0.025036302,0.0249727904,6.351159999999981e-05,1,0,ok,"{""C"": 1.0}",98,347,2022,bottom,logistic,manual_weak_bottom_label,123
0.3,25,6,0.16666666666666666,0.28,-0.11333333333333337,0.011448093333333333,0.0249727904,-0.013524697066666667,1,0,ok,"{""C"": 1.0}",98,347,2022,bottom,logistic,manual_weak_bottom_label,123
0.7,25,3,0.3333333333333333,0.28,0.05333333333333329,0.025939970000000003,0.0249727904,0.0009671796000000031,1,0,ok,"{""C"": 3.0}",98,347,2022,bottom,logistic,manual_weak_bottom_label,123
0.6,25,4,0.5,0.28,0.21999999999999997,0.0310386925,0.0249727904,0.006065902099999999,1,0,ok,"{""C"": 3.0}",98,347,2022,bottom,logistic,manual_weak_bottom_label,123
0.5,25,4,0.5,0.28,0.21999999999999997,0.0310386925,0.0249727904,0.006065902099999999,1,0,ok,"{""C"": 3.0}",98,347,2022,bottom,logistic,manual_weak_bottom_label,123
0.4,25,5,0.4,0.28,0.12,0.025036302,0.0249727904,6.351159999999981e-05,1,0,ok,"{""C"": 3.0}",98,347,2022,bottom,logistic,manual_weak_bottom_label,123
0.3,25,6,0.16666666666666666,0.28,-0.11333333333333337,0.011448093333333333,0.0249727904,-0.013524697066666667,1,0,ok,"{""C"": 3.0}",98,347,2022,bottom,logistic,manual_weak_bottom_label,123
0.7,25,6,0.16666666666666666,0.28,-0.11333333333333337,0.0005992366666666667,0.0249727904,-0.024373553733333334,1,0,ok,"{""shrinkage"": ""auto"", ""solver"": ""lsqr""}",98,347,2022,bottom,lda,manual_weak_bottom_label,123
0.6,25,6,0.16666666666666666,0.28,-0.11333333333333337,0.0005992366666666667,0.0249727904,-0.024373553733333334,1,0,ok,"{""shrinkage"": ""auto"", ""solver"": ""lsqr""}",98,347,2022,bottom,lda,manual_weak_bottom_label,123
0.5,25,7,0.2857142857142857,0.28,0.005714285714285672,0.008608045714285714,0.0249727904,-0.016364744685714284,1,0,ok,"{""shrinkage"": ""auto"", ""solver"": ""lsqr""}",98,347,2022,bottom,lda,manual_weak_bottom_label,123
0.4,25,7,0.2857142857142857,0.28,0.005714285714285672,0.008608045714285714,0.0249727904,-0.016364744685714284,1,0,ok,"{""shrinkage"": ""auto"", ""solver"": ""lsqr""}",98,347,2022,bottom,lda,manual_weak_bottom_label,123
0.3,25,7,0.2857142857142857,0.28,0.005714285714285672,0.008608045714285714,0.0249727904,-0.016364744685714284,1,0,ok,"{""shrinkage"": ""auto"", ""solver"": ""lsqr""}",98,347,2022,bottom,lda,manual_weak_bottom_label,123
0.7,25,7,0.2857142857142857,0.28,0.005714285714285672,0.008608045714285714,0.0249727904,-0.016364744685714284,1,0,ok,"{""shrinkage"": 0.2, ""solver"": ""lsqr""}",98,347,2022,bottom,lda,manual_weak_bottom_label,123
0.6,25,7,0.2857142857142857,0.28,0.005714285714285672,0.008608045714285714,0.0249727904,-0.016364744685714284,1,0,ok,"{""shrinkage"": 0.2, ""solver"": ""lsqr""}",98,347,2022,bottom,lda,manual_weak_bottom_label,123
0.5,25,7,0.2857142857142857,0.28,0.005714285714285672,0.008608045714285714,0.0249727904,-0.016364744685714284,1,0,ok,"{""shrinkage"": 0.2, ""solver"": ""lsqr""}",98,347,2022,bottom,lda,manual_weak_bottom_label,123
0.4,25,7,0.2857142857142857,0.28,0.005714285714285672,0.008608045714285714,0.0249727904,-0.016364744685714284,1,0,ok,"{""shrinkage"": 0.2, ""solver"": ""lsqr""}",98,347,2022,bottom,lda,manual_weak_bottom_label,123
0.3,25,7,0.2857142857142857,0.28,0.005714285714285672,0.008608045714285714,0.0249727904,-0.016364744685714284,1,0,ok,"{""shrinkage"": 0.2, ""solver"": ""lsqr""}",98,347,2022,bottom,lda,manual_weak_bottom_label,123
0.7,25,5,0.4,0.28,0.12,0.009724584,0.0249727904,-0.0152482064,1,1,ok,"{""shrinkage"": 0.5, ""solver"": ""lsqr""}",98,347,2022,bottom,lda,manual_weak_bottom_label,123
0.6,25,5,0.4,0.28,0.12,0.009724584,0.0249727904,-0.0152482064,1,0,ok,"{""shrinkage"": 0.5, ""solver"": ""lsqr""}",98,347,2022,bottom,lda,manual_weak_bottom_label,123
0.5,25,5,0.4,0.28,0.12,0.009724584,0.0249727904,-0.0152482064,1,0,ok,"{""shrinkage"": 0.5, ""solver"": ""lsqr""}",98,347,2022,bottom,lda,manual_weak_bottom_label,123
0.4,25,5,0.4,0.28,0.12,0.009724584,0.0249727904,-0.0152482064,1,0,ok,"{""shrinkage"": 0.5, ""solver"": ""lsqr""}",98,347,2022,bottom,lda,manual_weak_bottom_label,123
0.3,25,5,0.2,0.28,-0.08000000000000002,0.007549136,0.0249727904,-0.017423654400000002,1,0,ok,"{""shrinkage"": 0.5, ""solver"": ""lsqr""}",98,347,2022,bottom,lda,manual_weak_bottom_label,123
0.7,25,13,0.23076923076923078,0.28,-0.049230769230769245,0.027515422307692307,0.0249727904,0.002542631907692307,1,1,ok,"{""reg_param"": 0.2}",98,347,2022,bottom,qda,manual_weak_bottom_label,123
0.6,25,13,0.23076923076923078,0.28,-0.049230769230769245,0.027515422307692307,0.0249727904,0.002542631907692307,1,0,ok,"{""reg_param"": 0.2}",98,347,2022,bottom,qda,manual_weak_bottom_label,123
0.5,25,13,0.23076923076923078,0.28,-0.049230769230769245,0.027515422307692307,0.0249727904,0.002542631907692307,1,0,ok,"{""reg_param"": 0.2}",98,347,2022,bottom,qda,manual_weak_bottom_label,123
0.4,25,13,0.23076923076923078,0.28,-0.049230769230769245,0.027515422307692307,0.0249727904,0.002542631907692307,1,0,ok,"{""reg_param"": 0.2}",98,347,2022,bottom,qda,manual_weak_bottom_label,123
0.3,25,13,0.23076923076923078,0.28,-0.049230769230769245,0.027515422307692307,0.0249727904,0.002542631907692307,1,0,ok,"{""reg_param"": 0.2}",98,347,2022,bottom,qda,manual_weak_bottom_label,123
0.7,25,13,0.23076923076923078,0.28,-0.049230769230769245,0.027515422307692307,0.0249727904,0.002542631907692307,1,0,ok,"{""reg_param"": 0.5}",98,347,2022,bottom,qda,manual_weak_bottom_label,123
0.6,25,13,0.23076923076923078,0.28,-0.049230769230769245,0.027515422307692307,0.0249727904,0.002542631907692307,1,0,ok,"{""reg_param"": 0.5}",98,347,2022,bottom,qda,manual_weak_bottom_label,123
0.5,25,13,0.23076923076923078,0.28,-0.049230769230769245,0.027515422307692307,0.0249727904,0.002542631907692307,1,0,ok,"{""reg_param"": 0.5}",98,347,2022,bottom,qda,manual_weak_bottom_label,123
0.4,25,13,0.23076923076923078,0.28,-0.049230769230769245,0.027515422307692307,0.0249727904,0.002542631907692307,1,0,ok,"{""reg_param"": 0.5}",98,347,2022,bottom,qda,manual_weak_bottom_label,123
0.3,25,13,0.23076923076923078,0.28,-0.049230769230769245,0.027515422307692307,0.0249727904,0.002542631907692307,1,0,ok,"{""reg_param"": 0.5}",98,347,2022,bottom,qda,manual_weak_bottom_label,123
0.7,25,13,0.23076923076923078,0.28,-0.049230769230769245,0.027515422307692307,0.0249727904,0.002542631907692307,1,0,ok,"{""reg_param"": 0.8}",98,347,2022,bottom,qda,manual_weak_bottom_label,123
0.6,25,13,0.23076923076923078,0.28,-0.049230769230769245,0.027515422307692307,0.0249727904,0.002542631907692307,1,0,ok,"{""reg_param"": 0.8}",98,347,2022,bottom,qda,manual_weak_bottom_label,123
0.5,25,13,0.23076923076923078,0.28,-0.049230769230769245,0.027515422307692307,0.0249727904,0.002542631907692307,1,0,ok,"{""reg_param"": 0.8}",98,347,2022,bottom,qda,manual_weak_bottom_label,123
0.4,25,13,0.23076923076923078,0.28,-0.049230769230769245,0.027515422307692307,0.0249727904,0.002542631907692307,1,0,ok,"{""reg_param"": 0.8}",98,347,2022,bottom,qda,manual_weak_bottom_label,123
0.3,25,13,0.23076923076923078,0.28,-0.049230769230769245,0.027515422307692307,0.0249727904,0.002542631907692307,1,0,ok,"{""reg_param"": 0.8}",98,347,2022,bottom,qda,manual_weak_bottom_label,123
0.7,25,0,,0.28,,,0.0249727904,,0,0,ok,"{""balanced_bagging"": true, ""is_unbalance"": false, ""learning_rate"": 0.04, ""max_depth"": 3, ""min_child_samples"": 8, ""n_estimators"": 180, ""negative_sample_ratio"": 3.0, ""num_leaves"": 7}",98,347,2022,bottom,lightgbm,manual_weak_bottom_label,123
0.6,25,0,,0.28,,,0.0249727904,,0,0,ok,"{""balanced_bagging"": true, ""is_unbalance"": false, ""learning_rate"": 0.04, ""max_depth"": 3, ""min_child_samples"": 8, ""n_estimators"": 180, ""negative_sample_ratio"": 3.0, ""num_leaves"": 7}",98,347,2022,bottom,lightgbm,manual_weak_bottom_label,123
0.5,25,0,,0.28,,,0.0249727904,,0,0,ok,"{""balanced_bagging"": true, ""is_unbalance"": false, ""learning_rate"": 0.04, ""max_depth"": 3, ""min_child_samples"": 8, ""n_estimators"": 180, ""negative_sample_ratio"": 3.0, ""num_leaves"": 7}",98,347,2022,bottom,lightgbm,manual_weak_bottom_label,123
0.4,25,2,1.0,0.28,0.72,0.02583218,0.0249727904,0.0008593895999999997,1,0,ok,"{""balanced_bagging"": true, ""is_unbalance"": false, ""learning_rate"": 0.04, ""max_depth"": 3, ""min_child_samples"": 8, ""n_estimators"": 180, ""negative_sample_ratio"": 3.0, ""num_leaves"": 7}",98,347,2022,bottom,lightgbm,manual_weak_bottom_label,123
0.3,25,3,1.0,0.28,0.72,0.027413776666666667,0.0249727904,0.002440986266666667,1,1,ok,"{""balanced_bagging"": true, ""is_unbalance"": false, ""learning_rate"": 0.04, ""max_depth"": 3, ""min_child_samples"": 8, ""n_estimators"": 180, ""negative_sample_ratio"": 3.0, ""num_leaves"": 7}",98,347,2022,bottom,lightgbm,manual_weak_bottom_label,123
0.7,25,0,,0.28,,,0.0249727904,,0,0,ok,"{""balanced_bagging"": true, ""is_unbalance"": false, ""learning_rate"": 0.03, ""max_depth"": 4, ""min_child_samples"": 10, ""n_estimators"": 250, ""negative_sample_ratio"": 5.0, ""num_leaves"": 15}",98,347,2022,bottom,lightgbm,manual_weak_bottom_label,123
0.6,25,0,,0.28,,,0.0249727904,,0,0,ok,"{""balanced_bagging"": true, ""is_unbalance"": false, ""learning_rate"": 0.03, ""max_depth"": 4, ""min_child_samples"": 10, ""n_estimators"": 250, ""negative_sample_ratio"": 5.0, ""num_leaves"": 15}",98,347,2022,bottom,lightgbm,manual_weak_bottom_label,123
0.5,25,1,1.0,0.28,0.72,0.0053295,0.0249727904,-0.0196432904,0,0,ok,"{""balanced_bagging"": true, ""is_unbalance"": false, ""learning_rate"": 0.03, ""max_depth"": 4, ""min_child_samples"": 10, ""n_estimators"": 250, ""negative_sample_ratio"": 5.0, ""num_leaves"": 15}",98,347,2022,bottom,lightgbm,manual_weak_bottom_label,123
0.4,25,3,0.6666666666666666,0.28,0.3866666666666666,0.026611196666666666,0.0249727904,0.0016384062666666664,1,0,ok,"{""balanced_bagging"": true, ""is_unbalance"": false, ""learning_rate"": 0.03, ""max_depth"": 4, ""min_child_samples"": 10, ""n_estimators"": 250, ""negative_sample_ratio"": 5.0, ""num_leaves"": 15}",98,347,2022,bottom,lightgbm,manual_weak_bottom_label,123
0.3,25,5,0.4,0.28,0.12,0.032924412,0.0249727904,0.0079516216,1,0,ok,"{""balanced_bagging"": true, ""is_unbalance"": false, ""learning_rate"": 0.03, ""max_depth"": 4, ""min_child_samples"": 10, ""n_estimators"": 250, ""negative_sample_ratio"": 5.0, ""num_leaves"": 15}",98,347,2022,bottom,lightgbm,manual_weak_bottom_label,123
0.7,25,0,,0.28,,,0.0249727904,,0,0,ok,"{""balanced_bagging"": true, ""is_unbalance"": true, ""learning_rate"": 0.025, ""max_depth"": 5, ""min_child_samples"": 12, ""n_estimators"": 320, ""negative_sample_ratio"": 3.0, ""num_leaves"": 15}",98,347,2022,bottom,lightgbm,manual_weak_bottom_label,123
0.6,25,1,1.0,0.28,0.72,0.0053295,0.0249727904,-0.0196432904,0,0,ok,"{""balanced_bagging"": true, ""is_unbalance"": true, ""learning_rate"": 0.025, ""max_depth"": 5, ""min_child_samples"": 12, ""n_estimators"": 320, ""negative_sample_ratio"": 3.0, ""num_leaves"": 15}",98,347,2022,bottom,lightgbm,manual_weak_bottom_label,123
0.5,25,2,1.0,0.28,0.72,0.02583218,0.0249727904,0.0008593895999999997,1,0,ok,"{""balanced_bagging"": true, ""is_unbalance"": true, ""learning_rate"": 0.025, ""max_depth"": 5, ""min_child_samples"": 12, ""n_estimators"": 320, ""negative_sample_ratio"": 3.0, ""num_leaves"": 15}",98,347,2022,bottom,lightgbm,manual_weak_bottom_label,123
0.4,25,2,1.0,0.28,0.72,0.02583218,0.0249727904,0.0008593895999999997,1,0,ok,"{""balanced_bagging"": true, ""is_unbalance"": true, ""learning_rate"": 0.025, ""max_depth"": 5, ""min_child_samples"": 12, ""n_estimators"": 320, ""negative_sample_ratio"": 3.0, ""num_leaves"": 15}",98,347,2022,bottom,lightgbm,manual_weak_bottom_label,123
0.3,25,4,0.5,0.28,0.21999999999999997,0.0202150825,0.0249727904,-0.0047577079000000015,1,0,ok,"{""balanced_bagging"": true, ""is_unbalance"": true, ""learning_rate"": 0.025, ""max_depth"": 5, ""min_child_samples"": 12, ""n_estimators"": 320, ""negative_sample_ratio"": 3.0, ""num_leaves"": 15}",98,347,2022,bottom,lightgbm,manual_weak_bottom_label,123
0.7,25,4,0.25,0.28,-0.030000000000000027,0.0208403475,0.0249727904,-0.004132442900000002,1,0,ok,"{""dropout"": 0.05, ""focal_alpha"": 0.7, ""focal_gamma"": 1.5, ""hidden_layers"": [32], ""learning_rate"": 0.001, ""max_epochs"": 130, ""patience"": 15}",98,347,2022,bottom,bp,manual_weak_bottom_label,123
0.6,25,6,0.16666666666666666,0.28,-0.11333333333333337,0.018049321666666666,0.0249727904,-0.006923468733333334,1,0,ok,"{""dropout"": 0.05, ""focal_alpha"": 0.7, ""focal_gamma"": 1.5, ""hidden_layers"": [32], ""learning_rate"": 0.001, ""max_epochs"": 130, ""patience"": 15}",98,347,2022,bottom,bp,manual_weak_bottom_label,123
0.5,25,6,0.16666666666666666,0.28,-0.11333333333333337,0.018049321666666666,0.0249727904,-0.006923468733333334,1,0,ok,"{""dropout"": 0.05, ""focal_alpha"": 0.7, ""focal_gamma"": 1.5, ""hidden_layers"": [32], ""learning_rate"": 0.001, ""max_epochs"": 130, ""patience"": 15}",98,347,2022,bottom,bp,manual_weak_bottom_label,123
0.4,25,8,0.25,0.28,-0.030000000000000027,0.03552177875,0.0249727904,0.010548988350000003,1,0,ok,"{""dropout"": 0.05, ""focal_alpha"": 0.7, ""focal_gamma"": 1.5, ""hidden_layers"": [32], ""learning_rate"": 0.001, ""max_epochs"": 130, ""patience"": 15}",98,347,2022,bottom,bp,manual_weak_bottom_label,123
0.3,25,10,0.2,0.28,-0.08000000000000002,0.029585854,0.0249727904,0.004613063600000002,1,0,ok,"{""dropout"": 0.05, ""focal_alpha"": 0.7, ""focal_gamma"": 1.5, ""hidden_layers"": [32], ""learning_rate"": 0.001, ""max_epochs"": 130, ""patience"": 15}",98,347,2022,bottom,bp,manual_weak_bottom_label,123
0.7,25,1,1.0,0.28,0.72,0.04633486,0.0249727904,0.0213620696,0,0,ok,"{""dropout"": 0.1, ""focal_alpha"": 0.75, ""focal_gamma"": 2.0, ""hidden_layers"": [48, 24], ""learning_rate"": 0.001, ""max_epochs"": 160, ""patience"": 18}",98,347,2022,bottom,bp,manual_weak_bottom_label,123
0.6,25,1,1.0,0.28,0.72,0.04633486,0.0249727904,0.0213620696,0,0,ok,"{""dropout"": 0.1, ""focal_alpha"": 0.75, ""focal_gamma"": 2.0, ""hidden_layers"": [48, 24], ""learning_rate"": 0.001, ""max_epochs"": 160, ""patience"": 18}",98,347,2022,bottom,bp,manual_weak_bottom_label,123
0.5,25,3,0.3333333333333333,0.28,0.05333333333333329,0.022497956666666666,0.0249727904,-0.0024748337333333342,1,1,ok,"{""dropout"": 0.1, ""focal_alpha"": 0.75, ""focal_gamma"": 2.0, ""hidden_layers"": [48, 24], ""learning_rate"": 0.001, ""max_epochs"": 160, ""patience"": 18}",98,347,2022,bottom,bp,manual_weak_bottom_label,123
0.4,25,4,0.25,0.28,-0.030000000000000027,0.0177866225,0.0249727904,-0.007186167899999998,1,0,ok,"{""dropout"": 0.1, ""focal_alpha"": 0.75, ""focal_gamma"": 2.0, ""hidden_layers"": [48, 24], ""learning_rate"": 0.001, ""max_epochs"": 160, ""patience"": 18}",98,347,2022,bottom,bp,manual_weak_bottom_label,123
0.3,25,4,0.25,0.28,-0.030000000000000027,0.0177866225,0.0249727904,-0.007186167899999998,1,0,ok,"{""dropout"": 0.1, ""focal_alpha"": 0.75, ""focal_gamma"": 2.0, ""hidden_layers"": [48, 24], ""learning_rate"": 0.001, ""max_epochs"": 160, ""patience"": 18}",98,347,2022,bottom,bp,manual_weak_bottom_label,123
0.7,25,1,0.0,0.28,-0.28,0.03545762,0.0249727904,0.010484829600000002,0,0,ok,"{""dropout"": 0.15, ""focal_alpha"": 0.8, ""focal_gamma"": 2.5, ""hidden_layers"": [64, 32], ""learning_rate"": 0.0007, ""max_epochs"": 180, ""patience"": 20}",98,347,2022,bottom,bp,manual_weak_bottom_label,123
0.6,25,2,0.0,0.28,-0.28,0.01824218,0.0249727904,-0.0067306104,1,0,ok,"{""dropout"": 0.15, ""focal_alpha"": 0.8, ""focal_gamma"": 2.5, ""hidden_layers"": [64, 32], ""learning_rate"": 0.0007, ""max_epochs"": 180, ""patience"": 20}",98,347,2022,bottom,bp,manual_weak_bottom_label,123
0.5,25,2,0.0,0.28,-0.28,0.01824218,0.0249727904,-0.0067306104,1,0,ok,"{""dropout"": 0.15, ""focal_alpha"": 0.8, ""focal_gamma"": 2.5, ""hidden_layers"": [64, 32], ""learning_rate"": 0.0007, ""max_epochs"": 180, ""patience"": 20}",98,347,2022,bottom,bp,manual_weak_bottom_label,123
0.4,25,3,0.0,0.28,-0.28,0.021551196666666664,0.0249727904,-0.0034215937333333356,1,0,ok,"{""dropout"": 0.15, ""focal_alpha"": 0.8, ""focal_gamma"": 2.5, ""hidden_layers"": [64, 32], ""learning_rate"": 0.0007, ""max_epochs"": 180, ""patience"": 20}",98,347,2022,bottom,bp,manual_weak_bottom_label,123
0.3,25,5,0.2,0.28,-0.08000000000000002,0.007549136,0.0249727904,-0.017423654400000002,1,0,ok,"{""dropout"": 0.15, ""focal_alpha"": 0.8, ""focal_gamma"": 2.5, ""hidden_layers"": [64, 32], ""learning_rate"": 0.0007, ""max_epochs"": 180, ""patience"": 20}",98,347,2022,bottom,bp,manual_weak_bottom_label,123
0.7,25,2,0.0,0.28,-0.28,-0.039882985,0.0249727904,-0.06485577540000001,1,0,ok,"{""alpha"": 0.0001, ""hidden_layer_sizes"": [32], ""learning_rate_init"": 0.001, ""max_iter"": 500, ""negative_sample_ratio"": 2.0}",98,347,2022,bottom,mlp,manual_weak_bottom_label,123
0.6,25,4,0.25,0.28,-0.030000000000000027,0.00220675,0.0249727904,-0.0227660404,1,0,ok,"{""alpha"": 0.0001, ""hidden_layer_sizes"": [32], ""learning_rate_init"": 0.001, ""max_iter"": 500, ""negative_sample_ratio"": 2.0}",98,347,2022,bottom,mlp,manual_weak_bottom_label,123
0.5,25,4,0.25,0.28,-0.030000000000000027,0.00220675,0.0249727904,-0.0227660404,1,0,ok,"{""alpha"": 0.0001, ""hidden_layer_sizes"": [32], ""learning_rate_init"": 0.001, ""max_iter"": 500, ""negative_sample_ratio"": 2.0}",98,347,2022,bottom,mlp,manual_weak_bottom_label,123
0.4,25,4,0.25,0.28,-0.030000000000000027,0.00220675,0.0249727904,-0.0227660404,1,0,ok,"{""alpha"": 0.0001, ""hidden_layer_sizes"": [32], ""learning_rate_init"": 0.001, ""max_iter"": 500, ""negative_sample_ratio"": 2.0}",98,347,2022,bottom,mlp,manual_weak_bottom_label,123
0.3,25,5,0.2,0.28,-0.08000000000000002,0.016377108,0.0249727904,-0.008595682399999999,1,0,ok,"{""alpha"": 0.0001, ""hidden_layer_sizes"": [32], ""learning_rate_init"": 0.001, ""max_iter"": 500, ""negative_sample_ratio"": 2.0}",98,347,2022,bottom,mlp,manual_weak_bottom_label,123
0.7,25,0,,0.28,,,0.0249727904,,0,0,ok,"{""alpha"": 0.0001, ""hidden_layer_sizes"": [48, 24], ""learning_rate_init"": 0.001, ""max_iter"": 600, ""negative_sample_ratio"": 3.0}",98,347,2022,bottom,mlp,manual_weak_bottom_label,123
0.6,25,0,,0.28,,,0.0249727904,,0,0,ok,"{""alpha"": 0.0001, ""hidden_layer_sizes"": [48, 24], ""learning_rate_init"": 0.001, ""max_iter"": 600, ""negative_sample_ratio"": 3.0}",98,347,2022,bottom,mlp,manual_weak_bottom_label,123
0.5,25,1,0.0,0.28,-0.28,0.03545762,0.0249727904,0.010484829600000002,0,0,ok,"{""alpha"": 0.0001, ""hidden_layer_sizes"": [48, 24], ""learning_rate_init"": 0.001, ""max_iter"": 600, ""negative_sample_ratio"": 3.0}",98,347,2022,bottom,mlp,manual_weak_bottom_label,123
0.4,25,3,0.3333333333333333,0.28,0.05333333333333329,0.01456404,0.0249727904,-0.0104087504,1,0,ok,"{""alpha"": 0.0001, ""hidden_layer_sizes"": [48, 24], ""learning_rate_init"": 0.001, ""max_iter"": 600, ""negative_sample_ratio"": 3.0}",98,347,2022,bottom,mlp,manual_weak_bottom_label,123
0.3,25,4,0.25,0.28,-0.030000000000000027,0.011836185,0.0249727904,-0.0131366054,1,0,ok,"{""alpha"": 0.0001, ""hidden_layer_sizes"": [48, 24], ""learning_rate_init"": 0.001, ""max_iter"": 600, ""negative_sample_ratio"": 3.0}",98,347,2022,bottom,mlp,manual_weak_bottom_label,123
0.7,25,0,,0.28,,,0.0249727904,,0,0,ok,"{""alpha"": 0.001, ""hidden_layer_sizes"": [64, 32], ""learning_rate_init"": 0.0007, ""max_iter"": 700, ""negative_sample_ratio"": 5.0}",98,347,2022,bottom,mlp,manual_weak_bottom_label,123
0.6,25,2,0.5,0.28,0.21999999999999997,0.0060923,0.0249727904,-0.018880490399999998,1,1,ok,"{""alpha"": 0.001, ""hidden_layer_sizes"": [64, 32], ""learning_rate_init"": 0.0007, ""max_iter"": 700, ""negative_sample_ratio"": 5.0}",98,347,2022,bottom,mlp,manual_weak_bottom_label,123
0.5,25,5,0.4,0.28,0.12,0.011406653999999999,0.0249727904,-0.013566136400000001,1,0,ok,"{""alpha"": 0.001, ""hidden_layer_sizes"": [64, 32], ""learning_rate_init"": 0.0007, ""max_iter"": 700, ""negative_sample_ratio"": 5.0}",98,347,2022,bottom,mlp,manual_weak_bottom_label,123
0.4,25,5,0.2,0.28,-0.08000000000000002,0.009231206,0.0249727904,-0.0157415844,1,0,ok,"{""alpha"": 0.001, ""hidden_layer_sizes"": [64, 32], ""learning_rate_init"": 0.0007, ""max_iter"": 700, ""negative_sample_ratio"": 5.0}",98,347,2022,bottom,mlp,manual_weak_bottom_label,123
0.3,25,5,0.0,0.28,-0.28,0.008749658,0.0249727904,-0.0162231324,1,0,ok,"{""alpha"": 0.001, ""hidden_layer_sizes"": [64, 32], ""learning_rate_init"": 0.0007, ""max_iter"": 700, ""negative_sample_ratio"": 5.0}",98,347,2022,bottom,mlp,manual_weak_bottom_label,123
0.7,25,0,,0.28,,,0.0249727904,,0,0,ok,"{""C"": 0.5, ""gamma"": ""scale""}",98,347,2022,bottom,svm,manual_weak_bottom_label,123
0.6,25,0,,0.28,,,0.0249727904,,0,0,ok,"{""C"": 0.5, ""gamma"": ""scale""}",98,347,2022,bottom,svm,manual_weak_bottom_label,123
0.5,25,0,,0.28,,,0.0249727904,,0,0,ok,"{""C"": 0.5, ""gamma"": ""scale""}",98,347,2022,bottom,svm,manual_weak_bottom_label,123
0.4,25,0,,0.28,,,0.0249727904,,0,0,ok,"{""C"": 0.5, ""gamma"": ""scale""}",98,347,2022,bottom,svm,manual_weak_bottom_label,123
0.3,25,0,,0.28,,,0.0249727904,,0,0,ok,"{""C"": 0.5, ""gamma"": ""scale""}",98,347,2022,bottom,svm,manual_weak_bottom_label,123
0.7,25,0,,0.28,,,0.0249727904,,0,0,ok,"{""C"": 1.0, ""gamma"": ""scale""}",98,347,2022,bottom,svm,manual_weak_bottom_label,123
0.6,25,0,,0.28,,,0.0249727904,,0,0,ok,"{""C"": 1.0, ""gamma"": ""scale""}",98,347,2022,bottom,svm,manual_weak_bottom_label,123
0.5,25,0,,0.28,,,0.0249727904,,0,0,ok,"{""C"": 1.0, ""gamma"": ""scale""}",98,347,2022,bottom,svm,manual_weak_bottom_label,123
0.4,25,0,,0.28,,,0.0249727904,,0,0,ok,"{""C"": 1.0, ""gamma"": ""scale""}",98,347,2022,bottom,svm,manual_weak_bottom_label,123
0.3,25,9,0.3333333333333333,0.28,0.05333333333333329,0.011211591111111112,0.0249727904,-0.013761199288888889,1,0,ok,"{""C"": 1.0, ""gamma"": ""scale""}",98,347,2022,bottom,svm,manual_weak_bottom_label,123
0.7,25,0,,0.28,,,0.0249727904,,0,0,ok,"{""C"": 2.0, ""gamma"": ""scale""}",98,347,2022,bottom,svm,manual_weak_bottom_label,123
0.6,25,0,,0.28,,,0.0249727904,,0,0,ok,"{""C"": 2.0, ""gamma"": ""scale""}",98,347,2022,bottom,svm,manual_weak_bottom_label,123
0.5,25,0,,0.28,,,0.0249727904,,0,0,ok,"{""C"": 2.0, ""gamma"": ""scale""}",98,347,2022,bottom,svm,manual_weak_bottom_label,123
0.4,25,0,,0.28,,,0.0249727904,,0,0,ok,"{""C"": 2.0, ""gamma"": ""scale""}",98,347,2022,bottom,svm,manual_weak_bottom_label,123
0.3,25,9,0.3333333333333333,0.28,0.05333333333333329,0.012911722222222222,0.0249727904,-0.012061068177777778,1,1,ok,"{""C"": 2.0, ""gamma"": ""scale""}",98,347,2022,bottom,svm,manual_weak_bottom_label,123
0.7,25,4,0.75,0.32,0.43,-0.006356925,0.0064805999999999996,-0.012837524999999999,1,1,ok,"{""C"": 0.3}",101,347,2022,top,logistic,manual_weak_top_label,126
0.6,25,4,0.75,0.32,0.43,-0.006356925,0.0064805999999999996,-0.012837524999999999,1,0,ok,"{""C"": 0.3}",101,347,2022,top,logistic,manual_weak_top_label,126
0.5,25,4,0.75,0.32,0.43,-0.006356925,0.0064805999999999996,-0.012837524999999999,1,0,ok,"{""C"": 0.3}",101,347,2022,top,logistic,manual_weak_top_label,126
0.4,25,4,0.75,0.32,0.43,-0.006356925,0.0064805999999999996,-0.012837524999999999,1,0,ok,"{""C"": 0.3}",101,347,2022,top,logistic,manual_weak_top_label,126
0.3,25,4,0.75,0.32,0.43,-0.006356925,0.0064805999999999996,-0.012837524999999999,1,0,ok,"{""C"": 0.3}",101,347,2022,top,logistic,manual_weak_top_label,126
0.7,25,4,0.75,0.32,0.43,-0.006356925,0.0064805999999999996,-0.012837524999999999,1,0,ok,"{""C"": 1.0}",101,347,2022,top,logistic,manual_weak_top_label,126
0.6,25,4,0.75,0.32,0.43,-0.006356925,0.0064805999999999996,-0.012837524999999999,1,0,ok,"{""C"": 1.0}",101,347,2022,top,logistic,manual_weak_top_label,126
0.5,25,4,0.75,0.32,0.43,-0.006356925,0.0064805999999999996,-0.012837524999999999,1,0,ok,"{""C"": 1.0}",101,347,2022,top,logistic,manual_weak_top_label,126
0.4,25,4,0.75,0.32,0.43,-0.006356925,0.0064805999999999996,-0.012837524999999999,1,0,ok,"{""C"": 1.0}",101,347,2022,top,logistic,manual_weak_top_label,126
0.3,25,4,0.75,0.32,0.43,-0.006356925,0.0064805999999999996,-0.012837524999999999,1,0,ok,"{""C"": 1.0}",101,347,2022,top,logistic,manual_weak_top_label,126
0.7,25,4,0.75,0.32,0.43,-0.006356925,0.0064805999999999996,-0.012837524999999999,1,0,ok,"{""C"": 3.0}",101,347,2022,top,logistic,manual_weak_top_label,126
0.6,25,4,0.75,0.32,0.43,-0.006356925,0.0064805999999999996,-0.012837524999999999,1,0,ok,"{""C"": 3.0}",101,347,2022,top,logistic,manual_weak_top_label,126
0.5,25,4,0.75,0.32,0.43,-0.006356925,0.0064805999999999996,-0.012837524999999999,1,0,ok,"{""C"": 3.0}",101,347,2022,top,logistic,manual_weak_top_label,126
0.4,25,4,0.75,0.32,0.43,-0.006356925,0.0064805999999999996,-0.012837524999999999,1,0,ok,"{""C"": 3.0}",101,347,2022,top,logistic,manual_weak_top_label,126
0.3,25,4,0.75,0.32,0.43,-0.006356925,0.0064805999999999996,-0.012837524999999999,1,0,ok,"{""C"": 3.0}",101,347,2022,top,logistic,manual_weak_top_label,126
0.7,25,4,0.5,0.32,0.18,0.00049667,0.0064805999999999996,-0.005983929999999999,1,0,ok,"{""shrinkage"": ""auto"", ""solver"": ""lsqr""}",101,347,2022,top,lda,manual_weak_top_label,126
0.6,25,4,0.5,0.32,0.18,0.00049667,0.0064805999999999996,-0.005983929999999999,1,0,ok,"{""shrinkage"": ""auto"", ""solver"": ""lsqr""}",101,347,2022,top,lda,manual_weak_top_label,126
0.5,25,5,0.6,0.32,0.27999999999999997,0.001937102,0.0064805999999999996,-0.004543498,1,0,ok,"{""shrinkage"": ""auto"", ""solver"": ""lsqr""}",101,347,2022,top,lda,manual_weak_top_label,126
0.4,25,5,0.6,0.32,0.27999999999999997,0.001937102,0.0064805999999999996,-0.004543498,1,0,ok,"{""shrinkage"": ""auto"", ""solver"": ""lsqr""}",101,347,2022,top,lda,manual_weak_top_label,126
0.3,25,5,0.6,0.32,0.27999999999999997,0.001937102,0.0064805999999999996,-0.004543498,1,0,ok,"{""shrinkage"": ""auto"", ""solver"": ""lsqr""}",101,347,2022,top,lda,manual_weak_top_label,126
0.7,25,4,0.75,0.32,0.43,-0.006356925,0.0064805999999999996,-0.012837524999999999,1,1,ok,"{""shrinkage"": 0.2, ""solver"": ""lsqr""}",101,347,2022,top,lda,manual_weak_top_label,126
0.6,25,4,0.75,0.32,0.43,-0.006356925,0.0064805999999999996,-0.012837524999999999,1,0,ok,"{""shrinkage"": 0.2, ""solver"": ""lsqr""}",101,347,2022,top,lda,manual_weak_top_label,126
0.5,25,4,0.75,0.32,0.43,-0.006356925,0.0064805999999999996,-0.012837524999999999,1,0,ok,"{""shrinkage"": 0.2, ""solver"": ""lsqr""}",101,347,2022,top,lda,manual_weak_top_label,126
0.4,25,4,0.75,0.32,0.43,-0.006356925,0.0064805999999999996,-0.012837524999999999,1,0,ok,"{""shrinkage"": 0.2, ""solver"": ""lsqr""}",101,347,2022,top,lda,manual_weak_top_label,126
0.3,25,4,0.75,0.32,0.43,-0.006356925,0.0064805999999999996,-0.012837524999999999,1,0,ok,"{""shrinkage"": 0.2, ""solver"": ""lsqr""}",101,347,2022,top,lda,manual_weak_top_label,126
0.7,25,4,0.75,0.32,0.43,-0.006356925,0.0064805999999999996,-0.012837524999999999,1,0,ok,"{""shrinkage"": 0.5, ""solver"": ""lsqr""}",101,347,2022,top,lda,manual_weak_top_label,126
0.6,25,4,0.75,0.32,0.43,-0.006356925,0.0064805999999999996,-0.012837524999999999,1,0,ok,"{""shrinkage"": 0.5, ""solver"": ""lsqr""}",101,347,2022,top,lda,manual_weak_top_label,126
0.5,25,4,0.75,0.32,0.43,-0.006356925,0.0064805999999999996,-0.012837524999999999,1,0,ok,"{""shrinkage"": 0.5, ""solver"": ""lsqr""}",101,347,2022,top,lda,manual_weak_top_label,126
0.4,25,4,0.75,0.32,0.43,-0.006356925,0.0064805999999999996,-0.012837524999999999,1,0,ok,"{""shrinkage"": 0.5, ""solver"": ""lsqr""}",101,347,2022,top,lda,manual_weak_top_label,126
0.3,25,4,0.75,0.32,0.43,-0.006356925,0.0064805999999999996,-0.012837524999999999,1,0,ok,"{""shrinkage"": 0.5, ""solver"": ""lsqr""}",101,347,2022,top,lda,manual_weak_top_label,126
0.7,25,9,0.3333333333333333,0.32,0.013333333333333308,0.014760857777777778,0.0064805999999999996,0.008280257777777779,1,1,ok,"{""reg_param"": 0.2}",101,347,2022,top,qda,manual_weak_top_label,126
0.6,25,9,0.3333333333333333,0.32,0.013333333333333308,0.014760857777777778,0.0064805999999999996,0.008280257777777779,1,0,ok,"{""reg_param"": 0.2}",101,347,2022,top,qda,manual_weak_top_label,126
0.5,25,9,0.3333333333333333,0.32,0.013333333333333308,0.014760857777777778,0.0064805999999999996,0.008280257777777779,1,0,ok,"{""reg_param"": 0.2}",101,347,2022,top,qda,manual_weak_top_label,126
0.4,25,9,0.3333333333333333,0.32,0.013333333333333308,0.014760857777777778,0.0064805999999999996,0.008280257777777779,1,0,ok,"{""reg_param"": 0.2}",101,347,2022,top,qda,manual_weak_top_label,126
0.3,25,9,0.3333333333333333,0.32,0.013333333333333308,0.014760857777777778,0.0064805999999999996,0.008280257777777779,1,0,ok,"{""reg_param"": 0.2}",101,347,2022,top,qda,manual_weak_top_label,126
0.7,25,9,0.3333333333333333,0.32,0.013333333333333308,0.014760857777777778,0.0064805999999999996,0.008280257777777779,1,0,ok,"{""reg_param"": 0.5}",101,347,2022,top,qda,manual_weak_top_label,126
0.6,25,9,0.3333333333333333,0.32,0.013333333333333308,0.014760857777777778,0.0064805999999999996,0.008280257777777779,1,0,ok,"{""reg_param"": 0.5}",101,347,2022,top,qda,manual_weak_top_label,126
0.5,25,9,0.3333333333333333,0.32,0.013333333333333308,0.014760857777777778,0.0064805999999999996,0.008280257777777779,1,0,ok,"{""reg_param"": 0.5}",101,347,2022,top,qda,manual_weak_top_label,126
0.4,25,9,0.3333333333333333,0.32,0.013333333333333308,0.014760857777777778,0.0064805999999999996,0.008280257777777779,1,0,ok,"{""reg_param"": 0.5}",101,347,2022,top,qda,manual_weak_top_label,126
0.3,25,9,0.3333333333333333,0.32,0.013333333333333308,0.014760857777777778,0.0064805999999999996,0.008280257777777779,1,0,ok,"{""reg_param"": 0.5}",101,347,2022,top,qda,manual_weak_top_label,126
0.7,25,9,0.3333333333333333,0.32,0.013333333333333308,0.014760857777777778,0.0064805999999999996,0.008280257777777779,1,0,ok,"{""reg_param"": 0.8}",101,347,2022,top,qda,manual_weak_top_label,126
0.6,25,9,0.3333333333333333,0.32,0.013333333333333308,0.014760857777777778,0.0064805999999999996,0.008280257777777779,1,0,ok,"{""reg_param"": 0.8}",101,347,2022,top,qda,manual_weak_top_label,126
0.5,25,9,0.3333333333333333,0.32,0.013333333333333308,0.014760857777777778,0.0064805999999999996,0.008280257777777779,1,0,ok,"{""reg_param"": 0.8}",101,347,2022,top,qda,manual_weak_top_label,126
0.4,25,9,0.3333333333333333,0.32,0.013333333333333308,0.014760857777777778,0.0064805999999999996,0.008280257777777779,1,0,ok,"{""reg_param"": 0.8}",101,347,2022,top,qda,manual_weak_top_label,126
0.3,25,9,0.3333333333333333,0.32,0.013333333333333308,0.014760857777777778,0.0064805999999999996,0.008280257777777779,1,0,ok,"{""reg_param"": 0.8}",101,347,2022,top,qda,manual_weak_top_label,126
0.7,25,3,0.6666666666666666,0.32,0.3466666666666666,-0.0014687399999999998,0.0064805999999999996,-0.00794934,1,1,ok,"{""balanced_bagging"": true, ""is_unbalance"": false, ""learning_rate"": 0.04, ""max_depth"": 3, ""min_child_samples"": 8, ""n_estimators"": 180, ""negative_sample_ratio"": 3.0, ""num_leaves"": 7}",101,347,2022,top,lightgbm,manual_weak_top_label,126
0.6,25,4,0.5,0.32,0.18,-0.009518955,0.0064805999999999996,-0.015999555,1,0,ok,"{""balanced_bagging"": true, ""is_unbalance"": false, ""learning_rate"": 0.04, ""max_depth"": 3, ""min_child_samples"": 8, ""n_estimators"": 180, ""negative_sample_ratio"": 3.0, ""num_leaves"": 7}",101,347,2022,top,lightgbm,manual_weak_top_label,126
0.5,25,4,0.5,0.32,0.18,-0.009518955,0.0064805999999999996,-0.015999555,1,0,ok,"{""balanced_bagging"": true, ""is_unbalance"": false, ""learning_rate"": 0.04, ""max_depth"": 3, ""min_child_samples"": 8, ""n_estimators"": 180, ""negative_sample_ratio"": 3.0, ""num_leaves"": 7}",101,347,2022,top,lightgbm,manual_weak_top_label,126
0.4,25,5,0.4,0.32,0.08000000000000002,0.0005198760000000001,0.0064805999999999996,-0.005960724,1,0,ok,"{""balanced_bagging"": true, ""is_unbalance"": false, ""learning_rate"": 0.04, ""max_depth"": 3, ""min_child_samples"": 8, ""n_estimators"": 180, ""negative_sample_ratio"": 3.0, ""num_leaves"": 7}",101,347,2022,top,lightgbm,manual_weak_top_label,126
0.3,25,7,0.42857142857142855,0.32,0.10857142857142854,0.01270287,0.0064805999999999996,0.00622227,1,0,ok,"{""balanced_bagging"": true, ""is_unbalance"": false, ""learning_rate"": 0.04, ""max_depth"": 3, ""min_child_samples"": 8, ""n_estimators"": 180, ""negative_sample_ratio"": 3.0, ""num_leaves"": 7}",101,347,2022,top,lightgbm,manual_weak_top_label,126
0.7,25,3,0.6666666666666666,0.32,0.3466666666666666,-0.0014687399999999998,0.0064805999999999996,-0.00794934,1,0,ok,"{""balanced_bagging"": true, ""is_unbalance"": false, ""learning_rate"": 0.03, ""max_depth"": 4, ""min_child_samples"": 10, ""n_estimators"": 250, ""negative_sample_ratio"": 5.0, ""num_leaves"": 15}",101,347,2022,top,lightgbm,manual_weak_top_label,126
0.6,25,3,0.6666666666666666,0.32,0.3466666666666666,-0.0014687399999999998,0.0064805999999999996,-0.00794934,1,0,ok,"{""balanced_bagging"": true, ""is_unbalance"": false, ""learning_rate"": 0.03, ""max_depth"": 4, ""min_child_samples"": 10, ""n_estimators"": 250, ""negative_sample_ratio"": 5.0, ""num_leaves"": 15}",101,347,2022,top,lightgbm,manual_weak_top_label,126
0.5,25,4,0.5,0.32,0.18,0.009067245,0.0064805999999999996,0.0025866450000000003,1,0,ok,"{""balanced_bagging"": true, ""is_unbalance"": false, ""learning_rate"": 0.03, ""max_depth"": 4, ""min_child_samples"": 10, ""n_estimators"": 250, ""negative_sample_ratio"": 5.0, ""num_leaves"": 15}",101,347,2022,top,lightgbm,manual_weak_top_label,126
0.4,25,6,0.5,0.32,0.18,0.0017163683333333334,0.0064805999999999996,-0.004764231666666666,1,0,ok,"{""balanced_bagging"": true, ""is_unbalance"": false, ""learning_rate"": 0.03, ""max_depth"": 4, ""min_child_samples"": 10, ""n_estimators"": 250, ""negative_sample_ratio"": 5.0, ""num_leaves"": 15}",101,347,2022,top,lightgbm,manual_weak_top_label,126
0.3,25,7,0.42857142857142855,0.32,0.10857142857142854,0.0038608385714285717,0.0064805999999999996,-0.002619761428571428,1,0,ok,"{""balanced_bagging"": true, ""is_unbalance"": false, ""learning_rate"": 0.03, ""max_depth"": 4, ""min_child_samples"": 10, ""n_estimators"": 250, ""negative_sample_ratio"": 5.0, ""num_leaves"": 15}",101,347,2022,top,lightgbm,manual_weak_top_label,126
0.7,25,3,0.6666666666666666,0.32,0.3466666666666666,-0.0014687399999999998,0.0064805999999999996,-0.00794934,1,0,ok,"{""balanced_bagging"": true, ""is_unbalance"": true, ""learning_rate"": 0.025, ""max_depth"": 5, ""min_child_samples"": 12, ""n_estimators"": 320, ""negative_sample_ratio"": 3.0, ""num_leaves"": 15}",101,347,2022,top,lightgbm,manual_weak_top_label,126
0.6,25,3,0.6666666666666666,0.32,0.3466666666666666,-0.0014687399999999998,0.0064805999999999996,-0.00794934,1,0,ok,"{""balanced_bagging"": true, ""is_unbalance"": true, ""learning_rate"": 0.025, ""max_depth"": 5, ""min_child_samples"": 12, ""n_estimators"": 320, ""negative_sample_ratio"": 3.0, ""num_leaves"": 15}",101,347,2022,top,lightgbm,manual_weak_top_label,126
0.5,25,3,0.6666666666666666,0.32,0.3466666666666666,-0.0014687399999999998,0.0064805999999999996,-0.00794934,1,0,ok,"{""balanced_bagging"": true, ""is_unbalance"": true, ""learning_rate"": 0.025, ""max_depth"": 5, ""min_child_samples"": 12, ""n_estimators"": 320, ""negative_sample_ratio"": 3.0, ""num_leaves"": 15}",101,347,2022,top,lightgbm,manual_weak_top_label,126
0.4,25,6,0.5,0.32,0.18,0.0017163683333333334,0.0064805999999999996,-0.004764231666666666,1,0,ok,"{""balanced_bagging"": true, ""is_unbalance"": true, ""learning_rate"": 0.025, ""max_depth"": 5, ""min_child_samples"": 12, ""n_estimators"": 320, ""negative_sample_ratio"": 3.0, ""num_leaves"": 15}",101,347,2022,top,lightgbm,manual_weak_top_label,126
0.3,25,6,0.5,0.32,0.18,0.006949595,0.0064805999999999996,0.0004689950000000007,1,0,ok,"{""balanced_bagging"": true, ""is_unbalance"": true, ""learning_rate"": 0.025, ""max_depth"": 5, ""min_child_samples"": 12, ""n_estimators"": 320, ""negative_sample_ratio"": 3.0, ""num_leaves"": 15}",101,347,2022,top,lightgbm,manual_weak_top_label,126
0.7,25,3,0.6666666666666666,0.32,0.3466666666666666,-0.011042176666666667,0.0064805999999999996,-0.017522776666666667,1,1,ok,"{""dropout"": 0.05, ""focal_alpha"": 0.7, ""focal_gamma"": 1.5, ""hidden_layers"": [32], ""learning_rate"": 0.001, ""max_epochs"": 130, ""patience"": 15}",101,347,2022,top,bp,manual_weak_top_label,126
0.6,25,4,0.5,0.32,0.18,0.00362009,0.0064805999999999996,-0.0028605099999999997,1,0,ok,"{""dropout"": 0.05, ""focal_alpha"": 0.7, ""focal_gamma"": 1.5, ""hidden_layers"": [32], ""learning_rate"": 0.001, ""max_epochs"": 130, ""patience"": 15}",101,347,2022,top,bp,manual_weak_top_label,126
0.5,25,4,0.5,0.32,0.18,0.00362009,0.0064805999999999996,-0.0028605099999999997,1,0,ok,"{""dropout"": 0.05, ""focal_alpha"": 0.7, ""focal_gamma"": 1.5, ""hidden_layers"": [32], ""learning_rate"": 0.001, ""max_epochs"": 130, ""patience"": 15}",101,347,2022,top,bp,manual_weak_top_label,126
0.4,25,5,0.4,0.32,0.08000000000000002,0.0062416039999999996,0.0064805999999999996,-0.000238996,1,0,ok,"{""dropout"": 0.05, ""focal_alpha"": 0.7, ""focal_gamma"": 1.5, ""hidden_layers"": [32], ""learning_rate"": 0.001, ""max_epochs"": 130, ""patience"": 15}",101,347,2022,top,bp,manual_weak_top_label,126
0.3,25,6,0.5,0.32,0.18,0.0032540966666666665,0.0064805999999999996,-0.003226503333333333,1,0,ok,"{""dropout"": 0.05, ""focal_alpha"": 0.7, ""focal_gamma"": 1.5, ""hidden_layers"": [32], ""learning_rate"": 0.001, ""max_epochs"": 130, ""patience"": 15}",101,347,2022,top,bp,manual_weak_top_label,126
0.7,25,5,0.6,0.32,0.27999999999999997,-0.001360106,0.0064805999999999996,-0.007840706,1,0,ok,"{""dropout"": 0.1, ""focal_alpha"": 0.75, ""focal_gamma"": 2.0, ""hidden_layers"": [48, 24], ""learning_rate"": 0.001, ""max_epochs"": 160, ""patience"": 18}",101,347,2022,top,bp,manual_weak_top_label,126
0.6,25,5,0.4,0.32,0.08000000000000002,0.006621506000000001,0.0064805999999999996,0.0001409060000000014,1,0,ok,"{""dropout"": 0.1, ""focal_alpha"": 0.75, ""focal_gamma"": 2.0, ""hidden_layers"": [48, 24], ""learning_rate"": 0.001, ""max_epochs"": 160, ""patience"": 18}",101,347,2022,top,bp,manual_weak_top_label,126
0.5,25,5,0.4,0.32,0.08000000000000002,0.006621506000000001,0.0064805999999999996,0.0001409060000000014,1,0,ok,"{""dropout"": 0.1, ""focal_alpha"": 0.75, ""focal_gamma"": 2.0, ""hidden_layers"": [48, 24], ""learning_rate"": 0.001, ""max_epochs"": 160, ""patience"": 18}",101,347,2022,top,bp,manual_weak_top_label,126
0.4,25,5,0.4,0.32,0.08000000000000002,0.006621506000000001,0.0064805999999999996,0.0001409060000000014,1,0,ok,"{""dropout"": 0.1, ""focal_alpha"": 0.75, ""focal_gamma"": 2.0, ""hidden_layers"": [48, 24], ""learning_rate"": 0.001, ""max_epochs"": 160, ""patience"": 18}",101,347,2022,top,bp,manual_weak_top_label,126
0.3,25,5,0.4,0.32,0.08000000000000002,0.006621506000000001,0.0064805999999999996,0.0001409060000000014,1,0,ok,"{""dropout"": 0.1, ""focal_alpha"": 0.75, ""focal_gamma"": 2.0, ""hidden_layers"": [48, 24], ""learning_rate"": 0.001, ""max_epochs"": 160, ""patience"": 18}",101,347,2022,top,bp,manual_weak_top_label,126
0.7,25,4,0.5,0.32,0.18,0.00362009,0.0064805999999999996,-0.0028605099999999997,1,0,ok,"{""dropout"": 0.15, ""focal_alpha"": 0.8, ""focal_gamma"": 2.5, ""hidden_layers"": [64, 32], ""learning_rate"": 0.0007, ""max_epochs"": 180, ""patience"": 20}",101,347,2022,top,bp,manual_weak_top_label,126
0.6,25,4,0.5,0.32,0.18,0.00362009,0.0064805999999999996,-0.0028605099999999997,1,0,ok,"{""dropout"": 0.15, ""focal_alpha"": 0.8, ""focal_gamma"": 2.5, ""hidden_layers"": [64, 32], ""learning_rate"": 0.0007, ""max_epochs"": 180, ""patience"": 20}",101,347,2022,top,bp,manual_weak_top_label,126
0.5,25,4,0.5,0.32,0.18,-0.00601144,0.0064805999999999996,-0.01249204,1,0,ok,"{""dropout"": 0.15, ""focal_alpha"": 0.8, ""focal_gamma"": 2.5, ""hidden_layers"": [64, 32], ""learning_rate"": 0.0007, ""max_epochs"": 180, ""patience"": 20}",101,347,2022,top,bp,manual_weak_top_label,126
0.4,25,4,0.5,0.32,0.18,-0.00601144,0.0064805999999999996,-0.01249204,1,0,ok,"{""dropout"": 0.15, ""focal_alpha"": 0.8, ""focal_gamma"": 2.5, ""hidden_layers"": [64, 32], ""learning_rate"": 0.0007, ""max_epochs"": 180, ""patience"": 20}",101,347,2022,top,bp,manual_weak_top_label,126
0.3,25,5,0.4,0.32,0.08000000000000002,0.006621506000000001,0.0064805999999999996,0.0001409060000000014,1,0,ok,"{""dropout"": 0.15, ""focal_alpha"": 0.8, ""focal_gamma"": 2.5, ""hidden_layers"": [64, 32], ""learning_rate"": 0.0007, ""max_epochs"": 180, ""patience"": 20}",101,347,2022,top,bp,manual_weak_top_label,126
0.7,25,0,,0.32,,,0.0064805999999999996,,0,0,ok,"{""alpha"": 0.0001, ""hidden_layer_sizes"": [32], ""learning_rate_init"": 0.001, ""max_iter"": 500, ""negative_sample_ratio"": 2.0}",101,347,2022,top,mlp,manual_weak_top_label,126
0.6,25,3,0.3333333333333333,0.32,0.013333333333333308,0.02067167,0.0064805999999999996,0.01419107,1,0,ok,"{""alpha"": 0.0001, ""hidden_layer_sizes"": [32], ""learning_rate_init"": 0.001, ""max_iter"": 500, ""negative_sample_ratio"": 2.0}",101,347,2022,top,mlp,manual_weak_top_label,126
0.5,25,5,0.6,0.32,0.27999999999999997,0.009872584,0.0064805999999999996,0.0033919840000000007,1,0,ok,"{""alpha"": 0.0001, ""hidden_layer_sizes"": [32], ""learning_rate_init"": 0.001, ""max_iter"": 500, ""negative_sample_ratio"": 2.0}",101,347,2022,top,mlp,manual_weak_top_label,126
0.4,25,6,0.5,0.32,0.18,0.012443896666666667,0.0064805999999999996,0.005963296666666668,1,0,ok,"{""alpha"": 0.0001, ""hidden_layer_sizes"": [32], ""learning_rate_init"": 0.001, ""max_iter"": 500, ""negative_sample_ratio"": 2.0}",101,347,2022,top,mlp,manual_weak_top_label,126
0.3,25,8,0.375,0.32,0.05499999999999999,0.0078080825,0.0064805999999999996,0.0013274825000000002,1,0,ok,"{""alpha"": 0.0001, ""hidden_layer_sizes"": [32], ""learning_rate_init"": 0.001, ""max_iter"": 500, ""negative_sample_ratio"": 2.0}",101,347,2022,top,mlp,manual_weak_top_label,126
0.7,25,0,,0.32,,,0.0064805999999999996,,0,0,ok,"{""alpha"": 0.0001, ""hidden_layer_sizes"": [48, 24], ""learning_rate_init"": 0.001, ""max_iter"": 600, ""negative_sample_ratio"": 3.0}",101,347,2022,top,mlp,manual_weak_top_label,126
0.6,25,1,1.0,0.32,0.6799999999999999,-0.03939795,0.0064805999999999996,-0.045878550000000004,0,0,ok,"{""alpha"": 0.0001, ""hidden_layer_sizes"": [48, 24], ""learning_rate_init"": 0.001, ""max_iter"": 600, ""negative_sample_ratio"": 3.0}",101,347,2022,top,mlp,manual_weak_top_label,126
0.5,25,5,0.4,0.32,0.08000000000000002,0.006104332,0.0064805999999999996,-0.0003762679999999999,1,0,ok,"{""alpha"": 0.0001, ""hidden_layer_sizes"": [48, 24], ""learning_rate_init"": 0.001, ""max_iter"": 600, ""negative_sample_ratio"": 3.0}",101,347,2022,top,mlp,manual_weak_top_label,126
0.4,25,7,0.2857142857142857,0.32,-0.03428571428571431,0.013256372857142857,0.0064805999999999996,0.006775772857142858,1,0,ok,"{""alpha"": 0.0001, ""hidden_layer_sizes"": [48, 24], ""learning_rate_init"": 0.001, ""max_iter"": 600, ""negative_sample_ratio"": 3.0}",101,347,2022,top,mlp,manual_weak_top_label,126
0.3,25,9,0.3333333333333333,0.32,0.013333333333333308,0.014760857777777778,0.0064805999999999996,0.008280257777777779,1,0,ok,"{""alpha"": 0.0001, ""hidden_layer_sizes"": [48, 24], ""learning_rate_init"": 0.001, ""max_iter"": 600, ""negative_sample_ratio"": 3.0}",101,347,2022,top,mlp,manual_weak_top_label,126
0.7,25,3,0.6666666666666666,0.32,0.3466666666666666,-0.0015450533333333334,0.0064805999999999996,-0.008025653333333334,1,1,ok,"{""alpha"": 0.001, ""hidden_layer_sizes"": [64, 32], ""learning_rate_init"": 0.0007, ""max_iter"": 700, ""negative_sample_ratio"": 5.0}",101,347,2022,top,mlp,manual_weak_top_label,126
0.6,25,4,0.5,0.32,0.18,0.0034667625,0.0064805999999999996,-0.0030138374999999994,1,0,ok,"{""alpha"": 0.001, ""hidden_layer_sizes"": [64, 32], ""learning_rate_init"": 0.0007, ""max_iter"": 700, ""negative_sample_ratio"": 5.0}",101,347,2022,top,mlp,manual_weak_top_label,126
0.5,25,5,0.4,0.32,0.08000000000000002,0.014204068,0.0064805999999999996,0.007723468000000001,1,0,ok,"{""alpha"": 0.001, ""hidden_layer_sizes"": [64, 32], ""learning_rate_init"": 0.0007, ""max_iter"": 700, ""negative_sample_ratio"": 5.0}",101,347,2022,top,mlp,manual_weak_top_label,126
0.4,25,6,0.3333333333333333,0.32,0.013333333333333308,0.01325153,0.0064805999999999996,0.00677093,1,0,ok,"{""alpha"": 0.001, ""hidden_layer_sizes"": [64, 32], ""learning_rate_init"": 0.0007, ""max_iter"": 700, ""negative_sample_ratio"": 5.0}",101,347,2022,top,mlp,manual_weak_top_label,126
0.3,25,9,0.3333333333333333,0.32,0.013333333333333308,0.013727833333333333,0.0064805999999999996,0.007247233333333334,1,0,ok,"{""alpha"": 0.001, ""hidden_layer_sizes"": [64, 32], ""learning_rate_init"": 0.0007, ""max_iter"": 700, ""negative_sample_ratio"": 5.0}",101,347,2022,top,mlp,manual_weak_top_label,126
0.7,25,0,,0.32,,,0.0064805999999999996,,0,0,ok,"{""C"": 0.5, ""gamma"": ""scale""}",101,347,2022,top,svm,manual_weak_top_label,126
0.6,25,0,,0.32,,,0.0064805999999999996,,0,0,ok,"{""C"": 0.5, ""gamma"": ""scale""}",101,347,2022,top,svm,manual_weak_top_label,126
0.5,25,1,1.0,0.32,0.6799999999999999,-0.00025794,0.0064805999999999996,-0.0067385399999999995,0,0,ok,"{""C"": 0.5, ""gamma"": ""scale""}",101,347,2022,top,svm,manual_weak_top_label,126
0.4,25,4,0.75,0.32,0.43,-0.006356925,0.0064805999999999996,-0.012837524999999999,1,1,ok,"{""C"": 0.5, ""gamma"": ""scale""}",101,347,2022,top,svm,manual_weak_top_label,126
0.3,25,8,0.375,0.32,0.05499999999999999,0.00677823,0.0064805999999999996,0.0002976300000000001,1,0,ok,"{""C"": 0.5, ""gamma"": ""scale""}",101,347,2022,top,svm,manual_weak_top_label,126
0.7,25,0,,0.32,,,0.0064805999999999996,,0,0,ok,"{""C"": 1.0, ""gamma"": ""scale""}",101,347,2022,top,svm,manual_weak_top_label,126
0.6,25,1,1.0,0.32,0.6799999999999999,-0.03817118,0.0064805999999999996,-0.04465178,0,0,ok,"{""C"": 1.0, ""gamma"": ""scale""}",101,347,2022,top,svm,manual_weak_top_label,126
0.5,25,1,1.0,0.32,0.6799999999999999,-0.00025794,0.0064805999999999996,-0.0067385399999999995,0,0,ok,"{""C"": 1.0, ""gamma"": ""scale""}",101,347,2022,top,svm,manual_weak_top_label,126
0.4,25,4,0.75,0.32,0.43,-0.006356925,0.0064805999999999996,-0.012837524999999999,1,0,ok,"{""C"": 1.0, ""gamma"": ""scale""}",101,347,2022,top,svm,manual_weak_top_label,126
0.3,25,5,0.6,0.32,0.27999999999999997,-0.013780622000000001,0.0064805999999999996,-0.020261222000000002,1,0,ok,"{""C"": 1.0, ""gamma"": ""scale""}",101,347,2022,top,svm,manual_weak_top_label,126
0.7,25,1,1.0,0.32,0.6799999999999999,-0.03817118,0.0064805999999999996,-0.04465178,0,0,ok,"{""C"": 2.0, ""gamma"": ""scale""}",101,347,2022,top,svm,manual_weak_top_label,126
0.6,25,1,1.0,0.32,0.6799999999999999,-0.03817118,0.0064805999999999996,-0.04465178,0,0,ok,"{""C"": 2.0, ""gamma"": ""scale""}",101,347,2022,top,svm,manual_weak_top_label,126
0.5,25,3,0.6666666666666666,0.32,0.3466666666666666,0.00465675,0.0064805999999999996,-0.0018238499999999993,1,0,ok,"{""C"": 2.0, ""gamma"": ""scale""}",101,347,2022,top,svm,manual_weak_top_label,126
0.4,25,4,0.75,0.32,0.43,-0.006356925,0.0064805999999999996,-0.012837524999999999,1,0,ok,"{""C"": 2.0, ""gamma"": ""scale""}",101,347,2022,top,svm,manual_weak_top_label,126
0.3,25,4,0.5,0.32,0.18,-0.00601144,0.0064805999999999996,-0.01249204,1,0,ok,"{""C"": 2.0, ""gamma"": ""scale""}",101,347,2022,top,svm,manual_weak_top_label,126
0.7,29,3,0.3333333333333333,0.27586206896551724,0.05747126436781608,-0.00702572,0.008037246551724138,-0.01506296655172414,1,1,ok,"{""C"": 0.3}",115,347,2023,bottom,logistic,manual_weak_bottom_label,144
0.6,29,3,0.3333333333333333,0.27586206896551724,0.05747126436781608,-0.00775288,0.008037246551724138,-0.01579012655172414,1,0,ok,"{""C"": 0.3}",115,347,2023,bottom,logistic,manual_weak_bottom_label,144
0.5,29,3,0.3333333333333333,0.27586206896551724,0.05747126436781608,-0.00775288,0.008037246551724138,-0.01579012655172414,1,0,ok,"{""C"": 0.3}",115,347,2023,bottom,logistic,manual_weak_bottom_label,144
0.4,29,3,0.3333333333333333,0.27586206896551724,0.05747126436781608,-0.00775288,0.008037246551724138,-0.01579012655172414,1,0,ok,"{""C"": 0.3}",115,347,2023,bottom,logistic,manual_weak_bottom_label,144
0.3,29,5,0.2,0.27586206896551724,-0.07586206896551723,0.0031935199999999996,0.008037246551724138,-0.004843726551724138,1,0,ok,"{""C"": 0.3}",115,347,2023,bottom,logistic,manual_weak_bottom_label,144
0.7,29,3,0.3333333333333333,0.27586206896551724,0.05747126436781608,-0.00775288,0.008037246551724138,-0.01579012655172414,1,0,ok,"{""C"": 1.0}",115,347,2023,bottom,logistic,manual_weak_bottom_label,144
0.6,29,3,0.3333333333333333,0.27586206896551724,0.05747126436781608,-0.00775288,0.008037246551724138,-0.01579012655172414,1,0,ok,"{""C"": 1.0}",115,347,2023,bottom,logistic,manual_weak_bottom_label,144
0.5,29,3,0.3333333333333333,0.27586206896551724,0.05747126436781608,-0.00775288,0.008037246551724138,-0.01579012655172414,1,0,ok,"{""C"": 1.0}",115,347,2023,bottom,logistic,manual_weak_bottom_label,144
0.4,29,4,0.25,0.27586206896551724,-0.025862068965517238,-0.0086994075,0.008037246551724138,-0.01673665405172414,1,0,ok,"{""C"": 1.0}",115,347,2023,bottom,logistic,manual_weak_bottom_label,144
0.3,29,5,0.2,0.27586206896551724,-0.07586206896551723,0.0031935199999999996,0.008037246551724138,-0.004843726551724138,1,0,ok,"{""C"": 1.0}",115,347,2023,bottom,logistic,manual_weak_bottom_label,144
0.7,29,3,0.3333333333333333,0.27586206896551724,0.05747126436781608,-0.00775288,0.008037246551724138,-0.01579012655172414,1,0,ok,"{""C"": 3.0}",115,347,2023,bottom,logistic,manual_weak_bottom_label,144
0.6,29,4,0.25,0.27586206896551724,-0.025862068965517238,-0.0086994075,0.008037246551724138,-0.01673665405172414,1,0,ok,"{""C"": 3.0}",115,347,2023,bottom,logistic,manual_weak_bottom_label,144
0.5,29,4,0.25,0.27586206896551724,-0.025862068965517238,-0.0086994075,0.008037246551724138,-0.01673665405172414,1,0,ok,"{""C"": 3.0}",115,347,2023,bottom,logistic,manual_weak_bottom_label,144
0.4,29,4,0.25,0.27586206896551724,-0.025862068965517238,-0.0086994075,0.008037246551724138,-0.01673665405172414,1,0,ok,"{""C"": 3.0}",115,347,2023,bottom,logistic,manual_weak_bottom_label,144
0.3,29,4,0.25,0.27586206896551724,-0.025862068965517238,-0.0086994075,0.008037246551724138,-0.01673665405172414,1,0,ok,"{""C"": 3.0}",115,347,2023,bottom,logistic,manual_weak_bottom_label,144
0.7,29,3,0.3333333333333333,0.27586206896551724,0.05747126436781608,-0.00702572,0.008037246551724138,-0.01506296655172414,1,1,ok,"{""shrinkage"": ""auto"", ""solver"": ""lsqr""}",115,347,2023,bottom,lda,manual_weak_bottom_label,144
0.6,29,3,0.3333333333333333,0.27586206896551724,0.05747126436781608,-0.00702572,0.008037246551724138,-0.01506296655172414,1,0,ok,"{""shrinkage"": ""auto"", ""solver"": ""lsqr""}",115,347,2023,bottom,lda,manual_weak_bottom_label,144
0.5,29,3,0.3333333333333333,0.27586206896551724,0.05747126436781608,-0.00702572,0.008037246551724138,-0.01506296655172414,1,0,ok,"{""shrinkage"": ""auto"", ""solver"": ""lsqr""}",115,347,2023,bottom,lda,manual_weak_bottom_label,144
0.4,29,3,0.3333333333333333,0.27586206896551724,0.05747126436781608,-0.00702572,0.008037246551724138,-0.01506296655172414,1,0,ok,"{""shrinkage"": ""auto"", ""solver"": ""lsqr""}",115,347,2023,bottom,lda,manual_weak_bottom_label,144
0.3,29,4,0.25,0.27586206896551724,-0.025862068965517238,-0.00257266,0.008037246551724138,-0.010609906551724137,1,0,ok,"{""shrinkage"": ""auto"", ""solver"": ""lsqr""}",115,347,2023,bottom,lda,manual_weak_bottom_label,144
0.7,29,3,0.3333333333333333,0.27586206896551724,0.05747126436781608,-0.00702572,0.008037246551724138,-0.01506296655172414,1,0,ok,"{""shrinkage"": 0.2, ""solver"": ""lsqr""}",115,347,2023,bottom,lda,manual_weak_bottom_label,144
0.6,29,3,0.3333333333333333,0.27586206896551724,0.05747126436781608,-0.00702572,0.008037246551724138,-0.01506296655172414,1,0,ok,"{""shrinkage"": 0.2, ""solver"": ""lsqr""}",115,347,2023,bottom,lda,manual_weak_bottom_label,144
0.5,29,3,0.3333333333333333,0.27586206896551724,0.05747126436781608,-0.00702572,0.008037246551724138,-0.01506296655172414,1,0,ok,"{""shrinkage"": 0.2, ""solver"": ""lsqr""}",115,347,2023,bottom,lda,manual_weak_bottom_label,144
0.4,29,3,0.3333333333333333,0.27586206896551724,0.05747126436781608,-0.00702572,0.008037246551724138,-0.01506296655172414,1,0,ok,"{""shrinkage"": 0.2, ""solver"": ""lsqr""}",115,347,2023,bottom,lda,manual_weak_bottom_label,144
0.3,29,3,0.3333333333333333,0.27586206896551724,0.05747126436781608,-0.00702572,0.008037246551724138,-0.01506296655172414,1,0,ok,"{""shrinkage"": 0.2, ""solver"": ""lsqr""}",115,347,2023,bottom,lda,manual_weak_bottom_label,144
0.7,29,3,0.3333333333333333,0.27586206896551724,0.05747126436781608,-0.00702572,0.008037246551724138,-0.01506296655172414,1,0,ok,"{""shrinkage"": 0.5, ""solver"": ""lsqr""}",115,347,2023,bottom,lda,manual_weak_bottom_label,144
0.6,29,3,0.3333333333333333,0.27586206896551724,0.05747126436781608,-0.00702572,0.008037246551724138,-0.01506296655172414,1,0,ok,"{""shrinkage"": 0.5, ""solver"": ""lsqr""}",115,347,2023,bottom,lda,manual_weak_bottom_label,144
0.5,29,3,0.3333333333333333,0.27586206896551724,0.05747126436781608,-0.00775288,0.008037246551724138,-0.01579012655172414,1,0,ok,"{""shrinkage"": 0.5, ""solver"": ""lsqr""}",115,347,2023,bottom,lda,manual_weak_bottom_label,144
0.4,29,3,0.3333333333333333,0.27586206896551724,0.05747126436781608,-0.00775288,0.008037246551724138,-0.01579012655172414,1,0,ok,"{""shrinkage"": 0.5, ""solver"": ""lsqr""}",115,347,2023,bottom,lda,manual_weak_bottom_label,144
0.3,29,3,0.3333333333333333,0.27586206896551724,0.05747126436781608,-0.00775288,0.008037246551724138,-0.01579012655172414,1,0,ok,"{""shrinkage"": 0.5, ""solver"": ""lsqr""}",115,347,2023,bottom,lda,manual_weak_bottom_label,144
0.7,29,14,0.14285714285714285,0.27586206896551724,-0.1330049261083744,0.002804892142857143,0.008037246551724138,-0.005232354408866996,1,1,ok,"{""reg_param"": 0.2}",115,347,2023,bottom,qda,manual_weak_bottom_label,144
0.6,29,14,0.14285714285714285,0.27586206896551724,-0.1330049261083744,0.002804892142857143,0.008037246551724138,-0.005232354408866996,1,0,ok,"{""reg_param"": 0.2}",115,347,2023,bottom,qda,manual_weak_bottom_label,144
0.5,29,14,0.14285714285714285,0.27586206896551724,-0.1330049261083744,0.002804892142857143,0.008037246551724138,-0.005232354408866996,1,0,ok,"{""reg_param"": 0.2}",115,347,2023,bottom,qda,manual_weak_bottom_label,144
0.4,29,14,0.14285714285714285,0.27586206896551724,-0.1330049261083744,0.002804892142857143,0.008037246551724138,-0.005232354408866996,1,0,ok,"{""reg_param"": 0.2}",115,347,2023,bottom,qda,manual_weak_bottom_label,144
0.3,29,14,0.14285714285714285,0.27586206896551724,-0.1330049261083744,0.002804892142857143,0.008037246551724138,-0.005232354408866996,1,0,ok,"{""reg_param"": 0.2}",115,347,2023,bottom,qda,manual_weak_bottom_label,144
0.7,29,14,0.14285714285714285,0.27586206896551724,-0.1330049261083744,0.002804892142857143,0.008037246551724138,-0.005232354408866996,1,0,ok,"{""reg_param"": 0.5}",115,347,2023,bottom,qda,manual_weak_bottom_label,144
0.6,29,14,0.14285714285714285,0.27586206896551724,-0.1330049261083744,0.002804892142857143,0.008037246551724138,-0.005232354408866996,1,0,ok,"{""reg_param"": 0.5}",115,347,2023,bottom,qda,manual_weak_bottom_label,144
0.5,29,14,0.14285714285714285,0.27586206896551724,-0.1330049261083744,0.002804892142857143,0.008037246551724138,-0.005232354408866996,1,0,ok,"{""reg_param"": 0.5}",115,347,2023,bottom,qda,manual_weak_bottom_label,144
0.4,29,14,0.14285714285714285,0.27586206896551724,-0.1330049261083744,0.002804892142857143,0.008037246551724138,-0.005232354408866996,1,0,ok,"{""reg_param"": 0.5}",115,347,2023,bottom,qda,manual_weak_bottom_label,144
0.3,29,14,0.14285714285714285,0.27586206896551724,-0.1330049261083744,0.002804892142857143,0.008037246551724138,-0.005232354408866996,1,0,ok,"{""reg_param"": 0.5}",115,347,2023,bottom,qda,manual_weak_bottom_label,144
0.7,29,14,0.14285714285714285,0.27586206896551724,-0.1330049261083744,0.002804892142857143,0.008037246551724138,-0.005232354408866996,1,0,ok,"{""reg_param"": 0.8}",115,347,2023,bottom,qda,manual_weak_bottom_label,144
0.6,29,14,0.14285714285714285,0.27586206896551724,-0.1330049261083744,0.002804892142857143,0.008037246551724138,-0.005232354408866996,1,0,ok,"{""reg_param"": 0.8}",115,347,2023,bottom,qda,manual_weak_bottom_label,144
0.5,29,14,0.14285714285714285,0.27586206896551724,-0.1330049261083744,0.002804892142857143,0.008037246551724138,-0.005232354408866996,1,0,ok,"{""reg_param"": 0.8}",115,347,2023,bottom,qda,manual_weak_bottom_label,144
0.4,29,14,0.14285714285714285,0.27586206896551724,-0.1330049261083744,0.002804892142857143,0.008037246551724138,-0.005232354408866996,1,0,ok,"{""reg_param"": 0.8}",115,347,2023,bottom,qda,manual_weak_bottom_label,144
0.3,29,14,0.14285714285714285,0.27586206896551724,-0.1330049261083744,0.002804892142857143,0.008037246551724138,-0.005232354408866996,1,0,ok,"{""reg_param"": 0.8}",115,347,2023,bottom,qda,manual_weak_bottom_label,144
0.7,29,1,1.0,0.27586206896551724,0.7241379310344828,0.09224006,0.008037246551724138,0.08420281344827586,0,0,ok,"{""balanced_bagging"": true, ""is_unbalance"": false, ""learning_rate"": 0.04, ""max_depth"": 3, ""min_child_samples"": 8, ""n_estimators"": 180, ""negative_sample_ratio"": 3.0, ""num_leaves"": 7}",115,347,2023,bottom,lightgbm,manual_weak_bottom_label,144
0.6,29,3,0.3333333333333333,0.27586206896551724,0.05747126436781608,-0.024601916666666668,0.008037246551724138,-0.032639163218390804,1,0,ok,"{""balanced_bagging"": true, ""is_unbalance"": false, ""learning_rate"": 0.04, ""max_depth"": 3, ""min_child_samples"": 8, ""n_estimators"": 180, ""negative_sample_ratio"": 3.0, ""num_leaves"": 7}",115,347,2023,bottom,lightgbm,manual_weak_bottom_label,144
0.5,29,4,0.5,0.27586206896551724,0.22413793103448276,0.00951312,0.008037246551724138,0.0014758734482758617,1,0,ok,"{""balanced_bagging"": true, ""is_unbalance"": false, ""learning_rate"": 0.04, ""max_depth"": 3, ""min_child_samples"": 8, ""n_estimators"": 180, ""negative_sample_ratio"": 3.0, ""num_leaves"": 7}",115,347,2023,bottom,lightgbm,manual_weak_bottom_label,144
0.4,29,5,0.4,0.27586206896551724,0.12413793103448278,0.011750664,0.008037246551724138,0.003713417448275861,1,0,ok,"{""balanced_bagging"": true, ""is_unbalance"": false, ""learning_rate"": 0.04, ""max_depth"": 3, ""min_child_samples"": 8, ""n_estimators"": 180, ""negative_sample_ratio"": 3.0, ""num_leaves"": 7}",115,347,2023,bottom,lightgbm,manual_weak_bottom_label,144
0.3,29,7,0.2857142857142857,0.27586206896551724,0.009852216748768461,-0.0023712114285714286,0.008037246551724138,-0.010408457980295566,1,0,ok,"{""balanced_bagging"": true, ""is_unbalance"": false, ""learning_rate"": 0.04, ""max_depth"": 3, ""min_child_samples"": 8, ""n_estimators"": 180, ""negative_sample_ratio"": 3.0, ""num_leaves"": 7}",115,347,2023,bottom,lightgbm,manual_weak_bottom_label,144
0.7,29,2,0.5,0.27586206896551724,0.22413793103448276,0.028123515,0.008037246551724138,0.020086268448275865,1,0,ok,"{""balanced_bagging"": true, ""is_unbalance"": false, ""learning_rate"": 0.03, ""max_depth"": 4, ""min_child_samples"": 10, ""n_estimators"": 250, ""negative_sample_ratio"": 5.0, ""num_leaves"": 15}",115,347,2023,bottom,lightgbm,manual_weak_bottom_label,144
0.6,29,4,0.5,0.27586206896551724,0.22413793103448276,-0.0171190625,0.008037246551724138,-0.02515630905172414,1,0,ok,"{""balanced_bagging"": true, ""is_unbalance"": false, ""learning_rate"": 0.03, ""max_depth"": 4, ""min_child_samples"": 10, ""n_estimators"": 250, ""negative_sample_ratio"": 5.0, ""num_leaves"": 15}",115,347,2023,bottom,lightgbm,manual_weak_bottom_label,144
0.5,29,4,0.5,0.27586206896551724,0.22413793103448276,0.0043435875,0.008037246551724138,-0.003693659051724138,1,0,ok,"{""balanced_bagging"": true, ""is_unbalance"": false, ""learning_rate"": 0.03, ""max_depth"": 4, ""min_child_samples"": 10, ""n_estimators"": 250, ""negative_sample_ratio"": 5.0, ""num_leaves"": 15}",115,347,2023,bottom,lightgbm,manual_weak_bottom_label,144
0.4,29,5,0.4,0.27586206896551724,0.12413793103448278,-0.02209939,0.008037246551724138,-0.03013663655172414,1,0,ok,"{""balanced_bagging"": true, ""is_unbalance"": false, ""learning_rate"": 0.03, ""max_depth"": 4, ""min_child_samples"": 10, ""n_estimators"": 250, ""negative_sample_ratio"": 5.0, ""num_leaves"": 15}",115,347,2023,bottom,lightgbm,manual_weak_bottom_label,144
0.3,29,7,0.42857142857142855,0.27586206896551724,0.1527093596059113,0.0034334300000000003,0.008037246551724138,-0.004603816551724138,1,0,ok,"{""balanced_bagging"": true, ""is_unbalance"": false, ""learning_rate"": 0.03, ""max_depth"": 4, ""min_child_samples"": 10, ""n_estimators"": 250, ""negative_sample_ratio"": 5.0, ""num_leaves"": 15}",115,347,2023,bottom,lightgbm,manual_weak_bottom_label,144
0.7,29,2,1.0,0.27586206896551724,0.7241379310344828,0.04878478,0.008037246551724138,0.04074753344827586,1,1,ok,"{""balanced_bagging"": true, ""is_unbalance"": true, ""learning_rate"": 0.025, ""max_depth"": 5, ""min_child_samples"": 12, ""n_estimators"": 320, ""negative_sample_ratio"": 3.0, ""num_leaves"": 15}",115,347,2023,bottom,lightgbm,manual_weak_bottom_label,144
0.6,29,3,0.6666666666666666,0.27586206896551724,0.3908045977011494,-0.01082774,0.008037246551724138,-0.01886498655172414,1,0,ok,"{""balanced_bagging"": true, ""is_unbalance"": true, ""learning_rate"": 0.025, ""max_depth"": 5, ""min_child_samples"": 12, ""n_estimators"": 320, ""negative_sample_ratio"": 3.0, ""num_leaves"": 15}",115,347,2023,bottom,lightgbm,manual_weak_bottom_label,144
0.5,29,3,0.6666666666666666,0.27586206896551724,0.3908045977011494,-0.01082774,0.008037246551724138,-0.01886498655172414,1,0,ok,"{""balanced_bagging"": true, ""is_unbalance"": true, ""learning_rate"": 0.025, ""max_depth"": 5, ""min_child_samples"": 12, ""n_estimators"": 320, ""negative_sample_ratio"": 3.0, ""num_leaves"": 15}",115,347,2023,bottom,lightgbm,manual_weak_bottom_label,144
0.4,29,4,0.5,0.27586206896551724,0.22413793103448276,-0.0171190625,0.008037246551724138,-0.02515630905172414,1,0,ok,"{""balanced_bagging"": true, ""is_unbalance"": true, ""learning_rate"": 0.025, ""max_depth"": 5, ""min_child_samples"": 12, ""n_estimators"": 320, ""negative_sample_ratio"": 3.0, ""num_leaves"": 15}",115,347,2023,bottom,lightgbm,manual_weak_bottom_label,144
0.3,29,6,0.3333333333333333,0.27586206896551724,0.05747126436781608,0.00278877,0.008037246551724138,-0.005248476551724139,1,0,ok,"{""balanced_bagging"": true, ""is_unbalance"": true, ""learning_rate"": 0.025, ""max_depth"": 5, ""min_child_samples"": 12, ""n_estimators"": 320, ""negative_sample_ratio"": 3.0, ""num_leaves"": 15}",115,347,2023,bottom,lightgbm,manual_weak_bottom_label,144
0.7,29,3,0.3333333333333333,0.27586206896551724,0.05747126436781608,-0.00775288,0.008037246551724138,-0.01579012655172414,1,0,ok,"{""dropout"": 0.05, ""focal_alpha"": 0.7, ""focal_gamma"": 1.5, ""hidden_layers"": [32], ""learning_rate"": 0.001, ""max_epochs"": 130, ""patience"": 15}",115,347,2023,bottom,bp,manual_weak_bottom_label,144
0.6,29,4,0.25,0.27586206896551724,-0.025862068965517238,0.0094261425,0.008037246551724138,0.0013888959482758617,1,0,ok,"{""dropout"": 0.05, ""focal_alpha"": 0.7, ""focal_gamma"": 1.5, ""hidden_layers"": [32], ""learning_rate"": 0.001, ""max_epochs"": 130, ""patience"": 15}",115,347,2023,bottom,bp,manual_weak_bottom_label,144
0.5,29,5,0.4,0.27586206896551724,0.12413793103448278,0.012540888,0.008037246551724138,0.004503641448275862,1,0,ok,"{""dropout"": 0.05, ""focal_alpha"": 0.7, ""focal_gamma"": 1.5, ""hidden_layers"": [32], ""learning_rate"": 0.001, ""max_epochs"": 130, ""patience"": 15}",115,347,2023,bottom,bp,manual_weak_bottom_label,144
0.4,29,6,0.3333333333333333,0.27586206896551724,0.05747126436781608,0.016360343333333333,0.008037246551724138,0.008323096781609194,1,0,ok,"{""dropout"": 0.05, ""focal_alpha"": 0.7, ""focal_gamma"": 1.5, ""hidden_layers"": [32], ""learning_rate"": 0.001, ""max_epochs"": 130, ""patience"": 15}",115,347,2023,bottom,bp,manual_weak_bottom_label,144
0.3,29,9,0.3333333333333333,0.27586206896551724,0.05747126436781608,0.018725045555555556,0.008037246551724138,0.010687799003831417,1,0,ok,"{""dropout"": 0.05, ""focal_alpha"": 0.7, ""focal_gamma"": 1.5, ""hidden_layers"": [32], ""learning_rate"": 0.001, ""max_epochs"": 130, ""patience"": 15}",115,347,2023,bottom,bp,manual_weak_bottom_label,144
0.7,29,3,0.3333333333333333,0.27586206896551724,0.05747126436781608,-0.00775288,0.008037246551724138,-0.01579012655172414,1,0,ok,"{""dropout"": 0.1, ""focal_alpha"": 0.75, ""focal_gamma"": 2.0, ""hidden_layers"": [48, 24], ""learning_rate"": 0.001, ""max_epochs"": 160, ""patience"": 18}",115,347,2023,bottom,bp,manual_weak_bottom_label,144
0.6,29,3,0.3333333333333333,0.27586206896551724,0.05747126436781608,0.008972683333333334,0.008037246551724138,0.0009354367816091953,1,0,ok,"{""dropout"": 0.1, ""focal_alpha"": 0.75, ""focal_gamma"": 2.0, ""hidden_layers"": [48, 24], ""learning_rate"": 0.001, ""max_epochs"": 160, ""patience"": 18}",115,347,2023,bottom,bp,manual_weak_bottom_label,144
0.5,29,3,0.3333333333333333,0.27586206896551724,0.05747126436781608,0.008972683333333334,0.008037246551724138,0.0009354367816091953,1,0,ok,"{""dropout"": 0.1, ""focal_alpha"": 0.75, ""focal_gamma"": 2.0, ""hidden_layers"": [48, 24], ""learning_rate"": 0.001, ""max_epochs"": 160, ""patience"": 18}",115,347,2023,bottom,bp,manual_weak_bottom_label,144
0.4,29,4,0.5,0.27586206896551724,0.22413793103448276,0.0183132275,0.008037246551724138,0.010275980948275863,1,1,ok,"{""dropout"": 0.1, ""focal_alpha"": 0.75, ""focal_gamma"": 2.0, ""hidden_layers"": [48, 24], ""learning_rate"": 0.001, ""max_epochs"": 160, ""patience"": 18}",115,347,2023,bottom,bp,manual_weak_bottom_label,144
0.3,29,7,0.42857142857142855,0.27586206896551724,0.1527093596059113,0.0024059871428571433,0.008037246551724138,-0.005631259408866995,1,0,ok,"{""dropout"": 0.1, ""focal_alpha"": 0.75, ""focal_gamma"": 2.0, ""hidden_layers"": [48, 24], ""learning_rate"": 0.001, ""max_epochs"": 160, ""patience"": 18}",115,347,2023,bottom,bp,manual_weak_bottom_label,144
0.7,29,4,0.25,0.27586206896551724,-0.025862068965517238,-0.0133310975,0.008037246551724138,-0.021368344051724136,1,0,ok,"{""dropout"": 0.15, ""focal_alpha"": 0.8, ""focal_gamma"": 2.5, ""hidden_layers"": [64, 32], ""learning_rate"": 0.0007, ""max_epochs"": 180, ""patience"": 20}",115,347,2023,bottom,bp,manual_weak_bottom_label,144
0.6,29,5,0.4,0.27586206896551724,0.12413793103448278,-0.001199802,0.008037246551724138,-0.009237048551724138,1,0,ok,"{""dropout"": 0.15, ""focal_alpha"": 0.8, ""focal_gamma"": 2.5, ""hidden_layers"": [64, 32], ""learning_rate"": 0.0007, ""max_epochs"": 180, ""patience"": 20}",115,347,2023,bottom,bp,manual_weak_bottom_label,144
0.5,29,5,0.4,0.27586206896551724,0.12413793103448278,0.011830788,0.008037246551724138,0.003793541448275862,1,0,ok,"{""dropout"": 0.15, ""focal_alpha"": 0.8, ""focal_gamma"": 2.5, ""hidden_layers"": [64, 32], ""learning_rate"": 0.0007, ""max_epochs"": 180, ""patience"": 20}",115,347,2023,bottom,bp,manual_weak_bottom_label,144
0.4,29,5,0.4,0.27586206896551724,0.12413793103448278,0.024935462,0.008037246551724138,0.016898215448275862,1,0,ok,"{""dropout"": 0.15, ""focal_alpha"": 0.8, ""focal_gamma"": 2.5, ""hidden_layers"": [64, 32], ""learning_rate"": 0.0007, ""max_epochs"": 180, ""patience"": 20}",115,347,2023,bottom,bp,manual_weak_bottom_label,144
0.3,29,6,0.3333333333333333,0.27586206896551724,0.05747126436781608,0.00541332,0.008037246551724138,-0.002623926551724138,1,0,ok,"{""dropout"": 0.15, ""focal_alpha"": 0.8, ""focal_gamma"": 2.5, ""hidden_layers"": [64, 32], ""learning_rate"": 0.0007, ""max_epochs"": 180, ""patience"": 20}",115,347,2023,bottom,bp,manual_weak_bottom_label,144
0.7,29,0,,0.27586206896551724,,,0.008037246551724138,,0,0,ok,"{""alpha"": 0.0001, ""hidden_layer_sizes"": [32], ""learning_rate_init"": 0.001, ""max_iter"": 500, ""negative_sample_ratio"": 2.0}",115,347,2023,bottom,mlp,manual_weak_bottom_label,144
0.6,29,1,1.0,0.27586206896551724,0.7241379310344828,0.0772638,0.008037246551724138,0.06922655344827586,0,0,ok,"{""alpha"": 0.0001, ""hidden_layer_sizes"": [32], ""learning_rate_init"": 0.001, ""max_iter"": 500, ""negative_sample_ratio"": 2.0}",115,347,2023,bottom,mlp,manual_weak_bottom_label,144
0.5,29,1,1.0,0.27586206896551724,0.7241379310344828,0.0772638,0.008037246551724138,0.06922655344827586,0,0,ok,"{""alpha"": 0.0001, ""hidden_layer_sizes"": [32], ""learning_rate_init"": 0.001, ""max_iter"": 500, ""negative_sample_ratio"": 2.0}",115,347,2023,bottom,mlp,manual_weak_bottom_label,144
0.4,29,2,0.5,0.27586206896551724,0.22413793103448276,-0.002035435,0.008037246551724138,-0.010072681551724139,1,0,ok,"{""alpha"": 0.0001, ""hidden_layer_sizes"": [32], ""learning_rate_init"": 0.001, ""max_iter"": 500, ""negative_sample_ratio"": 2.0}",115,347,2023,bottom,mlp,manual_weak_bottom_label,144
0.3,29,4,0.25,0.27586206896551724,-0.025862068965517238,-0.00704201,0.008037246551724138,-0.015079256551724138,1,0,ok,"{""alpha"": 0.0001, ""hidden_layer_sizes"": [32], ""learning_rate_init"": 0.001, ""max_iter"": 500, ""negative_sample_ratio"": 2.0}",115,347,2023,bottom,mlp,manual_weak_bottom_label,144
0.7,29,0,,0.27586206896551724,,,0.008037246551724138,,0,0,ok,"{""alpha"": 0.0001, ""hidden_layer_sizes"": [48, 24], ""learning_rate_init"": 0.001, ""max_iter"": 600, ""negative_sample_ratio"": 3.0}",115,347,2023,bottom,mlp,manual_weak_bottom_label,144
0.6,29,1,0.0,0.27586206896551724,-0.27586206896551724,0.03545762,0.008037246551724138,0.027420373448275866,0,0,ok,"{""alpha"": 0.0001, ""hidden_layer_sizes"": [48, 24], ""learning_rate_init"": 0.001, ""max_iter"": 600, ""negative_sample_ratio"": 3.0}",115,347,2023,bottom,mlp,manual_weak_bottom_label,144
0.5,29,4,0.5,0.27586206896551724,0.22413793103448276,0.04446779,0.008037246551724138,0.036430543448275864,1,1,ok,"{""alpha"": 0.0001, ""hidden_layer_sizes"": [48, 24], ""learning_rate_init"": 0.001, ""max_iter"": 600, ""negative_sample_ratio"": 3.0}",115,347,2023,bottom,mlp,manual_weak_bottom_label,144
0.4,29,9,0.3333333333333333,0.27586206896551724,0.05747126436781608,0.009895397777777778,0.008037246551724138,0.00185815122605364,1,0,ok,"{""alpha"": 0.0001, ""hidden_layer_sizes"": [48, 24], ""learning_rate_init"": 0.001, ""max_iter"": 600, ""negative_sample_ratio"": 3.0}",115,347,2023,bottom,mlp,manual_weak_bottom_label,144
0.3,29,13,0.23076923076923078,0.27586206896551724,-0.045092838196286456,0.012715946153846153,0.008037246551724138,0.004678699602122015,1,0,ok,"{""alpha"": 0.0001, ""hidden_layer_sizes"": [48, 24], ""learning_rate_init"": 0.001, ""max_iter"": 600, ""negative_sample_ratio"": 3.0}",115,347,2023,bottom,mlp,manual_weak_bottom_label,144
0.7,29,0,,0.27586206896551724,,,0.008037246551724138,,0,0,ok,"{""alpha"": 0.001, ""hidden_layer_sizes"": [64, 32], ""learning_rate_init"": 0.0007, ""max_iter"": 700, ""negative_sample_ratio"": 5.0}",115,347,2023,bottom,mlp,manual_weak_bottom_label,144
0.6,29,1,0.0,0.27586206896551724,-0.27586206896551724,-0.13005278,0.008037246551724138,-0.13809002655172414,0,0,ok,"{""alpha"": 0.001, ""hidden_layer_sizes"": [64, 32], ""learning_rate_init"": 0.0007, ""max_iter"": 700, ""negative_sample_ratio"": 5.0}",115,347,2023,bottom,mlp,manual_weak_bottom_label,144
0.5,29,2,0.0,0.27586206896551724,-0.27586206896551724,-0.04729758,0.008037246551724138,-0.055334826551724135,1,0,ok,"{""alpha"": 0.001, ""hidden_layer_sizes"": [64, 32], ""learning_rate_init"": 0.0007, ""max_iter"": 700, ""negative_sample_ratio"": 5.0}",115,347,2023,bottom,mlp,manual_weak_bottom_label,144
0.4,29,3,0.0,0.27586206896551724,-0.27586206896551724,-0.02135606666666667,0.008037246551724138,-0.02939331321839081,1,0,ok,"{""alpha"": 0.001, ""hidden_layer_sizes"": [64, 32], ""learning_rate_init"": 0.0007, ""max_iter"": 700, ""negative_sample_ratio"": 5.0}",115,347,2023,bottom,mlp,manual_weak_bottom_label,144
0.3,29,6,0.16666666666666666,0.27586206896551724,-0.10919540229885058,-0.009209423333333333,0.008037246551724138,-0.01724666988505747,1,0,ok,"{""alpha"": 0.001, ""hidden_layer_sizes"": [64, 32], ""learning_rate_init"": 0.0007, ""max_iter"": 700, ""negative_sample_ratio"": 5.0}",115,347,2023,bottom,mlp,manual_weak_bottom_label,144
0.7,29,0,,0.27586206896551724,,,0.008037246551724138,,0,0,ok,"{""C"": 0.5, ""gamma"": ""scale""}",115,347,2023,bottom,svm,manual_weak_bottom_label,144
0.6,29,0,,0.27586206896551724,,,0.008037246551724138,,0,0,ok,"{""C"": 0.5, ""gamma"": ""scale""}",115,347,2023,bottom,svm,manual_weak_bottom_label,144
0.5,29,0,,0.27586206896551724,,,0.008037246551724138,,0,0,ok,"{""C"": 0.5, ""gamma"": ""scale""}",115,347,2023,bottom,svm,manual_weak_bottom_label,144
0.4,29,0,,0.27586206896551724,,,0.008037246551724138,,0,0,ok,"{""C"": 0.5, ""gamma"": ""scale""}",115,347,2023,bottom,svm,manual_weak_bottom_label,144
0.3,29,0,,0.27586206896551724,,,0.008037246551724138,,0,0,ok,"{""C"": 0.5, ""gamma"": ""scale""}",115,347,2023,bottom,svm,manual_weak_bottom_label,144
0.7,29,0,,0.27586206896551724,,,0.008037246551724138,,0,0,ok,"{""C"": 1.0, ""gamma"": ""scale""}",115,347,2023,bottom,svm,manual_weak_bottom_label,144
0.6,29,0,,0.27586206896551724,,,0.008037246551724138,,0,0,ok,"{""C"": 1.0, ""gamma"": ""scale""}",115,347,2023,bottom,svm,manual_weak_bottom_label,144
0.5,29,0,,0.27586206896551724,,,0.008037246551724138,,0,0,ok,"{""C"": 1.0, ""gamma"": ""scale""}",115,347,2023,bottom,svm,manual_weak_bottom_label,144
0.4,29,0,,0.27586206896551724,,,0.008037246551724138,,0,0,ok,"{""C"": 1.0, ""gamma"": ""scale""}",115,347,2023,bottom,svm,manual_weak_bottom_label,144
0.3,29,2,0.5,0.27586206896551724,0.22413793103448276,0.020635385,0.008037246551724138,0.012598138448275861,1,1,ok,"{""C"": 1.0, ""gamma"": ""scale""}",115,347,2023,bottom,svm,manual_weak_bottom_label,144
0.7,29,0,,0.27586206896551724,,,0.008037246551724138,,0,0,ok,"{""C"": 2.0, ""gamma"": ""scale""}",115,347,2023,bottom,svm,manual_weak_bottom_label,144
0.6,29,0,,0.27586206896551724,,,0.008037246551724138,,0,0,ok,"{""C"": 2.0, ""gamma"": ""scale""}",115,347,2023,bottom,svm,manual_weak_bottom_label,144
0.5,29,0,,0.27586206896551724,,,0.008037246551724138,,0,0,ok,"{""C"": 2.0, ""gamma"": ""scale""}",115,347,2023,bottom,svm,manual_weak_bottom_label,144
0.4,29,1,0.0,0.27586206896551724,-0.27586206896551724,-0.03599303,0.008037246551724138,-0.04403027655172414,0,0,ok,"{""C"": 2.0, ""gamma"": ""scale""}",115,347,2023,bottom,svm,manual_weak_bottom_label,144
0.3,29,2,0.5,0.27586206896551724,0.22413793103448276,0.020635385,0.008037246551724138,0.012598138448275861,1,0,ok,"{""C"": 2.0, ""gamma"": ""scale""}",115,347,2023,bottom,svm,manual_weak_bottom_label,144
0.7,29,8,0.5,0.41379310344827586,0.08620689655172414,-0.0067051675,-0.005797373448275862,-0.000907794051724138,1,0,ok,"{""C"": 0.3}",114,347,2023,top,logistic,manual_weak_top_label,143
0.6,29,9,0.5555555555555556,0.41379310344827586,0.14176245210727972,-0.012781335555555556,-0.005797373448275862,-0.006983962107279694,1,1,ok,"{""C"": 0.3}",114,347,2023,top,logistic,manual_weak_top_label,143
0.5,29,9,0.5555555555555556,0.41379310344827586,0.14176245210727972,-0.012781335555555556,-0.005797373448275862,-0.006983962107279694,1,0,ok,"{""C"": 0.3}",114,347,2023,top,logistic,manual_weak_top_label,143
0.4,29,10,0.5,0.41379310344827586,0.08620689655172414,-0.016333794,-0.005797373448275862,-0.010536420551724136,1,0,ok,"{""C"": 0.3}",114,347,2023,top,logistic,manual_weak_top_label,143
0.3,29,11,0.45454545454545453,0.41379310344827586,0.040752351097178674,-0.013155524545454544,-0.005797373448275862,-0.007358151097178682,1,0,ok,"{""C"": 0.3}",114,347,2023,top,logistic,manual_weak_top_label,143
0.7,29,9,0.5555555555555556,0.41379310344827586,0.14176245210727972,-0.015987714444444447,-0.005797373448275862,-0.010190340996168584,1,0,ok,"{""C"": 1.0}",114,347,2023,top,logistic,manual_weak_top_label,143
0.6,29,9,0.5555555555555556,0.41379310344827586,0.14176245210727972,-0.015987714444444447,-0.005797373448275862,-0.010190340996168584,1,0,ok,"{""C"": 1.0}",114,347,2023,top,logistic,manual_weak_top_label,143
0.5,29,9,0.5555555555555556,0.41379310344827586,0.14176245210727972,-0.012781335555555556,-0.005797373448275862,-0.006983962107279694,1,0,ok,"{""C"": 1.0}",114,347,2023,top,logistic,manual_weak_top_label,143
0.4,29,9,0.5555555555555556,0.41379310344827586,0.14176245210727972,-0.012781335555555556,-0.005797373448275862,-0.006983962107279694,1,0,ok,"{""C"": 1.0}",114,347,2023,top,logistic,manual_weak_top_label,143
0.3,29,9,0.5555555555555556,0.41379310344827586,0.14176245210727972,-0.012781335555555556,-0.005797373448275862,-0.006983962107279694,1,0,ok,"{""C"": 1.0}",114,347,2023,top,logistic,manual_weak_top_label,143
0.7,29,9,0.5555555555555556,0.41379310344827586,0.14176245210727972,-0.016765485555555557,-0.005797373448275862,-0.010968112107279694,1,0,ok,"{""C"": 3.0}",114,347,2023,top,logistic,manual_weak_top_label,143
0.6,29,9,0.5555555555555556,0.41379310344827586,0.14176245210727972,-0.015987714444444447,-0.005797373448275862,-0.010190340996168584,1,0,ok,"{""C"": 3.0}",114,347,2023,top,logistic,manual_weak_top_label,143
0.5,29,9,0.5555555555555556,0.41379310344827586,0.14176245210727972,-0.012781335555555556,-0.005797373448275862,-0.006983962107279694,1,0,ok,"{""C"": 3.0}",114,347,2023,top,logistic,manual_weak_top_label,143
0.4,29,9,0.5555555555555556,0.41379310344827586,0.14176245210727972,-0.012781335555555556,-0.005797373448275862,-0.006983962107279694,1,0,ok,"{""C"": 3.0}",114,347,2023,top,logistic,manual_weak_top_label,143
0.3,29,9,0.5555555555555556,0.41379310344827586,0.14176245210727972,-0.012781335555555556,-0.005797373448275862,-0.006983962107279694,1,0,ok,"{""C"": 3.0}",114,347,2023,top,logistic,manual_weak_top_label,143
0.7,29,8,0.5,0.41379310344827586,0.08620689655172414,-0.00701220375,-0.005797373448275862,-0.001214830301724138,1,0,ok,"{""shrinkage"": ""auto"", ""solver"": ""lsqr""}",114,347,2023,top,lda,manual_weak_top_label,143
0.6,29,8,0.5,0.41379310344827586,0.08620689655172414,-0.00701220375,-0.005797373448275862,-0.001214830301724138,1,0,ok,"{""shrinkage"": ""auto"", ""solver"": ""lsqr""}",114,347,2023,top,lda,manual_weak_top_label,143
0.5,29,9,0.5555555555555556,0.41379310344827586,0.14176245210727972,-0.01487836,-0.005797373448275862,-0.009080986551724138,1,0,ok,"{""shrinkage"": ""auto"", ""solver"": ""lsqr""}",114,347,2023,top,lda,manual_weak_top_label,143
0.4,29,9,0.5555555555555556,0.41379310344827586,0.14176245210727972,-0.005866382222222222,-0.005797373448275862,-6.900877394635987e-05,1,1,ok,"{""shrinkage"": ""auto"", ""solver"": ""lsqr""}",114,347,2023,top,lda,manual_weak_top_label,143
0.3,29,9,0.5555555555555556,0.41379310344827586,0.14176245210727972,-0.005866382222222222,-0.005797373448275862,-6.900877394635987e-05,1,0,ok,"{""shrinkage"": ""auto"", ""solver"": ""lsqr""}",114,347,2023,top,lda,manual_weak_top_label,143
0.7,29,8,0.5,0.41379310344827586,0.08620689655172414,-0.00701220375,-0.005797373448275862,-0.001214830301724138,1,0,ok,"{""shrinkage"": 0.2, ""solver"": ""lsqr""}",114,347,2023,top,lda,manual_weak_top_label,143
0.6,29,8,0.5,0.41379310344827586,0.08620689655172414,-0.00701220375,-0.005797373448275862,-0.001214830301724138,1,0,ok,"{""shrinkage"": 0.2, ""solver"": ""lsqr""}",114,347,2023,top,lda,manual_weak_top_label,143
0.5,29,8,0.5,0.41379310344827586,0.08620689655172414,-0.00701220375,-0.005797373448275862,-0.001214830301724138,1,0,ok,"{""shrinkage"": 0.2, ""solver"": ""lsqr""}",114,347,2023,top,lda,manual_weak_top_label,143
0.4,29,9,0.5555555555555556,0.41379310344827586,0.14176245210727972,-0.005866382222222222,-0.005797373448275862,-6.900877394635987e-05,1,0,ok,"{""shrinkage"": 0.2, ""solver"": ""lsqr""}",114,347,2023,top,lda,manual_weak_top_label,143
0.3,29,9,0.5555555555555556,0.41379310344827586,0.14176245210727972,-0.005866382222222222,-0.005797373448275862,-6.900877394635987e-05,1,0,ok,"{""shrinkage"": 0.2, ""solver"": ""lsqr""}",114,347,2023,top,lda,manual_weak_top_label,143
0.7,29,8,0.5,0.41379310344827586,0.08620689655172414,-0.012042435,-0.005797373448275862,-0.006245061551724138,1,0,ok,"{""shrinkage"": 0.5, ""solver"": ""lsqr""}",114,347,2023,top,lda,manual_weak_top_label,143
0.6,29,9,0.4444444444444444,0.41379310344827586,0.030651340996168563,-0.010845196666666666,-0.005797373448275862,-0.005047823218390804,1,0,ok,"{""shrinkage"": 0.5, ""solver"": ""lsqr""}",114,347,2023,top,lda,manual_weak_top_label,143
0.5,29,9,0.5555555555555556,0.41379310344827586,0.14176245210727972,-0.012858224444444444,-0.005797373448275862,-0.007060850996168582,1,0,ok,"{""shrinkage"": 0.5, ""solver"": ""lsqr""}",114,347,2023,top,lda,manual_weak_top_label,143
0.4,29,10,0.5,0.41379310344827586,0.08620689655172414,-0.01328327,-0.005797373448275862,-0.007485896551724137,1,0,ok,"{""shrinkage"": 0.5, ""solver"": ""lsqr""}",114,347,2023,top,lda,manual_weak_top_label,143
0.3,29,10,0.5,0.41379310344827586,0.08620689655172414,-0.01328327,-0.005797373448275862,-0.007485896551724137,1,0,ok,"{""shrinkage"": 0.5, ""solver"": ""lsqr""}",114,347,2023,top,lda,manual_weak_top_label,143
0.7,29,12,0.4166666666666667,0.41379310344827586,0.002873563218390829,-0.006777366666666666,-0.005797373448275862,-0.0009799932183908039,1,1,ok,"{""reg_param"": 0.2}",114,347,2023,top,qda,manual_weak_top_label,143
0.6,29,12,0.4166666666666667,0.41379310344827586,0.002873563218390829,-0.006777366666666666,-0.005797373448275862,-0.0009799932183908039,1,0,ok,"{""reg_param"": 0.2}",114,347,2023,top,qda,manual_weak_top_label,143
0.5,29,12,0.4166666666666667,0.41379310344827586,0.002873563218390829,-0.006777366666666666,-0.005797373448275862,-0.0009799932183908039,1,0,ok,"{""reg_param"": 0.2}",114,347,2023,top,qda,manual_weak_top_label,143
0.4,29,12,0.4166666666666667,0.41379310344827586,0.002873563218390829,-0.006777366666666666,-0.005797373448275862,-0.0009799932183908039,1,0,ok,"{""reg_param"": 0.2}",114,347,2023,top,qda,manual_weak_top_label,143
0.3,29,12,0.4166666666666667,0.41379310344827586,0.002873563218390829,-0.006777366666666666,-0.005797373448275862,-0.0009799932183908039,1,0,ok,"{""reg_param"": 0.2}",114,347,2023,top,qda,manual_weak_top_label,143
0.7,29,12,0.4166666666666667,0.41379310344827586,0.002873563218390829,-0.006777366666666666,-0.005797373448275862,-0.0009799932183908039,1,0,ok,"{""reg_param"": 0.5}",114,347,2023,top,qda,manual_weak_top_label,143
0.6,29,12,0.4166666666666667,0.41379310344827586,0.002873563218390829,-0.006777366666666666,-0.005797373448275862,-0.0009799932183908039,1,0,ok,"{""reg_param"": 0.5}",114,347,2023,top,qda,manual_weak_top_label,143
0.5,29,12,0.4166666666666667,0.41379310344827586,0.002873563218390829,-0.006777366666666666,-0.005797373448275862,-0.0009799932183908039,1,0,ok,"{""reg_param"": 0.5}",114,347,2023,top,qda,manual_weak_top_label,143
0.4,29,12,0.4166666666666667,0.41379310344827586,0.002873563218390829,-0.006777366666666666,-0.005797373448275862,-0.0009799932183908039,1,0,ok,"{""reg_param"": 0.5}",114,347,2023,top,qda,manual_weak_top_label,143
0.3,29,12,0.4166666666666667,0.41379310344827586,0.002873563218390829,-0.006777366666666666,-0.005797373448275862,-0.0009799932183908039,1,0,ok,"{""reg_param"": 0.5}",114,347,2023,top,qda,manual_weak_top_label,143
0.7,29,12,0.4166666666666667,0.41379310344827586,0.002873563218390829,-0.006777366666666666,-0.005797373448275862,-0.0009799932183908039,1,0,ok,"{""reg_param"": 0.8}",114,347,2023,top,qda,manual_weak_top_label,143
0.6,29,12,0.4166666666666667,0.41379310344827586,0.002873563218390829,-0.006777366666666666,-0.005797373448275862,-0.0009799932183908039,1,0,ok,"{""reg_param"": 0.8}",114,347,2023,top,qda,manual_weak_top_label,143
0.5,29,12,0.4166666666666667,0.41379310344827586,0.002873563218390829,-0.006777366666666666,-0.005797373448275862,-0.0009799932183908039,1,0,ok,"{""reg_param"": 0.8}",114,347,2023,top,qda,manual_weak_top_label,143
0.4,29,12,0.4166666666666667,0.41379310344827586,0.002873563218390829,-0.006777366666666666,-0.005797373448275862,-0.0009799932183908039,1,0,ok,"{""reg_param"": 0.8}",114,347,2023,top,qda,manual_weak_top_label,143
0.3,29,12,0.4166666666666667,0.41379310344827586,0.002873563218390829,-0.006777366666666666,-0.005797373448275862,-0.0009799932183908039,1,0,ok,"{""reg_param"": 0.8}",114,347,2023,top,qda,manual_weak_top_label,143
0.7,29,5,0.6,0.41379310344827586,0.18620689655172412,-0.025440306000000003,-0.005797373448275862,-0.01964293255172414,1,0,ok,"{""balanced_bagging"": true, ""is_unbalance"": false, ""learning_rate"": 0.04, ""max_depth"": 3, ""min_child_samples"": 8, ""n_estimators"": 180, ""negative_sample_ratio"": 3.0, ""num_leaves"": 7}",114,347,2023,top,lightgbm,manual_weak_top_label,143
0.6,29,5,0.6,0.41379310344827586,0.18620689655172412,-0.02907655,-0.005797373448275862,-0.023279176551724137,1,0,ok,"{""balanced_bagging"": true, ""is_unbalance"": false, ""learning_rate"": 0.04, ""max_depth"": 3, ""min_child_samples"": 8, ""n_estimators"": 180, ""negative_sample_ratio"": 3.0, ""num_leaves"": 7}",114,347,2023,top,lightgbm,manual_weak_top_label,143
0.5,29,6,0.5,0.41379310344827586,0.08620689655172414,-0.006801466666666666,-0.005797373448275862,-0.0010040932183908039,1,0,ok,"{""balanced_bagging"": true, ""is_unbalance"": false, ""learning_rate"": 0.04, ""max_depth"": 3, ""min_child_samples"": 8, ""n_estimators"": 180, ""negative_sample_ratio"": 3.0, ""num_leaves"": 7}",114,347,2023,top,lightgbm,manual_weak_top_label,143
0.4,29,6,0.5,0.41379310344827586,0.08620689655172414,0.002204961666666667,-0.005797373448275862,0.008002335114942529,1,0,ok,"{""balanced_bagging"": true, ""is_unbalance"": false, ""learning_rate"": 0.04, ""max_depth"": 3, ""min_child_samples"": 8, ""n_estimators"": 180, ""negative_sample_ratio"": 3.0, ""num_leaves"": 7}",114,347,2023,top,lightgbm,manual_weak_top_label,143
0.3,29,7,0.42857142857142855,0.41379310344827586,0.014778325123152691,-0.0066372271428571435,-0.005797373448275862,-0.0008398536945812812,1,0,ok,"{""balanced_bagging"": true, ""is_unbalance"": false, ""learning_rate"": 0.04, ""max_depth"": 3, ""min_child_samples"": 8, ""n_estimators"": 180, ""negative_sample_ratio"": 3.0, ""num_leaves"": 7}",114,347,2023,top,lightgbm,manual_weak_top_label,143
0.7,29,5,0.6,0.41379310344827586,0.18620689655172412,-0.025440306000000003,-0.005797373448275862,-0.01964293255172414,1,0,ok,"{""balanced_bagging"": true, ""is_unbalance"": false, ""learning_rate"": 0.03, ""max_depth"": 4, ""min_child_samples"": 10, ""n_estimators"": 250, ""negative_sample_ratio"": 5.0, ""num_leaves"": 15}",114,347,2023,top,lightgbm,manual_weak_top_label,143
0.6,29,5,0.6,0.41379310344827586,0.18620689655172412,-0.02907655,-0.005797373448275862,-0.023279176551724137,1,0,ok,"{""balanced_bagging"": true, ""is_unbalance"": false, ""learning_rate"": 0.03, ""max_depth"": 4, ""min_child_samples"": 10, ""n_estimators"": 250, ""negative_sample_ratio"": 5.0, ""num_leaves"": 15}",114,347,2023,top,lightgbm,manual_weak_top_label,143
0.5,29,5,0.6,0.41379310344827586,0.18620689655172412,-0.023332488000000002,-0.005797373448275862,-0.01753511455172414,1,0,ok,"{""balanced_bagging"": true, ""is_unbalance"": false, ""learning_rate"": 0.03, ""max_depth"": 4, ""min_child_samples"": 10, ""n_estimators"": 250, ""negative_sample_ratio"": 5.0, ""num_leaves"": 15}",114,347,2023,top,lightgbm,manual_weak_top_label,143
0.4,29,6,0.5,0.41379310344827586,0.08620689655172414,-0.006801466666666666,-0.005797373448275862,-0.0010040932183908039,1,0,ok,"{""balanced_bagging"": true, ""is_unbalance"": false, ""learning_rate"": 0.03, ""max_depth"": 4, ""min_child_samples"": 10, ""n_estimators"": 250, ""negative_sample_ratio"": 5.0, ""num_leaves"": 15}",114,347,2023,top,lightgbm,manual_weak_top_label,143
0.3,29,7,0.5714285714285714,0.41379310344827586,0.15763546798029554,-0.009225405714285715,-0.005797373448275862,-0.0034280322660098523,1,0,ok,"{""balanced_bagging"": true, ""is_unbalance"": false, ""learning_rate"": 0.03, ""max_depth"": 4, ""min_child_samples"": 10, ""n_estimators"": 250, ""negative_sample_ratio"": 5.0, ""num_leaves"": 15}",114,347,2023,top,lightgbm,manual_weak_top_label,143
0.7,29,5,0.6,0.41379310344827586,0.18620689655172412,-0.025440306000000003,-0.005797373448275862,-0.01964293255172414,1,0,ok,"{""balanced_bagging"": true, ""is_unbalance"": true, ""learning_rate"": 0.025, ""max_depth"": 5, ""min_child_samples"": 12, ""n_estimators"": 320, ""negative_sample_ratio"": 3.0, ""num_leaves"": 15}",114,347,2023,top,lightgbm,manual_weak_top_label,143
0.6,29,5,0.6,0.41379310344827586,0.18620689655172412,-0.019696243999999998,-0.005797373448275862,-0.013898870551724136,1,1,ok,"{""balanced_bagging"": true, ""is_unbalance"": true, ""learning_rate"": 0.025, ""max_depth"": 5, ""min_child_samples"": 12, ""n_estimators"": 320, ""negative_sample_ratio"": 3.0, ""num_leaves"": 15}",114,347,2023,top,lightgbm,manual_weak_top_label,143
0.5,29,5,0.6,0.41379310344827586,0.18620689655172412,-0.023332488000000002,-0.005797373448275862,-0.01753511455172414,1,0,ok,"{""balanced_bagging"": true, ""is_unbalance"": true, ""learning_rate"": 0.025, ""max_depth"": 5, ""min_child_samples"": 12, ""n_estimators"": 320, ""negative_sample_ratio"": 3.0, ""num_leaves"": 15}",114,347,2023,top,lightgbm,manual_weak_top_label,143
0.4,29,6,0.5,0.41379310344827586,0.08620689655172414,-0.006801466666666666,-0.005797373448275862,-0.0010040932183908039,1,0,ok,"{""balanced_bagging"": true, ""is_unbalance"": true, ""learning_rate"": 0.025, ""max_depth"": 5, ""min_child_samples"": 12, ""n_estimators"": 320, ""negative_sample_ratio"": 3.0, ""num_leaves"": 15}",114,347,2023,top,lightgbm,manual_weak_top_label,143
0.3,29,7,0.42857142857142855,0.41379310344827586,0.014778325123152691,-0.0066372271428571435,-0.005797373448275862,-0.0008398536945812812,1,0,ok,"{""balanced_bagging"": true, ""is_unbalance"": true, ""learning_rate"": 0.025, ""max_depth"": 5, ""min_child_samples"": 12, ""n_estimators"": 320, ""negative_sample_ratio"": 3.0, ""num_leaves"": 15}",114,347,2023,top,lightgbm,manual_weak_top_label,143
0.7,29,9,0.5555555555555556,0.41379310344827586,0.14176245210727972,-0.01111547,-0.005797373448275862,-0.005318096551724138,1,0,ok,"{""dropout"": 0.05, ""focal_alpha"": 0.7, ""focal_gamma"": 1.5, ""hidden_layers"": [32], ""learning_rate"": 0.001, ""max_epochs"": 130, ""patience"": 15}",114,347,2023,top,bp,manual_weak_top_label,143
0.6,29,9,0.5555555555555556,0.41379310344827586,0.14176245210727972,-0.010337698888888889,-0.005797373448275862,-0.0045403254406130265,1,0,ok,"{""dropout"": 0.05, ""focal_alpha"": 0.7, ""focal_gamma"": 1.5, ""hidden_layers"": [32], ""learning_rate"": 0.001, ""max_epochs"": 130, ""patience"": 15}",114,347,2023,top,bp,manual_weak_top_label,143
0.5,29,9,0.4444444444444444,0.41379310344827586,0.030651340996168563,-0.00590347,-0.005797373448275862,-0.0001060965517241377,1,0,ok,"{""dropout"": 0.05, ""focal_alpha"": 0.7, ""focal_gamma"": 1.5, ""hidden_layers"": [32], ""learning_rate"": 0.001, ""max_epochs"": 130, ""patience"": 15}",114,347,2023,top,bp,manual_weak_top_label,143
0.4,29,9,0.4444444444444444,0.41379310344827586,0.030651340996168563,-0.012627786666666667,-0.005797373448275862,-0.006830413218390804,1,0,ok,"{""dropout"": 0.05, ""focal_alpha"": 0.7, ""focal_gamma"": 1.5, ""hidden_layers"": [32], ""learning_rate"": 0.001, ""max_epochs"": 130, ""patience"": 15}",114,347,2023,top,bp,manual_weak_top_label,143
0.3,29,12,0.4166666666666667,0.41379310344827586,0.002873563218390829,-0.01095657,-0.005797373448275862,-0.005159196551724138,1,0,ok,"{""dropout"": 0.05, ""focal_alpha"": 0.7, ""focal_gamma"": 1.5, ""hidden_layers"": [32], ""learning_rate"": 0.001, ""max_epochs"": 130, ""patience"": 15}",114,347,2023,top,bp,manual_weak_top_label,143
0.7,29,8,0.5,0.41379310344827586,0.08620689655172414,-0.012042435,-0.005797373448275862,-0.006245061551724138,1,0,ok,"{""dropout"": 0.1, ""focal_alpha"": 0.75, ""focal_gamma"": 2.0, ""hidden_layers"": [48, 24], ""learning_rate"": 0.001, ""max_epochs"": 160, ""patience"": 18}",114,347,2023,top,bp,manual_weak_top_label,143
0.6,29,10,0.4,0.41379310344827586,-0.013793103448275834,-0.0034504060000000005,-0.005797373448275862,0.002346967448275862,1,0,ok,"{""dropout"": 0.1, ""focal_alpha"": 0.75, ""focal_gamma"": 2.0, ""hidden_layers"": [48, 24], ""learning_rate"": 0.001, ""max_epochs"": 160, ""patience"": 18}",114,347,2023,top,bp,manual_weak_top_label,143
0.5,29,10,0.4,0.41379310344827586,-0.013793103448275834,-0.0034504060000000005,-0.005797373448275862,0.002346967448275862,1,0,ok,"{""dropout"": 0.1, ""focal_alpha"": 0.75, ""focal_gamma"": 2.0, ""hidden_layers"": [48, 24], ""learning_rate"": 0.001, ""max_epochs"": 160, ""patience"": 18}",114,347,2023,top,bp,manual_weak_top_label,143
0.4,29,10,0.4,0.41379310344827586,-0.013793103448275834,-0.0034504060000000005,-0.005797373448275862,0.002346967448275862,1,0,ok,"{""dropout"": 0.1, ""focal_alpha"": 0.75, ""focal_gamma"": 2.0, ""hidden_layers"": [48, 24], ""learning_rate"": 0.001, ""max_epochs"": 160, ""patience"": 18}",114,347,2023,top,bp,manual_weak_top_label,143
0.3,29,11,0.36363636363636365,0.41379310344827586,-0.05015673981191221,-0.004170698181818182,-0.005797373448275862,0.0016266752664576807,1,0,ok,"{""dropout"": 0.1, ""focal_alpha"": 0.75, ""focal_gamma"": 2.0, ""hidden_layers"": [48, 24], ""learning_rate"": 0.001, ""max_epochs"": 160, ""patience"": 18}",114,347,2023,top,bp,manual_weak_top_label,143
0.7,29,9,0.5555555555555556,0.41379310344827586,0.14176245210727972,-0.010337698888888889,-0.005797373448275862,-0.0045403254406130265,1,1,ok,"{""dropout"": 0.15, ""focal_alpha"": 0.8, ""focal_gamma"": 2.5, ""hidden_layers"": [64, 32], ""learning_rate"": 0.0007, ""max_epochs"": 180, ""patience"": 20}",114,347,2023,top,bp,manual_weak_top_label,143
0.6,29,10,0.4,0.41379310344827586,-0.013793103448275834,-0.005439852,-0.005797373448275862,0.00035752144827586214,1,0,ok,"{""dropout"": 0.15, ""focal_alpha"": 0.8, ""focal_gamma"": 2.5, ""hidden_layers"": [64, 32], ""learning_rate"": 0.0007, ""max_epochs"": 180, ""patience"": 20}",114,347,2023,top,bp,manual_weak_top_label,143
0.5,29,10,0.4,0.41379310344827586,-0.013793103448275834,-0.005439852,-0.005797373448275862,0.00035752144827586214,1,0,ok,"{""dropout"": 0.15, ""focal_alpha"": 0.8, ""focal_gamma"": 2.5, ""hidden_layers"": [64, 32], ""learning_rate"": 0.0007, ""max_epochs"": 180, ""patience"": 20}",114,347,2023,top,bp,manual_weak_top_label,143
0.4,29,10,0.4,0.41379310344827586,-0.013793103448275834,-0.010303097,-0.005797373448275862,-0.004505723551724138,1,0,ok,"{""dropout"": 0.15, ""focal_alpha"": 0.8, ""focal_gamma"": 2.5, ""hidden_layers"": [64, 32], ""learning_rate"": 0.0007, ""max_epochs"": 180, ""patience"": 20}",114,347,2023,top,bp,manual_weak_top_label,143
0.3,29,11,0.36363636363636365,0.41379310344827586,-0.05015673981191221,-0.008793438181818183,-0.005797373448275862,-0.0029960647335423203,1,0,ok,"{""dropout"": 0.15, ""focal_alpha"": 0.8, ""focal_gamma"": 2.5, ""hidden_layers"": [64, 32], ""learning_rate"": 0.0007, ""max_epochs"": 180, ""patience"": 20}",114,347,2023,top,bp,manual_weak_top_label,143
0.7,29,2,0.5,0.41379310344827586,0.08620689655172414,-0.025368305,-0.005797373448275862,-0.01957093155172414,1,0,ok,"{""alpha"": 0.0001, ""hidden_layer_sizes"": [32], ""learning_rate_init"": 0.001, ""max_iter"": 500, ""negative_sample_ratio"": 2.0}",114,347,2023,top,mlp,manual_weak_top_label,143
0.6,29,3,0.6666666666666666,0.41379310344827586,0.2528735632183908,-0.006177116666666666,-0.005797373448275862,-0.0003797432183908038,1,0,ok,"{""alpha"": 0.0001, ""hidden_layer_sizes"": [32], ""learning_rate_init"": 0.001, ""max_iter"": 500, ""negative_sample_ratio"": 2.0}",114,347,2023,top,mlp,manual_weak_top_label,143
0.5,29,4,0.75,0.41379310344827586,0.33620689655172414,-0.00380779,-0.005797373448275862,0.0019895834482758622,1,1,ok,"{""alpha"": 0.0001, ""hidden_layer_sizes"": [32], ""learning_rate_init"": 0.001, ""max_iter"": 500, ""negative_sample_ratio"": 2.0}",114,347,2023,top,mlp,manual_weak_top_label,143
0.4,29,7,0.42857142857142855,0.41379310344827586,0.014778325123152691,-0.006185688571428572,-0.005797373448275862,-0.00038831512315270957,1,0,ok,"{""alpha"": 0.0001, ""hidden_layer_sizes"": [32], ""learning_rate_init"": 0.001, ""max_iter"": 500, ""negative_sample_ratio"": 2.0}",114,347,2023,top,mlp,manual_weak_top_label,143
0.3,29,9,0.5555555555555556,0.41379310344827586,0.14176245210727972,-0.01637071333333333,-0.005797373448275862,-0.01057333988505747,1,0,ok,"{""alpha"": 0.0001, ""hidden_layer_sizes"": [32], ""learning_rate_init"": 0.001, ""max_iter"": 500, ""negative_sample_ratio"": 2.0}",114,347,2023,top,mlp,manual_weak_top_label,143
0.7,29,1,1.0,0.41379310344827586,0.5862068965517242,-0.03939795,-0.005797373448275862,-0.03360057655172414,0,0,ok,"{""alpha"": 0.0001, ""hidden_layer_sizes"": [48, 24], ""learning_rate_init"": 0.001, ""max_iter"": 600, ""negative_sample_ratio"": 3.0}",114,347,2023,top,mlp,manual_weak_top_label,143
0.6,29,2,0.5,0.41379310344827586,0.08620689655172414,-0.018184255,-0.005797373448275862,-0.012386881551724137,1,0,ok,"{""alpha"": 0.0001, ""hidden_layer_sizes"": [48, 24], ""learning_rate_init"": 0.001, ""max_iter"": 600, ""negative_sample_ratio"": 3.0}",114,347,2023,top,mlp,manual_weak_top_label,143
0.5,29,2,0.5,0.41379310344827586,0.08620689655172414,-0.018184255,-0.005797373448275862,-0.012386881551724137,1,0,ok,"{""alpha"": 0.0001, ""hidden_layer_sizes"": [48, 24], ""learning_rate_init"": 0.001, ""max_iter"": 600, ""negative_sample_ratio"": 3.0}",114,347,2023,top,mlp,manual_weak_top_label,143
0.4,29,6,0.5,0.41379310344827586,0.08620689655172414,-0.014432491666666667,-0.005797373448275862,-0.008635118218390804,1,0,ok,"{""alpha"": 0.0001, ""hidden_layer_sizes"": [48, 24], ""learning_rate_init"": 0.001, ""max_iter"": 600, ""negative_sample_ratio"": 3.0}",114,347,2023,top,mlp,manual_weak_top_label,143
0.3,29,10,0.5,0.41379310344827586,0.08620689655172414,-0.015160502000000001,-0.005797373448275862,-0.009363128551724139,1,0,ok,"{""alpha"": 0.0001, ""hidden_layer_sizes"": [48, 24], ""learning_rate_init"": 0.001, ""max_iter"": 600, ""negative_sample_ratio"": 3.0}",114,347,2023,top,mlp,manual_weak_top_label,143
0.7,29,1,1.0,0.41379310344827586,0.5862068965517242,-0.03082729,-0.005797373448275862,-0.025029916551724138,0,0,ok,"{""alpha"": 0.001, ""hidden_layer_sizes"": [64, 32], ""learning_rate_init"": 0.0007, ""max_iter"": 700, ""negative_sample_ratio"": 5.0}",114,347,2023,top,mlp,manual_weak_top_label,143
0.6,29,2,0.5,0.41379310344827586,0.08620689655172414,-0.00708251,-0.005797373448275862,-0.0012851365517241378,1,0,ok,"{""alpha"": 0.001, ""hidden_layer_sizes"": [64, 32], ""learning_rate_init"": 0.0007, ""max_iter"": 700, ""negative_sample_ratio"": 5.0}",114,347,2023,top,mlp,manual_weak_top_label,143
0.5,29,6,0.16666666666666666,0.41379310344827586,-0.2471264367816092,0.025311283333333334,-0.005797373448275862,0.031108656781609196,1,0,ok,"{""alpha"": 0.001, ""hidden_layer_sizes"": [64, 32], ""learning_rate_init"": 0.0007, ""max_iter"": 700, ""negative_sample_ratio"": 5.0}",114,347,2023,top,mlp,manual_weak_top_label,143
0.4,29,10,0.3,0.41379310344827586,-0.11379310344827587,-0.008131083,-0.005797373448275862,-0.0023337095517241384,1,0,ok,"{""alpha"": 0.001, ""hidden_layer_sizes"": [64, 32], ""learning_rate_init"": 0.0007, ""max_iter"": 700, ""negative_sample_ratio"": 5.0}",114,347,2023,top,mlp,manual_weak_top_label,143
0.3,29,12,0.4166666666666667,0.41379310344827586,0.002873563218390829,-0.009182150833333333,-0.005797373448275862,-0.0033847773850574706,1,0,ok,"{""alpha"": 0.001, ""hidden_layer_sizes"": [64, 32], ""learning_rate_init"": 0.0007, ""max_iter"": 700, ""negative_sample_ratio"": 5.0}",114,347,2023,top,mlp,manual_weak_top_label,143
0.7,29,0,,0.41379310344827586,,,-0.005797373448275862,,0,0,ok,"{""C"": 0.5, ""gamma"": ""scale""}",114,347,2023,top,svm,manual_weak_top_label,143
0.6,29,0,,0.41379310344827586,,,-0.005797373448275862,,0,0,ok,"{""C"": 0.5, ""gamma"": ""scale""}",114,347,2023,top,svm,manual_weak_top_label,143
0.5,29,0,,0.41379310344827586,,,-0.005797373448275862,,0,0,ok,"{""C"": 0.5, ""gamma"": ""scale""}",114,347,2023,top,svm,manual_weak_top_label,143
0.4,29,6,0.8333333333333334,0.41379310344827586,0.4195402298850575,-0.03748699666666667,-0.005797373448275862,-0.031689623218390806,1,1,ok,"{""C"": 0.5, ""gamma"": ""scale""}",114,347,2023,top,svm,manual_weak_top_label,143
0.3,29,11,0.45454545454545453,0.41379310344827586,0.040752351097178674,-0.015443731818181818,-0.005797373448275862,-0.009646358369905956,1,0,ok,"{""C"": 0.5, ""gamma"": ""scale""}",114,347,2023,top,svm,manual_weak_top_label,143
0.7,29,0,,0.41379310344827586,,,-0.005797373448275862,,0,0,ok,"{""C"": 1.0, ""gamma"": ""scale""}",114,347,2023,top,svm,manual_weak_top_label,143
0.6,29,0,,0.41379310344827586,,,-0.005797373448275862,,0,0,ok,"{""C"": 1.0, ""gamma"": ""scale""}",114,347,2023,top,svm,manual_weak_top_label,143
0.5,29,1,1.0,0.41379310344827586,0.5862068965517242,-0.06645811,-0.005797373448275862,-0.06066073655172414,0,0,ok,"{""C"": 1.0, ""gamma"": ""scale""}",114,347,2023,top,svm,manual_weak_top_label,143
0.4,29,6,0.6666666666666666,0.41379310344827586,0.2528735632183908,-0.034467455,-0.005797373448275862,-0.02867008155172414,1,0,ok,"{""C"": 1.0, ""gamma"": ""scale""}",114,347,2023,top,svm,manual_weak_top_label,143
0.3,29,8,0.5,0.41379310344827586,0.08620689655172414,-0.01413434875,-0.005797373448275862,-0.008336975301724137,1,0,ok,"{""C"": 1.0, ""gamma"": ""scale""}",114,347,2023,top,svm,manual_weak_top_label,143
0.7,29,0,,0.41379310344827586,,,-0.005797373448275862,,0,0,ok,"{""C"": 2.0, ""gamma"": ""scale""}",114,347,2023,top,svm,manual_weak_top_label,143
0.6,29,0,,0.41379310344827586,,,-0.005797373448275862,,0,0,ok,"{""C"": 2.0, ""gamma"": ""scale""}",114,347,2023,top,svm,manual_weak_top_label,143
0.5,29,6,0.6666666666666666,0.41379310344827586,0.2528735632183908,-0.034467455,-0.005797373448275862,-0.02867008155172414,1,0,ok,"{""C"": 2.0, ""gamma"": ""scale""}",114,347,2023,top,svm,manual_weak_top_label,143
0.4,29,6,0.6666666666666666,0.41379310344827586,0.2528735632183908,-0.034467455,-0.005797373448275862,-0.02867008155172414,1,0,ok,"{""C"": 2.0, ""gamma"": ""scale""}",114,347,2023,top,svm,manual_weak_top_label,143
0.3,29,9,0.5555555555555556,0.41379310344827586,0.14176245210727972,-0.015967894444444446,-0.005797373448275862,-0.010170520996168584,1,0,ok,"{""C"": 2.0, ""gamma"": ""scale""}",114,347,2023,top,svm,manual_weak_top_label,143
0.7,32,1,1.0,0.15625,0.84375,0.0772638,0.0026793034375,0.07458449656249999,0,0,ok,"{""C"": 0.3}",129,347,2024,bottom,logistic,manual_weak_bottom_label,161
0.6,32,1,1.0,0.15625,0.84375,0.0772638,0.0026793034375,0.07458449656249999,0,0,ok,"{""C"": 0.3}",129,347,2024,bottom,logistic,manual_weak_bottom_label,161
0.5,32,4,0.5,0.15625,0.34375,-0.0037052775,0.0026793034375,-0.0063845809375,1,0,ok,"{""C"": 0.3}",129,347,2024,bottom,logistic,manual_weak_bottom_label,161
0.4,32,4,0.5,0.15625,0.34375,-0.0042506475,0.0026793034375,-0.0069299509375,1,0,ok,"{""C"": 0.3}",129,347,2024,bottom,logistic,manual_weak_bottom_label,161
0.3,32,4,0.25,0.15625,0.09375,-0.003390685,0.0026793034375,-0.0060699884375,1,0,ok,"{""C"": 0.3}",129,347,2024,bottom,logistic,manual_weak_bottom_label,161
0.7,32,1,1.0,0.15625,0.84375,0.0772638,0.0026793034375,0.07458449656249999,0,0,ok,"{""C"": 1.0}",129,347,2024,bottom,logistic,manual_weak_bottom_label,161
0.6,32,4,0.5,0.15625,0.34375,-0.0037052775,0.0026793034375,-0.0063845809375,1,0,ok,"{""C"": 1.0}",129,347,2024,bottom,logistic,manual_weak_bottom_label,161
0.5,32,4,0.5,0.15625,0.34375,-0.0037052775,0.0026793034375,-0.0063845809375,1,0,ok,"{""C"": 1.0}",129,347,2024,bottom,logistic,manual_weak_bottom_label,161
0.4,32,4,0.5,0.15625,0.34375,-0.0042506475,0.0026793034375,-0.0069299509375,1,0,ok,"{""C"": 1.0}",129,347,2024,bottom,logistic,manual_weak_bottom_label,161
0.3,32,4,0.5,0.15625,0.34375,0.008293525,0.0026793034375,0.0056142215625,1,1,ok,"{""C"": 1.0}",129,347,2024,bottom,logistic,manual_weak_bottom_label,161
0.7,32,3,0.3333333333333333,0.15625,0.17708333333333331,-0.020715496666666666,0.0026793034375,-0.023394800104166665,1,0,ok,"{""C"": 3.0}",129,347,2024,bottom,logistic,manual_weak_bottom_label,161
0.6,32,4,0.5,0.15625,0.34375,-0.0037052775,0.0026793034375,-0.0063845809375,1,0,ok,"{""C"": 3.0}",129,347,2024,bottom,logistic,manual_weak_bottom_label,161
0.5,32,4,0.5,0.15625,0.34375,-0.0037052775,0.0026793034375,-0.0063845809375,1,0,ok,"{""C"": 3.0}",129,347,2024,bottom,logistic,manual_weak_bottom_label,161
0.4,32,4,0.5,0.15625,0.34375,-0.0037052775,0.0026793034375,-0.0063845809375,1,0,ok,"{""C"": 3.0}",129,347,2024,bottom,logistic,manual_weak_bottom_label,161
0.3,32,4,0.5,0.15625,0.34375,0.008293525,0.0026793034375,0.0056142215625,1,0,ok,"{""C"": 3.0}",129,347,2024,bottom,logistic,manual_weak_bottom_label,161
0.7,32,2,0.5,0.15625,0.34375,-0.02530375,0.0026793034375,-0.0279830534375,1,0,ok,"{""shrinkage"": ""auto"", ""solver"": ""lsqr""}",129,347,2024,bottom,lda,manual_weak_bottom_label,161
0.6,32,3,0.6666666666666666,0.15625,0.5104166666666666,-0.00109404,0.0026793034375,-0.0037733434375,1,0,ok,"{""shrinkage"": ""auto"", ""solver"": ""lsqr""}",129,347,2024,bottom,lda,manual_weak_bottom_label,161
0.5,32,3,0.3333333333333333,0.15625,0.17708333333333331,-0.01327366,0.0026793034375,-0.0159529634375,1,0,ok,"{""shrinkage"": ""auto"", ""solver"": ""lsqr""}",129,347,2024,bottom,lda,manual_weak_bottom_label,161
0.4,32,3,0.3333333333333333,0.15625,0.17708333333333331,-0.01327366,0.0026793034375,-0.0159529634375,1,0,ok,"{""shrinkage"": ""auto"", ""solver"": ""lsqr""}",129,347,2024,bottom,lda,manual_weak_bottom_label,161
0.3,32,3,0.3333333333333333,0.15625,0.17708333333333331,-0.01327366,0.0026793034375,-0.0159529634375,1,0,ok,"{""shrinkage"": ""auto"", ""solver"": ""lsqr""}",129,347,2024,bottom,lda,manual_weak_bottom_label,161
0.7,32,2,0.5,0.15625,0.34375,-0.02530375,0.0026793034375,-0.0279830534375,1,0,ok,"{""shrinkage"": 0.2, ""solver"": ""lsqr""}",129,347,2024,bottom,lda,manual_weak_bottom_label,161
0.6,32,3,0.6666666666666666,0.15625,0.5104166666666666,-0.00109404,0.0026793034375,-0.0037733434375,1,0,ok,"{""shrinkage"": 0.2, ""solver"": ""lsqr""}",129,347,2024,bottom,lda,manual_weak_bottom_label,161
0.5,32,3,0.3333333333333333,0.15625,0.17708333333333331,-0.01327366,0.0026793034375,-0.0159529634375,1,0,ok,"{""shrinkage"": 0.2, ""solver"": ""lsqr""}",129,347,2024,bottom,lda,manual_weak_bottom_label,161
0.4,32,3,0.3333333333333333,0.15625,0.17708333333333331,-0.01327366,0.0026793034375,-0.0159529634375,1,0,ok,"{""shrinkage"": 0.2, ""solver"": ""lsqr""}",129,347,2024,bottom,lda,manual_weak_bottom_label,161
0.3,32,3,0.3333333333333333,0.15625,0.17708333333333331,-0.01327366,0.0026793034375,-0.0159529634375,1,0,ok,"{""shrinkage"": 0.2, ""solver"": ""lsqr""}",129,347,2024,bottom,lda,manual_weak_bottom_label,161
0.7,32,1,1.0,0.15625,0.84375,0.0772638,0.0026793034375,0.07458449656249999,0,0,ok,"{""shrinkage"": 0.5, ""solver"": ""lsqr""}",129,347,2024,bottom,lda,manual_weak_bottom_label,161
0.6,32,1,1.0,0.15625,0.84375,0.0772638,0.0026793034375,0.07458449656249999,0,0,ok,"{""shrinkage"": 0.5, ""solver"": ""lsqr""}",129,347,2024,bottom,lda,manual_weak_bottom_label,161
0.5,32,1,1.0,0.15625,0.84375,0.0772638,0.0026793034375,0.07458449656249999,0,0,ok,"{""shrinkage"": 0.5, ""solver"": ""lsqr""}",129,347,2024,bottom,lda,manual_weak_bottom_label,161
0.4,32,2,1.0,0.15625,0.84375,0.06229459,0.0026793034375,0.059615286562499994,1,1,ok,"{""shrinkage"": 0.5, ""solver"": ""lsqr""}",129,347,2024,bottom,lda,manual_weak_bottom_label,161
0.3,32,2,1.0,0.15625,0.84375,0.06229459,0.0026793034375,0.059615286562499994,1,0,ok,"{""shrinkage"": 0.5, ""solver"": ""lsqr""}",129,347,2024,bottom,lda,manual_weak_bottom_label,161
0.7,32,15,0.13333333333333333,0.15625,-0.02291666666666667,0.002461578,0.0026793034375,-0.00021772543749999998,1,1,ok,"{""reg_param"": 0.2}",129,347,2024,bottom,qda,manual_weak_bottom_label,161
0.6,32,15,0.13333333333333333,0.15625,-0.02291666666666667,0.002461578,0.0026793034375,-0.00021772543749999998,1,0,ok,"{""reg_param"": 0.2}",129,347,2024,bottom,qda,manual_weak_bottom_label,161
0.5,32,15,0.13333333333333333,0.15625,-0.02291666666666667,0.002461578,0.0026793034375,-0.00021772543749999998,1,0,ok,"{""reg_param"": 0.2}",129,347,2024,bottom,qda,manual_weak_bottom_label,161
0.4,32,15,0.13333333333333333,0.15625,-0.02291666666666667,0.002461578,0.0026793034375,-0.00021772543749999998,1,0,ok,"{""reg_param"": 0.2}",129,347,2024,bottom,qda,manual_weak_bottom_label,161
0.3,32,15,0.13333333333333333,0.15625,-0.02291666666666667,0.002461578,0.0026793034375,-0.00021772543749999998,1,0,ok,"{""reg_param"": 0.2}",129,347,2024,bottom,qda,manual_weak_bottom_label,161
0.7,32,15,0.13333333333333333,0.15625,-0.02291666666666667,0.002461578,0.0026793034375,-0.00021772543749999998,1,0,ok,"{""reg_param"": 0.5}",129,347,2024,bottom,qda,manual_weak_bottom_label,161
0.6,32,15,0.13333333333333333,0.15625,-0.02291666666666667,0.002461578,0.0026793034375,-0.00021772543749999998,1,0,ok,"{""reg_param"": 0.5}",129,347,2024,bottom,qda,manual_weak_bottom_label,161
0.5,32,15,0.13333333333333333,0.15625,-0.02291666666666667,0.002461578,0.0026793034375,-0.00021772543749999998,1,0,ok,"{""reg_param"": 0.5}",129,347,2024,bottom,qda,manual_weak_bottom_label,161
0.4,32,15,0.13333333333333333,0.15625,-0.02291666666666667,0.002461578,0.0026793034375,-0.00021772543749999998,1,0,ok,"{""reg_param"": 0.5}",129,347,2024,bottom,qda,manual_weak_bottom_label,161
0.3,32,15,0.13333333333333333,0.15625,-0.02291666666666667,0.002461578,0.0026793034375,-0.00021772543749999998,1,0,ok,"{""reg_param"": 0.5}",129,347,2024,bottom,qda,manual_weak_bottom_label,161
0.7,32,15,0.13333333333333333,0.15625,-0.02291666666666667,0.002461578,0.0026793034375,-0.00021772543749999998,1,0,ok,"{""reg_param"": 0.8}",129,347,2024,bottom,qda,manual_weak_bottom_label,161
0.6,32,15,0.13333333333333333,0.15625,-0.02291666666666667,0.002461578,0.0026793034375,-0.00021772543749999998,1,0,ok,"{""reg_param"": 0.8}",129,347,2024,bottom,qda,manual_weak_bottom_label,161
0.5,32,15,0.13333333333333333,0.15625,-0.02291666666666667,0.002461578,0.0026793034375,-0.00021772543749999998,1,0,ok,"{""reg_param"": 0.8}",129,347,2024,bottom,qda,manual_weak_bottom_label,161
0.4,32,15,0.13333333333333333,0.15625,-0.02291666666666667,0.002461578,0.0026793034375,-0.00021772543749999998,1,0,ok,"{""reg_param"": 0.8}",129,347,2024,bottom,qda,manual_weak_bottom_label,161
0.3,32,15,0.13333333333333333,0.15625,-0.02291666666666667,0.002461578,0.0026793034375,-0.00021772543749999998,1,0,ok,"{""reg_param"": 0.8}",129,347,2024,bottom,qda,manual_weak_bottom_label,161
0.7,32,1,1.0,0.15625,0.84375,0.09224006,0.0026793034375,0.0895607565625,0,0,ok,"{""balanced_bagging"": true, ""is_unbalance"": false, ""learning_rate"": 0.04, ""max_depth"": 3, ""min_child_samples"": 8, ""n_estimators"": 180, ""negative_sample_ratio"": 3.0, ""num_leaves"": 7}",129,347,2024,bottom,lightgbm,manual_weak_bottom_label,161
0.6,32,2,0.5,0.15625,0.34375,-0.01890636,0.0026793034375,-0.0215856634375,1,1,ok,"{""balanced_bagging"": true, ""is_unbalance"": false, ""learning_rate"": 0.04, ""max_depth"": 3, ""min_child_samples"": 8, ""n_estimators"": 180, ""negative_sample_ratio"": 3.0, ""num_leaves"": 7}",129,347,2024,bottom,lightgbm,manual_weak_bottom_label,161
0.5,32,3,0.3333333333333333,0.15625,0.17708333333333331,-0.021501999999999997,0.0026793034375,-0.024181303437499996,1,0,ok,"{""balanced_bagging"": true, ""is_unbalance"": false, ""learning_rate"": 0.04, ""max_depth"": 3, ""min_child_samples"": 8, ""n_estimators"": 180, ""negative_sample_ratio"": 3.0, ""num_leaves"": 7}",129,347,2024,bottom,lightgbm,manual_weak_bottom_label,161
0.4,32,3,0.3333333333333333,0.15625,0.17708333333333331,-0.021501999999999997,0.0026793034375,-0.024181303437499996,1,0,ok,"{""balanced_bagging"": true, ""is_unbalance"": false, ""learning_rate"": 0.04, ""max_depth"": 3, ""min_child_samples"": 8, ""n_estimators"": 180, ""negative_sample_ratio"": 3.0, ""num_leaves"": 7}",129,347,2024,bottom,lightgbm,manual_weak_bottom_label,161
0.3,32,3,0.3333333333333333,0.15625,0.17708333333333331,-0.021501999999999997,0.0026793034375,-0.024181303437499996,1,0,ok,"{""balanced_bagging"": true, ""is_unbalance"": false, ""learning_rate"": 0.04, ""max_depth"": 3, ""min_child_samples"": 8, ""n_estimators"": 180, ""negative_sample_ratio"": 3.0, ""num_leaves"": 7}",129,347,2024,bottom,lightgbm,manual_weak_bottom_label,161
0.7,32,2,0.5,0.15625,0.34375,-0.02639449,0.0026793034375,-0.0290737934375,1,0,ok,"{""balanced_bagging"": true, ""is_unbalance"": false, ""learning_rate"": 0.03, ""max_depth"": 4, ""min_child_samples"": 10, ""n_estimators"": 250, ""negative_sample_ratio"": 5.0, ""num_leaves"": 15}",129,347,2024,bottom,lightgbm,manual_weak_bottom_label,161
0.6,32,2,0.5,0.15625,0.34375,-0.02639449,0.0026793034375,-0.0290737934375,1,0,ok,"{""balanced_bagging"": true, ""is_unbalance"": false, ""learning_rate"": 0.03, ""max_depth"": 4, ""min_child_samples"": 10, ""n_estimators"": 250, ""negative_sample_ratio"": 5.0, ""num_leaves"": 15}",129,347,2024,bottom,lightgbm,manual_weak_bottom_label,161
0.5,32,2,0.5,0.15625,0.34375,-0.01890636,0.0026793034375,-0.0215856634375,1,0,ok,"{""balanced_bagging"": true, ""is_unbalance"": false, ""learning_rate"": 0.03, ""max_depth"": 4, ""min_child_samples"": 10, ""n_estimators"": 250, ""negative_sample_ratio"": 5.0, ""num_leaves"": 15}",129,347,2024,bottom,lightgbm,manual_weak_bottom_label,161
0.4,32,2,0.5,0.15625,0.34375,-0.01890636,0.0026793034375,-0.0215856634375,1,0,ok,"{""balanced_bagging"": true, ""is_unbalance"": false, ""learning_rate"": 0.03, ""max_depth"": 4, ""min_child_samples"": 10, ""n_estimators"": 250, ""negative_sample_ratio"": 5.0, ""num_leaves"": 15}",129,347,2024,bottom,lightgbm,manual_weak_bottom_label,161
0.3,32,2,0.5,0.15625,0.34375,-0.01890636,0.0026793034375,-0.0215856634375,1,0,ok,"{""balanced_bagging"": true, ""is_unbalance"": false, ""learning_rate"": 0.03, ""max_depth"": 4, ""min_child_samples"": 10, ""n_estimators"": 250, ""negative_sample_ratio"": 5.0, ""num_leaves"": 15}",129,347,2024,bottom,lightgbm,manual_weak_bottom_label,161
0.7,32,1,1.0,0.15625,0.84375,0.0772638,0.0026793034375,0.07458449656249999,0,0,ok,"{""balanced_bagging"": true, ""is_unbalance"": true, ""learning_rate"": 0.025, ""max_depth"": 5, ""min_child_samples"": 12, ""n_estimators"": 320, ""negative_sample_ratio"": 3.0, ""num_leaves"": 15}",129,347,2024,bottom,lightgbm,manual_weak_bottom_label,161
0.6,32,1,1.0,0.15625,0.84375,0.0772638,0.0026793034375,0.07458449656249999,0,0,ok,"{""balanced_bagging"": true, ""is_unbalance"": true, ""learning_rate"": 0.025, ""max_depth"": 5, ""min_child_samples"": 12, ""n_estimators"": 320, ""negative_sample_ratio"": 3.0, ""num_leaves"": 15}",129,347,2024,bottom,lightgbm,manual_weak_bottom_label,161
0.5,32,1,1.0,0.15625,0.84375,0.0772638,0.0026793034375,0.07458449656249999,0,0,ok,"{""balanced_bagging"": true, ""is_unbalance"": true, ""learning_rate"": 0.025, ""max_depth"": 5, ""min_child_samples"": 12, ""n_estimators"": 320, ""negative_sample_ratio"": 3.0, ""num_leaves"": 15}",129,347,2024,bottom,lightgbm,manual_weak_bottom_label,161
0.4,32,3,0.3333333333333333,0.15625,0.17708333333333331,-0.021501999999999997,0.0026793034375,-0.024181303437499996,1,0,ok,"{""balanced_bagging"": true, ""is_unbalance"": true, ""learning_rate"": 0.025, ""max_depth"": 5, ""min_child_samples"": 12, ""n_estimators"": 320, ""negative_sample_ratio"": 3.0, ""num_leaves"": 15}",129,347,2024,bottom,lightgbm,manual_weak_bottom_label,161
0.3,32,3,0.3333333333333333,0.15625,0.17708333333333331,-0.021501999999999997,0.0026793034375,-0.024181303437499996,1,0,ok,"{""balanced_bagging"": true, ""is_unbalance"": true, ""learning_rate"": 0.025, ""max_depth"": 5, ""min_child_samples"": 12, ""n_estimators"": 320, ""negative_sample_ratio"": 3.0, ""num_leaves"": 15}",129,347,2024,bottom,lightgbm,manual_weak_bottom_label,161
0.7,32,1,1.0,0.15625,0.84375,0.0772638,0.0026793034375,0.07458449656249999,0,0,ok,"{""dropout"": 0.05, ""focal_alpha"": 0.7, ""focal_gamma"": 1.5, ""hidden_layers"": [32], ""learning_rate"": 0.001, ""max_epochs"": 130, ""patience"": 15}",129,347,2024,bottom,bp,manual_weak_bottom_label,161
0.6,32,1,1.0,0.15625,0.84375,0.0772638,0.0026793034375,0.07458449656249999,0,0,ok,"{""dropout"": 0.05, ""focal_alpha"": 0.7, ""focal_gamma"": 1.5, ""hidden_layers"": [32], ""learning_rate"": 0.001, ""max_epochs"": 130, ""patience"": 15}",129,347,2024,bottom,bp,manual_weak_bottom_label,161
0.5,32,6,0.3333333333333333,0.15625,0.17708333333333331,0.012397013333333333,0.0026793034375,0.009717709895833333,1,0,ok,"{""dropout"": 0.05, ""focal_alpha"": 0.7, ""focal_gamma"": 1.5, ""hidden_layers"": [32], ""learning_rate"": 0.001, ""max_epochs"": 130, ""patience"": 15}",129,347,2024,bottom,bp,manual_weak_bottom_label,161
0.4,32,6,0.3333333333333333,0.15625,0.17708333333333331,0.020759795,0.0026793034375,0.018080491562500002,1,0,ok,"{""dropout"": 0.05, ""focal_alpha"": 0.7, ""focal_gamma"": 1.5, ""hidden_layers"": [32], ""learning_rate"": 0.001, ""max_epochs"": 130, ""patience"": 15}",129,347,2024,bottom,bp,manual_weak_bottom_label,161
0.3,32,9,0.1111111111111111,0.15625,-0.045138888888888895,-5.1231111111111114e-05,0.0026793034375,-0.002730534548611111,1,0,ok,"{""dropout"": 0.05, ""focal_alpha"": 0.7, ""focal_gamma"": 1.5, ""hidden_layers"": [32], ""learning_rate"": 0.001, ""max_epochs"": 130, ""patience"": 15}",129,347,2024,bottom,bp,manual_weak_bottom_label,161
0.7,32,1,1.0,0.15625,0.84375,0.0772638,0.0026793034375,0.07458449656249999,0,0,ok,"{""dropout"": 0.1, ""focal_alpha"": 0.75, ""focal_gamma"": 2.0, ""hidden_layers"": [48, 24], ""learning_rate"": 0.001, ""max_epochs"": 160, ""patience"": 18}",129,347,2024,bottom,bp,manual_weak_bottom_label,161
0.6,32,2,0.5,0.15625,0.34375,-0.02530375,0.0026793034375,-0.0279830534375,1,0,ok,"{""dropout"": 0.1, ""focal_alpha"": 0.75, ""focal_gamma"": 2.0, ""hidden_layers"": [48, 24], ""learning_rate"": 0.001, ""max_epochs"": 160, ""patience"": 18}",129,347,2024,bottom,bp,manual_weak_bottom_label,161
0.5,32,2,0.5,0.15625,0.34375,-0.02530375,0.0026793034375,-0.0279830534375,1,0,ok,"{""dropout"": 0.1, ""focal_alpha"": 0.75, ""focal_gamma"": 2.0, ""hidden_layers"": [48, 24], ""learning_rate"": 0.001, ""max_epochs"": 160, ""patience"": 18}",129,347,2024,bottom,bp,manual_weak_bottom_label,161
0.4,32,3,0.6666666666666666,0.15625,0.5104166666666666,-0.00109404,0.0026793034375,-0.0037733434375,1,0,ok,"{""dropout"": 0.1, ""focal_alpha"": 0.75, ""focal_gamma"": 2.0, ""hidden_layers"": [48, 24], ""learning_rate"": 0.001, ""max_epochs"": 160, ""patience"": 18}",129,347,2024,bottom,bp,manual_weak_bottom_label,161
0.3,32,3,0.6666666666666666,0.15625,0.5104166666666666,0.003898046666666667,0.0026793034375,0.001218743229166667,1,1,ok,"{""dropout"": 0.1, ""focal_alpha"": 0.75, ""focal_gamma"": 2.0, ""hidden_layers"": [48, 24], ""learning_rate"": 0.001, ""max_epochs"": 160, ""patience"": 18}",129,347,2024,bottom,bp,manual_weak_bottom_label,161
0.7,32,1,1.0,0.15625,0.84375,0.0772638,0.0026793034375,0.07458449656249999,0,0,ok,"{""dropout"": 0.15, ""focal_alpha"": 0.8, ""focal_gamma"": 2.5, ""hidden_layers"": [64, 32], ""learning_rate"": 0.0007, ""max_epochs"": 180, ""patience"": 20}",129,347,2024,bottom,bp,manual_weak_bottom_label,161
0.6,32,2,0.5,0.15625,0.34375,-0.01781562,0.0026793034375,-0.0204949234375,1,0,ok,"{""dropout"": 0.15, ""focal_alpha"": 0.8, ""focal_gamma"": 2.5, ""hidden_layers"": [64, 32], ""learning_rate"": 0.0007, ""max_epochs"": 180, ""patience"": 20}",129,347,2024,bottom,bp,manual_weak_bottom_label,161
0.5,32,3,0.3333333333333333,0.15625,0.17708333333333331,-0.017400146666666668,0.0026793034375,-0.020079450104166667,1,0,ok,"{""dropout"": 0.15, ""focal_alpha"": 0.8, ""focal_gamma"": 2.5, ""hidden_layers"": [64, 32], ""learning_rate"": 0.0007, ""max_epochs"": 180, ""patience"": 20}",129,347,2024,bottom,bp,manual_weak_bottom_label,161
0.4,32,4,0.5,0.15625,0.34375,-0.0162899825,0.0026793034375,-0.0189692859375,1,0,ok,"{""dropout"": 0.15, ""focal_alpha"": 0.8, ""focal_gamma"": 2.5, ""hidden_layers"": [64, 32], ""learning_rate"": 0.0007, ""max_epochs"": 180, ""patience"": 20}",129,347,2024,bottom,bp,manual_weak_bottom_label,161
0.3,32,4,0.25,0.15625,0.09375,-0.01829011,0.0026793034375,-0.020969413437499997,1,0,ok,"{""dropout"": 0.15, ""focal_alpha"": 0.8, ""focal_gamma"": 2.5, ""hidden_layers"": [64, 32], ""learning_rate"": 0.0007, ""max_epochs"": 180, ""patience"": 20}",129,347,2024,bottom,bp,manual_weak_bottom_label,161
0.7,32,1,0.0,0.15625,-0.15625,0.00046109,0.0026793034375,-0.0022182134375,0,0,ok,"{""alpha"": 0.0001, ""hidden_layer_sizes"": [32], ""learning_rate_init"": 0.001, ""max_iter"": 500, ""negative_sample_ratio"": 2.0}",129,347,2024,bottom,mlp,manual_weak_bottom_label,161
0.6,32,1,0.0,0.15625,-0.15625,0.00046109,0.0026793034375,-0.0022182134375,0,0,ok,"{""alpha"": 0.0001, ""hidden_layer_sizes"": [32], ""learning_rate_init"": 0.001, ""max_iter"": 500, ""negative_sample_ratio"": 2.0}",129,347,2024,bottom,mlp,manual_weak_bottom_label,161
0.5,32,2,0.0,0.15625,-0.15625,0.0274405,0.0026793034375,0.0247611965625,1,0,ok,"{""alpha"": 0.0001, ""hidden_layer_sizes"": [32], ""learning_rate_init"": 0.001, ""max_iter"": 500, ""negative_sample_ratio"": 2.0}",129,347,2024,bottom,mlp,manual_weak_bottom_label,161
0.4,32,5,0.0,0.15625,-0.15625,-0.023573749999999997,0.0026793034375,-0.026253053437499996,1,0,ok,"{""alpha"": 0.0001, ""hidden_layer_sizes"": [32], ""learning_rate_init"": 0.001, ""max_iter"": 500, ""negative_sample_ratio"": 2.0}",129,347,2024,bottom,mlp,manual_weak_bottom_label,161
0.3,32,8,0.25,0.15625,0.09375,-0.0030744275,0.0026793034375,-0.0057537309375,1,0,ok,"{""alpha"": 0.0001, ""hidden_layer_sizes"": [32], ""learning_rate_init"": 0.001, ""max_iter"": 500, ""negative_sample_ratio"": 2.0}",129,347,2024,bottom,mlp,manual_weak_bottom_label,161
0.7,32,0,,0.15625,,,0.0026793034375,,0,0,ok,"{""alpha"": 0.0001, ""hidden_layer_sizes"": [48, 24], ""learning_rate_init"": 0.001, ""max_iter"": 600, ""negative_sample_ratio"": 3.0}",129,347,2024,bottom,mlp,manual_weak_bottom_label,161
0.6,32,0,,0.15625,,,0.0026793034375,,0,0,ok,"{""alpha"": 0.0001, ""hidden_layer_sizes"": [48, 24], ""learning_rate_init"": 0.001, ""max_iter"": 600, ""negative_sample_ratio"": 3.0}",129,347,2024,bottom,mlp,manual_weak_bottom_label,161
0.5,32,0,,0.15625,,,0.0026793034375,,0,0,ok,"{""alpha"": 0.0001, ""hidden_layer_sizes"": [48, 24], ""learning_rate_init"": 0.001, ""max_iter"": 600, ""negative_sample_ratio"": 3.0}",129,347,2024,bottom,mlp,manual_weak_bottom_label,161
0.4,32,1,1.0,0.15625,0.84375,0.0772638,0.0026793034375,0.07458449656249999,0,0,ok,"{""alpha"": 0.0001, ""hidden_layer_sizes"": [48, 24], ""learning_rate_init"": 0.001, ""max_iter"": 600, ""negative_sample_ratio"": 3.0}",129,347,2024,bottom,mlp,manual_weak_bottom_label,161
0.3,32,2,0.5,0.15625,0.34375,0.08409369,0.0026793034375,0.0814143865625,1,1,ok,"{""alpha"": 0.0001, ""hidden_layer_sizes"": [48, 24], ""learning_rate_init"": 0.001, ""max_iter"": 600, ""negative_sample_ratio"": 3.0}",129,347,2024,bottom,mlp,manual_weak_bottom_label,161
0.7,32,0,,0.15625,,,0.0026793034375,,0,0,ok,"{""alpha"": 0.001, ""hidden_layer_sizes"": [64, 32], ""learning_rate_init"": 0.0007, ""max_iter"": 700, ""negative_sample_ratio"": 5.0}",129,347,2024,bottom,mlp,manual_weak_bottom_label,161
0.6,32,0,,0.15625,,,0.0026793034375,,0,0,ok,"{""alpha"": 0.001, ""hidden_layer_sizes"": [64, 32], ""learning_rate_init"": 0.0007, ""max_iter"": 700, ""negative_sample_ratio"": 5.0}",129,347,2024,bottom,mlp,manual_weak_bottom_label,161
0.5,32,0,,0.15625,,,0.0026793034375,,0,0,ok,"{""alpha"": 0.001, ""hidden_layer_sizes"": [64, 32], ""learning_rate_init"": 0.0007, ""max_iter"": 700, ""negative_sample_ratio"": 5.0}",129,347,2024,bottom,mlp,manual_weak_bottom_label,161
0.4,32,2,0.0,0.15625,-0.15625,-0.03445266,0.0026793034375,-0.037131963437500005,1,0,ok,"{""alpha"": 0.001, ""hidden_layer_sizes"": [64, 32], ""learning_rate_init"": 0.0007, ""max_iter"": 700, ""negative_sample_ratio"": 5.0}",129,347,2024,bottom,mlp,manual_weak_bottom_label,161
0.3,32,3,0.0,0.15625,-0.15625,-0.012792786666666667,0.0026793034375,-0.015472090104166666,1,0,ok,"{""alpha"": 0.001, ""hidden_layer_sizes"": [64, 32], ""learning_rate_init"": 0.0007, ""max_iter"": 700, ""negative_sample_ratio"": 5.0}",129,347,2024,bottom,mlp,manual_weak_bottom_label,161
0.7,32,0,,0.15625,,,0.0026793034375,,0,0,ok,"{""C"": 0.5, ""gamma"": ""scale""}",129,347,2024,bottom,svm,manual_weak_bottom_label,161
0.6,32,0,,0.15625,,,0.0026793034375,,0,0,ok,"{""C"": 0.5, ""gamma"": ""scale""}",129,347,2024,bottom,svm,manual_weak_bottom_label,161
0.5,32,0,,0.15625,,,0.0026793034375,,0,0,ok,"{""C"": 0.5, ""gamma"": ""scale""}",129,347,2024,bottom,svm,manual_weak_bottom_label,161
0.4,32,0,,0.15625,,,0.0026793034375,,0,0,ok,"{""C"": 0.5, ""gamma"": ""scale""}",129,347,2024,bottom,svm,manual_weak_bottom_label,161
0.3,32,8,0.0,0.15625,-0.15625,0.00203739,0.0026793034375,-0.0006419134374999998,1,0,ok,"{""C"": 0.5, ""gamma"": ""scale""}",129,347,2024,bottom,svm,manual_weak_bottom_label,161
0.7,32,0,,0.15625,,,0.0026793034375,,0,0,ok,"{""C"": 1.0, ""gamma"": ""scale""}",129,347,2024,bottom,svm,manual_weak_bottom_label,161
0.6,32,0,,0.15625,,,0.0026793034375,,0,0,ok,"{""C"": 1.0, ""gamma"": ""scale""}",129,347,2024,bottom,svm,manual_weak_bottom_label,161
0.5,32,0,,0.15625,,,0.0026793034375,,0,0,ok,"{""C"": 1.0, ""gamma"": ""scale""}",129,347,2024,bottom,svm,manual_weak_bottom_label,161
0.4,32,0,,0.15625,,,0.0026793034375,,0,0,ok,"{""C"": 1.0, ""gamma"": ""scale""}",129,347,2024,bottom,svm,manual_weak_bottom_label,161
0.3,32,9,0.1111111111111111,0.15625,-0.045138888888888895,0.013704337777777777,0.0026793034375,0.011025034340277778,1,1,ok,"{""C"": 1.0, ""gamma"": ""scale""}",129,347,2024,bottom,svm,manual_weak_bottom_label,161
0.7,32,0,,0.15625,,,0.0026793034375,,0,0,ok,"{""C"": 2.0, ""gamma"": ""scale""}",129,347,2024,bottom,svm,manual_weak_bottom_label,161
0.6,32,0,,0.15625,,,0.0026793034375,,0,0,ok,"{""C"": 2.0, ""gamma"": ""scale""}",129,347,2024,bottom,svm,manual_weak_bottom_label,161
0.5,32,0,,0.15625,,,0.0026793034375,,0,0,ok,"{""C"": 2.0, ""gamma"": ""scale""}",129,347,2024,bottom,svm,manual_weak_bottom_label,161
0.4,32,0,,0.15625,,,0.0026793034375,,0,0,ok,"{""C"": 2.0, ""gamma"": ""scale""}",129,347,2024,bottom,svm,manual_weak_bottom_label,161
0.3,32,9,0.1111111111111111,0.15625,-0.045138888888888895,0.013704337777777777,0.0026793034375,0.011025034340277778,1,0,ok,"{""C"": 2.0, ""gamma"": ""scale""}",129,347,2024,bottom,svm,manual_weak_bottom_label,161
0.7,30,12,0.5833333333333334,0.5333333333333333,0.050000000000000044,-0.016703130833333333,-0.012288004666666666,-0.004415126166666667,1,1,ok,"{""C"": 0.3}",119,347,2024,top,logistic,manual_weak_top_label,149
0.6,30,12,0.5833333333333334,0.5333333333333333,0.050000000000000044,-0.0209406425,-0.012288004666666666,-0.008652637833333332,1,0,ok,"{""C"": 0.3}",119,347,2024,top,logistic,manual_weak_top_label,149
0.5,30,13,0.5384615384615384,0.5333333333333333,0.00512820512820511,-0.017896964615384616,-0.012288004666666666,-0.00560895994871795,1,0,ok,"{""C"": 0.3}",119,347,2024,top,logistic,manual_weak_top_label,149
0.4,30,13,0.5384615384615384,0.5333333333333333,0.00512820512820511,-0.016454573846153845,-0.012288004666666666,-0.004166569179487179,1,0,ok,"{""C"": 0.3}",119,347,2024,top,logistic,manual_weak_top_label,149
0.3,30,13,0.5384615384615384,0.5333333333333333,0.00512820512820511,-0.016454573846153845,-0.012288004666666666,-0.004166569179487179,1,0,ok,"{""C"": 0.3}",119,347,2024,top,logistic,manual_weak_top_label,149
0.7,30,12,0.5833333333333334,0.5333333333333333,0.050000000000000044,-0.0209406425,-0.012288004666666666,-0.008652637833333332,1,0,ok,"{""C"": 1.0}",119,347,2024,top,logistic,manual_weak_top_label,149
0.6,30,12,0.5833333333333334,0.5333333333333333,0.050000000000000044,-0.0209406425,-0.012288004666666666,-0.008652637833333332,1,0,ok,"{""C"": 1.0}",119,347,2024,top,logistic,manual_weak_top_label,149
0.5,30,12,0.5833333333333334,0.5333333333333333,0.050000000000000044,-0.0209406425,-0.012288004666666666,-0.008652637833333332,1,0,ok,"{""C"": 1.0}",119,347,2024,top,logistic,manual_weak_top_label,149
0.4,30,13,0.5384615384615384,0.5333333333333333,0.00512820512820511,-0.017896964615384616,-0.012288004666666666,-0.00560895994871795,1,0,ok,"{""C"": 1.0}",119,347,2024,top,logistic,manual_weak_top_label,149
0.3,30,13,0.5384615384615384,0.5333333333333333,0.00512820512820511,-0.017896964615384616,-0.012288004666666666,-0.00560895994871795,1,0,ok,"{""C"": 1.0}",119,347,2024,top,logistic,manual_weak_top_label,149
0.7,30,12,0.5833333333333334,0.5333333333333333,0.050000000000000044,-0.0209406425,-0.012288004666666666,-0.008652637833333332,1,0,ok,"{""C"": 3.0}",119,347,2024,top,logistic,manual_weak_top_label,149
0.6,30,12,0.5833333333333334,0.5333333333333333,0.050000000000000044,-0.0209406425,-0.012288004666666666,-0.008652637833333332,1,0,ok,"{""C"": 3.0}",119,347,2024,top,logistic,manual_weak_top_label,149
0.5,30,12,0.5833333333333334,0.5333333333333333,0.050000000000000044,-0.0209406425,-0.012288004666666666,-0.008652637833333332,1,0,ok,"{""C"": 3.0}",119,347,2024,top,logistic,manual_weak_top_label,149
0.4,30,12,0.5833333333333334,0.5333333333333333,0.050000000000000044,-0.0209406425,-0.012288004666666666,-0.008652637833333332,1,0,ok,"{""C"": 3.0}",119,347,2024,top,logistic,manual_weak_top_label,149
0.3,30,12,0.5833333333333334,0.5333333333333333,0.050000000000000044,-0.0209406425,-0.012288004666666666,-0.008652637833333332,1,0,ok,"{""C"": 3.0}",119,347,2024,top,logistic,manual_weak_top_label,149
0.7,30,12,0.5833333333333334,0.5333333333333333,0.050000000000000044,-0.0171452175,-0.012288004666666666,-0.004857212833333334,1,0,ok,"{""shrinkage"": ""auto"", ""solver"": ""lsqr""}",119,347,2024,top,lda,manual_weak_top_label,149
0.6,30,12,0.5833333333333334,0.5333333333333333,0.050000000000000044,-0.0171452175,-0.012288004666666666,-0.004857212833333334,1,0,ok,"{""shrinkage"": ""auto"", ""solver"": ""lsqr""}",119,347,2024,top,lda,manual_weak_top_label,149
0.5,30,13,0.5384615384615384,0.5333333333333333,0.00512820512820511,-0.018090408461538462,-0.012288004666666666,-0.005802403794871796,1,0,ok,"{""shrinkage"": ""auto"", ""solver"": ""lsqr""}",119,347,2024,top,lda,manual_weak_top_label,149
0.4,30,13,0.5384615384615384,0.5333333333333333,0.00512820512820511,-0.018090408461538462,-0.012288004666666666,-0.005802403794871796,1,0,ok,"{""shrinkage"": ""auto"", ""solver"": ""lsqr""}",119,347,2024,top,lda,manual_weak_top_label,149
0.3,30,13,0.5384615384615384,0.5333333333333333,0.00512820512820511,-0.018090408461538462,-0.012288004666666666,-0.005802403794871796,1,0,ok,"{""shrinkage"": ""auto"", ""solver"": ""lsqr""}",119,347,2024,top,lda,manual_weak_top_label,149
0.7,30,11,0.5454545454545454,0.5333333333333333,0.012121212121212088,-0.011630454545454545,-0.012288004666666666,0.0006575501212121217,1,0,ok,"{""shrinkage"": 0.2, ""solver"": ""lsqr""}",119,347,2024,top,lda,manual_weak_top_label,149
0.6,30,12,0.5833333333333334,0.5333333333333333,0.050000000000000044,-0.0171452175,-0.012288004666666666,-0.004857212833333334,1,0,ok,"{""shrinkage"": 0.2, ""solver"": ""lsqr""}",119,347,2024,top,lda,manual_weak_top_label,149
0.5,30,13,0.5384615384615384,0.5333333333333333,0.00512820512820511,-0.018090408461538462,-0.012288004666666666,-0.005802403794871796,1,0,ok,"{""shrinkage"": 0.2, ""solver"": ""lsqr""}",119,347,2024,top,lda,manual_weak_top_label,149
0.4,30,13,0.5384615384615384,0.5333333333333333,0.00512820512820511,-0.018090408461538462,-0.012288004666666666,-0.005802403794871796,1,0,ok,"{""shrinkage"": 0.2, ""solver"": ""lsqr""}",119,347,2024,top,lda,manual_weak_top_label,149
0.3,30,13,0.5384615384615384,0.5333333333333333,0.00512820512820511,-0.019295520000000004,-0.012288004666666666,-0.007007515333333337,1,0,ok,"{""shrinkage"": 0.2, ""solver"": ""lsqr""}",119,347,2024,top,lda,manual_weak_top_label,149
0.7,30,11,0.6363636363636364,0.5333333333333333,0.10303030303030303,-0.021966368181818182,-0.012288004666666666,-0.009678363515151516,1,1,ok,"{""shrinkage"": 0.5, ""solver"": ""lsqr""}",119,347,2024,top,lda,manual_weak_top_label,149
0.6,30,11,0.6363636363636364,0.5333333333333333,0.10303030303030303,-0.021966368181818182,-0.012288004666666666,-0.009678363515151516,1,0,ok,"{""shrinkage"": 0.5, ""solver"": ""lsqr""}",119,347,2024,top,lda,manual_weak_top_label,149
0.5,30,13,0.5384615384615384,0.5333333333333333,0.00512820512820511,-0.012543024615384616,-0.012288004666666666,-0.0002550199487179501,1,0,ok,"{""shrinkage"": 0.5, ""solver"": ""lsqr""}",119,347,2024,top,lda,manual_weak_top_label,149
0.4,30,13,0.5384615384615384,0.5333333333333333,0.00512820512820511,-0.012543024615384616,-0.012288004666666666,-0.0002550199487179501,1,0,ok,"{""shrinkage"": 0.5, ""solver"": ""lsqr""}",119,347,2024,top,lda,manual_weak_top_label,149
0.3,30,13,0.5384615384615384,0.5333333333333333,0.00512820512820511,-0.012543024615384616,-0.012288004666666666,-0.0002550199487179501,1,0,ok,"{""shrinkage"": 0.5, ""solver"": ""lsqr""}",119,347,2024,top,lda,manual_weak_top_label,149
0.7,30,13,0.5384615384615384,0.5333333333333333,0.00512820512820511,-0.016454573846153845,-0.012288004666666666,-0.004166569179487179,1,1,ok,"{""reg_param"": 0.2}",119,347,2024,top,qda,manual_weak_top_label,149
0.6,30,13,0.5384615384615384,0.5333333333333333,0.00512820512820511,-0.016454573846153845,-0.012288004666666666,-0.004166569179487179,1,0,ok,"{""reg_param"": 0.2}",119,347,2024,top,qda,manual_weak_top_label,149
0.5,30,13,0.5384615384615384,0.5333333333333333,0.00512820512820511,-0.016454573846153845,-0.012288004666666666,-0.004166569179487179,1,0,ok,"{""reg_param"": 0.2}",119,347,2024,top,qda,manual_weak_top_label,149
0.4,30,13,0.5384615384615384,0.5333333333333333,0.00512820512820511,-0.016454573846153845,-0.012288004666666666,-0.004166569179487179,1,0,ok,"{""reg_param"": 0.2}",119,347,2024,top,qda,manual_weak_top_label,149
0.3,30,13,0.5384615384615384,0.5333333333333333,0.00512820512820511,-0.016454573846153845,-0.012288004666666666,-0.004166569179487179,1,0,ok,"{""reg_param"": 0.2}",119,347,2024,top,qda,manual_weak_top_label,149
0.7,30,13,0.5384615384615384,0.5333333333333333,0.00512820512820511,-0.016454573846153845,-0.012288004666666666,-0.004166569179487179,1,0,ok,"{""reg_param"": 0.5}",119,347,2024,top,qda,manual_weak_top_label,149
0.6,30,13,0.5384615384615384,0.5333333333333333,0.00512820512820511,-0.016454573846153845,-0.012288004666666666,-0.004166569179487179,1,0,ok,"{""reg_param"": 0.5}",119,347,2024,top,qda,manual_weak_top_label,149
0.5,30,13,0.5384615384615384,0.5333333333333333,0.00512820512820511,-0.016454573846153845,-0.012288004666666666,-0.004166569179487179,1,0,ok,"{""reg_param"": 0.5}",119,347,2024,top,qda,manual_weak_top_label,149
0.4,30,13,0.5384615384615384,0.5333333333333333,0.00512820512820511,-0.016454573846153845,-0.012288004666666666,-0.004166569179487179,1,0,ok,"{""reg_param"": 0.5}",119,347,2024,top,qda,manual_weak_top_label,149
0.3,30,13,0.5384615384615384,0.5333333333333333,0.00512820512820511,-0.016454573846153845,-0.012288004666666666,-0.004166569179487179,1,0,ok,"{""reg_param"": 0.5}",119,347,2024,top,qda,manual_weak_top_label,149
0.7,30,13,0.5384615384615384,0.5333333333333333,0.00512820512820511,-0.016454573846153845,-0.012288004666666666,-0.004166569179487179,1,0,ok,"{""reg_param"": 0.8}",119,347,2024,top,qda,manual_weak_top_label,149
0.6,30,13,0.5384615384615384,0.5333333333333333,0.00512820512820511,-0.016454573846153845,-0.012288004666666666,-0.004166569179487179,1,0,ok,"{""reg_param"": 0.8}",119,347,2024,top,qda,manual_weak_top_label,149
0.5,30,13,0.5384615384615384,0.5333333333333333,0.00512820512820511,-0.016454573846153845,-0.012288004666666666,-0.004166569179487179,1,0,ok,"{""reg_param"": 0.8}",119,347,2024,top,qda,manual_weak_top_label,149
0.4,30,13,0.5384615384615384,0.5333333333333333,0.00512820512820511,-0.016454573846153845,-0.012288004666666666,-0.004166569179487179,1,0,ok,"{""reg_param"": 0.8}",119,347,2024,top,qda,manual_weak_top_label,149
0.3,30,13,0.5384615384615384,0.5333333333333333,0.00512820512820511,-0.016454573846153845,-0.012288004666666666,-0.004166569179487179,1,0,ok,"{""reg_param"": 0.8}",119,347,2024,top,qda,manual_weak_top_label,149
0.7,30,0,,0.5333333333333333,,,-0.012288004666666666,,0,0,ok,"{""balanced_bagging"": true, ""is_unbalance"": false, ""learning_rate"": 0.04, ""max_depth"": 3, ""min_child_samples"": 8, ""n_estimators"": 180, ""negative_sample_ratio"": 3.0, ""num_leaves"": 7}",119,347,2024,top,lightgbm,manual_weak_top_label,149
0.6,30,2,0.5,0.5333333333333333,-0.033333333333333326,-0.00836779,-0.012288004666666666,0.003920214666666666,1,0,ok,"{""balanced_bagging"": true, ""is_unbalance"": false, ""learning_rate"": 0.04, ""max_depth"": 3, ""min_child_samples"": 8, ""n_estimators"": 180, ""negative_sample_ratio"": 3.0, ""num_leaves"": 7}",119,347,2024,top,lightgbm,manual_weak_top_label,149
0.5,30,3,0.6666666666666666,0.5333333333333333,0.1333333333333333,-0.026591383333333333,-0.012288004666666666,-0.014303378666666667,1,0,ok,"{""balanced_bagging"": true, ""is_unbalance"": false, ""learning_rate"": 0.04, ""max_depth"": 3, ""min_child_samples"": 8, ""n_estimators"": 180, ""negative_sample_ratio"": 3.0, ""num_leaves"": 7}",119,347,2024,top,lightgbm,manual_weak_top_label,149
0.4,30,5,0.6,0.5333333333333333,0.06666666666666665,-0.0025621660000000003,-0.012288004666666666,0.009725838666666667,1,0,ok,"{""balanced_bagging"": true, ""is_unbalance"": false, ""learning_rate"": 0.04, ""max_depth"": 3, ""min_child_samples"": 8, ""n_estimators"": 180, ""negative_sample_ratio"": 3.0, ""num_leaves"": 7}",119,347,2024,top,lightgbm,manual_weak_top_label,149
0.3,30,7,0.7142857142857143,0.5333333333333333,0.18095238095238098,-0.016311032857142856,-0.012288004666666666,-0.00402302819047619,1,0,ok,"{""balanced_bagging"": true, ""is_unbalance"": false, ""learning_rate"": 0.04, ""max_depth"": 3, ""min_child_samples"": 8, ""n_estimators"": 180, ""negative_sample_ratio"": 3.0, ""num_leaves"": 7}",119,347,2024,top,lightgbm,manual_weak_top_label,149
0.7,30,0,,0.5333333333333333,,,-0.012288004666666666,,0,0,ok,"{""balanced_bagging"": true, ""is_unbalance"": false, ""learning_rate"": 0.03, ""max_depth"": 4, ""min_child_samples"": 10, ""n_estimators"": 250, ""negative_sample_ratio"": 5.0, ""num_leaves"": 15}",119,347,2024,top,lightgbm,manual_weak_top_label,149
0.6,30,2,1.0,0.5333333333333333,0.4666666666666667,-0.0446023,-0.012288004666666666,-0.03231429533333333,1,1,ok,"{""balanced_bagging"": true, ""is_unbalance"": false, ""learning_rate"": 0.03, ""max_depth"": 4, ""min_child_samples"": 10, ""n_estimators"": 250, ""negative_sample_ratio"": 5.0, ""num_leaves"": 15}",119,347,2024,top,lightgbm,manual_weak_top_label,149
0.5,30,2,1.0,0.5333333333333333,0.4666666666666667,-0.0446023,-0.012288004666666666,-0.03231429533333333,1,0,ok,"{""balanced_bagging"": true, ""is_unbalance"": false, ""learning_rate"": 0.03, ""max_depth"": 4, ""min_child_samples"": 10, ""n_estimators"": 250, ""negative_sample_ratio"": 5.0, ""num_leaves"": 15}",119,347,2024,top,lightgbm,manual_weak_top_label,149
0.4,30,4,0.75,0.5333333333333333,0.21666666666666667,-0.0176208125,-0.012288004666666666,-0.005332807833333333,1,0,ok,"{""balanced_bagging"": true, ""is_unbalance"": false, ""learning_rate"": 0.03, ""max_depth"": 4, ""min_child_samples"": 10, ""n_estimators"": 250, ""negative_sample_ratio"": 5.0, ""num_leaves"": 15}",119,347,2024,top,lightgbm,manual_weak_top_label,149
0.3,30,6,0.6666666666666666,0.5333333333333333,0.1333333333333333,-0.01852268166666667,-0.012288004666666666,-0.006234677000000003,1,0,ok,"{""balanced_bagging"": true, ""is_unbalance"": false, ""learning_rate"": 0.03, ""max_depth"": 4, ""min_child_samples"": 10, ""n_estimators"": 250, ""negative_sample_ratio"": 5.0, ""num_leaves"": 15}",119,347,2024,top,lightgbm,manual_weak_top_label,149
0.7,30,1,1.0,0.5333333333333333,0.4666666666666667,-0.04434725,-0.012288004666666666,-0.03205924533333333,0,0,ok,"{""balanced_bagging"": true, ""is_unbalance"": true, ""learning_rate"": 0.025, ""max_depth"": 5, ""min_child_samples"": 12, ""n_estimators"": 320, ""negative_sample_ratio"": 3.0, ""num_leaves"": 15}",119,347,2024,top,lightgbm,manual_weak_top_label,149
0.6,30,4,0.5,0.5333333333333333,-0.033333333333333326,0.0035651775,-0.012288004666666666,0.015853182166666667,1,0,ok,"{""balanced_bagging"": true, ""is_unbalance"": true, ""learning_rate"": 0.025, ""max_depth"": 5, ""min_child_samples"": 12, ""n_estimators"": 320, ""negative_sample_ratio"": 3.0, ""num_leaves"": 15}",119,347,2024,top,lightgbm,manual_weak_top_label,149
0.5,30,5,0.6,0.5333333333333333,0.06666666666666665,-1.7802e-05,-0.012288004666666666,0.012270202666666665,1,0,ok,"{""balanced_bagging"": true, ""is_unbalance"": true, ""learning_rate"": 0.025, ""max_depth"": 5, ""min_child_samples"": 12, ""n_estimators"": 320, ""negative_sample_ratio"": 3.0, ""num_leaves"": 15}",119,347,2024,top,lightgbm,manual_weak_top_label,149
0.4,30,6,0.6666666666666666,0.5333333333333333,0.1333333333333333,-0.015103073333333333,-0.012288004666666666,-0.0028150686666666667,1,0,ok,"{""balanced_bagging"": true, ""is_unbalance"": true, ""learning_rate"": 0.025, ""max_depth"": 5, ""min_child_samples"": 12, ""n_estimators"": 320, ""negative_sample_ratio"": 3.0, ""num_leaves"": 15}",119,347,2024,top,lightgbm,manual_weak_top_label,149
0.3,30,7,0.7142857142857143,0.5333333333333333,0.18095238095238098,-0.027896565714285716,-0.012288004666666666,-0.01560856104761905,1,0,ok,"{""balanced_bagging"": true, ""is_unbalance"": true, ""learning_rate"": 0.025, ""max_depth"": 5, ""min_child_samples"": 12, ""n_estimators"": 320, ""negative_sample_ratio"": 3.0, ""num_leaves"": 15}",119,347,2024,top,lightgbm,manual_weak_top_label,149
0.7,30,9,0.5555555555555556,0.5333333333333333,0.022222222222222254,-0.009818324444444445,-0.012288004666666666,0.0024696802222222217,1,0,ok,"{""dropout"": 0.05, ""focal_alpha"": 0.7, ""focal_gamma"": 1.5, ""hidden_layers"": [32], ""learning_rate"": 0.001, ""max_epochs"": 130, ""patience"": 15}",119,347,2024,top,bp,manual_weak_top_label,149
0.6,30,12,0.5833333333333334,0.5333333333333333,0.050000000000000044,-0.010385461666666667,-0.012288004666666666,0.0019025429999999996,1,0,ok,"{""dropout"": 0.05, ""focal_alpha"": 0.7, ""focal_gamma"": 1.5, ""hidden_layers"": [32], ""learning_rate"": 0.001, ""max_epochs"": 130, ""patience"": 15}",119,347,2024,top,bp,manual_weak_top_label,149
0.5,30,13,0.5384615384615384,0.5333333333333333,0.00512820512820511,-0.017896964615384616,-0.012288004666666666,-0.00560895994871795,1,0,ok,"{""dropout"": 0.05, ""focal_alpha"": 0.7, ""focal_gamma"": 1.5, ""hidden_layers"": [32], ""learning_rate"": 0.001, ""max_epochs"": 130, ""patience"": 15}",119,347,2024,top,bp,manual_weak_top_label,149
0.4,30,13,0.5384615384615384,0.5333333333333333,0.00512820512820511,-0.017896964615384616,-0.012288004666666666,-0.00560895994871795,1,0,ok,"{""dropout"": 0.05, ""focal_alpha"": 0.7, ""focal_gamma"": 1.5, ""hidden_layers"": [32], ""learning_rate"": 0.001, ""max_epochs"": 130, ""patience"": 15}",119,347,2024,top,bp,manual_weak_top_label,149
0.3,30,13,0.5384615384615384,0.5333333333333333,0.00512820512820511,-0.016454573846153845,-0.012288004666666666,-0.004166569179487179,1,0,ok,"{""dropout"": 0.05, ""focal_alpha"": 0.7, ""focal_gamma"": 1.5, ""hidden_layers"": [32], ""learning_rate"": 0.001, ""max_epochs"": 130, ""patience"": 15}",119,347,2024,top,bp,manual_weak_top_label,149
0.7,30,7,0.42857142857142855,0.5333333333333333,-0.10476190476190478,-0.0064062457142857136,-0.012288004666666666,0.005881758952380953,1,0,ok,"{""dropout"": 0.1, ""focal_alpha"": 0.75, ""focal_gamma"": 2.0, ""hidden_layers"": [48, 24], ""learning_rate"": 0.001, ""max_epochs"": 160, ""patience"": 18}",119,347,2024,top,bp,manual_weak_top_label,149
0.6,30,9,0.4444444444444444,0.5333333333333333,-0.0888888888888889,-0.004736167777777777,-0.012288004666666666,0.007551836888888889,1,0,ok,"{""dropout"": 0.1, ""focal_alpha"": 0.75, ""focal_gamma"": 2.0, ""hidden_layers"": [48, 24], ""learning_rate"": 0.001, ""max_epochs"": 160, ""patience"": 18}",119,347,2024,top,bp,manual_weak_top_label,149
0.5,30,11,0.45454545454545453,0.5333333333333333,-0.0787878787878788,-0.0032325263636363635,-0.012288004666666666,0.009055478303030303,1,0,ok,"{""dropout"": 0.1, ""focal_alpha"": 0.75, ""focal_gamma"": 2.0, ""hidden_layers"": [48, 24], ""learning_rate"": 0.001, ""max_epochs"": 160, ""patience"": 18}",119,347,2024,top,bp,manual_weak_top_label,149
0.4,30,11,0.45454545454545453,0.5333333333333333,-0.0787878787878788,-0.0032325263636363635,-0.012288004666666666,0.009055478303030303,1,0,ok,"{""dropout"": 0.1, ""focal_alpha"": 0.75, ""focal_gamma"": 2.0, ""hidden_layers"": [48, 24], ""learning_rate"": 0.001, ""max_epochs"": 160, ""patience"": 18}",119,347,2024,top,bp,manual_weak_top_label,149
0.3,30,12,0.5,0.5333333333333333,-0.033333333333333326,-0.006744563333333333,-0.012288004666666666,0.005543441333333334,1,0,ok,"{""dropout"": 0.1, ""focal_alpha"": 0.75, ""focal_gamma"": 2.0, ""hidden_layers"": [48, 24], ""learning_rate"": 0.001, ""max_epochs"": 160, ""patience"": 18}",119,347,2024,top,bp,manual_weak_top_label,149
0.7,30,10,0.6,0.5333333333333333,0.06666666666666665,-0.013812686,-0.012288004666666666,-0.0015246813333333331,1,1,ok,"{""dropout"": 0.15, ""focal_alpha"": 0.8, ""focal_gamma"": 2.5, ""hidden_layers"": [64, 32], ""learning_rate"": 0.0007, ""max_epochs"": 180, ""patience"": 20}",119,347,2024,top,bp,manual_weak_top_label,149
0.6,30,10,0.6,0.5333333333333333,0.06666666666666665,-0.017665298,-0.012288004666666666,-0.005377293333333333,1,0,ok,"{""dropout"": 0.15, ""focal_alpha"": 0.8, ""focal_gamma"": 2.5, ""hidden_layers"": [64, 32], ""learning_rate"": 0.0007, ""max_epochs"": 180, ""patience"": 20}",119,347,2024,top,bp,manual_weak_top_label,149
0.5,30,13,0.5384615384615384,0.5333333333333333,0.00512820512820511,-0.013985415384615386,-0.012288004666666666,-0.0016974107179487195,1,0,ok,"{""dropout"": 0.15, ""focal_alpha"": 0.8, ""focal_gamma"": 2.5, ""hidden_layers"": [64, 32], ""learning_rate"": 0.0007, ""max_epochs"": 180, ""patience"": 20}",119,347,2024,top,bp,manual_weak_top_label,149
0.4,30,13,0.5384615384615384,0.5333333333333333,0.00512820512820511,-0.014762825384615385,-0.012288004666666666,-0.0024748207179487187,1,0,ok,"{""dropout"": 0.15, ""focal_alpha"": 0.8, ""focal_gamma"": 2.5, ""hidden_layers"": [64, 32], ""learning_rate"": 0.0007, ""max_epochs"": 180, ""patience"": 20}",119,347,2024,top,bp,manual_weak_top_label,149
0.3,30,13,0.5384615384615384,0.5333333333333333,0.00512820512820511,-0.018674374615384615,-0.012288004666666666,-0.006386369948717949,1,0,ok,"{""dropout"": 0.15, ""focal_alpha"": 0.8, ""focal_gamma"": 2.5, ""hidden_layers"": [64, 32], ""learning_rate"": 0.0007, ""max_epochs"": 180, ""patience"": 20}",119,347,2024,top,bp,manual_weak_top_label,149
0.7,30,1,1.0,0.5333333333333333,0.4666666666666667,-0.03082729,-0.012288004666666666,-0.018539285333333336,0,0,ok,"{""alpha"": 0.0001, ""hidden_layer_sizes"": [32], ""learning_rate_init"": 0.001, ""max_iter"": 500, ""negative_sample_ratio"": 2.0}",119,347,2024,top,mlp,manual_weak_top_label,149
0.6,30,2,0.5,0.5333333333333333,-0.033333333333333326,-0.025368305,-0.012288004666666666,-0.013080300333333334,1,0,ok,"{""alpha"": 0.0001, ""hidden_layer_sizes"": [32], ""learning_rate_init"": 0.001, ""max_iter"": 500, ""negative_sample_ratio"": 2.0}",119,347,2024,top,mlp,manual_weak_top_label,149
0.5,30,3,0.6666666666666666,0.5333333333333333,0.1333333333333333,-0.004357316666666667,-0.012288004666666666,0.007930687999999998,1,0,ok,"{""alpha"": 0.0001, ""hidden_layer_sizes"": [32], ""learning_rate_init"": 0.001, ""max_iter"": 500, ""negative_sample_ratio"": 2.0}",119,347,2024,top,mlp,manual_weak_top_label,149
0.4,30,4,0.75,0.5333333333333333,0.21666666666666667,-0.00244294,-0.012288004666666666,0.009845064666666667,1,1,ok,"{""alpha"": 0.0001, ""hidden_layer_sizes"": [32], ""learning_rate_init"": 0.001, ""max_iter"": 500, ""negative_sample_ratio"": 2.0}",119,347,2024,top,mlp,manual_weak_top_label,149
0.3,30,6,0.6666666666666666,0.5333333333333333,0.1333333333333333,-0.029019939999999998,-0.012288004666666666,-0.01673193533333333,1,0,ok,"{""alpha"": 0.0001, ""hidden_layer_sizes"": [32], ""learning_rate_init"": 0.001, ""max_iter"": 500, ""negative_sample_ratio"": 2.0}",119,347,2024,top,mlp,manual_weak_top_label,149
0.7,30,0,,0.5333333333333333,,,-0.012288004666666666,,0,0,ok,"{""alpha"": 0.0001, ""hidden_layer_sizes"": [48, 24], ""learning_rate_init"": 0.001, ""max_iter"": 600, ""negative_sample_ratio"": 3.0}",119,347,2024,top,mlp,manual_weak_top_label,149
0.6,30,1,1.0,0.5333333333333333,0.4666666666666667,-0.03939795,-0.012288004666666666,-0.027109945333333337,0,0,ok,"{""alpha"": 0.0001, ""hidden_layer_sizes"": [48, 24], ""learning_rate_init"": 0.001, ""max_iter"": 600, ""negative_sample_ratio"": 3.0}",119,347,2024,top,mlp,manual_weak_top_label,149
0.5,30,2,0.5,0.5333333333333333,-0.033333333333333326,0.004697765,-0.012288004666666666,0.016985769666666664,1,0,ok,"{""alpha"": 0.0001, ""hidden_layer_sizes"": [48, 24], ""learning_rate_init"": 0.001, ""max_iter"": 600, ""negative_sample_ratio"": 3.0}",119,347,2024,top,mlp,manual_weak_top_label,149
0.4,30,2,0.5,0.5333333333333333,-0.033333333333333326,0.004697765,-0.012288004666666666,0.016985769666666664,1,0,ok,"{""alpha"": 0.0001, ""hidden_layer_sizes"": [48, 24], ""learning_rate_init"": 0.001, ""max_iter"": 600, ""negative_sample_ratio"": 3.0}",119,347,2024,top,mlp,manual_weak_top_label,149
0.3,30,5,0.4,0.5333333333333333,-0.1333333333333333,-0.004793766,-0.012288004666666666,0.007494238666666667,1,0,ok,"{""alpha"": 0.0001, ""hidden_layer_sizes"": [48, 24], ""learning_rate_init"": 0.001, ""max_iter"": 600, ""negative_sample_ratio"": 3.0}",119,347,2024,top,mlp,manual_weak_top_label,149
0.7,30,3,0.3333333333333333,0.5333333333333333,-0.2,0.02880138,-0.012288004666666666,0.041089384666666666,1,0,ok,"{""alpha"": 0.001, ""hidden_layer_sizes"": [64, 32], ""learning_rate_init"": 0.0007, ""max_iter"": 700, ""negative_sample_ratio"": 5.0}",119,347,2024,top,mlp,manual_weak_top_label,149
0.6,30,7,0.42857142857142855,0.5333333333333333,-0.10476190476190478,-0.008546765714285715,-0.012288004666666666,0.003741238952380951,1,0,ok,"{""alpha"": 0.001, ""hidden_layer_sizes"": [64, 32], ""learning_rate_init"": 0.0007, ""max_iter"": 700, ""negative_sample_ratio"": 5.0}",119,347,2024,top,mlp,manual_weak_top_label,149
0.5,30,10,0.4,0.5333333333333333,-0.1333333333333333,-0.002951598,-0.012288004666666666,0.009336406666666667,1,0,ok,"{""alpha"": 0.001, ""hidden_layer_sizes"": [64, 32], ""learning_rate_init"": 0.0007, ""max_iter"": 700, ""negative_sample_ratio"": 5.0}",119,347,2024,top,mlp,manual_weak_top_label,149
0.4,30,12,0.5,0.5333333333333333,-0.033333333333333326,-0.010906109166666665,-0.012288004666666666,0.0013818955000000008,1,0,ok,"{""alpha"": 0.001, ""hidden_layer_sizes"": [64, 32], ""learning_rate_init"": 0.0007, ""max_iter"": 700, ""negative_sample_ratio"": 5.0}",119,347,2024,top,mlp,manual_weak_top_label,149
0.3,30,13,0.5384615384615384,0.5333333333333333,0.00512820512820511,-0.017469263076923078,-0.012288004666666666,-0.0051812584102564115,1,0,ok,"{""alpha"": 0.001, ""hidden_layer_sizes"": [64, 32], ""learning_rate_init"": 0.0007, ""max_iter"": 700, ""negative_sample_ratio"": 5.0}",119,347,2024,top,mlp,manual_weak_top_label,149
0.7,30,0,,0.5333333333333333,,,-0.012288004666666666,,0,0,ok,"{""C"": 0.5, ""gamma"": ""scale""}",119,347,2024,top,svm,manual_weak_top_label,149
0.6,30,0,,0.5333333333333333,,,-0.012288004666666666,,0,0,ok,"{""C"": 0.5, ""gamma"": ""scale""}",119,347,2024,top,svm,manual_weak_top_label,149
0.5,30,1,0.0,0.5333333333333333,-0.5333333333333333,-0.05969036,-0.012288004666666666,-0.04740235533333333,0,0,ok,"{""C"": 0.5, ""gamma"": ""scale""}",119,347,2024,top,svm,manual_weak_top_label,149
0.4,30,6,0.6666666666666666,0.5333333333333333,0.1333333333333333,-0.021845840000000002,-0.012288004666666666,-0.009557835333333336,1,1,ok,"{""C"": 0.5, ""gamma"": ""scale""}",119,347,2024,top,svm,manual_weak_top_label,149
0.3,30,10,0.5,0.5333333333333333,-0.033333333333333326,-0.014136799,-0.012288004666666666,-0.001848794333333334,1,0,ok,"{""C"": 0.5, ""gamma"": ""scale""}",119,347,2024,top,svm,manual_weak_top_label,149
0.7,30,0,,0.5333333333333333,,,-0.012288004666666666,,0,0,ok,"{""C"": 1.0, ""gamma"": ""scale""}",119,347,2024,top,svm,manual_weak_top_label,149
0.6,30,0,,0.5333333333333333,,,-0.012288004666666666,,0,0,ok,"{""C"": 1.0, ""gamma"": ""scale""}",119,347,2024,top,svm,manual_weak_top_label,149
0.5,30,0,,0.5333333333333333,,,-0.012288004666666666,,0,0,ok,"{""C"": 1.0, ""gamma"": ""scale""}",119,347,2024,top,svm,manual_weak_top_label,149
0.4,30,2,0.5,0.5333333333333333,-0.033333333333333326,-0.025995765,-0.012288004666666666,-0.013707760333333334,1,0,ok,"{""C"": 1.0, ""gamma"": ""scale""}",119,347,2024,top,svm,manual_weak_top_label,149
0.3,30,8,0.625,0.5333333333333333,0.09166666666666667,-0.0200974375,-0.012288004666666666,-0.007809432833333333,1,0,ok,"{""C"": 1.0, ""gamma"": ""scale""}",119,347,2024,top,svm,manual_weak_top_label,149
0.7,30,0,,0.5333333333333333,,,-0.012288004666666666,,0,0,ok,"{""C"": 2.0, ""gamma"": ""scale""}",119,347,2024,top,svm,manual_weak_top_label,149
0.6,30,0,,0.5333333333333333,,,-0.012288004666666666,,0,0,ok,"{""C"": 2.0, ""gamma"": ""scale""}",119,347,2024,top,svm,manual_weak_top_label,149
0.5,30,1,1.0,0.5333333333333333,0.4666666666666667,0.00769883,-0.012288004666666666,0.019986834666666668,0,0,ok,"{""C"": 2.0, ""gamma"": ""scale""}",119,347,2024,top,svm,manual_weak_top_label,149
0.4,30,5,0.6,0.5333333333333333,0.06666666666666665,-0.027864906000000002,-0.012288004666666666,-0.015576901333333336,1,0,ok,"{""C"": 2.0, ""gamma"": ""scale""}",119,347,2024,top,svm,manual_weak_top_label,149
0.3,30,8,0.625,0.5333333333333333,0.09166666666666667,-0.0177535525,-0.012288004666666666,-0.005465547833333332,1,0,ok,"{""C"": 2.0, ""gamma"": ""scale""}",119,347,2024,top,svm,manual_weak_top_label,149
0.7,37,4,0.25,0.13513513513513514,0.11486486486486486,0.06778596,0.007404172162162162,0.06038178783783785,1,1,ok,"{""C"": 0.3}",149,347,2025,bottom,logistic,manual_weak_bottom_label,186
0.6,37,4,0.25,0.13513513513513514,0.11486486486486486,0.06778596,0.007404172162162162,0.06038178783783785,1,0,ok,"{""C"": 0.3}",149,347,2025,bottom,logistic,manual_weak_bottom_label,186
0.5,37,5,0.2,0.13513513513513514,0.06486486486486487,0.04496002,0.007404172162162162,0.037555847837837844,1,0,ok,"{""C"": 0.3}",149,347,2025,bottom,logistic,manual_weak_bottom_label,186
0.4,37,5,0.2,0.13513513513513514,0.06486486486486487,0.04496002,0.007404172162162162,0.037555847837837844,1,0,ok,"{""C"": 0.3}",149,347,2025,bottom,logistic,manual_weak_bottom_label,186
0.3,37,5,0.2,0.13513513513513514,0.06486486486486487,0.04496002,0.007404172162162162,0.037555847837837844,1,0,ok,"{""C"": 0.3}",149,347,2025,bottom,logistic,manual_weak_bottom_label,186
0.7,37,5,0.2,0.13513513513513514,0.06486486486486487,0.04496002,0.007404172162162162,0.037555847837837844,1,0,ok,"{""C"": 1.0}",149,347,2025,bottom,logistic,manual_weak_bottom_label,186
0.6,37,5,0.2,0.13513513513513514,0.06486486486486487,0.04496002,0.007404172162162162,0.037555847837837844,1,0,ok,"{""C"": 1.0}",149,347,2025,bottom,logistic,manual_weak_bottom_label,186
0.5,37,7,0.14285714285714285,0.13513513513513514,0.007722007722007707,0.021763880000000003,0.007404172162162162,0.01435970783783784,1,0,ok,"{""C"": 1.0}",149,347,2025,bottom,logistic,manual_weak_bottom_label,186
0.4,37,7,0.14285714285714285,0.13513513513513514,0.007722007722007707,0.021763880000000003,0.007404172162162162,0.01435970783783784,1,0,ok,"{""C"": 1.0}",149,347,2025,bottom,logistic,manual_weak_bottom_label,186
0.3,37,7,0.14285714285714285,0.13513513513513514,0.007722007722007707,0.021763880000000003,0.007404172162162162,0.01435970783783784,1,0,ok,"{""C"": 1.0}",149,347,2025,bottom,logistic,manual_weak_bottom_label,186
0.7,37,7,0.14285714285714285,0.13513513513513514,0.007722007722007707,0.021763880000000003,0.007404172162162162,0.01435970783783784,1,0,ok,"{""C"": 3.0}",149,347,2025,bottom,logistic,manual_weak_bottom_label,186
0.6,37,7,0.14285714285714285,0.13513513513513514,0.007722007722007707,0.021763880000000003,0.007404172162162162,0.01435970783783784,1,0,ok,"{""C"": 3.0}",149,347,2025,bottom,logistic,manual_weak_bottom_label,186
0.5,37,7,0.14285714285714285,0.13513513513513514,0.007722007722007707,0.021763880000000003,0.007404172162162162,0.01435970783783784,1,0,ok,"{""C"": 3.0}",149,347,2025,bottom,logistic,manual_weak_bottom_label,186
0.4,37,7,0.14285714285714285,0.13513513513513514,0.007722007722007707,0.021763880000000003,0.007404172162162162,0.01435970783783784,1,0,ok,"{""C"": 3.0}",149,347,2025,bottom,logistic,manual_weak_bottom_label,186
0.3,37,7,0.14285714285714285,0.13513513513513514,0.007722007722007707,0.021763880000000003,0.007404172162162162,0.01435970783783784,1,0,ok,"{""C"": 3.0}",149,347,2025,bottom,logistic,manual_weak_bottom_label,186
0.7,37,9,0.2222222222222222,0.13513513513513514,0.08708708708708707,0.02469956888888889,0.007404172162162162,0.01729539672672673,1,1,ok,"{""shrinkage"": ""auto"", ""solver"": ""lsqr""}",149,347,2025,bottom,lda,manual_weak_bottom_label,186
0.6,37,9,0.2222222222222222,0.13513513513513514,0.08708708708708707,0.02469956888888889,0.007404172162162162,0.01729539672672673,1,0,ok,"{""shrinkage"": ""auto"", ""solver"": ""lsqr""}",149,347,2025,bottom,lda,manual_weak_bottom_label,186
0.5,37,10,0.2,0.13513513513513514,0.06486486486486487,0.031708972,0.007404172162162162,0.02430479983783784,1,0,ok,"{""shrinkage"": ""auto"", ""solver"": ""lsqr""}",149,347,2025,bottom,lda,manual_weak_bottom_label,186
0.4,37,10,0.2,0.13513513513513514,0.06486486486486487,0.031708972,0.007404172162162162,0.02430479983783784,1,0,ok,"{""shrinkage"": ""auto"", ""solver"": ""lsqr""}",149,347,2025,bottom,lda,manual_weak_bottom_label,186
0.3,37,10,0.2,0.13513513513513514,0.06486486486486487,0.031708972,0.007404172162162162,0.02430479983783784,1,0,ok,"{""shrinkage"": ""auto"", ""solver"": ""lsqr""}",149,347,2025,bottom,lda,manual_weak_bottom_label,186
0.7,37,9,0.2222222222222222,0.13513513513513514,0.08708708708708707,0.02469956888888889,0.007404172162162162,0.01729539672672673,1,0,ok,"{""shrinkage"": 0.2, ""solver"": ""lsqr""}",149,347,2025,bottom,lda,manual_weak_bottom_label,186
0.6,37,9,0.2222222222222222,0.13513513513513514,0.08708708708708707,0.02469956888888889,0.007404172162162162,0.01729539672672673,1,0,ok,"{""shrinkage"": 0.2, ""solver"": ""lsqr""}",149,347,2025,bottom,lda,manual_weak_bottom_label,186
0.5,37,9,0.2222222222222222,0.13513513513513514,0.08708708708708707,0.02469956888888889,0.007404172162162162,0.01729539672672673,1,0,ok,"{""shrinkage"": 0.2, ""solver"": ""lsqr""}",149,347,2025,bottom,lda,manual_weak_bottom_label,186
0.4,37,9,0.2222222222222222,0.13513513513513514,0.08708708708708707,0.02469956888888889,0.007404172162162162,0.01729539672672673,1,0,ok,"{""shrinkage"": 0.2, ""solver"": ""lsqr""}",149,347,2025,bottom,lda,manual_weak_bottom_label,186
0.3,37,10,0.2,0.13513513513513514,0.06486486486486487,0.031708972,0.007404172162162162,0.02430479983783784,1,0,ok,"{""shrinkage"": 0.2, ""solver"": ""lsqr""}",149,347,2025,bottom,lda,manual_weak_bottom_label,186
0.7,37,5,0.2,0.13513513513513514,0.06486486486486487,0.054320986,0.007404172162162162,0.04691681383783784,1,0,ok,"{""shrinkage"": 0.5, ""solver"": ""lsqr""}",149,347,2025,bottom,lda,manual_weak_bottom_label,186
0.6,37,5,0.2,0.13513513513513514,0.06486486486486487,0.054320986,0.007404172162162162,0.04691681383783784,1,0,ok,"{""shrinkage"": 0.5, ""solver"": ""lsqr""}",149,347,2025,bottom,lda,manual_weak_bottom_label,186
0.5,37,5,0.2,0.13513513513513514,0.06486486486486487,0.054320986,0.007404172162162162,0.04691681383783784,1,0,ok,"{""shrinkage"": 0.5, ""solver"": ""lsqr""}",149,347,2025,bottom,lda,manual_weak_bottom_label,186
0.4,37,5,0.2,0.13513513513513514,0.06486486486486487,0.054320986,0.007404172162162162,0.04691681383783784,1,0,ok,"{""shrinkage"": 0.5, ""solver"": ""lsqr""}",149,347,2025,bottom,lda,manual_weak_bottom_label,186
0.3,37,5,0.2,0.13513513513513514,0.06486486486486487,0.054320986,0.007404172162162162,0.04691681383783784,1,0,ok,"{""shrinkage"": 0.5, ""solver"": ""lsqr""}",149,347,2025,bottom,lda,manual_weak_bottom_label,186
0.7,37,17,0.11764705882352941,0.13513513513513514,-0.017488076311605733,0.0072623,0.007404172162162162,-0.00014187216216216166,1,1,ok,"{""reg_param"": 0.2}",149,347,2025,bottom,qda,manual_weak_bottom_label,186
0.6,37,17,0.11764705882352941,0.13513513513513514,-0.017488076311605733,0.0072623,0.007404172162162162,-0.00014187216216216166,1,0,ok,"{""reg_param"": 0.2}",149,347,2025,bottom,qda,manual_weak_bottom_label,186
0.5,37,17,0.11764705882352941,0.13513513513513514,-0.017488076311605733,0.0072623,0.007404172162162162,-0.00014187216216216166,1,0,ok,"{""reg_param"": 0.2}",149,347,2025,bottom,qda,manual_weak_bottom_label,186
0.4,37,17,0.11764705882352941,0.13513513513513514,-0.017488076311605733,0.0072623,0.007404172162162162,-0.00014187216216216166,1,0,ok,"{""reg_param"": 0.2}",149,347,2025,bottom,qda,manual_weak_bottom_label,186
0.3,37,17,0.11764705882352941,0.13513513513513514,-0.017488076311605733,0.0072623,0.007404172162162162,-0.00014187216216216166,1,0,ok,"{""reg_param"": 0.2}",149,347,2025,bottom,qda,manual_weak_bottom_label,186
0.7,37,17,0.11764705882352941,0.13513513513513514,-0.017488076311605733,0.0072623,0.007404172162162162,-0.00014187216216216166,1,0,ok,"{""reg_param"": 0.5}",149,347,2025,bottom,qda,manual_weak_bottom_label,186
0.6,37,17,0.11764705882352941,0.13513513513513514,-0.017488076311605733,0.0072623,0.007404172162162162,-0.00014187216216216166,1,0,ok,"{""reg_param"": 0.5}",149,347,2025,bottom,qda,manual_weak_bottom_label,186
0.5,37,17,0.11764705882352941,0.13513513513513514,-0.017488076311605733,0.0072623,0.007404172162162162,-0.00014187216216216166,1,0,ok,"{""reg_param"": 0.5}",149,347,2025,bottom,qda,manual_weak_bottom_label,186
0.4,37,17,0.11764705882352941,0.13513513513513514,-0.017488076311605733,0.0072623,0.007404172162162162,-0.00014187216216216166,1,0,ok,"{""reg_param"": 0.5}",149,347,2025,bottom,qda,manual_weak_bottom_label,186
0.3,37,17,0.11764705882352941,0.13513513513513514,-0.017488076311605733,0.0072623,0.007404172162162162,-0.00014187216216216166,1,0,ok,"{""reg_param"": 0.5}",149,347,2025,bottom,qda,manual_weak_bottom_label,186
0.7,37,17,0.11764705882352941,0.13513513513513514,-0.017488076311605733,0.0072623,0.007404172162162162,-0.00014187216216216166,1,0,ok,"{""reg_param"": 0.8}",149,347,2025,bottom,qda,manual_weak_bottom_label,186
0.6,37,17,0.11764705882352941,0.13513513513513514,-0.017488076311605733,0.0072623,0.007404172162162162,-0.00014187216216216166,1,0,ok,"{""reg_param"": 0.8}",149,347,2025,bottom,qda,manual_weak_bottom_label,186
0.5,37,17,0.11764705882352941,0.13513513513513514,-0.017488076311605733,0.0072623,0.007404172162162162,-0.00014187216216216166,1,0,ok,"{""reg_param"": 0.8}",149,347,2025,bottom,qda,manual_weak_bottom_label,186
0.4,37,17,0.11764705882352941,0.13513513513513514,-0.017488076311605733,0.0072623,0.007404172162162162,-0.00014187216216216166,1,0,ok,"{""reg_param"": 0.8}",149,347,2025,bottom,qda,manual_weak_bottom_label,186
0.3,37,17,0.11764705882352941,0.13513513513513514,-0.017488076311605733,0.0072623,0.007404172162162162,-0.00014187216216216166,1,0,ok,"{""reg_param"": 0.8}",149,347,2025,bottom,qda,manual_weak_bottom_label,186
0.7,37,2,0.0,0.13513513513513514,-0.13513513513513514,0.078111205,0.007404172162162162,0.07070703283783784,1,0,ok,"{""balanced_bagging"": true, ""is_unbalance"": false, ""learning_rate"": 0.04, ""max_depth"": 3, ""min_child_samples"": 8, ""n_estimators"": 180, ""negative_sample_ratio"": 3.0, ""num_leaves"": 7}",149,347,2025,bottom,lightgbm,manual_weak_bottom_label,186
0.6,37,2,0.0,0.13513513513513514,-0.13513513513513514,-0.016491135,0.007404172162162162,-0.023895307162162163,1,0,ok,"{""balanced_bagging"": true, ""is_unbalance"": false, ""learning_rate"": 0.04, ""max_depth"": 3, ""min_child_samples"": 8, ""n_estimators"": 180, ""negative_sample_ratio"": 3.0, ""num_leaves"": 7}",149,347,2025,bottom,lightgbm,manual_weak_bottom_label,186
0.5,37,2,0.0,0.13513513513513514,-0.13513513513513514,-0.016491135,0.007404172162162162,-0.023895307162162163,1,0,ok,"{""balanced_bagging"": true, ""is_unbalance"": false, ""learning_rate"": 0.04, ""max_depth"": 3, ""min_child_samples"": 8, ""n_estimators"": 180, ""negative_sample_ratio"": 3.0, ""num_leaves"": 7}",149,347,2025,bottom,lightgbm,manual_weak_bottom_label,186
0.4,37,3,0.3333333333333333,0.13513513513513514,0.19819819819819817,0.09041634666666666,0.007404172162162162,0.0830121745045045,1,0,ok,"{""balanced_bagging"": true, ""is_unbalance"": false, ""learning_rate"": 0.04, ""max_depth"": 3, ""min_child_samples"": 8, ""n_estimators"": 180, ""negative_sample_ratio"": 3.0, ""num_leaves"": 7}",149,347,2025,bottom,lightgbm,manual_weak_bottom_label,186
0.3,37,4,0.5,0.13513513513513514,0.36486486486486486,0.0610855075,0.007404172162162162,0.05368133533783784,1,1,ok,"{""balanced_bagging"": true, ""is_unbalance"": false, ""learning_rate"": 0.04, ""max_depth"": 3, ""min_child_samples"": 8, ""n_estimators"": 180, ""negative_sample_ratio"": 3.0, ""num_leaves"": 7}",149,347,2025,bottom,lightgbm,manual_weak_bottom_label,186
0.7,37,2,0.0,0.13513513513513514,-0.13513513513513514,0.025471435,0.007404172162162162,0.018067262837837838,1,0,ok,"{""balanced_bagging"": true, ""is_unbalance"": false, ""learning_rate"": 0.03, ""max_depth"": 4, ""min_child_samples"": 10, ""n_estimators"": 250, ""negative_sample_ratio"": 5.0, ""num_leaves"": 15}",149,347,2025,bottom,lightgbm,manual_weak_bottom_label,186
0.6,37,2,0.0,0.13513513513513514,-0.13513513513513514,0.078111205,0.007404172162162162,0.07070703283783784,1,0,ok,"{""balanced_bagging"": true, ""is_unbalance"": false, ""learning_rate"": 0.03, ""max_depth"": 4, ""min_child_samples"": 10, ""n_estimators"": 250, ""negative_sample_ratio"": 5.0, ""num_leaves"": 15}",149,347,2025,bottom,lightgbm,manual_weak_bottom_label,186
0.5,37,2,0.0,0.13513513513513514,-0.13513513513513514,-0.016491135,0.007404172162162162,-0.023895307162162163,1,0,ok,"{""balanced_bagging"": true, ""is_unbalance"": false, ""learning_rate"": 0.03, ""max_depth"": 4, ""min_child_samples"": 10, ""n_estimators"": 250, ""negative_sample_ratio"": 5.0, ""num_leaves"": 15}",149,347,2025,bottom,lightgbm,manual_weak_bottom_label,186
0.4,37,2,0.0,0.13513513513513514,-0.13513513513513514,-0.011167245,0.007404172162162162,-0.018571417162162162,1,0,ok,"{""balanced_bagging"": true, ""is_unbalance"": false, ""learning_rate"": 0.03, ""max_depth"": 4, ""min_child_samples"": 10, ""n_estimators"": 250, ""negative_sample_ratio"": 5.0, ""num_leaves"": 15}",149,347,2025,bottom,lightgbm,manual_weak_bottom_label,186
0.3,37,3,0.0,0.13513513513513514,-0.13513513513513514,-0.024106363333333335,0.007404172162162162,-0.0315105354954955,1,0,ok,"{""balanced_bagging"": true, ""is_unbalance"": false, ""learning_rate"": 0.03, ""max_depth"": 4, ""min_child_samples"": 10, ""n_estimators"": 250, ""negative_sample_ratio"": 5.0, ""num_leaves"": 15}",149,347,2025,bottom,lightgbm,manual_weak_bottom_label,186
0.7,37,2,0.0,0.13513513513513514,-0.13513513513513514,-0.016491135,0.007404172162162162,-0.023895307162162163,1,0,ok,"{""balanced_bagging"": true, ""is_unbalance"": true, ""learning_rate"": 0.025, ""max_depth"": 5, ""min_child_samples"": 12, ""n_estimators"": 320, ""negative_sample_ratio"": 3.0, ""num_leaves"": 15}",149,347,2025,bottom,lightgbm,manual_weak_bottom_label,186
0.6,37,2,0.0,0.13513513513513514,-0.13513513513513514,-0.016491135,0.007404172162162162,-0.023895307162162163,1,0,ok,"{""balanced_bagging"": true, ""is_unbalance"": true, ""learning_rate"": 0.025, ""max_depth"": 5, ""min_child_samples"": 12, ""n_estimators"": 320, ""negative_sample_ratio"": 3.0, ""num_leaves"": 15}",149,347,2025,bottom,lightgbm,manual_weak_bottom_label,186
0.5,37,2,0.0,0.13513513513513514,-0.13513513513513514,-0.016491135,0.007404172162162162,-0.023895307162162163,1,0,ok,"{""balanced_bagging"": true, ""is_unbalance"": true, ""learning_rate"": 0.025, ""max_depth"": 5, ""min_child_samples"": 12, ""n_estimators"": 320, ""negative_sample_ratio"": 3.0, ""num_leaves"": 15}",149,347,2025,bottom,lightgbm,manual_weak_bottom_label,186
0.4,37,2,0.0,0.13513513513513514,-0.13513513513513514,-0.011167245,0.007404172162162162,-0.018571417162162162,1,0,ok,"{""balanced_bagging"": true, ""is_unbalance"": true, ""learning_rate"": 0.025, ""max_depth"": 5, ""min_child_samples"": 12, ""n_estimators"": 320, ""negative_sample_ratio"": 3.0, ""num_leaves"": 15}",149,347,2025,bottom,lightgbm,manual_weak_bottom_label,186
0.3,37,4,0.5,0.13513513513513514,0.36486486486486486,0.0610855075,0.007404172162162162,0.05368133533783784,1,0,ok,"{""balanced_bagging"": true, ""is_unbalance"": true, ""learning_rate"": 0.025, ""max_depth"": 5, ""min_child_samples"": 12, ""n_estimators"": 320, ""negative_sample_ratio"": 3.0, ""num_leaves"": 15}",149,347,2025,bottom,lightgbm,manual_weak_bottom_label,186
0.7,37,4,0.25,0.13513513513513514,0.11486486486486486,0.02269195,0.007404172162162162,0.015287777837837836,1,0,ok,"{""dropout"": 0.05, ""focal_alpha"": 0.7, ""focal_gamma"": 1.5, ""hidden_layers"": [32], ""learning_rate"": 0.001, ""max_epochs"": 130, ""patience"": 15}",149,347,2025,bottom,bp,manual_weak_bottom_label,186
0.6,37,4,0.25,0.13513513513513514,0.11486486486486486,0.02269195,0.007404172162162162,0.015287777837837836,1,0,ok,"{""dropout"": 0.05, ""focal_alpha"": 0.7, ""focal_gamma"": 1.5, ""hidden_layers"": [32], ""learning_rate"": 0.001, ""max_epochs"": 130, ""patience"": 15}",149,347,2025,bottom,bp,manual_weak_bottom_label,186
0.5,37,6,0.16666666666666666,0.13513513513513514,0.031531531531531515,0.03846956333333333,0.007404172162162162,0.03106539117117117,1,0,ok,"{""dropout"": 0.05, ""focal_alpha"": 0.7, ""focal_gamma"": 1.5, ""hidden_layers"": [32], ""learning_rate"": 0.001, ""max_epochs"": 130, ""patience"": 15}",149,347,2025,bottom,bp,manual_weak_bottom_label,186
0.4,37,8,0.125,0.13513513513513514,-0.010135135135135143,0.02298603875,0.007404172162162162,0.015581866587837837,1,0,ok,"{""dropout"": 0.05, ""focal_alpha"": 0.7, ""focal_gamma"": 1.5, ""hidden_layers"": [32], ""learning_rate"": 0.001, ""max_epochs"": 130, ""patience"": 15}",149,347,2025,bottom,bp,manual_weak_bottom_label,186
0.3,37,10,0.1,0.13513513513513514,-0.03513513513513514,0.012507368999999999,0.007404172162162162,0.005103196837837837,1,0,ok,"{""dropout"": 0.05, ""focal_alpha"": 0.7, ""focal_gamma"": 1.5, ""hidden_layers"": [32], ""learning_rate"": 0.001, ""max_epochs"": 130, ""patience"": 15}",149,347,2025,bottom,bp,manual_weak_bottom_label,186
0.7,37,1,0.0,0.13513513513513514,-0.13513513513513514,-0.02259793,0.007404172162162162,-0.03000210216216216,0,0,ok,"{""dropout"": 0.1, ""focal_alpha"": 0.75, ""focal_gamma"": 2.0, ""hidden_layers"": [48, 24], ""learning_rate"": 0.001, ""max_epochs"": 160, ""patience"": 18}",149,347,2025,bottom,bp,manual_weak_bottom_label,186
0.6,37,1,0.0,0.13513513513513514,-0.13513513513513514,-0.02259793,0.007404172162162162,-0.03000210216216216,0,0,ok,"{""dropout"": 0.1, ""focal_alpha"": 0.75, ""focal_gamma"": 2.0, ""hidden_layers"": [48, 24], ""learning_rate"": 0.001, ""max_epochs"": 160, ""patience"": 18}",149,347,2025,bottom,bp,manual_weak_bottom_label,186
0.5,37,1,0.0,0.13513513513513514,-0.13513513513513514,-0.02259793,0.007404172162162162,-0.03000210216216216,0,0,ok,"{""dropout"": 0.1, ""focal_alpha"": 0.75, ""focal_gamma"": 2.0, ""hidden_layers"": [48, 24], ""learning_rate"": 0.001, ""max_epochs"": 160, ""patience"": 18}",149,347,2025,bottom,bp,manual_weak_bottom_label,186
0.4,37,2,0.0,0.13513513513513514,-0.13513513513513514,-0.016236035,0.007404172162162162,-0.023640207162162162,1,0,ok,"{""dropout"": 0.1, ""focal_alpha"": 0.75, ""focal_gamma"": 2.0, ""hidden_layers"": [48, 24], ""learning_rate"": 0.001, ""max_epochs"": 160, ""patience"": 18}",149,347,2025,bottom,bp,manual_weak_bottom_label,186
0.3,37,2,0.0,0.13513513513513514,-0.13513513513513514,-0.024520695,0.007404172162162162,-0.03192486716216216,1,0,ok,"{""dropout"": 0.1, ""focal_alpha"": 0.75, ""focal_gamma"": 2.0, ""hidden_layers"": [48, 24], ""learning_rate"": 0.001, ""max_epochs"": 160, ""patience"": 18}",149,347,2025,bottom,bp,manual_weak_bottom_label,186
0.7,37,2,0.0,0.13513513513513514,-0.13513513513513514,-0.024520695,0.007404172162162162,-0.03192486716216216,1,0,ok,"{""dropout"": 0.15, ""focal_alpha"": 0.8, ""focal_gamma"": 2.5, ""hidden_layers"": [64, 32], ""learning_rate"": 0.0007, ""max_epochs"": 180, ""patience"": 20}",149,347,2025,bottom,bp,manual_weak_bottom_label,186
0.6,37,2,0.0,0.13513513513513514,-0.13513513513513514,-0.024520695,0.007404172162162162,-0.03192486716216216,1,0,ok,"{""dropout"": 0.15, ""focal_alpha"": 0.8, ""focal_gamma"": 2.5, ""hidden_layers"": [64, 32], ""learning_rate"": 0.0007, ""max_epochs"": 180, ""patience"": 20}",149,347,2025,bottom,bp,manual_weak_bottom_label,186
0.5,37,2,0.0,0.13513513513513514,-0.13513513513513514,-0.024520695,0.007404172162162162,-0.03192486716216216,1,0,ok,"{""dropout"": 0.15, ""focal_alpha"": 0.8, ""focal_gamma"": 2.5, ""hidden_layers"": [64, 32], ""learning_rate"": 0.0007, ""max_epochs"": 180, ""patience"": 20}",149,347,2025,bottom,bp,manual_weak_bottom_label,186
0.4,37,2,0.0,0.13513513513513514,-0.13513513513513514,-0.024520695,0.007404172162162162,-0.03192486716216216,1,0,ok,"{""dropout"": 0.15, ""focal_alpha"": 0.8, ""focal_gamma"": 2.5, ""hidden_layers"": [64, 32], ""learning_rate"": 0.0007, ""max_epochs"": 180, ""patience"": 20}",149,347,2025,bottom,bp,manual_weak_bottom_label,186
0.3,37,3,0.3333333333333333,0.13513513513513514,0.19819819819819817,0.039872203333333335,0.007404172162162162,0.032468031171171176,1,1,ok,"{""dropout"": 0.15, ""focal_alpha"": 0.8, ""focal_gamma"": 2.5, ""hidden_layers"": [64, 32], ""learning_rate"": 0.0007, ""max_epochs"": 180, ""patience"": 20}",149,347,2025,bottom,bp,manual_weak_bottom_label,186
0.7,37,2,0.5,0.13513513513513514,0.36486486486486486,-0.017694765,0.007404172162162162,-0.025098937162162164,1,1,ok,"{""alpha"": 0.0001, ""hidden_layer_sizes"": [32], ""learning_rate_init"": 0.001, ""max_iter"": 500, ""negative_sample_ratio"": 2.0}",149,347,2025,bottom,mlp,manual_weak_bottom_label,186
0.6,37,3,0.3333333333333333,0.13513513513513514,0.19819819819819817,0.01980135666666667,0.007404172162162162,0.012397184504504506,1,0,ok,"{""alpha"": 0.0001, ""hidden_layer_sizes"": [32], ""learning_rate_init"": 0.001, ""max_iter"": 500, ""negative_sample_ratio"": 2.0}",149,347,2025,bottom,mlp,manual_weak_bottom_label,186
0.5,37,5,0.2,0.13513513513513514,0.06486486486486487,0.04178507,0.007404172162162162,0.03438089783783784,1,0,ok,"{""alpha"": 0.0001, ""hidden_layer_sizes"": [32], ""learning_rate_init"": 0.001, ""max_iter"": 500, ""negative_sample_ratio"": 2.0}",149,347,2025,bottom,mlp,manual_weak_bottom_label,186
0.4,37,6,0.16666666666666666,0.13513513513513514,0.031531531531531515,0.04389087666666667,0.007404172162162162,0.03648670450450451,1,0,ok,"{""alpha"": 0.0001, ""hidden_layer_sizes"": [32], ""learning_rate_init"": 0.001, ""max_iter"": 500, ""negative_sample_ratio"": 2.0}",149,347,2025,bottom,mlp,manual_weak_bottom_label,186
0.3,37,6,0.16666666666666666,0.13513513513513514,0.031531531531531515,0.04389087666666667,0.007404172162162162,0.03648670450450451,1,0,ok,"{""alpha"": 0.0001, ""hidden_layer_sizes"": [32], ""learning_rate_init"": 0.001, ""max_iter"": 500, ""negative_sample_ratio"": 2.0}",149,347,2025,bottom,mlp,manual_weak_bottom_label,186
0.7,37,0,,0.13513513513513514,,,0.007404172162162162,,0,0,ok,"{""alpha"": 0.0001, ""hidden_layer_sizes"": [48, 24], ""learning_rate_init"": 0.001, ""max_iter"": 600, ""negative_sample_ratio"": 3.0}",149,347,2025,bottom,mlp,manual_weak_bottom_label,186
0.6,37,0,,0.13513513513513514,,,0.007404172162162162,,0,0,ok,"{""alpha"": 0.0001, ""hidden_layer_sizes"": [48, 24], ""learning_rate_init"": 0.001, ""max_iter"": 600, ""negative_sample_ratio"": 3.0}",149,347,2025,bottom,mlp,manual_weak_bottom_label,186
0.5,37,0,,0.13513513513513514,,,0.007404172162162162,,0,0,ok,"{""alpha"": 0.0001, ""hidden_layer_sizes"": [48, 24], ""learning_rate_init"": 0.001, ""max_iter"": 600, ""negative_sample_ratio"": 3.0}",149,347,2025,bottom,mlp,manual_weak_bottom_label,186
0.4,37,0,,0.13513513513513514,,,0.007404172162162162,,0,0,ok,"{""alpha"": 0.0001, ""hidden_layer_sizes"": [48, 24], ""learning_rate_init"": 0.001, ""max_iter"": 600, ""negative_sample_ratio"": 3.0}",149,347,2025,bottom,mlp,manual_weak_bottom_label,186
0.3,37,2,0.0,0.13513513513513514,-0.13513513513513514,-0.01828371,0.007404172162162162,-0.025687882162162164,1,0,ok,"{""alpha"": 0.0001, ""hidden_layer_sizes"": [48, 24], ""learning_rate_init"": 0.001, ""max_iter"": 600, ""negative_sample_ratio"": 3.0}",149,347,2025,bottom,mlp,manual_weak_bottom_label,186
0.7,37,0,,0.13513513513513514,,,0.007404172162162162,,0,0,ok,"{""alpha"": 0.001, ""hidden_layer_sizes"": [64, 32], ""learning_rate_init"": 0.0007, ""max_iter"": 700, ""negative_sample_ratio"": 5.0}",149,347,2025,bottom,mlp,manual_weak_bottom_label,186
0.6,37,0,,0.13513513513513514,,,0.007404172162162162,,0,0,ok,"{""alpha"": 0.001, ""hidden_layer_sizes"": [64, 32], ""learning_rate_init"": 0.0007, ""max_iter"": 700, ""negative_sample_ratio"": 5.0}",149,347,2025,bottom,mlp,manual_weak_bottom_label,186
0.5,37,0,,0.13513513513513514,,,0.007404172162162162,,0,0,ok,"{""alpha"": 0.001, ""hidden_layer_sizes"": [64, 32], ""learning_rate_init"": 0.0007, ""max_iter"": 700, ""negative_sample_ratio"": 5.0}",149,347,2025,bottom,mlp,manual_weak_bottom_label,186
0.4,37,0,,0.13513513513513514,,,0.007404172162162162,,0,0,ok,"{""alpha"": 0.001, ""hidden_layer_sizes"": [64, 32], ""learning_rate_init"": 0.0007, ""max_iter"": 700, ""negative_sample_ratio"": 5.0}",149,347,2025,bottom,mlp,manual_weak_bottom_label,186
0.3,37,1,1.0,0.13513513513513514,0.8648648648648649,0.29358353,0.007404172162162162,0.2861793578378378,0,0,ok,"{""alpha"": 0.001, ""hidden_layer_sizes"": [64, 32], ""learning_rate_init"": 0.0007, ""max_iter"": 700, ""negative_sample_ratio"": 5.0}",149,347,2025,bottom,mlp,manual_weak_bottom_label,186
0.7,37,0,,0.13513513513513514,,,0.007404172162162162,,0,0,ok,"{""C"": 0.5, ""gamma"": ""scale""}",149,347,2025,bottom,svm,manual_weak_bottom_label,186
0.6,37,0,,0.13513513513513514,,,0.007404172162162162,,0,0,ok,"{""C"": 0.5, ""gamma"": ""scale""}",149,347,2025,bottom,svm,manual_weak_bottom_label,186
0.5,37,0,,0.13513513513513514,,,0.007404172162162162,,0,0,ok,"{""C"": 0.5, ""gamma"": ""scale""}",149,347,2025,bottom,svm,manual_weak_bottom_label,186
0.4,37,0,,0.13513513513513514,,,0.007404172162162162,,0,0,ok,"{""C"": 0.5, ""gamma"": ""scale""}",149,347,2025,bottom,svm,manual_weak_bottom_label,186
0.3,37,4,0.0,0.13513513513513514,-0.13513513513513514,0.001241165,0.007404172162162162,-0.006163007162162162,1,1,ok,"{""C"": 0.5, ""gamma"": ""scale""}",149,347,2025,bottom,svm,manual_weak_bottom_label,186
0.7,37,0,,0.13513513513513514,,,0.007404172162162162,,0,0,ok,"{""C"": 1.0, ""gamma"": ""scale""}",149,347,2025,bottom,svm,manual_weak_bottom_label,186
0.6,37,0,,0.13513513513513514,,,0.007404172162162162,,0,0,ok,"{""C"": 1.0, ""gamma"": ""scale""}",149,347,2025,bottom,svm,manual_weak_bottom_label,186
0.5,37,0,,0.13513513513513514,,,0.007404172162162162,,0,0,ok,"{""C"": 1.0, ""gamma"": ""scale""}",149,347,2025,bottom,svm,manual_weak_bottom_label,186
0.4,37,0,,0.13513513513513514,,,0.007404172162162162,,0,0,ok,"{""C"": 1.0, ""gamma"": ""scale""}",149,347,2025,bottom,svm,manual_weak_bottom_label,186
0.3,37,1,0.0,0.13513513513513514,-0.13513513513513514,-0.03507445,0.007404172162162162,-0.04247862216216216,0,0,ok,"{""C"": 1.0, ""gamma"": ""scale""}",149,347,2025,bottom,svm,manual_weak_bottom_label,186
0.7,37,0,,0.13513513513513514,,,0.007404172162162162,,0,0,ok,"{""C"": 2.0, ""gamma"": ""scale""}",149,347,2025,bottom,svm,manual_weak_bottom_label,186
0.6,37,0,,0.13513513513513514,,,0.007404172162162162,,0,0,ok,"{""C"": 2.0, ""gamma"": ""scale""}",149,347,2025,bottom,svm,manual_weak_bottom_label,186
0.5,37,0,,0.13513513513513514,,,0.007404172162162162,,0,0,ok,"{""C"": 2.0, ""gamma"": ""scale""}",149,347,2025,bottom,svm,manual_weak_bottom_label,186
0.4,37,0,,0.13513513513513514,,,0.007404172162162162,,0,0,ok,"{""C"": 2.0, ""gamma"": ""scale""}",149,347,2025,bottom,svm,manual_weak_bottom_label,186
0.3,37,0,,0.13513513513513514,,,0.007404172162162162,,0,0,ok,"{""C"": 2.0, ""gamma"": ""scale""}",149,347,2025,bottom,svm,manual_weak_bottom_label,186
0.7,34,0,,0.47058823529411764,,,0.0018498020588235294,,0,0,ok,"{""C"": 0.3}",135,347,2025,top,logistic,manual_weak_top_label,169
0.6,34,1,0.0,0.47058823529411764,-0.47058823529411764,-0.05969036,0.0018498020588235294,-0.061540162058823525,0,0,ok,"{""C"": 0.3}",135,347,2025,top,logistic,manual_weak_top_label,169
0.5,34,1,1.0,0.47058823529411764,0.5294117647058824,-0.07780761,0.0018498020588235294,-0.07965741205882353,0,1,ok,"{""C"": 0.3}",135,347,2025,top,logistic,manual_weak_top_label,169
0.4,34,1,1.0,0.47058823529411764,0.5294117647058824,-0.07780761,0.0018498020588235294,-0.07965741205882353,0,0,ok,"{""C"": 0.3}",135,347,2025,top,logistic,manual_weak_top_label,169
0.3,34,1,1.0,0.47058823529411764,0.5294117647058824,-0.07780761,0.0018498020588235294,-0.07965741205882353,0,0,ok,"{""C"": 0.3}",135,347,2025,top,logistic,manual_weak_top_label,169
0.7,34,0,,0.47058823529411764,,,0.0018498020588235294,,0,0,ok,"{""C"": 1.0}",135,347,2025,top,logistic,manual_weak_top_label,169
0.6,34,1,0.0,0.47058823529411764,-0.47058823529411764,-0.05969036,0.0018498020588235294,-0.061540162058823525,0,0,ok,"{""C"": 1.0}",135,347,2025,top,logistic,manual_weak_top_label,169
0.5,34,1,0.0,0.47058823529411764,-0.47058823529411764,-0.05969036,0.0018498020588235294,-0.061540162058823525,0,0,ok,"{""C"": 1.0}",135,347,2025,top,logistic,manual_weak_top_label,169
0.4,34,1,1.0,0.47058823529411764,0.5294117647058824,-0.07780761,0.0018498020588235294,-0.07965741205882353,0,0,ok,"{""C"": 1.0}",135,347,2025,top,logistic,manual_weak_top_label,169
0.3,34,1,1.0,0.47058823529411764,0.5294117647058824,-0.07780761,0.0018498020588235294,-0.07965741205882353,0,0,ok,"{""C"": 1.0}",135,347,2025,top,logistic,manual_weak_top_label,169
0.7,34,0,,0.47058823529411764,,,0.0018498020588235294,,0,0,ok,"{""C"": 3.0}",135,347,2025,top,logistic,manual_weak_top_label,169
0.6,34,1,0.0,0.47058823529411764,-0.47058823529411764,-0.05969036,0.0018498020588235294,-0.061540162058823525,0,0,ok,"{""C"": 3.0}",135,347,2025,top,logistic,manual_weak_top_label,169
0.5,34,1,0.0,0.47058823529411764,-0.47058823529411764,-0.05969036,0.0018498020588235294,-0.061540162058823525,0,0,ok,"{""C"": 3.0}",135,347,2025,top,logistic,manual_weak_top_label,169
0.4,34,1,1.0,0.47058823529411764,0.5294117647058824,-0.07780761,0.0018498020588235294,-0.07965741205882353,0,0,ok,"{""C"": 3.0}",135,347,2025,top,logistic,manual_weak_top_label,169
0.3,34,1,1.0,0.47058823529411764,0.5294117647058824,-0.07780761,0.0018498020588235294,-0.07965741205882353,0,0,ok,"{""C"": 3.0}",135,347,2025,top,logistic,manual_weak_top_label,169
0.7,34,1,0.0,0.47058823529411764,-0.47058823529411764,0.05380991,0.0018498020588235294,0.051960107941176475,0,0,ok,"{""shrinkage"": ""auto"", ""solver"": ""lsqr""}",135,347,2025,top,lda,manual_weak_top_label,169
0.6,34,1,0.0,0.47058823529411764,-0.47058823529411764,0.036586,0.0018498020588235294,0.03473619794117647,0,0,ok,"{""shrinkage"": ""auto"", ""solver"": ""lsqr""}",135,347,2025,top,lda,manual_weak_top_label,169
0.5,34,1,0.0,0.47058823529411764,-0.47058823529411764,0.036586,0.0018498020588235294,0.03473619794117647,0,0,ok,"{""shrinkage"": ""auto"", ""solver"": ""lsqr""}",135,347,2025,top,lda,manual_weak_top_label,169
0.4,34,1,0.0,0.47058823529411764,-0.47058823529411764,0.036586,0.0018498020588235294,0.03473619794117647,0,0,ok,"{""shrinkage"": ""auto"", ""solver"": ""lsqr""}",135,347,2025,top,lda,manual_weak_top_label,169
0.3,34,1,0.0,0.47058823529411764,-0.47058823529411764,0.036586,0.0018498020588235294,0.03473619794117647,0,0,ok,"{""shrinkage"": ""auto"", ""solver"": ""lsqr""}",135,347,2025,top,lda,manual_weak_top_label,169
0.7,34,0,,0.47058823529411764,,,0.0018498020588235294,,0,0,ok,"{""shrinkage"": 0.2, ""solver"": ""lsqr""}",135,347,2025,top,lda,manual_weak_top_label,169
0.6,34,1,0.0,0.47058823529411764,-0.47058823529411764,0.05380991,0.0018498020588235294,0.051960107941176475,0,0,ok,"{""shrinkage"": 0.2, ""solver"": ""lsqr""}",135,347,2025,top,lda,manual_weak_top_label,169
0.5,34,1,0.0,0.47058823529411764,-0.47058823529411764,0.05380991,0.0018498020588235294,0.051960107941176475,0,0,ok,"{""shrinkage"": 0.2, ""solver"": ""lsqr""}",135,347,2025,top,lda,manual_weak_top_label,169
0.4,34,1,0.0,0.47058823529411764,-0.47058823529411764,0.05380991,0.0018498020588235294,0.051960107941176475,0,0,ok,"{""shrinkage"": 0.2, ""solver"": ""lsqr""}",135,347,2025,top,lda,manual_weak_top_label,169
0.3,34,1,0.0,0.47058823529411764,-0.47058823529411764,0.05380991,0.0018498020588235294,0.051960107941176475,0,0,ok,"{""shrinkage"": 0.2, ""solver"": ""lsqr""}",135,347,2025,top,lda,manual_weak_top_label,169
0.7,34,1,0.0,0.47058823529411764,-0.47058823529411764,0.05380991,0.0018498020588235294,0.051960107941176475,0,0,ok,"{""shrinkage"": 0.5, ""solver"": ""lsqr""}",135,347,2025,top,lda,manual_weak_top_label,169
0.6,34,1,0.0,0.47058823529411764,-0.47058823529411764,0.05380991,0.0018498020588235294,0.051960107941176475,0,0,ok,"{""shrinkage"": 0.5, ""solver"": ""lsqr""}",135,347,2025,top,lda,manual_weak_top_label,169
0.5,34,1,0.0,0.47058823529411764,-0.47058823529411764,0.05380991,0.0018498020588235294,0.051960107941176475,0,0,ok,"{""shrinkage"": 0.5, ""solver"": ""lsqr""}",135,347,2025,top,lda,manual_weak_top_label,169
0.4,34,1,0.0,0.47058823529411764,-0.47058823529411764,0.05380991,0.0018498020588235294,0.051960107941176475,0,0,ok,"{""shrinkage"": 0.5, ""solver"": ""lsqr""}",135,347,2025,top,lda,manual_weak_top_label,169
0.3,34,2,0.0,0.47058823529411764,-0.47058823529411764,-0.002940225,0.0018498020588235294,-0.004790027058823529,1,1,ok,"{""shrinkage"": 0.5, ""solver"": ""lsqr""}",135,347,2025,top,lda,manual_weak_top_label,169
0.7,34,15,0.4666666666666667,0.47058823529411764,-0.0039215686274509665,0.0031546386666666667,0.0018498020588235294,0.0013048366078431373,1,0,ok,"{""reg_param"": 0.2}",135,347,2025,top,qda,manual_weak_top_label,169
0.6,34,15,0.4666666666666667,0.47058823529411764,-0.0039215686274509665,0.0031546386666666667,0.0018498020588235294,0.0013048366078431373,1,0,ok,"{""reg_param"": 0.2}",135,347,2025,top,qda,manual_weak_top_label,169
0.5,34,15,0.4666666666666667,0.47058823529411764,-0.0039215686274509665,0.0031546386666666667,0.0018498020588235294,0.0013048366078431373,1,0,ok,"{""reg_param"": 0.2}",135,347,2025,top,qda,manual_weak_top_label,169
0.4,34,15,0.4666666666666667,0.47058823529411764,-0.0039215686274509665,0.0031546386666666667,0.0018498020588235294,0.0013048366078431373,1,0,ok,"{""reg_param"": 0.2}",135,347,2025,top,qda,manual_weak_top_label,169
0.3,34,15,0.4666666666666667,0.47058823529411764,-0.0039215686274509665,0.0031546386666666667,0.0018498020588235294,0.0013048366078431373,1,0,ok,"{""reg_param"": 0.2}",135,347,2025,top,qda,manual_weak_top_label,169
0.7,34,15,0.5333333333333333,0.47058823529411764,0.06274509803921569,0.001946822,0.0018498020588235294,9.701994117647058e-05,1,1,ok,"{""reg_param"": 0.5}",135,347,2025,top,qda,manual_weak_top_label,169
0.6,34,15,0.5333333333333333,0.47058823529411764,0.06274509803921569,0.001946822,0.0018498020588235294,9.701994117647058e-05,1,0,ok,"{""reg_param"": 0.5}",135,347,2025,top,qda,manual_weak_top_label,169
0.5,34,15,0.5333333333333333,0.47058823529411764,0.06274509803921569,0.001946822,0.0018498020588235294,9.701994117647058e-05,1,0,ok,"{""reg_param"": 0.5}",135,347,2025,top,qda,manual_weak_top_label,169
0.4,34,15,0.5333333333333333,0.47058823529411764,0.06274509803921569,0.001946822,0.0018498020588235294,9.701994117647058e-05,1,0,ok,"{""reg_param"": 0.5}",135,347,2025,top,qda,manual_weak_top_label,169
0.3,34,15,0.5333333333333333,0.47058823529411764,0.06274509803921569,0.001946822,0.0018498020588235294,9.701994117647058e-05,1,0,ok,"{""reg_param"": 0.5}",135,347,2025,top,qda,manual_weak_top_label,169
0.7,34,15,0.5333333333333333,0.47058823529411764,0.06274509803921569,0.001946822,0.0018498020588235294,9.701994117647058e-05,1,0,ok,"{""reg_param"": 0.8}",135,347,2025,top,qda,manual_weak_top_label,169
0.6,34,15,0.5333333333333333,0.47058823529411764,0.06274509803921569,0.001946822,0.0018498020588235294,9.701994117647058e-05,1,0,ok,"{""reg_param"": 0.8}",135,347,2025,top,qda,manual_weak_top_label,169
0.5,34,15,0.5333333333333333,0.47058823529411764,0.06274509803921569,0.001946822,0.0018498020588235294,9.701994117647058e-05,1,0,ok,"{""reg_param"": 0.8}",135,347,2025,top,qda,manual_weak_top_label,169
0.4,34,15,0.5333333333333333,0.47058823529411764,0.06274509803921569,0.001946822,0.0018498020588235294,9.701994117647058e-05,1,0,ok,"{""reg_param"": 0.8}",135,347,2025,top,qda,manual_weak_top_label,169
0.3,34,15,0.5333333333333333,0.47058823529411764,0.06274509803921569,0.001946822,0.0018498020588235294,9.701994117647058e-05,1,0,ok,"{""reg_param"": 0.8}",135,347,2025,top,qda,manual_weak_top_label,169
0.7,34,2,0.5,0.47058823529411764,0.02941176470588236,-0.011539965,0.0018498020588235294,-0.013389767058823528,1,0,ok,"{""balanced_bagging"": true, ""is_unbalance"": false, ""learning_rate"": 0.04, ""max_depth"": 3, ""min_child_samples"": 8, ""n_estimators"": 180, ""negative_sample_ratio"": 3.0, ""num_leaves"": 7}",135,347,2025,top,lightgbm,manual_weak_top_label,169
0.6,34,2,0.5,0.47058823529411764,0.02941176470588236,-0.011539965,0.0018498020588235294,-0.013389767058823528,1,0,ok,"{""balanced_bagging"": true, ""is_unbalance"": false, ""learning_rate"": 0.04, ""max_depth"": 3, ""min_child_samples"": 8, ""n_estimators"": 180, ""negative_sample_ratio"": 3.0, ""num_leaves"": 7}",135,347,2025,top,lightgbm,manual_weak_top_label,169
0.5,34,3,0.6666666666666666,0.47058823529411764,0.196078431372549,-0.012476550000000001,0.0018498020588235294,-0.01432635205882353,1,0,ok,"{""balanced_bagging"": true, ""is_unbalance"": false, ""learning_rate"": 0.04, ""max_depth"": 3, ""min_child_samples"": 8, ""n_estimators"": 180, ""negative_sample_ratio"": 3.0, ""num_leaves"": 7}",135,347,2025,top,lightgbm,manual_weak_top_label,169
0.4,34,3,0.6666666666666666,0.47058823529411764,0.196078431372549,-0.012476550000000001,0.0018498020588235294,-0.01432635205882353,1,0,ok,"{""balanced_bagging"": true, ""is_unbalance"": false, ""learning_rate"": 0.04, ""max_depth"": 3, ""min_child_samples"": 8, ""n_estimators"": 180, ""negative_sample_ratio"": 3.0, ""num_leaves"": 7}",135,347,2025,top,lightgbm,manual_weak_top_label,169
0.3,34,4,0.5,0.47058823529411764,0.02941176470588236,-0.005360375,0.0018498020588235294,-0.007210177058823529,1,0,ok,"{""balanced_bagging"": true, ""is_unbalance"": false, ""learning_rate"": 0.04, ""max_depth"": 3, ""min_child_samples"": 8, ""n_estimators"": 180, ""negative_sample_ratio"": 3.0, ""num_leaves"": 7}",135,347,2025,top,lightgbm,manual_weak_top_label,169
0.7,34,2,0.5,0.47058823529411764,0.02941176470588236,-0.011539965,0.0018498020588235294,-0.013389767058823528,1,0,ok,"{""balanced_bagging"": true, ""is_unbalance"": false, ""learning_rate"": 0.03, ""max_depth"": 4, ""min_child_samples"": 10, ""n_estimators"": 250, ""negative_sample_ratio"": 5.0, ""num_leaves"": 15}",135,347,2025,top,lightgbm,manual_weak_top_label,169
0.6,34,2,0.5,0.47058823529411764,0.02941176470588236,-0.011539965,0.0018498020588235294,-0.013389767058823528,1,0,ok,"{""balanced_bagging"": true, ""is_unbalance"": false, ""learning_rate"": 0.03, ""max_depth"": 4, ""min_child_samples"": 10, ""n_estimators"": 250, ""negative_sample_ratio"": 5.0, ""num_leaves"": 15}",135,347,2025,top,lightgbm,manual_weak_top_label,169
0.5,34,3,0.6666666666666666,0.47058823529411764,0.196078431372549,-0.012476550000000001,0.0018498020588235294,-0.01432635205882353,1,0,ok,"{""balanced_bagging"": true, ""is_unbalance"": false, ""learning_rate"": 0.03, ""max_depth"": 4, ""min_child_samples"": 10, ""n_estimators"": 250, ""negative_sample_ratio"": 5.0, ""num_leaves"": 15}",135,347,2025,top,lightgbm,manual_weak_top_label,169
0.4,34,3,0.6666666666666666,0.47058823529411764,0.196078431372549,-0.012476550000000001,0.0018498020588235294,-0.01432635205882353,1,0,ok,"{""balanced_bagging"": true, ""is_unbalance"": false, ""learning_rate"": 0.03, ""max_depth"": 4, ""min_child_samples"": 10, ""n_estimators"": 250, ""negative_sample_ratio"": 5.0, ""num_leaves"": 15}",135,347,2025,top,lightgbm,manual_weak_top_label,169
0.3,34,4,0.5,0.47058823529411764,0.02941176470588236,-0.005360375,0.0018498020588235294,-0.007210177058823529,1,0,ok,"{""balanced_bagging"": true, ""is_unbalance"": false, ""learning_rate"": 0.03, ""max_depth"": 4, ""min_child_samples"": 10, ""n_estimators"": 250, ""negative_sample_ratio"": 5.0, ""num_leaves"": 15}",135,347,2025,top,lightgbm,manual_weak_top_label,169
0.7,34,2,0.5,0.47058823529411764,0.02941176470588236,-0.011539965,0.0018498020588235294,-0.013389767058823528,1,0,ok,"{""balanced_bagging"": true, ""is_unbalance"": true, ""learning_rate"": 0.025, ""max_depth"": 5, ""min_child_samples"": 12, ""n_estimators"": 320, ""negative_sample_ratio"": 3.0, ""num_leaves"": 15}",135,347,2025,top,lightgbm,manual_weak_top_label,169
0.6,34,2,0.5,0.47058823529411764,0.02941176470588236,-0.011539965,0.0018498020588235294,-0.013389767058823528,1,0,ok,"{""balanced_bagging"": true, ""is_unbalance"": true, ""learning_rate"": 0.025, ""max_depth"": 5, ""min_child_samples"": 12, ""n_estimators"": 320, ""negative_sample_ratio"": 3.0, ""num_leaves"": 15}",135,347,2025,top,lightgbm,manual_weak_top_label,169
0.5,34,3,0.6666666666666666,0.47058823529411764,0.196078431372549,-0.012476550000000001,0.0018498020588235294,-0.01432635205882353,1,0,ok,"{""balanced_bagging"": true, ""is_unbalance"": true, ""learning_rate"": 0.025, ""max_depth"": 5, ""min_child_samples"": 12, ""n_estimators"": 320, ""negative_sample_ratio"": 3.0, ""num_leaves"": 15}",135,347,2025,top,lightgbm,manual_weak_top_label,169
0.4,34,4,0.75,0.47058823529411764,0.27941176470588236,-0.028809315,0.0018498020588235294,-0.03065911705882353,1,1,ok,"{""balanced_bagging"": true, ""is_unbalance"": true, ""learning_rate"": 0.025, ""max_depth"": 5, ""min_child_samples"": 12, ""n_estimators"": 320, ""negative_sample_ratio"": 3.0, ""num_leaves"": 15}",135,347,2025,top,lightgbm,manual_weak_top_label,169
0.3,34,4,0.75,0.47058823529411764,0.27941176470588236,-0.028809315,0.0018498020588235294,-0.03065911705882353,1,0,ok,"{""balanced_bagging"": true, ""is_unbalance"": true, ""learning_rate"": 0.025, ""max_depth"": 5, ""min_child_samples"": 12, ""n_estimators"": 320, ""negative_sample_ratio"": 3.0, ""num_leaves"": 15}",135,347,2025,top,lightgbm,manual_weak_top_label,169
0.7,34,1,0.0,0.47058823529411764,-0.47058823529411764,-0.05969036,0.0018498020588235294,-0.061540162058823525,0,0,ok,"{""dropout"": 0.05, ""focal_alpha"": 0.7, ""focal_gamma"": 1.5, ""hidden_layers"": [32], ""learning_rate"": 0.001, ""max_epochs"": 130, ""patience"": 15}",135,347,2025,top,bp,manual_weak_top_label,169
0.6,34,1,0.0,0.47058823529411764,-0.47058823529411764,-0.05969036,0.0018498020588235294,-0.061540162058823525,0,0,ok,"{""dropout"": 0.05, ""focal_alpha"": 0.7, ""focal_gamma"": 1.5, ""hidden_layers"": [32], ""learning_rate"": 0.001, ""max_epochs"": 130, ""patience"": 15}",135,347,2025,top,bp,manual_weak_top_label,169
0.5,34,1,1.0,0.47058823529411764,0.5294117647058824,-0.07780761,0.0018498020588235294,-0.07965741205882353,0,0,ok,"{""dropout"": 0.05, ""focal_alpha"": 0.7, ""focal_gamma"": 1.5, ""hidden_layers"": [32], ""learning_rate"": 0.001, ""max_epochs"": 130, ""patience"": 15}",135,347,2025,top,bp,manual_weak_top_label,169
0.4,34,5,0.2,0.47058823529411764,-0.27058823529411763,0.014591663999999999,0.0018498020588235294,0.01274186194117647,1,0,ok,"{""dropout"": 0.05, ""focal_alpha"": 0.7, ""focal_gamma"": 1.5, ""hidden_layers"": [32], ""learning_rate"": 0.001, ""max_epochs"": 130, ""patience"": 15}",135,347,2025,top,bp,manual_weak_top_label,169
0.3,34,8,0.5,0.47058823529411764,0.02941176470588236,-0.00135783375,0.0018498020588235294,-0.0032076358088235293,1,1,ok,"{""dropout"": 0.05, ""focal_alpha"": 0.7, ""focal_gamma"": 1.5, ""hidden_layers"": [32], ""learning_rate"": 0.001, ""max_epochs"": 130, ""patience"": 15}",135,347,2025,top,bp,manual_weak_top_label,169
0.7,34,0,,0.47058823529411764,,,0.0018498020588235294,,0,0,ok,"{""dropout"": 0.1, ""focal_alpha"": 0.75, ""focal_gamma"": 2.0, ""hidden_layers"": [48, 24], ""learning_rate"": 0.001, ""max_epochs"": 160, ""patience"": 18}",135,347,2025,top,bp,manual_weak_top_label,169
0.6,34,0,,0.47058823529411764,,,0.0018498020588235294,,0,0,ok,"{""dropout"": 0.1, ""focal_alpha"": 0.75, ""focal_gamma"": 2.0, ""hidden_layers"": [48, 24], ""learning_rate"": 0.001, ""max_epochs"": 160, ""patience"": 18}",135,347,2025,top,bp,manual_weak_top_label,169
0.5,34,0,,0.47058823529411764,,,0.0018498020588235294,,0,0,ok,"{""dropout"": 0.1, ""focal_alpha"": 0.75, ""focal_gamma"": 2.0, ""hidden_layers"": [48, 24], ""learning_rate"": 0.001, ""max_epochs"": 160, ""patience"": 18}",135,347,2025,top,bp,manual_weak_top_label,169
0.4,34,1,0.0,0.47058823529411764,-0.47058823529411764,-0.05969036,0.0018498020588235294,-0.061540162058823525,0,0,ok,"{""dropout"": 0.1, ""focal_alpha"": 0.75, ""focal_gamma"": 2.0, ""hidden_layers"": [48, 24], ""learning_rate"": 0.001, ""max_epochs"": 160, ""patience"": 18}",135,347,2025,top,bp,manual_weak_top_label,169
0.3,34,1,0.0,0.47058823529411764,-0.47058823529411764,-0.05969036,0.0018498020588235294,-0.061540162058823525,0,0,ok,"{""dropout"": 0.1, ""focal_alpha"": 0.75, ""focal_gamma"": 2.0, ""hidden_layers"": [48, 24], ""learning_rate"": 0.001, ""max_epochs"": 160, ""patience"": 18}",135,347,2025,top,bp,manual_weak_top_label,169
0.7,34,1,0.0,0.47058823529411764,-0.47058823529411764,-0.05969036,0.0018498020588235294,-0.061540162058823525,0,0,ok,"{""dropout"": 0.15, ""focal_alpha"": 0.8, ""focal_gamma"": 2.5, ""hidden_layers"": [64, 32], ""learning_rate"": 0.0007, ""max_epochs"": 180, ""patience"": 20}",135,347,2025,top,bp,manual_weak_top_label,169
0.6,34,1,1.0,0.47058823529411764,0.5294117647058824,-0.07780761,0.0018498020588235294,-0.07965741205882353,0,0,ok,"{""dropout"": 0.15, ""focal_alpha"": 0.8, ""focal_gamma"": 2.5, ""hidden_layers"": [64, 32], ""learning_rate"": 0.0007, ""max_epochs"": 180, ""patience"": 20}",135,347,2025,top,bp,manual_weak_top_label,169
0.5,34,1,1.0,0.47058823529411764,0.5294117647058824,-0.07780761,0.0018498020588235294,-0.07965741205882353,0,0,ok,"{""dropout"": 0.15, ""focal_alpha"": 0.8, ""focal_gamma"": 2.5, ""hidden_layers"": [64, 32], ""learning_rate"": 0.0007, ""max_epochs"": 180, ""patience"": 20}",135,347,2025,top,bp,manual_weak_top_label,169
0.4,34,2,0.5,0.47058823529411764,0.02941176470588236,-0.01199885,0.0018498020588235294,-0.013848652058823529,1,0,ok,"{""dropout"": 0.15, ""focal_alpha"": 0.8, ""focal_gamma"": 2.5, ""hidden_layers"": [64, 32], ""learning_rate"": 0.0007, ""max_epochs"": 180, ""patience"": 20}",135,347,2025,top,bp,manual_weak_top_label,169
0.3,34,5,0.4,0.47058823529411764,-0.07058823529411762,-0.027413904,0.0018498020588235294,-0.02926370605882353,1,0,ok,"{""dropout"": 0.15, ""focal_alpha"": 0.8, ""focal_gamma"": 2.5, ""hidden_layers"": [64, 32], ""learning_rate"": 0.0007, ""max_epochs"": 180, ""patience"": 20}",135,347,2025,top,bp,manual_weak_top_label,169
0.7,34,0,,0.47058823529411764,,,0.0018498020588235294,,0,0,ok,"{""alpha"": 0.0001, ""hidden_layer_sizes"": [32], ""learning_rate_init"": 0.001, ""max_iter"": 500, ""negative_sample_ratio"": 2.0}",135,347,2025,top,mlp,manual_weak_top_label,169
0.6,34,1,0.0,0.47058823529411764,-0.47058823529411764,0.036586,0.0018498020588235294,0.03473619794117647,0,0,ok,"{""alpha"": 0.0001, ""hidden_layer_sizes"": [32], ""learning_rate_init"": 0.001, ""max_iter"": 500, ""negative_sample_ratio"": 2.0}",135,347,2025,top,mlp,manual_weak_top_label,169
0.5,34,1,0.0,0.47058823529411764,-0.47058823529411764,0.036586,0.0018498020588235294,0.03473619794117647,0,0,ok,"{""alpha"": 0.0001, ""hidden_layer_sizes"": [32], ""learning_rate_init"": 0.001, ""max_iter"": 500, ""negative_sample_ratio"": 2.0}",135,347,2025,top,mlp,manual_weak_top_label,169
0.4,34,2,0.0,0.47058823529411764,-0.47058823529411764,0.0656898,0.0018498020588235294,0.06383999794117648,1,0,ok,"{""alpha"": 0.0001, ""hidden_layer_sizes"": [32], ""learning_rate_init"": 0.001, ""max_iter"": 500, ""negative_sample_ratio"": 2.0}",135,347,2025,top,mlp,manual_weak_top_label,169
0.3,34,3,0.0,0.47058823529411764,-0.47058823529411764,0.032079203333333334,0.0018498020588235294,0.030229401274509803,1,0,ok,"{""alpha"": 0.0001, ""hidden_layer_sizes"": [32], ""learning_rate_init"": 0.001, ""max_iter"": 500, ""negative_sample_ratio"": 2.0}",135,347,2025,top,mlp,manual_weak_top_label,169
0.7,34,0,,0.47058823529411764,,,0.0018498020588235294,,0,0,ok,"{""alpha"": 0.0001, ""hidden_layer_sizes"": [48, 24], ""learning_rate_init"": 0.001, ""max_iter"": 600, ""negative_sample_ratio"": 3.0}",135,347,2025,top,mlp,manual_weak_top_label,169
0.6,34,0,,0.47058823529411764,,,0.0018498020588235294,,0,0,ok,"{""alpha"": 0.0001, ""hidden_layer_sizes"": [48, 24], ""learning_rate_init"": 0.001, ""max_iter"": 600, ""negative_sample_ratio"": 3.0}",135,347,2025,top,mlp,manual_weak_top_label,169
0.5,34,0,,0.47058823529411764,,,0.0018498020588235294,,0,0,ok,"{""alpha"": 0.0001, ""hidden_layer_sizes"": [48, 24], ""learning_rate_init"": 0.001, ""max_iter"": 600, ""negative_sample_ratio"": 3.0}",135,347,2025,top,mlp,manual_weak_top_label,169
0.4,34,1,1.0,0.47058823529411764,0.5294117647058824,0.00330019,0.0018498020588235294,0.0014503879411764708,0,0,ok,"{""alpha"": 0.0001, ""hidden_layer_sizes"": [48, 24], ""learning_rate_init"": 0.001, ""max_iter"": 600, ""negative_sample_ratio"": 3.0}",135,347,2025,top,mlp,manual_weak_top_label,169
0.3,34,4,0.5,0.47058823529411764,0.02941176470588236,-0.03078993,0.0018498020588235294,-0.03263973205882353,1,1,ok,"{""alpha"": 0.0001, ""hidden_layer_sizes"": [48, 24], ""learning_rate_init"": 0.001, ""max_iter"": 600, ""negative_sample_ratio"": 3.0}",135,347,2025,top,mlp,manual_weak_top_label,169
0.7,34,1,0.0,0.47058823529411764,-0.47058823529411764,0.036586,0.0018498020588235294,0.03473619794117647,0,0,ok,"{""alpha"": 0.001, ""hidden_layer_sizes"": [64, 32], ""learning_rate_init"": 0.0007, ""max_iter"": 700, ""negative_sample_ratio"": 5.0}",135,347,2025,top,mlp,manual_weak_top_label,169
0.6,34,1,0.0,0.47058823529411764,-0.47058823529411764,0.036586,0.0018498020588235294,0.03473619794117647,0,0,ok,"{""alpha"": 0.001, ""hidden_layer_sizes"": [64, 32], ""learning_rate_init"": 0.0007, ""max_iter"": 700, ""negative_sample_ratio"": 5.0}",135,347,2025,top,mlp,manual_weak_top_label,169
0.5,34,1,0.0,0.47058823529411764,-0.47058823529411764,0.036586,0.0018498020588235294,0.03473619794117647,0,0,ok,"{""alpha"": 0.001, ""hidden_layer_sizes"": [64, 32], ""learning_rate_init"": 0.0007, ""max_iter"": 700, ""negative_sample_ratio"": 5.0}",135,347,2025,top,mlp,manual_weak_top_label,169
0.4,34,2,0.0,0.47058823529411764,-0.47058823529411764,-0.01155218,0.0018498020588235294,-0.01340198205882353,1,0,ok,"{""alpha"": 0.001, ""hidden_layer_sizes"": [64, 32], ""learning_rate_init"": 0.0007, ""max_iter"": 700, ""negative_sample_ratio"": 5.0}",135,347,2025,top,mlp,manual_weak_top_label,169
0.3,34,3,0.3333333333333333,0.47058823529411764,-0.13725490196078433,-0.023551436666666665,0.0018498020588235294,-0.025401238725490195,1,0,ok,"{""alpha"": 0.001, ""hidden_layer_sizes"": [64, 32], ""learning_rate_init"": 0.0007, ""max_iter"": 700, ""negative_sample_ratio"": 5.0}",135,347,2025,top,mlp,manual_weak_top_label,169
0.7,34,0,,0.47058823529411764,,,0.0018498020588235294,,0,0,ok,"{""C"": 0.5, ""gamma"": ""scale""}",135,347,2025,top,svm,manual_weak_top_label,169
0.6,34,0,,0.47058823529411764,,,0.0018498020588235294,,0,0,ok,"{""C"": 0.5, ""gamma"": ""scale""}",135,347,2025,top,svm,manual_weak_top_label,169
0.5,34,0,,0.47058823529411764,,,0.0018498020588235294,,0,0,ok,"{""C"": 0.5, ""gamma"": ""scale""}",135,347,2025,top,svm,manual_weak_top_label,169
0.4,34,1,1.0,0.47058823529411764,0.5294117647058824,-0.07780761,0.0018498020588235294,-0.07965741205882353,0,0,ok,"{""C"": 0.5, ""gamma"": ""scale""}",135,347,2025,top,svm,manual_weak_top_label,169
0.3,34,1,1.0,0.47058823529411764,0.5294117647058824,-0.07780761,0.0018498020588235294,-0.07965741205882353,0,0,ok,"{""C"": 0.5, ""gamma"": ""scale""}",135,347,2025,top,svm,manual_weak_top_label,169
0.7,34,0,,0.47058823529411764,,,0.0018498020588235294,,0,0,ok,"{""C"": 1.0, ""gamma"": ""scale""}",135,347,2025,top,svm,manual_weak_top_label,169
0.6,34,0,,0.47058823529411764,,,0.0018498020588235294,,0,0,ok,"{""C"": 1.0, ""gamma"": ""scale""}",135,347,2025,top,svm,manual_weak_top_label,169
0.5,34,0,,0.47058823529411764,,,0.0018498020588235294,,0,0,ok,"{""C"": 1.0, ""gamma"": ""scale""}",135,347,2025,top,svm,manual_weak_top_label,169
0.4,34,1,0.0,0.47058823529411764,-0.47058823529411764,-0.05969036,0.0018498020588235294,-0.061540162058823525,0,0,ok,"{""C"": 1.0, ""gamma"": ""scale""}",135,347,2025,top,svm,manual_weak_top_label,169
0.3,34,2,1.0,0.47058823529411764,0.5294117647058824,-0.06107743,0.0018498020588235294,-0.06292723205882353,1,1,ok,"{""C"": 1.0, ""gamma"": ""scale""}",135,347,2025,top,svm,manual_weak_top_label,169
0.7,34,0,,0.47058823529411764,,,0.0018498020588235294,,0,0,ok,"{""C"": 2.0, ""gamma"": ""scale""}",135,347,2025,top,svm,manual_weak_top_label,169
0.6,34,0,,0.47058823529411764,,,0.0018498020588235294,,0,0,ok,"{""C"": 2.0, ""gamma"": ""scale""}",135,347,2025,top,svm,manual_weak_top_label,169
0.5,34,0,,0.47058823529411764,,,0.0018498020588235294,,0,0,ok,"{""C"": 2.0, ""gamma"": ""scale""}",135,347,2025,top,svm,manual_weak_top_label,169
0.4,34,2,0.5,0.47058823529411764,0.02941176470588236,-0.052018805,0.0018498020588235294,-0.05386860705882353,1,0,ok,"{""C"": 2.0, ""gamma"": ""scale""}",135,347,2025,top,svm,manual_weak_top_label,169
0.3,34,2,0.5,0.47058823529411764,0.02941176470588236,-0.052018805,0.0018498020588235294,-0.05386860705882353,1,0,ok,"{""C"": 2.0, ""gamma"": ""scale""}",135,347,2025,top,svm,manual_weak_top_label,169
0.7,38,4,0.5,0.23684210526315788,0.26315789473684215,0.07186978,0.01307777947368421,0.05879200052631579,1,1,ok,"{""C"": 0.3}",154,347,2026,bottom,logistic,manual_weak_bottom_label,192
0.6,38,5,0.4,0.23684210526315788,0.16315789473684214,0.062816164,0.01307777947368421,0.049738384526315786,1,0,ok,"{""C"": 0.3}",154,347,2026,bottom,logistic,manual_weak_bottom_label,192
0.5,38,6,0.3333333333333333,0.23684210526315788,0.09649122807017543,0.04462284666666667,0.01307777947368421,0.03154506719298246,1,0,ok,"{""C"": 0.3}",154,347,2026,bottom,logistic,manual_weak_bottom_label,192
0.4,38,6,0.3333333333333333,0.23684210526315788,0.09649122807017543,0.04462284666666667,0.01307777947368421,0.03154506719298246,1,0,ok,"{""C"": 0.3}",154,347,2026,bottom,logistic,manual_weak_bottom_label,192
0.3,38,7,0.2857142857142857,0.23684210526315788,0.04887218045112782,0.03242136142857143,0.01307777947368421,0.019343581954887223,1,0,ok,"{""C"": 0.3}",154,347,2026,bottom,logistic,manual_weak_bottom_label,192
0.7,38,5,0.4,0.23684210526315788,0.16315789473684214,0.062816164,0.01307777947368421,0.049738384526315786,1,0,ok,"{""C"": 1.0}",154,347,2026,bottom,logistic,manual_weak_bottom_label,192
0.6,38,6,0.3333333333333333,0.23684210526315788,0.09649122807017543,0.04462284666666667,0.01307777947368421,0.03154506719298246,1,0,ok,"{""C"": 1.0}",154,347,2026,bottom,logistic,manual_weak_bottom_label,192
0.5,38,7,0.2857142857142857,0.23684210526315788,0.04887218045112782,0.03242136142857143,0.01307777947368421,0.019343581954887223,1,0,ok,"{""C"": 1.0}",154,347,2026,bottom,logistic,manual_weak_bottom_label,192
0.4,38,7,0.2857142857142857,0.23684210526315788,0.04887218045112782,0.03242136142857143,0.01307777947368421,0.019343581954887223,1,0,ok,"{""C"": 1.0}",154,347,2026,bottom,logistic,manual_weak_bottom_label,192
0.3,38,7,0.2857142857142857,0.23684210526315788,0.04887218045112782,0.03242136142857143,0.01307777947368421,0.019343581954887223,1,0,ok,"{""C"": 1.0}",154,347,2026,bottom,logistic,manual_weak_bottom_label,192
0.7,38,7,0.2857142857142857,0.23684210526315788,0.04887218045112782,0.03242136142857143,0.01307777947368421,0.019343581954887223,1,0,ok,"{""C"": 3.0}",154,347,2026,bottom,logistic,manual_weak_bottom_label,192
0.6,38,7,0.2857142857142857,0.23684210526315788,0.04887218045112782,0.03242136142857143,0.01307777947368421,0.019343581954887223,1,0,ok,"{""C"": 3.0}",154,347,2026,bottom,logistic,manual_weak_bottom_label,192
0.5,38,7,0.2857142857142857,0.23684210526315788,0.04887218045112782,0.03242136142857143,0.01307777947368421,0.019343581954887223,1,0,ok,"{""C"": 3.0}",154,347,2026,bottom,logistic,manual_weak_bottom_label,192
0.4,38,8,0.25,0.23684210526315788,0.013157894736842118,0.02570752125,0.01307777947368421,0.012629741776315791,1,0,ok,"{""C"": 3.0}",154,347,2026,bottom,logistic,manual_weak_bottom_label,192
0.3,38,9,0.2222222222222222,0.23684210526315788,-0.014619883040935672,0.01933275333333333,0.01307777947368421,0.0062549738596491215,1,0,ok,"{""C"": 3.0}",154,347,2026,bottom,logistic,manual_weak_bottom_label,192
0.7,38,10,0.3,0.23684210526315788,0.06315789473684211,0.027511116000000002,0.01307777947368421,0.014433336526315793,1,0,ok,"{""shrinkage"": ""auto"", ""solver"": ""lsqr""}",154,347,2026,bottom,lda,manual_weak_bottom_label,192
0.6,38,11,0.36363636363636365,0.23684210526315788,0.12679425837320576,0.029961012727272727,0.01307777947368421,0.016883233253588516,1,0,ok,"{""shrinkage"": ""auto"", ""solver"": ""lsqr""}",154,347,2026,bottom,lda,manual_weak_bottom_label,192
0.5,38,11,0.36363636363636365,0.23684210526315788,0.12679425837320576,0.029961012727272727,0.01307777947368421,0.016883233253588516,1,0,ok,"{""shrinkage"": ""auto"", ""solver"": ""lsqr""}",154,347,2026,bottom,lda,manual_weak_bottom_label,192
0.4,38,11,0.36363636363636365,0.23684210526315788,0.12679425837320576,0.029961012727272727,0.01307777947368421,0.016883233253588516,1,0,ok,"{""shrinkage"": ""auto"", ""solver"": ""lsqr""}",154,347,2026,bottom,lda,manual_weak_bottom_label,192
0.3,38,12,0.3333333333333333,0.23684210526315788,0.09649122807017543,0.03536372833333334,0.01307777947368421,0.02228594885964913,1,0,ok,"{""shrinkage"": ""auto"", ""solver"": ""lsqr""}",154,347,2026,bottom,lda,manual_weak_bottom_label,192
0.7,38,10,0.3,0.23684210526315788,0.06315789473684211,0.027511116000000002,0.01307777947368421,0.014433336526315793,1,0,ok,"{""shrinkage"": 0.2, ""solver"": ""lsqr""}",154,347,2026,bottom,lda,manual_weak_bottom_label,192
0.6,38,10,0.3,0.23684210526315788,0.06315789473684211,0.027511116000000002,0.01307777947368421,0.014433336526315793,1,0,ok,"{""shrinkage"": 0.2, ""solver"": ""lsqr""}",154,347,2026,bottom,lda,manual_weak_bottom_label,192
0.5,38,10,0.3,0.23684210526315788,0.06315789473684211,0.027511116000000002,0.01307777947368421,0.014433336526315793,1,0,ok,"{""shrinkage"": 0.2, ""solver"": ""lsqr""}",154,347,2026,bottom,lda,manual_weak_bottom_label,192
0.4,38,10,0.3,0.23684210526315788,0.06315789473684211,0.027511116000000002,0.01307777947368421,0.014433336526315793,1,0,ok,"{""shrinkage"": 0.2, ""solver"": ""lsqr""}",154,347,2026,bottom,lda,manual_weak_bottom_label,192
0.3,38,10,0.3,0.23684210526315788,0.06315789473684211,0.027511116000000002,0.01307777947368421,0.014433336526315793,1,0,ok,"{""shrinkage"": 0.2, ""solver"": ""lsqr""}",154,347,2026,bottom,lda,manual_weak_bottom_label,192
0.7,38,8,0.375,0.23684210526315788,0.13815789473684212,0.0568743375,0.01307777947368421,0.04379655802631579,1,1,ok,"{""shrinkage"": 0.5, ""solver"": ""lsqr""}",154,347,2026,bottom,lda,manual_weak_bottom_label,192
0.6,38,8,0.375,0.23684210526315788,0.13815789473684212,0.0568743375,0.01307777947368421,0.04379655802631579,1,0,ok,"{""shrinkage"": 0.5, ""solver"": ""lsqr""}",154,347,2026,bottom,lda,manual_weak_bottom_label,192
0.5,38,8,0.375,0.23684210526315788,0.13815789473684212,0.0568743375,0.01307777947368421,0.04379655802631579,1,0,ok,"{""shrinkage"": 0.5, ""solver"": ""lsqr""}",154,347,2026,bottom,lda,manual_weak_bottom_label,192
0.4,38,8,0.375,0.23684210526315788,0.13815789473684212,0.0434455125,0.01307777947368421,0.03036773302631579,1,0,ok,"{""shrinkage"": 0.5, ""solver"": ""lsqr""}",154,347,2026,bottom,lda,manual_weak_bottom_label,192
0.3,38,8,0.375,0.23684210526315788,0.13815789473684212,0.0434455125,0.01307777947368421,0.03036773302631579,1,0,ok,"{""shrinkage"": 0.5, ""solver"": ""lsqr""}",154,347,2026,bottom,lda,manual_weak_bottom_label,192
0.7,38,17,0.23529411764705882,0.23684210526315788,-0.0015479876160990613,0.013575181764705882,0.01307777947368421,0.000497402291021673,1,1,ok,"{""reg_param"": 0.2}",154,347,2026,bottom,qda,manual_weak_bottom_label,192
0.6,38,17,0.23529411764705882,0.23684210526315788,-0.0015479876160990613,0.013575181764705882,0.01307777947368421,0.000497402291021673,1,0,ok,"{""reg_param"": 0.2}",154,347,2026,bottom,qda,manual_weak_bottom_label,192
0.5,38,17,0.23529411764705882,0.23684210526315788,-0.0015479876160990613,0.013575181764705882,0.01307777947368421,0.000497402291021673,1,0,ok,"{""reg_param"": 0.2}",154,347,2026,bottom,qda,manual_weak_bottom_label,192
0.4,38,17,0.23529411764705882,0.23684210526315788,-0.0015479876160990613,0.013575181764705882,0.01307777947368421,0.000497402291021673,1,0,ok,"{""reg_param"": 0.2}",154,347,2026,bottom,qda,manual_weak_bottom_label,192
0.3,38,17,0.23529411764705882,0.23684210526315788,-0.0015479876160990613,0.013575181764705882,0.01307777947368421,0.000497402291021673,1,0,ok,"{""reg_param"": 0.2}",154,347,2026,bottom,qda,manual_weak_bottom_label,192
0.7,38,17,0.23529411764705882,0.23684210526315788,-0.0015479876160990613,0.013575181764705882,0.01307777947368421,0.000497402291021673,1,0,ok,"{""reg_param"": 0.5}",154,347,2026,bottom,qda,manual_weak_bottom_label,192
0.6,38,17,0.23529411764705882,0.23684210526315788,-0.0015479876160990613,0.013575181764705882,0.01307777947368421,0.000497402291021673,1,0,ok,"{""reg_param"": 0.5}",154,347,2026,bottom,qda,manual_weak_bottom_label,192
0.5,38,17,0.23529411764705882,0.23684210526315788,-0.0015479876160990613,0.013575181764705882,0.01307777947368421,0.000497402291021673,1,0,ok,"{""reg_param"": 0.5}",154,347,2026,bottom,qda,manual_weak_bottom_label,192
0.4,38,17,0.23529411764705882,0.23684210526315788,-0.0015479876160990613,0.013575181764705882,0.01307777947368421,0.000497402291021673,1,0,ok,"{""reg_param"": 0.5}",154,347,2026,bottom,qda,manual_weak_bottom_label,192
0.3,38,17,0.23529411764705882,0.23684210526315788,-0.0015479876160990613,0.013575181764705882,0.01307777947368421,0.000497402291021673,1,0,ok,"{""reg_param"": 0.5}",154,347,2026,bottom,qda,manual_weak_bottom_label,192
0.7,38,17,0.23529411764705882,0.23684210526315788,-0.0015479876160990613,0.013575181764705882,0.01307777947368421,0.000497402291021673,1,0,ok,"{""reg_param"": 0.8}",154,347,2026,bottom,qda,manual_weak_bottom_label,192
0.6,38,17,0.23529411764705882,0.23684210526315788,-0.0015479876160990613,0.013575181764705882,0.01307777947368421,0.000497402291021673,1,0,ok,"{""reg_param"": 0.8}",154,347,2026,bottom,qda,manual_weak_bottom_label,192
0.5,38,17,0.23529411764705882,0.23684210526315788,-0.0015479876160990613,0.013575181764705882,0.01307777947368421,0.000497402291021673,1,0,ok,"{""reg_param"": 0.8}",154,347,2026,bottom,qda,manual_weak_bottom_label,192
0.4,38,17,0.23529411764705882,0.23684210526315788,-0.0015479876160990613,0.013575181764705882,0.01307777947368421,0.000497402291021673,1,0,ok,"{""reg_param"": 0.8}",154,347,2026,bottom,qda,manual_weak_bottom_label,192
0.3,38,17,0.23529411764705882,0.23684210526315788,-0.0015479876160990613,0.013575181764705882,0.01307777947368421,0.000497402291021673,1,0,ok,"{""reg_param"": 0.8}",154,347,2026,bottom,qda,manual_weak_bottom_label,192
0.7,38,2,0.0,0.23684210526315788,-0.23684210526315788,0.025471435,0.01307777947368421,0.012393655526315791,1,0,ok,"{""balanced_bagging"": true, ""is_unbalance"": false, ""learning_rate"": 0.04, ""max_depth"": 3, ""min_child_samples"": 8, ""n_estimators"": 180, ""negative_sample_ratio"": 3.0, ""num_leaves"": 7}",154,347,2026,bottom,lightgbm,manual_weak_bottom_label,192
0.6,38,3,0.3333333333333333,0.23684210526315788,0.09649122807017543,0.06638646333333333,0.01307777947368421,0.05330868385964912,1,0,ok,"{""balanced_bagging"": true, ""is_unbalance"": false, ""learning_rate"": 0.04, ""max_depth"": 3, ""min_child_samples"": 8, ""n_estimators"": 180, ""negative_sample_ratio"": 3.0, ""num_leaves"": 7}",154,347,2026,bottom,lightgbm,manual_weak_bottom_label,192
0.5,38,3,0.3333333333333333,0.23684210526315788,0.09649122807017543,0.05707392,0.01307777947368421,0.04399614052631579,1,0,ok,"{""balanced_bagging"": true, ""is_unbalance"": false, ""learning_rate"": 0.04, ""max_depth"": 3, ""min_child_samples"": 8, ""n_estimators"": 180, ""negative_sample_ratio"": 3.0, ""num_leaves"": 7}",154,347,2026,bottom,lightgbm,manual_weak_bottom_label,192
0.4,38,3,0.3333333333333333,0.23684210526315788,0.09649122807017543,-0.002445046666666667,0.01307777947368421,-0.015522826140350877,1,0,ok,"{""balanced_bagging"": true, ""is_unbalance"": false, ""learning_rate"": 0.04, ""max_depth"": 3, ""min_child_samples"": 8, ""n_estimators"": 180, ""negative_sample_ratio"": 3.0, ""num_leaves"": 7}",154,347,2026,bottom,lightgbm,manual_weak_bottom_label,192
0.3,38,5,0.6,0.23684210526315788,0.3631578947368421,0.068375344,0.01307777947368421,0.0552975645263158,1,1,ok,"{""balanced_bagging"": true, ""is_unbalance"": false, ""learning_rate"": 0.04, ""max_depth"": 3, ""min_child_samples"": 8, ""n_estimators"": 180, ""negative_sample_ratio"": 3.0, ""num_leaves"": 7}",154,347,2026,bottom,lightgbm,manual_weak_bottom_label,192
0.7,38,0,,0.23684210526315788,,,0.01307777947368421,,0,0,ok,"{""balanced_bagging"": true, ""is_unbalance"": false, ""learning_rate"": 0.03, ""max_depth"": 4, ""min_child_samples"": 10, ""n_estimators"": 250, ""negative_sample_ratio"": 5.0, ""num_leaves"": 15}",154,347,2026,bottom,lightgbm,manual_weak_bottom_label,192
0.6,38,1,0.0,0.23684210526315788,-0.23684210526315788,-0.02461472,0.01307777947368421,-0.03769249947368421,0,0,ok,"{""balanced_bagging"": true, ""is_unbalance"": false, ""learning_rate"": 0.03, ""max_depth"": 4, ""min_child_samples"": 10, ""n_estimators"": 250, ""negative_sample_ratio"": 5.0, ""num_leaves"": 15}",154,347,2026,bottom,lightgbm,manual_weak_bottom_label,192
0.5,38,3,0.3333333333333333,0.23684210526315788,0.09649122807017543,0.03129328333333333,0.01307777947368421,0.018215503859649124,1,0,ok,"{""balanced_bagging"": true, ""is_unbalance"": false, ""learning_rate"": 0.03, ""max_depth"": 4, ""min_child_samples"": 10, ""n_estimators"": 250, ""negative_sample_ratio"": 5.0, ""num_leaves"": 15}",154,347,2026,bottom,lightgbm,manual_weak_bottom_label,192
0.4,38,3,0.3333333333333333,0.23684210526315788,0.09649122807017543,0.05707392,0.01307777947368421,0.04399614052631579,1,0,ok,"{""balanced_bagging"": true, ""is_unbalance"": false, ""learning_rate"": 0.03, ""max_depth"": 4, ""min_child_samples"": 10, ""n_estimators"": 250, ""negative_sample_ratio"": 5.0, ""num_leaves"": 15}",154,347,2026,bottom,lightgbm,manual_weak_bottom_label,192
0.3,38,3,0.3333333333333333,0.23684210526315788,0.09649122807017543,-0.005994306666666667,0.01307777947368421,-0.019072086140350875,1,0,ok,"{""balanced_bagging"": true, ""is_unbalance"": false, ""learning_rate"": 0.03, ""max_depth"": 4, ""min_child_samples"": 10, ""n_estimators"": 250, ""negative_sample_ratio"": 5.0, ""num_leaves"": 15}",154,347,2026,bottom,lightgbm,manual_weak_bottom_label,192
0.7,38,3,0.3333333333333333,0.23684210526315788,0.09649122807017543,0.05707392,0.01307777947368421,0.04399614052631579,1,0,ok,"{""balanced_bagging"": true, ""is_unbalance"": true, ""learning_rate"": 0.025, ""max_depth"": 5, ""min_child_samples"": 12, ""n_estimators"": 320, ""negative_sample_ratio"": 3.0, ""num_leaves"": 15}",154,347,2026,bottom,lightgbm,manual_weak_bottom_label,192
0.6,38,3,0.3333333333333333,0.23684210526315788,0.09649122807017543,-0.005994306666666667,0.01307777947368421,-0.019072086140350875,1,0,ok,"{""balanced_bagging"": true, ""is_unbalance"": true, ""learning_rate"": 0.025, ""max_depth"": 5, ""min_child_samples"": 12, ""n_estimators"": 320, ""negative_sample_ratio"": 3.0, ""num_leaves"": 15}",154,347,2026,bottom,lightgbm,manual_weak_bottom_label,192
0.5,38,4,0.5,0.23684210526315788,0.26315789473684215,0.0094113525,0.01307777947368421,-0.00366642697368421,1,0,ok,"{""balanced_bagging"": true, ""is_unbalance"": true, ""learning_rate"": 0.025, ""max_depth"": 5, ""min_child_samples"": 12, ""n_estimators"": 320, ""negative_sample_ratio"": 3.0, ""num_leaves"": 15}",154,347,2026,bottom,lightgbm,manual_weak_bottom_label,192
0.4,38,5,0.4,0.23684210526315788,0.16315789473684214,0.010988292,0.01307777947368421,-0.002089487473684209,1,0,ok,"{""balanced_bagging"": true, ""is_unbalance"": true, ""learning_rate"": 0.025, ""max_depth"": 5, ""min_child_samples"": 12, ""n_estimators"": 320, ""negative_sample_ratio"": 3.0, ""num_leaves"": 15}",154,347,2026,bottom,lightgbm,manual_weak_bottom_label,192
0.3,38,5,0.4,0.23684210526315788,0.16315789473684214,0.010988292,0.01307777947368421,-0.002089487473684209,1,0,ok,"{""balanced_bagging"": true, ""is_unbalance"": true, ""learning_rate"": 0.025, ""max_depth"": 5, ""min_child_samples"": 12, ""n_estimators"": 320, ""negative_sample_ratio"": 3.0, ""num_leaves"": 15}",154,347,2026,bottom,lightgbm,manual_weak_bottom_label,192
0.7,38,2,0.5,0.23684210526315788,0.26315789473684215,0.010169525,0.01307777947368421,-0.002908254473684209,1,0,ok,"{""dropout"": 0.05, ""focal_alpha"": 0.7, ""focal_gamma"": 1.5, ""hidden_layers"": [32], ""learning_rate"": 0.001, ""max_epochs"": 130, ""patience"": 15}",154,347,2026,bottom,bp,manual_weak_bottom_label,192
0.6,38,7,0.42857142857142855,0.23684210526315788,0.19172932330827067,0.017131734285714285,0.01307777947368421,0.004053954812030075,1,0,ok,"{""dropout"": 0.05, ""focal_alpha"": 0.7, ""focal_gamma"": 1.5, ""hidden_layers"": [32], ""learning_rate"": 0.001, ""max_epochs"": 130, ""patience"": 15}",154,347,2026,bottom,bp,manual_weak_bottom_label,192
0.5,38,7,0.42857142857142855,0.23684210526315788,0.19172932330827067,0.02381813857142857,0.01307777947368421,0.010740359097744361,1,0,ok,"{""dropout"": 0.05, ""focal_alpha"": 0.7, ""focal_gamma"": 1.5, ""hidden_layers"": [32], ""learning_rate"": 0.001, ""max_epochs"": 130, ""patience"": 15}",154,347,2026,bottom,bp,manual_weak_bottom_label,192
0.4,38,7,0.42857142857142855,0.23684210526315788,0.19172932330827067,0.02400625,0.01307777947368421,0.01092847052631579,1,0,ok,"{""dropout"": 0.05, ""focal_alpha"": 0.7, ""focal_gamma"": 1.5, ""hidden_layers"": [32], ""learning_rate"": 0.001, ""max_epochs"": 130, ""patience"": 15}",154,347,2026,bottom,bp,manual_weak_bottom_label,192
0.3,38,9,0.3333333333333333,0.23684210526315788,0.09649122807017543,0.03423259222222222,0.01307777947368421,0.02115481274853801,1,0,ok,"{""dropout"": 0.05, ""focal_alpha"": 0.7, ""focal_gamma"": 1.5, ""hidden_layers"": [32], ""learning_rate"": 0.001, ""max_epochs"": 130, ""patience"": 15}",154,347,2026,bottom,bp,manual_weak_bottom_label,192
0.7,38,0,,0.23684210526315788,,,0.01307777947368421,,0,0,ok,"{""dropout"": 0.1, ""focal_alpha"": 0.75, ""focal_gamma"": 2.0, ""hidden_layers"": [48, 24], ""learning_rate"": 0.001, ""max_epochs"": 160, ""patience"": 18}",154,347,2026,bottom,bp,manual_weak_bottom_label,192
0.6,38,1,0.0,0.23684210526315788,-0.23684210526315788,-0.02259793,0.01307777947368421,-0.03567570947368421,0,0,ok,"{""dropout"": 0.1, ""focal_alpha"": 0.75, ""focal_gamma"": 2.0, ""hidden_layers"": [48, 24], ""learning_rate"": 0.001, ""max_epochs"": 160, ""patience"": 18}",154,347,2026,bottom,bp,manual_weak_bottom_label,192
0.5,38,2,0.5,0.23684210526315788,0.26315789473684215,0.01585681,0.01307777947368421,0.0027790305263157896,1,1,ok,"{""dropout"": 0.1, ""focal_alpha"": 0.75, ""focal_gamma"": 2.0, ""hidden_layers"": [48, 24], ""learning_rate"": 0.001, ""max_epochs"": 160, ""patience"": 18}",154,347,2026,bottom,bp,manual_weak_bottom_label,192
0.4,38,2,0.5,0.23684210526315788,0.26315789473684215,0.01585681,0.01307777947368421,0.0027790305263157896,1,0,ok,"{""dropout"": 0.1, ""focal_alpha"": 0.75, ""focal_gamma"": 2.0, ""hidden_layers"": [48, 24], ""learning_rate"": 0.001, ""max_epochs"": 160, ""patience"": 18}",154,347,2026,bottom,bp,manual_weak_bottom_label,192
0.3,38,3,0.3333333333333333,0.23684210526315788,0.09649122807017543,0.012787296666666668,0.01307777947368421,-0.00029048280701754123,1,0,ok,"{""dropout"": 0.1, ""focal_alpha"": 0.75, ""focal_gamma"": 2.0, ""hidden_layers"": [48, 24], ""learning_rate"": 0.001, ""max_epochs"": 160, ""patience"": 18}",154,347,2026,bottom,bp,manual_weak_bottom_label,192
0.7,38,2,0.0,0.23684210526315788,-0.23684210526315788,-0.00797483,0.01307777947368421,-0.02105260947368421,1,0,ok,"{""dropout"": 0.15, ""focal_alpha"": 0.8, ""focal_gamma"": 2.5, ""hidden_layers"": [64, 32], ""learning_rate"": 0.0007, ""max_epochs"": 180, ""patience"": 20}",154,347,2026,bottom,bp,manual_weak_bottom_label,192
0.6,38,2,0.5,0.23684210526315788,0.26315789473684215,0.003931265,0.01307777947368421,-0.00914651447368421,1,0,ok,"{""dropout"": 0.15, ""focal_alpha"": 0.8, ""focal_gamma"": 2.5, ""hidden_layers"": [64, 32], ""learning_rate"": 0.0007, ""max_epochs"": 180, ""patience"": 20}",154,347,2026,bottom,bp,manual_weak_bottom_label,192
0.5,38,3,0.3333333333333333,0.23684210526315788,0.09649122807017543,-0.0020348033333333336,0.01307777947368421,-0.015112582807017542,1,0,ok,"{""dropout"": 0.15, ""focal_alpha"": 0.8, ""focal_gamma"": 2.5, ""hidden_layers"": [64, 32], ""learning_rate"": 0.0007, ""max_epochs"": 180, ""patience"": 20}",154,347,2026,bottom,bp,manual_weak_bottom_label,192
0.4,38,3,0.3333333333333333,0.23684210526315788,0.09649122807017543,-0.0020348033333333336,0.01307777947368421,-0.015112582807017542,1,0,ok,"{""dropout"": 0.15, ""focal_alpha"": 0.8, ""focal_gamma"": 2.5, ""hidden_layers"": [64, 32], ""learning_rate"": 0.0007, ""max_epochs"": 180, ""patience"": 20}",154,347,2026,bottom,bp,manual_weak_bottom_label,192
0.3,38,7,0.2857142857142857,0.23684210526315788,0.04887218045112782,0.04660890571428571,0.01307777947368421,0.033531126240601505,1,0,ok,"{""dropout"": 0.15, ""focal_alpha"": 0.8, ""focal_gamma"": 2.5, ""hidden_layers"": [64, 32], ""learning_rate"": 0.0007, ""max_epochs"": 180, ""patience"": 20}",154,347,2026,bottom,bp,manual_weak_bottom_label,192
0.7,38,1,1.0,0.23684210526315788,0.7631578947368421,-0.03585062,0.01307777947368421,-0.04892839947368421,0,0,ok,"{""alpha"": 0.0001, ""hidden_layer_sizes"": [32], ""learning_rate_init"": 0.001, ""max_iter"": 500, ""negative_sample_ratio"": 2.0}",154,347,2026,bottom,mlp,manual_weak_bottom_label,192
0.6,38,4,0.5,0.23684210526315788,0.26315789473684215,0.028428905,0.01307777947368421,0.015351125526315791,1,1,ok,"{""alpha"": 0.0001, ""hidden_layer_sizes"": [32], ""learning_rate_init"": 0.001, ""max_iter"": 500, ""negative_sample_ratio"": 2.0}",154,347,2026,bottom,mlp,manual_weak_bottom_label,192
0.5,38,5,0.4,0.23684210526315788,0.16315789473684214,0.05891054999999999,0.01307777947368421,0.045832770526315784,1,0,ok,"{""alpha"": 0.0001, ""hidden_layer_sizes"": [32], ""learning_rate_init"": 0.001, ""max_iter"": 500, ""negative_sample_ratio"": 2.0}",154,347,2026,bottom,mlp,manual_weak_bottom_label,192
0.4,38,5,0.4,0.23684210526315788,0.16315789473684214,0.05891054999999999,0.01307777947368421,0.045832770526315784,1,0,ok,"{""alpha"": 0.0001, ""hidden_layer_sizes"": [32], ""learning_rate_init"": 0.001, ""max_iter"": 500, ""negative_sample_ratio"": 2.0}",154,347,2026,bottom,mlp,manual_weak_bottom_label,192
0.3,38,7,0.2857142857142857,0.23684210526315788,0.04887218045112782,0.04844264571428571,0.01307777947368421,0.035364866240601506,1,0,ok,"{""alpha"": 0.0001, ""hidden_layer_sizes"": [32], ""learning_rate_init"": 0.001, ""max_iter"": 500, ""negative_sample_ratio"": 2.0}",154,347,2026,bottom,mlp,manual_weak_bottom_label,192
0.7,38,1,1.0,0.23684210526315788,0.7631578947368421,0.05431155,0.01307777947368421,0.04123377052631579,0,0,ok,"{""alpha"": 0.0001, ""hidden_layer_sizes"": [48, 24], ""learning_rate_init"": 0.001, ""max_iter"": 600, ""negative_sample_ratio"": 3.0}",154,347,2026,bottom,mlp,manual_weak_bottom_label,192
0.6,38,5,0.4,0.23684210526315788,0.16315789473684214,-0.005666842,0.01307777947368421,-0.01874462147368421,1,0,ok,"{""alpha"": 0.0001, ""hidden_layer_sizes"": [48, 24], ""learning_rate_init"": 0.001, ""max_iter"": 600, ""negative_sample_ratio"": 3.0}",154,347,2026,bottom,mlp,manual_weak_bottom_label,192
0.5,38,8,0.125,0.23684210526315788,-0.11184210526315788,0.0034333225,0.01307777947368421,-0.009644456973684209,1,0,ok,"{""alpha"": 0.0001, ""hidden_layer_sizes"": [48, 24], ""learning_rate_init"": 0.001, ""max_iter"": 600, ""negative_sample_ratio"": 3.0}",154,347,2026,bottom,mlp,manual_weak_bottom_label,192
0.4,38,12,0.25,0.23684210526315788,0.013157894736842118,0.024552878333333333,0.01307777947368421,0.011475098859649124,1,0,ok,"{""alpha"": 0.0001, ""hidden_layer_sizes"": [48, 24], ""learning_rate_init"": 0.001, ""max_iter"": 600, ""negative_sample_ratio"": 3.0}",154,347,2026,bottom,mlp,manual_weak_bottom_label,192
0.3,38,13,0.23076923076923078,0.23684210526315788,-0.0060728744939270995,0.024971303076923076,0.01307777947368421,0.011893523603238866,1,0,ok,"{""alpha"": 0.0001, ""hidden_layer_sizes"": [48, 24], ""learning_rate_init"": 0.001, ""max_iter"": 600, ""negative_sample_ratio"": 3.0}",154,347,2026,bottom,mlp,manual_weak_bottom_label,192
0.7,38,0,,0.23684210526315788,,,0.01307777947368421,,0,0,ok,"{""alpha"": 0.001, ""hidden_layer_sizes"": [64, 32], ""learning_rate_init"": 0.0007, ""max_iter"": 700, ""negative_sample_ratio"": 5.0}",154,347,2026,bottom,mlp,manual_weak_bottom_label,192
0.6,38,0,,0.23684210526315788,,,0.01307777947368421,,0,0,ok,"{""alpha"": 0.001, ""hidden_layer_sizes"": [64, 32], ""learning_rate_init"": 0.0007, ""max_iter"": 700, ""negative_sample_ratio"": 5.0}",154,347,2026,bottom,mlp,manual_weak_bottom_label,192
0.5,38,0,,0.23684210526315788,,,0.01307777947368421,,0,0,ok,"{""alpha"": 0.001, ""hidden_layer_sizes"": [64, 32], ""learning_rate_init"": 0.0007, ""max_iter"": 700, ""negative_sample_ratio"": 5.0}",154,347,2026,bottom,mlp,manual_weak_bottom_label,192
0.4,38,1,1.0,0.23684210526315788,0.7631578947368421,0.21360653,0.01307777947368421,0.20052875052631577,0,0,ok,"{""alpha"": 0.001, ""hidden_layer_sizes"": [64, 32], ""learning_rate_init"": 0.0007, ""max_iter"": 700, ""negative_sample_ratio"": 5.0}",154,347,2026,bottom,mlp,manual_weak_bottom_label,192
0.3,38,1,1.0,0.23684210526315788,0.7631578947368421,0.29358353,0.01307777947368421,0.28050575052631577,0,0,ok,"{""alpha"": 0.001, ""hidden_layer_sizes"": [64, 32], ""learning_rate_init"": 0.0007, ""max_iter"": 700, ""negative_sample_ratio"": 5.0}",154,347,2026,bottom,mlp,manual_weak_bottom_label,192
0.7,38,0,,0.23684210526315788,,,0.01307777947368421,,0,0,ok,"{""C"": 0.5, ""gamma"": ""scale""}",154,347,2026,bottom,svm,manual_weak_bottom_label,192
0.6,38,0,,0.23684210526315788,,,0.01307777947368421,,0,0,ok,"{""C"": 0.5, ""gamma"": ""scale""}",154,347,2026,bottom,svm,manual_weak_bottom_label,192
0.5,38,0,,0.23684210526315788,,,0.01307777947368421,,0,0,ok,"{""C"": 0.5, ""gamma"": ""scale""}",154,347,2026,bottom,svm,manual_weak_bottom_label,192
0.4,38,0,,0.23684210526315788,,,0.01307777947368421,,0,0,ok,"{""C"": 0.5, ""gamma"": ""scale""}",154,347,2026,bottom,svm,manual_weak_bottom_label,192
0.3,38,3,0.0,0.23684210526315788,-0.23684210526315788,0.009859793333333334,0.01307777947368421,-0.003217986140350876,1,1,ok,"{""C"": 0.5, ""gamma"": ""scale""}",154,347,2026,bottom,svm,manual_weak_bottom_label,192
0.7,38,0,,0.23684210526315788,,,0.01307777947368421,,0,0,ok,"{""C"": 1.0, ""gamma"": ""scale""}",154,347,2026,bottom,svm,manual_weak_bottom_label,192
0.6,38,0,,0.23684210526315788,,,0.01307777947368421,,0,0,ok,"{""C"": 1.0, ""gamma"": ""scale""}",154,347,2026,bottom,svm,manual_weak_bottom_label,192
0.5,38,0,,0.23684210526315788,,,0.01307777947368421,,0,0,ok,"{""C"": 1.0, ""gamma"": ""scale""}",154,347,2026,bottom,svm,manual_weak_bottom_label,192
0.4,38,0,,0.23684210526315788,,,0.01307777947368421,,0,0,ok,"{""C"": 1.0, ""gamma"": ""scale""}",154,347,2026,bottom,svm,manual_weak_bottom_label,192
0.3,38,0,,0.23684210526315788,,,0.01307777947368421,,0,0,ok,"{""C"": 1.0, ""gamma"": ""scale""}",154,347,2026,bottom,svm,manual_weak_bottom_label,192
0.7,38,0,,0.23684210526315788,,,0.01307777947368421,,0,0,ok,"{""C"": 2.0, ""gamma"": ""scale""}",154,347,2026,bottom,svm,manual_weak_bottom_label,192
0.6,38,0,,0.23684210526315788,,,0.01307777947368421,,0,0,ok,"{""C"": 2.0, ""gamma"": ""scale""}",154,347,2026,bottom,svm,manual_weak_bottom_label,192
0.5,38,0,,0.23684210526315788,,,0.01307777947368421,,0,0,ok,"{""C"": 2.0, ""gamma"": ""scale""}",154,347,2026,bottom,svm,manual_weak_bottom_label,192
0.4,38,0,,0.23684210526315788,,,0.01307777947368421,,0,0,ok,"{""C"": 2.0, ""gamma"": ""scale""}",154,347,2026,bottom,svm,manual_weak_bottom_label,192
0.3,38,0,,0.23684210526315788,,,0.01307777947368421,,0,0,ok,"{""C"": 2.0, ""gamma"": ""scale""}",154,347,2026,bottom,svm,manual_weak_bottom_label,192
0.7,40,13,0.38461538461538464,0.3,0.08461538461538465,0.00075636,0.01013887425,-0.009382514250000001,1,1,ok,"{""C"": 0.3}",162,347,2026,top,logistic,manual_weak_top_label,202
0.6,40,13,0.38461538461538464,0.3,0.08461538461538465,0.00075636,0.01013887425,-0.009382514250000001,1,0,ok,"{""C"": 0.3}",162,347,2026,top,logistic,manual_weak_top_label,202
0.5,40,13,0.38461538461538464,0.3,0.08461538461538465,0.0003364030769230769,0.01013887425,-0.009802471173076924,1,0,ok,"{""C"": 0.3}",162,347,2026,top,logistic,manual_weak_top_label,202
0.4,40,14,0.35714285714285715,0.3,0.05714285714285716,0.00391601,0.01013887425,-0.0062228642500000006,1,0,ok,"{""C"": 0.3}",162,347,2026,top,logistic,manual_weak_top_label,202
0.3,40,14,0.35714285714285715,0.3,0.05714285714285716,0.00391601,0.01013887425,-0.0062228642500000006,1,0,ok,"{""C"": 0.3}",162,347,2026,top,logistic,manual_weak_top_label,202
0.7,40,13,0.38461538461538464,0.3,0.08461538461538465,0.0003364030769230769,0.01013887425,-0.009802471173076924,1,0,ok,"{""C"": 1.0}",162,347,2026,top,logistic,manual_weak_top_label,202
0.6,40,13,0.38461538461538464,0.3,0.08461538461538465,0.0003364030769230769,0.01013887425,-0.009802471173076924,1,0,ok,"{""C"": 1.0}",162,347,2026,top,logistic,manual_weak_top_label,202
0.5,40,13,0.38461538461538464,0.3,0.08461538461538465,0.0003364030769230769,0.01013887425,-0.009802471173076924,1,0,ok,"{""C"": 1.0}",162,347,2026,top,logistic,manual_weak_top_label,202
0.4,40,13,0.38461538461538464,0.3,0.08461538461538465,0.0003364030769230769,0.01013887425,-0.009802471173076924,1,0,ok,"{""C"": 1.0}",162,347,2026,top,logistic,manual_weak_top_label,202
0.3,40,13,0.38461538461538464,0.3,0.08461538461538465,0.0003364030769230769,0.01013887425,-0.009802471173076924,1,0,ok,"{""C"": 1.0}",162,347,2026,top,logistic,manual_weak_top_label,202
0.7,40,13,0.38461538461538464,0.3,0.08461538461538465,0.0003364030769230769,0.01013887425,-0.009802471173076924,1,0,ok,"{""C"": 3.0}",162,347,2026,top,logistic,manual_weak_top_label,202
0.6,40,13,0.38461538461538464,0.3,0.08461538461538465,0.0003364030769230769,0.01013887425,-0.009802471173076924,1,0,ok,"{""C"": 3.0}",162,347,2026,top,logistic,manual_weak_top_label,202
0.5,40,13,0.38461538461538464,0.3,0.08461538461538465,0.0003364030769230769,0.01013887425,-0.009802471173076924,1,0,ok,"{""C"": 3.0}",162,347,2026,top,logistic,manual_weak_top_label,202
0.4,40,13,0.38461538461538464,0.3,0.08461538461538465,0.0003364030769230769,0.01013887425,-0.009802471173076924,1,0,ok,"{""C"": 3.0}",162,347,2026,top,logistic,manual_weak_top_label,202
0.3,40,13,0.38461538461538464,0.3,0.08461538461538465,0.0003364030769230769,0.01013887425,-0.009802471173076924,1,0,ok,"{""C"": 3.0}",162,347,2026,top,logistic,manual_weak_top_label,202
0.7,40,15,0.3333333333333333,0.3,0.033333333333333326,0.004999491333333333,0.01013887425,-0.0051393829166666676,1,0,ok,"{""shrinkage"": ""auto"", ""solver"": ""lsqr""}",162,347,2026,top,lda,manual_weak_top_label,202
0.6,40,15,0.3333333333333333,0.3,0.033333333333333326,0.004999491333333333,0.01013887425,-0.0051393829166666676,1,0,ok,"{""shrinkage"": ""auto"", ""solver"": ""lsqr""}",162,347,2026,top,lda,manual_weak_top_label,202
0.5,40,15,0.3333333333333333,0.3,0.033333333333333326,0.004999491333333333,0.01013887425,-0.0051393829166666676,1,0,ok,"{""shrinkage"": ""auto"", ""solver"": ""lsqr""}",162,347,2026,top,lda,manual_weak_top_label,202
0.4,40,15,0.3333333333333333,0.3,0.033333333333333326,0.004999491333333333,0.01013887425,-0.0051393829166666676,1,0,ok,"{""shrinkage"": ""auto"", ""solver"": ""lsqr""}",162,347,2026,top,lda,manual_weak_top_label,202
0.3,40,15,0.3333333333333333,0.3,0.033333333333333326,0.010190816,0.01013887425,5.19417499999994e-05,1,1,ok,"{""shrinkage"": ""auto"", ""solver"": ""lsqr""}",162,347,2026,top,lda,manual_weak_top_label,202
0.7,40,14,0.2857142857142857,0.3,-0.01428571428571429,0.006927904285714286,0.01013887425,-0.003210969964285715,1,0,ok,"{""shrinkage"": 0.2, ""solver"": ""lsqr""}",162,347,2026,top,lda,manual_weak_top_label,202
0.6,40,15,0.3333333333333333,0.3,0.033333333333333326,0.004999491333333333,0.01013887425,-0.0051393829166666676,1,0,ok,"{""shrinkage"": 0.2, ""solver"": ""lsqr""}",162,347,2026,top,lda,manual_weak_top_label,202
0.5,40,15,0.3333333333333333,0.3,0.033333333333333326,0.004999491333333333,0.01013887425,-0.0051393829166666676,1,0,ok,"{""shrinkage"": 0.2, ""solver"": ""lsqr""}",162,347,2026,top,lda,manual_weak_top_label,202
0.4,40,15,0.3333333333333333,0.3,0.033333333333333326,0.004999491333333333,0.01013887425,-0.0051393829166666676,1,0,ok,"{""shrinkage"": 0.2, ""solver"": ""lsqr""}",162,347,2026,top,lda,manual_weak_top_label,202
0.3,40,15,0.3333333333333333,0.3,0.033333333333333326,0.004999491333333333,0.01013887425,-0.0051393829166666676,1,0,ok,"{""shrinkage"": 0.2, ""solver"": ""lsqr""}",162,347,2026,top,lda,manual_weak_top_label,202
0.7,40,15,0.3333333333333333,0.3,0.033333333333333326,0.004999491333333333,0.01013887425,-0.0051393829166666676,1,0,ok,"{""shrinkage"": 0.5, ""solver"": ""lsqr""}",162,347,2026,top,lda,manual_weak_top_label,202
0.6,40,15,0.3333333333333333,0.3,0.033333333333333326,0.004999491333333333,0.01013887425,-0.0051393829166666676,1,0,ok,"{""shrinkage"": 0.5, ""solver"": ""lsqr""}",162,347,2026,top,lda,manual_weak_top_label,202
0.5,40,15,0.3333333333333333,0.3,0.033333333333333326,0.004999491333333333,0.01013887425,-0.0051393829166666676,1,0,ok,"{""shrinkage"": 0.5, ""solver"": ""lsqr""}",162,347,2026,top,lda,manual_weak_top_label,202
0.4,40,15,0.3333333333333333,0.3,0.033333333333333326,0.004999491333333333,0.01013887425,-0.0051393829166666676,1,0,ok,"{""shrinkage"": 0.5, ""solver"": ""lsqr""}",162,347,2026,top,lda,manual_weak_top_label,202
0.3,40,15,0.26666666666666666,0.3,-0.033333333333333326,0.004264306666666666,0.01013887425,-0.005874567583333335,1,0,ok,"{""shrinkage"": 0.5, ""solver"": ""lsqr""}",162,347,2026,top,lda,manual_weak_top_label,202
0.7,40,15,0.2,0.3,-0.09999999999999998,0.009666877333333332,0.01013887425,-0.0004719969166666685,1,0,ok,"{""reg_param"": 0.2}",162,347,2026,top,qda,manual_weak_top_label,202
0.6,40,15,0.2,0.3,-0.09999999999999998,0.009666877333333332,0.01013887425,-0.0004719969166666685,1,0,ok,"{""reg_param"": 0.2}",162,347,2026,top,qda,manual_weak_top_label,202
0.5,40,15,0.2,0.3,-0.09999999999999998,0.009666877333333332,0.01013887425,-0.0004719969166666685,1,0,ok,"{""reg_param"": 0.2}",162,347,2026,top,qda,manual_weak_top_label,202
0.4,40,15,0.2,0.3,-0.09999999999999998,0.009666877333333332,0.01013887425,-0.0004719969166666685,1,0,ok,"{""reg_param"": 0.2}",162,347,2026,top,qda,manual_weak_top_label,202
0.3,40,15,0.2,0.3,-0.09999999999999998,0.009666877333333332,0.01013887425,-0.0004719969166666685,1,0,ok,"{""reg_param"": 0.2}",162,347,2026,top,qda,manual_weak_top_label,202
0.7,40,14,0.2857142857142857,0.3,-0.01428571428571429,0.00854313,0.01013887425,-0.0015957442500000012,1,1,ok,"{""reg_param"": 0.5}",162,347,2026,top,qda,manual_weak_top_label,202
0.6,40,14,0.2857142857142857,0.3,-0.01428571428571429,0.00854313,0.01013887425,-0.0015957442500000012,1,0,ok,"{""reg_param"": 0.5}",162,347,2026,top,qda,manual_weak_top_label,202
0.5,40,14,0.2857142857142857,0.3,-0.01428571428571429,0.00854313,0.01013887425,-0.0015957442500000012,1,0,ok,"{""reg_param"": 0.5}",162,347,2026,top,qda,manual_weak_top_label,202
0.4,40,14,0.2857142857142857,0.3,-0.01428571428571429,0.00854313,0.01013887425,-0.0015957442500000012,1,0,ok,"{""reg_param"": 0.5}",162,347,2026,top,qda,manual_weak_top_label,202
0.3,40,14,0.2857142857142857,0.3,-0.01428571428571429,0.00854313,0.01013887425,-0.0015957442500000012,1,0,ok,"{""reg_param"": 0.5}",162,347,2026,top,qda,manual_weak_top_label,202
0.7,40,14,0.2857142857142857,0.3,-0.01428571428571429,0.00854313,0.01013887425,-0.0015957442500000012,1,0,ok,"{""reg_param"": 0.8}",162,347,2026,top,qda,manual_weak_top_label,202
0.6,40,14,0.2857142857142857,0.3,-0.01428571428571429,0.00854313,0.01013887425,-0.0015957442500000012,1,0,ok,"{""reg_param"": 0.8}",162,347,2026,top,qda,manual_weak_top_label,202
0.5,40,14,0.2857142857142857,0.3,-0.01428571428571429,0.00854313,0.01013887425,-0.0015957442500000012,1,0,ok,"{""reg_param"": 0.8}",162,347,2026,top,qda,manual_weak_top_label,202
0.4,40,14,0.2857142857142857,0.3,-0.01428571428571429,0.00854313,0.01013887425,-0.0015957442500000012,1,0,ok,"{""reg_param"": 0.8}",162,347,2026,top,qda,manual_weak_top_label,202
0.3,40,14,0.2857142857142857,0.3,-0.01428571428571429,0.00854313,0.01013887425,-0.0015957442500000012,1,0,ok,"{""reg_param"": 0.8}",162,347,2026,top,qda,manual_weak_top_label,202
0.7,40,8,0.5,0.3,0.2,-0.0086727,0.01013887425,-0.01881157425,1,1,ok,"{""balanced_bagging"": true, ""is_unbalance"": false, ""learning_rate"": 0.04, ""max_depth"": 3, ""min_child_samples"": 8, ""n_estimators"": 180, ""negative_sample_ratio"": 3.0, ""num_leaves"": 7}",162,347,2026,top,lightgbm,manual_weak_top_label,202
0.6,40,11,0.36363636363636365,0.3,0.06363636363636366,-0.0024700436363636366,0.01013887425,-0.012608917886363638,1,0,ok,"{""balanced_bagging"": true, ""is_unbalance"": false, ""learning_rate"": 0.04, ""max_depth"": 3, ""min_child_samples"": 8, ""n_estimators"": 180, ""negative_sample_ratio"": 3.0, ""num_leaves"": 7}",162,347,2026,top,lightgbm,manual_weak_top_label,202
0.5,40,11,0.36363636363636365,0.3,0.06363636363636366,-0.0007249954545454545,0.01013887425,-0.010863869704545455,1,0,ok,"{""balanced_bagging"": true, ""is_unbalance"": false, ""learning_rate"": 0.04, ""max_depth"": 3, ""min_child_samples"": 8, ""n_estimators"": 180, ""negative_sample_ratio"": 3.0, ""num_leaves"": 7}",162,347,2026,top,lightgbm,manual_weak_top_label,202
0.4,40,11,0.36363636363636365,0.3,0.06363636363636366,-0.0018384045454545453,0.01013887425,-0.011977278795454547,1,0,ok,"{""balanced_bagging"": true, ""is_unbalance"": false, ""learning_rate"": 0.04, ""max_depth"": 3, ""min_child_samples"": 8, ""n_estimators"": 180, ""negative_sample_ratio"": 3.0, ""num_leaves"": 7}",162,347,2026,top,lightgbm,manual_weak_top_label,202
0.3,40,12,0.3333333333333333,0.3,0.033333333333333326,0.003521818333333333,0.01013887425,-0.006617055916666668,1,0,ok,"{""balanced_bagging"": true, ""is_unbalance"": false, ""learning_rate"": 0.04, ""max_depth"": 3, ""min_child_samples"": 8, ""n_estimators"": 180, ""negative_sample_ratio"": 3.0, ""num_leaves"": 7}",162,347,2026,top,lightgbm,manual_weak_top_label,202
0.7,40,9,0.4444444444444444,0.3,0.14444444444444443,-0.007095388888888889,0.01013887425,-0.01723426313888889,1,0,ok,"{""balanced_bagging"": true, ""is_unbalance"": false, ""learning_rate"": 0.03, ""max_depth"": 4, ""min_child_samples"": 10, ""n_estimators"": 250, ""negative_sample_ratio"": 5.0, ""num_leaves"": 15}",162,347,2026,top,lightgbm,manual_weak_top_label,202
0.6,40,11,0.45454545454545453,0.3,0.15454545454545454,-0.003190269090909091,0.01013887425,-0.01332914334090909,1,0,ok,"{""balanced_bagging"": true, ""is_unbalance"": false, ""learning_rate"": 0.03, ""max_depth"": 4, ""min_child_samples"": 10, ""n_estimators"": 250, ""negative_sample_ratio"": 5.0, ""num_leaves"": 15}",162,347,2026,top,lightgbm,manual_weak_top_label,202
0.5,40,11,0.36363636363636365,0.3,0.06363636363636366,-0.0018384045454545453,0.01013887425,-0.011977278795454547,1,0,ok,"{""balanced_bagging"": true, ""is_unbalance"": false, ""learning_rate"": 0.03, ""max_depth"": 4, ""min_child_samples"": 10, ""n_estimators"": 250, ""negative_sample_ratio"": 5.0, ""num_leaves"": 15}",162,347,2026,top,lightgbm,manual_weak_top_label,202
0.4,40,12,0.3333333333333333,0.3,0.033333333333333326,-0.002445935833333333,0.01013887425,-0.012584810083333333,1,0,ok,"{""balanced_bagging"": true, ""is_unbalance"": false, ""learning_rate"": 0.03, ""max_depth"": 4, ""min_child_samples"": 10, ""n_estimators"": 250, ""negative_sample_ratio"": 5.0, ""num_leaves"": 15}",162,347,2026,top,lightgbm,manual_weak_top_label,202
0.3,40,14,0.35714285714285715,0.3,0.05714285714285716,0.0027226628571428574,0.01013887425,-0.007416211392857143,1,0,ok,"{""balanced_bagging"": true, ""is_unbalance"": false, ""learning_rate"": 0.03, ""max_depth"": 4, ""min_child_samples"": 10, ""n_estimators"": 250, ""negative_sample_ratio"": 5.0, ""num_leaves"": 15}",162,347,2026,top,lightgbm,manual_weak_top_label,202
0.7,40,9,0.4444444444444444,0.3,0.14444444444444443,-0.007095388888888889,0.01013887425,-0.01723426313888889,1,0,ok,"{""balanced_bagging"": true, ""is_unbalance"": true, ""learning_rate"": 0.025, ""max_depth"": 5, ""min_child_samples"": 12, ""n_estimators"": 320, ""negative_sample_ratio"": 3.0, ""num_leaves"": 15}",162,347,2026,top,lightgbm,manual_weak_top_label,202
0.6,40,10,0.4,0.3,0.10000000000000003,-0.003009028,0.01013887425,-0.013147902250000001,1,0,ok,"{""balanced_bagging"": true, ""is_unbalance"": true, ""learning_rate"": 0.025, ""max_depth"": 5, ""min_child_samples"": 12, ""n_estimators"": 320, ""negative_sample_ratio"": 3.0, ""num_leaves"": 15}",162,347,2026,top,lightgbm,manual_weak_top_label,202
0.5,40,11,0.36363636363636365,0.3,0.06363636363636366,-0.0018384045454545453,0.01013887425,-0.011977278795454547,1,0,ok,"{""balanced_bagging"": true, ""is_unbalance"": true, ""learning_rate"": 0.025, ""max_depth"": 5, ""min_child_samples"": 12, ""n_estimators"": 320, ""negative_sample_ratio"": 3.0, ""num_leaves"": 15}",162,347,2026,top,lightgbm,manual_weak_top_label,202
0.4,40,12,0.3333333333333333,0.3,0.033333333333333326,0.003521818333333333,0.01013887425,-0.006617055916666668,1,0,ok,"{""balanced_bagging"": true, ""is_unbalance"": true, ""learning_rate"": 0.025, ""max_depth"": 5, ""min_child_samples"": 12, ""n_estimators"": 320, ""negative_sample_ratio"": 3.0, ""num_leaves"": 15}",162,347,2026,top,lightgbm,manual_weak_top_label,202
0.3,40,14,0.35714285714285715,0.3,0.05714285714285716,0.0027226628571428574,0.01013887425,-0.007416211392857143,1,0,ok,"{""balanced_bagging"": true, ""is_unbalance"": true, ""learning_rate"": 0.025, ""max_depth"": 5, ""min_child_samples"": 12, ""n_estimators"": 320, ""negative_sample_ratio"": 3.0, ""num_leaves"": 15}",162,347,2026,top,lightgbm,manual_weak_top_label,202
0.7,40,11,0.45454545454545453,0.3,0.15454545454545454,0.0050459881818181816,0.01013887425,-0.005092886068181819,1,1,ok,"{""dropout"": 0.05, ""focal_alpha"": 0.7, ""focal_gamma"": 1.5, ""hidden_layers"": [32], ""learning_rate"": 0.001, ""max_epochs"": 130, ""patience"": 15}",162,347,2026,top,bp,manual_weak_top_label,202
0.6,40,13,0.38461538461538464,0.3,0.08461538461538465,-0.0005728230769230769,0.01013887425,-0.010711697326923078,1,0,ok,"{""dropout"": 0.05, ""focal_alpha"": 0.7, ""focal_gamma"": 1.5, ""hidden_layers"": [32], ""learning_rate"": 0.001, ""max_epochs"": 130, ""patience"": 15}",162,347,2026,top,bp,manual_weak_top_label,202
0.5,40,13,0.38461538461538464,0.3,0.08461538461538465,-0.0005728230769230769,0.01013887425,-0.010711697326923078,1,0,ok,"{""dropout"": 0.05, ""focal_alpha"": 0.7, ""focal_gamma"": 1.5, ""hidden_layers"": [32], ""learning_rate"": 0.001, ""max_epochs"": 130, ""patience"": 15}",162,347,2026,top,bp,manual_weak_top_label,202
0.4,40,14,0.2857142857142857,0.3,-0.01428571428571429,0.005220955714285714,0.01013887425,-0.004917918535714287,1,0,ok,"{""dropout"": 0.05, ""focal_alpha"": 0.7, ""focal_gamma"": 1.5, ""hidden_layers"": [32], ""learning_rate"": 0.001, ""max_epochs"": 130, ""patience"": 15}",162,347,2026,top,bp,manual_weak_top_label,202
0.3,40,14,0.2857142857142857,0.3,-0.01428571428571429,0.006927904285714286,0.01013887425,-0.003210969964285715,1,0,ok,"{""dropout"": 0.05, ""focal_alpha"": 0.7, ""focal_gamma"": 1.5, ""hidden_layers"": [32], ""learning_rate"": 0.001, ""max_epochs"": 130, ""patience"": 15}",162,347,2026,top,bp,manual_weak_top_label,202
0.7,40,13,0.3076923076923077,0.3,0.0076923076923077205,0.002542586923076923,0.01013887425,-0.007596287326923077,1,0,ok,"{""dropout"": 0.1, ""focal_alpha"": 0.75, ""focal_gamma"": 2.0, ""hidden_layers"": [48, 24], ""learning_rate"": 0.001, ""max_epochs"": 160, ""patience"": 18}",162,347,2026,top,bp,manual_weak_top_label,202
0.6,40,15,0.26666666666666666,0.3,-0.033333333333333326,0.004264306666666666,0.01013887425,-0.005874567583333335,1,0,ok,"{""dropout"": 0.1, ""focal_alpha"": 0.75, ""focal_gamma"": 2.0, ""hidden_layers"": [48, 24], ""learning_rate"": 0.001, ""max_epochs"": 160, ""patience"": 18}",162,347,2026,top,bp,manual_weak_top_label,202
0.5,40,15,0.26666666666666666,0.3,-0.033333333333333326,0.004264306666666666,0.01013887425,-0.005874567583333335,1,0,ok,"{""dropout"": 0.1, ""focal_alpha"": 0.75, ""focal_gamma"": 2.0, ""hidden_layers"": [48, 24], ""learning_rate"": 0.001, ""max_epochs"": 160, ""patience"": 18}",162,347,2026,top,bp,manual_weak_top_label,202
0.4,40,15,0.26666666666666666,0.3,-0.033333333333333326,0.004264306666666666,0.01013887425,-0.005874567583333335,1,0,ok,"{""dropout"": 0.1, ""focal_alpha"": 0.75, ""focal_gamma"": 2.0, ""hidden_layers"": [48, 24], ""learning_rate"": 0.001, ""max_epochs"": 160, ""patience"": 18}",162,347,2026,top,bp,manual_weak_top_label,202
0.3,40,15,0.26666666666666666,0.3,-0.033333333333333326,0.004264306666666666,0.01013887425,-0.005874567583333335,1,0,ok,"{""dropout"": 0.1, ""focal_alpha"": 0.75, ""focal_gamma"": 2.0, ""hidden_layers"": [48, 24], ""learning_rate"": 0.001, ""max_epochs"": 160, ""patience"": 18}",162,347,2026,top,bp,manual_weak_top_label,202
0.7,40,10,0.4,0.3,0.10000000000000003,0.007355428,0.01013887425,-0.002783446250000001,1,0,ok,"{""dropout"": 0.15, ""focal_alpha"": 0.8, ""focal_gamma"": 2.5, ""hidden_layers"": [64, 32], ""learning_rate"": 0.0007, ""max_epochs"": 180, ""patience"": 20}",162,347,2026,top,bp,manual_weak_top_label,202
0.6,40,11,0.2727272727272727,0.3,-0.027272727272727282,0.01296516090909091,0.01013887425,0.0028262866590909094,1,0,ok,"{""dropout"": 0.15, ""focal_alpha"": 0.8, ""focal_gamma"": 2.5, ""hidden_layers"": [64, 32], ""learning_rate"": 0.0007, ""max_epochs"": 180, ""patience"": 20}",162,347,2026,top,bp,manual_weak_top_label,202
0.5,40,12,0.3333333333333333,0.3,0.033333333333333326,0.0023150958333333334,0.01013887425,-0.007823778416666666,1,0,ok,"{""dropout"": 0.15, ""focal_alpha"": 0.8, ""focal_gamma"": 2.5, ""hidden_layers"": [64, 32], ""learning_rate"": 0.0007, ""max_epochs"": 180, ""patience"": 20}",162,347,2026,top,bp,manual_weak_top_label,202
0.4,40,13,0.38461538461538464,0.3,0.08461538461538465,0.0011405092307692308,0.01013887425,-0.00899836501923077,1,0,ok,"{""dropout"": 0.15, ""focal_alpha"": 0.8, ""focal_gamma"": 2.5, ""hidden_layers"": [64, 32], ""learning_rate"": 0.0007, ""max_epochs"": 180, ""patience"": 20}",162,347,2026,top,bp,manual_weak_top_label,202
0.3,40,14,0.2857142857142857,0.3,-0.01428571428571429,0.004888544285714286,0.01013887425,-0.005250329964285714,1,0,ok,"{""dropout"": 0.15, ""focal_alpha"": 0.8, ""focal_gamma"": 2.5, ""hidden_layers"": [64, 32], ""learning_rate"": 0.0007, ""max_epochs"": 180, ""patience"": 20}",162,347,2026,top,bp,manual_weak_top_label,202
0.7,40,6,0.16666666666666666,0.3,-0.13333333333333333,0.020006401666666666,0.01013887425,0.009867527416666666,1,0,ok,"{""alpha"": 0.0001, ""hidden_layer_sizes"": [32], ""learning_rate_init"": 0.001, ""max_iter"": 500, ""negative_sample_ratio"": 2.0}",162,347,2026,top,mlp,manual_weak_top_label,202
0.6,40,6,0.16666666666666666,0.3,-0.13333333333333333,0.020006401666666666,0.01013887425,0.009867527416666666,1,0,ok,"{""alpha"": 0.0001, ""hidden_layer_sizes"": [32], ""learning_rate_init"": 0.001, ""max_iter"": 500, ""negative_sample_ratio"": 2.0}",162,347,2026,top,mlp,manual_weak_top_label,202
0.5,40,8,0.125,0.3,-0.175,0.0143654325,0.01013887425,0.00422655825,1,0,ok,"{""alpha"": 0.0001, ""hidden_layer_sizes"": [32], ""learning_rate_init"": 0.001, ""max_iter"": 500, ""negative_sample_ratio"": 2.0}",162,347,2026,top,mlp,manual_weak_top_label,202
0.4,40,10,0.2,0.3,-0.09999999999999998,0.011129487,0.01013887425,0.0009906127499999997,1,0,ok,"{""alpha"": 0.0001, ""hidden_layer_sizes"": [32], ""learning_rate_init"": 0.001, ""max_iter"": 500, ""negative_sample_ratio"": 2.0}",162,347,2026,top,mlp,manual_weak_top_label,202
0.3,40,11,0.2727272727272727,0.3,-0.027272727272727282,0.0075684436363636365,0.01013887425,-0.0025704306136363642,1,0,ok,"{""alpha"": 0.0001, ""hidden_layer_sizes"": [32], ""learning_rate_init"": 0.001, ""max_iter"": 500, ""negative_sample_ratio"": 2.0}",162,347,2026,top,mlp,manual_weak_top_label,202
0.7,40,15,0.26666666666666666,0.3,-0.033333333333333326,0.004264306666666666,0.01013887425,-0.005874567583333335,1,0,ok,"{""alpha"": 0.0001, ""hidden_layer_sizes"": [48, 24], ""learning_rate_init"": 0.001, ""max_iter"": 600, ""negative_sample_ratio"": 3.0}",162,347,2026,top,mlp,manual_weak_top_label,202
0.6,40,15,0.26666666666666666,0.3,-0.033333333333333326,0.004264306666666666,0.01013887425,-0.005874567583333335,1,0,ok,"{""alpha"": 0.0001, ""hidden_layer_sizes"": [48, 24], ""learning_rate_init"": 0.001, ""max_iter"": 600, ""negative_sample_ratio"": 3.0}",162,347,2026,top,mlp,manual_weak_top_label,202
0.5,40,15,0.26666666666666666,0.3,-0.033333333333333326,0.004264306666666666,0.01013887425,-0.005874567583333335,1,0,ok,"{""alpha"": 0.0001, ""hidden_layer_sizes"": [48, 24], ""learning_rate_init"": 0.001, ""max_iter"": 600, ""negative_sample_ratio"": 3.0}",162,347,2026,top,mlp,manual_weak_top_label,202
0.4,40,15,0.26666666666666666,0.3,-0.033333333333333326,0.004264306666666666,0.01013887425,-0.005874567583333335,1,0,ok,"{""alpha"": 0.0001, ""hidden_layer_sizes"": [48, 24], ""learning_rate_init"": 0.001, ""max_iter"": 600, ""negative_sample_ratio"": 3.0}",162,347,2026,top,mlp,manual_weak_top_label,202
0.3,40,15,0.26666666666666666,0.3,-0.033333333333333326,0.009455631333333332,0.01013887425,-0.0006832429166666685,1,0,ok,"{""alpha"": 0.0001, ""hidden_layer_sizes"": [48, 24], ""learning_rate_init"": 0.001, ""max_iter"": 600, ""negative_sample_ratio"": 3.0}",162,347,2026,top,mlp,manual_weak_top_label,202
0.7,40,12,0.4166666666666667,0.3,0.1166666666666667,0.008172051666666668,0.01013887425,-0.001966822583333333,1,1,ok,"{""alpha"": 0.001, ""hidden_layer_sizes"": [64, 32], ""learning_rate_init"": 0.0007, ""max_iter"": 700, ""negative_sample_ratio"": 5.0}",162,347,2026,top,mlp,manual_weak_top_label,202
0.6,40,14,0.35714285714285715,0.3,0.05714285714285716,0.008825664285714286,0.01013887425,-0.0013132099642857147,1,0,ok,"{""alpha"": 0.001, ""hidden_layer_sizes"": [64, 32], ""learning_rate_init"": 0.0007, ""max_iter"": 700, ""negative_sample_ratio"": 5.0}",162,347,2026,top,mlp,manual_weak_top_label,202
0.5,40,14,0.2857142857142857,0.3,-0.01428571428571429,0.008745867857142858,0.01013887425,-0.001393006392857143,1,0,ok,"{""alpha"": 0.001, ""hidden_layer_sizes"": [64, 32], ""learning_rate_init"": 0.0007, ""max_iter"": 700, ""negative_sample_ratio"": 5.0}",162,347,2026,top,mlp,manual_weak_top_label,202
0.4,40,14,0.2857142857142857,0.3,-0.01428571428571429,0.008745867857142858,0.01013887425,-0.001393006392857143,1,0,ok,"{""alpha"": 0.001, ""hidden_layer_sizes"": [64, 32], ""learning_rate_init"": 0.0007, ""max_iter"": 700, ""negative_sample_ratio"": 5.0}",162,347,2026,top,mlp,manual_weak_top_label,202
0.3,40,15,0.26666666666666666,0.3,-0.033333333333333326,0.004264306666666666,0.01013887425,-0.005874567583333335,1,0,ok,"{""alpha"": 0.001, ""hidden_layer_sizes"": [64, 32], ""learning_rate_init"": 0.0007, ""max_iter"": 700, ""negative_sample_ratio"": 5.0}",162,347,2026,top,mlp,manual_weak_top_label,202
0.7,40,0,,0.3,,,0.01013887425,,0,0,ok,"{""C"": 0.5, ""gamma"": ""scale""}",162,347,2026,top,svm,manual_weak_top_label,202
0.6,40,0,,0.3,,,0.01013887425,,0,0,ok,"{""C"": 0.5, ""gamma"": ""scale""}",162,347,2026,top,svm,manual_weak_top_label,202
0.5,40,4,0.5,0.3,0.2,0.0232832875,0.01013887425,0.013144413249999999,1,0,ok,"{""C"": 0.5, ""gamma"": ""scale""}",162,347,2026,top,svm,manual_weak_top_label,202
0.4,40,6,0.16666666666666666,0.3,-0.13333333333333333,0.03301613,0.01013887425,0.02287725575,1,0,ok,"{""C"": 0.5, ""gamma"": ""scale""}",162,347,2026,top,svm,manual_weak_top_label,202
0.3,40,9,0.1111111111111111,0.3,-0.18888888888888888,0.026296515555555556,0.01013887425,0.016157641305555553,1,0,ok,"{""C"": 0.5, ""gamma"": ""scale""}",162,347,2026,top,svm,manual_weak_top_label,202
0.7,40,0,,0.3,,,0.01013887425,,0,0,ok,"{""C"": 1.0, ""gamma"": ""scale""}",162,347,2026,top,svm,manual_weak_top_label,202
0.6,40,1,1.0,0.3,0.7,-0.02804199,0.01013887425,-0.03818086425,0,0,ok,"{""C"": 1.0, ""gamma"": ""scale""}",162,347,2026,top,svm,manual_weak_top_label,202
0.5,40,4,0.75,0.3,0.45,0.0170158125,0.01013887425,0.006876938250000001,1,0,ok,"{""C"": 1.0, ""gamma"": ""scale""}",162,347,2026,top,svm,manual_weak_top_label,202
0.4,40,7,0.14285714285714285,0.3,-0.15714285714285714,0.02929341857142857,0.01013887425,0.019154544321428567,1,0,ok,"{""C"": 1.0, ""gamma"": ""scale""}",162,347,2026,top,svm,manual_weak_top_label,202
0.3,40,12,0.08333333333333333,0.3,-0.21666666666666667,0.02017295083333333,0.01013887425,0.01003407658333333,1,0,ok,"{""C"": 1.0, ""gamma"": ""scale""}",162,347,2026,top,svm,manual_weak_top_label,202
0.7,40,0,,0.3,,,0.01013887425,,0,0,ok,"{""C"": 2.0, ""gamma"": ""scale""}",162,347,2026,top,svm,manual_weak_top_label,202
0.6,40,2,0.5,0.3,0.2,-0.01582254,0.01013887425,-0.025961414250000002,1,0,ok,"{""C"": 2.0, ""gamma"": ""scale""}",162,347,2026,top,svm,manual_weak_top_label,202
0.5,40,4,0.75,0.3,0.45,0.0221055925,0.01013887425,0.01196671825,1,1,ok,"{""C"": 2.0, ""gamma"": ""scale""}",162,347,2026,top,svm,manual_weak_top_label,202
0.4,40,8,0.125,0.3,-0.175,0.02917033875,0.01013887425,0.019031464499999998,1,0,ok,"{""C"": 2.0, ""gamma"": ""scale""}",162,347,2026,top,svm,manual_weak_top_label,202
0.3,40,14,0.21428571428571427,0.3,-0.08571428571428572,0.012771444285714287,0.01013887425,0.0026325700357142864,1,0,ok,"{""C"": 2.0, ""gamma"": ""scale""}",162,347,2026,top,svm,manual_weak_top_label,202
