week_start_date,week_end_date,week_pos,manual_weak_bottom_label,future_ret_3w,future_mfe_3w,future_mae_3w,is_bottom_candidate,is_top_candidate,turning_proba,test_year,year_complete,model,side,label_col,train_rows,tuned_params_json,tuning_status,manual_weak_top_label
2021-01-25,2021-01-29,310,0.0,0.03545762,0.03549823,-0.04808904,1,0,0.006412654087972337,2021,True,logistic,bottom,manual_weak_bottom_label,115,"{""C"": 1.0}",ok,
2021-02-01,2021-02-05,311,0.0,0.04633486,0.10158525,-0.00733430,1,0,0.2339800406561076,2021,True,logistic,bottom,manual_weak_bottom_label,115,"{""C"": 1.0}",ok,
2021-03-08,2021-03-12,316,0.0,0.02263074,0.02620136,-0.01450516,1,0,0.0681762883886389,2021,True,logistic,bottom,manual_weak_bottom_label,115,"{""C"": 1.0}",ok,
2021-03-15,2021-03-19,317,0.0,0.02379002,0.02952287,-0.01928804,1,0,0.20508913061109554,2021,True,logistic,bottom,manual_weak_bottom_label,115,"{""C"": 1.0}",ok,
2021-08-30,2021-09-03,341,0.0,0.00848884,0.05394884,-0.01020766,1,1,0.21151426430354897,2021,True,logistic,bottom,manual_weak_bottom_label,115,"{""C"": 1.0}",ok,
2021-10-11,2021-10-15,347,0.0,0.00532950,0.03165985,-0.01576973,1,0,0.204602653593752,2021,True,logistic,bottom,manual_weak_bottom_label,115,"{""C"": 1.0}",ok,
2021-10-25,2021-10-29,349,1.0,0.05666090,0.05696759,-0.01132722,1,0,0.0054958556493042866,2021,True,logistic,bottom,manual_weak_bottom_label,115,"{""C"": 1.0}",ok,
2021-11-01,2021-11-05,350,1.0,0.07459172,0.07915490,-0.00515347,1,0,0.009235017978259154,2021,True,logistic,bottom,manual_weak_bottom_label,115,"{""C"": 1.0}",ok,
2021-01-25,2021-01-29,310,0.0,0.03545762,0.03549823,-0.04808904,1,0,1.1576240582369618e-07,2021,True,lda,bottom,manual_weak_bottom_label,115,"{""shrinkage"": ""auto"", ""solver"": ""lsqr""}",ok,
2021-02-01,2021-02-05,311,0.0,0.04633486,0.10158525,-0.00733430,1,0,0.007643634284388013,2021,True,lda,bottom,manual_weak_bottom_label,115,"{""shrinkage"": ""auto"", ""solver"": ""lsqr""}",ok,
2021-03-08,2021-03-12,316,0.0,0.02263074,0.02620136,-0.01450516,1,0,5.509344553552536e-06,2021,True,lda,bottom,manual_weak_bottom_label,115,"{""shrinkage"": ""auto"", ""solver"": ""lsqr""}",ok,
2021-03-15,2021-03-19,317,0.0,0.02379002,0.02952287,-0.01928804,1,0,1.8004557373958144e-05,2021,True,lda,bottom,manual_weak_bottom_label,115,"{""shrinkage"": ""auto"", ""solver"": ""lsqr""}",ok,
2021-08-30,2021-09-03,341,0.0,0.00848884,0.05394884,-0.01020766,1,1,0.000980894134629191,2021,True,lda,bottom,manual_weak_bottom_label,115,"{""shrinkage"": ""auto"", ""solver"": ""lsqr""}",ok,
2021-10-11,2021-10-15,347,0.0,0.00532950,0.03165985,-0.01576973,1,0,0.0016463158427648993,2021,True,lda,bottom,manual_weak_bottom_label,115,"{""shrinkage"": ""auto"", ""solver"": ""lsqr""}",ok,
2021-10-25,2021-10-29,349,1.0,0.05666090,0.05696759,-0.01132722,1,0,1.3760288427132087e-09,2021,True,lda,bottom,manual_weak_bottom_label,115,"{""shrinkage"": ""auto"", ""solver"": ""lsqr""}",ok,
2021-11-01,2021-11-05,350,1.0,0.07459172,0.07915490,-0.00515347,1,0,1.371274183501687e-08,2021,True,lda,bottom,manual_weak_bottom_label,115,"{""shrinkage"": ""auto"", ""solver"": ""lsqr""}",ok,
2021-01-25,2021-01-29,310,0.0,0.03545762,0.03549823,-0.04808904,1,0,1.0,2021,True,qda,bottom,manual_weak_bottom_label,115,"{""reg_param"": 0.2}",ok,
2021-02-01,2021-02-05,311,0.0,0.04633486,0.10158525,-0.00733430,1,0,1.0,2021,True,qda,bottom,manual_weak_bottom_label,115,"{""reg_param"": 0.2}",ok,
2021-03-08,2021-03-12,316,0.0,0.02263074,0.02620136,-0.01450516,1,0,0.9999999999999967,2021,True,qda,bottom,manual_weak_bottom_label,115,"{""reg_param"": 0.2}",ok,
2021-03-15,2021-03-19,317,0.0,0.02379002,0.02952287,-0.01928804,1,0,1.0,2021,True,qda,bottom,manual_weak_bottom_label,115,"{""reg_param"": 0.2}",ok,
2021-08-30,2021-09-03,341,0.0,0.00848884,0.05394884,-0.01020766,1,1,1.0,2021,True,qda,bottom,manual_weak_bottom_label,115,"{""reg_param"": 0.2}",ok,
2021-10-11,2021-10-15,347,0.0,0.00532950,0.03165985,-0.01576973,1,0,1.0,2021,True,qda,bottom,manual_weak_bottom_label,115,"{""reg_param"": 0.2}",ok,
2021-10-25,2021-10-29,349,1.0,0.05666090,0.05696759,-0.01132722,1,0,1.0,2021,True,qda,bottom,manual_weak_bottom_label,115,"{""reg_param"": 0.2}",ok,
2021-11-01,2021-11-05,350,1.0,0.07459172,0.07915490,-0.00515347,1,0,0.9999999999973059,2021,True,qda,bottom,manual_weak_bottom_label,115,"{""reg_param"": 0.2}",ok,
2021-01-25,2021-01-29,310,0.0,0.03545762,0.03549823,-0.04808904,1,0,0.006844989139868557,2021,True,lightgbm,bottom,manual_weak_bottom_label,115,"{""balanced_bagging"": true, ""is_unbalance"": true, ""learning_rate"": 0.025, ""max_depth"": 5, ""min_child_samples"": 12, ""n_estimators"": 320, ""negative_sample_ratio"": 3.0, ""num_leaves"": 15}",ok,
2021-02-01,2021-02-05,311,0.0,0.04633486,0.10158525,-0.00733430,1,0,0.020046053381870876,2021,True,lightgbm,bottom,manual_weak_bottom_label,115,"{""balanced_bagging"": true, ""is_unbalance"": true, ""learning_rate"": 0.025, ""max_depth"": 5, ""min_child_samples"": 12, ""n_estimators"": 320, ""negative_sample_ratio"": 3.0, ""num_leaves"": 15}",ok,
2021-03-08,2021-03-12,316,0.0,0.02263074,0.02620136,-0.01450516,1,0,0.11112087837446788,2021,True,lightgbm,bottom,manual_weak_bottom_label,115,"{""balanced_bagging"": true, ""is_unbalance"": true, ""learning_rate"": 0.025, ""max_depth"": 5, ""min_child_samples"": 12, ""n_estimators"": 320, ""negative_sample_ratio"": 3.0, ""num_leaves"": 15}",ok,
2021-03-15,2021-03-19,317,0.0,0.02379002,0.02952287,-0.01928804,1,0,0.07632760971714375,2021,True,lightgbm,bottom,manual_weak_bottom_label,115,"{""balanced_bagging"": true, ""is_unbalance"": true, ""learning_rate"": 0.025, ""max_depth"": 5, ""min_child_samples"": 12, ""n_estimators"": 320, ""negative_sample_ratio"": 3.0, ""num_leaves"": 15}",ok,
2021-08-30,2021-09-03,341,0.0,0.00848884,0.05394884,-0.01020766,1,1,0.06057571755850777,2021,True,lightgbm,bottom,manual_weak_bottom_label,115,"{""balanced_bagging"": true, ""is_unbalance"": true, ""learning_rate"": 0.025, ""max_depth"": 5, ""min_child_samples"": 12, ""n_estimators"": 320, ""negative_sample_ratio"": 3.0, ""num_leaves"": 15}",ok,
2021-10-11,2021-10-15,347,0.0,0.00532950,0.03165985,-0.01576973,1,0,0.014412241366948873,2021,True,lightgbm,bottom,manual_weak_bottom_label,115,"{""balanced_bagging"": true, ""is_unbalance"": true, ""learning_rate"": 0.025, ""max_depth"": 5, ""min_child_samples"": 12, ""n_estimators"": 320, ""negative_sample_ratio"": 3.0, ""num_leaves"": 15}",ok,
2021-10-25,2021-10-29,349,1.0,0.05666090,0.05696759,-0.01132722,1,0,0.02629811207863653,2021,True,lightgbm,bottom,manual_weak_bottom_label,115,"{""balanced_bagging"": true, ""is_unbalance"": true, ""learning_rate"": 0.025, ""max_depth"": 5, ""min_child_samples"": 12, ""n_estimators"": 320, ""negative_sample_ratio"": 3.0, ""num_leaves"": 15}",ok,
2021-11-01,2021-11-05,350,1.0,0.07459172,0.07915490,-0.00515347,1,0,0.009724785415657978,2021,True,lightgbm,bottom,manual_weak_bottom_label,115,"{""balanced_bagging"": true, ""is_unbalance"": true, ""learning_rate"": 0.025, ""max_depth"": 5, ""min_child_samples"": 12, ""n_estimators"": 320, ""negative_sample_ratio"": 3.0, ""num_leaves"": 15}",ok,
2021-01-25,2021-01-29,310,0.0,0.03545762,0.03549823,-0.04808904,1,0,0.20442712306976318,2021,True,bp,bottom,manual_weak_bottom_label,115,"{""dropout"": 0.05, ""focal_alpha"": 0.7, ""focal_gamma"": 1.5, ""hidden_layers"": [32], ""learning_rate"": 0.001, ""max_epochs"": 130, ""patience"": 15}",ok,
2021-02-01,2021-02-05,311,0.0,0.04633486,0.10158525,-0.00733430,1,0,0.5784924030303955,2021,True,bp,bottom,manual_weak_bottom_label,115,"{""dropout"": 0.05, ""focal_alpha"": 0.7, ""focal_gamma"": 1.5, ""hidden_layers"": [32], ""learning_rate"": 0.001, ""max_epochs"": 130, ""patience"": 15}",ok,
2021-03-08,2021-03-12,316,0.0,0.02263074,0.02620136,-0.01450516,1,0,0.2167990654706955,2021,True,bp,bottom,manual_weak_bottom_label,115,"{""dropout"": 0.05, ""focal_alpha"": 0.7, ""focal_gamma"": 1.5, ""hidden_layers"": [32], ""learning_rate"": 0.001, ""max_epochs"": 130, ""patience"": 15}",ok,
2021-03-15,2021-03-19,317,0.0,0.02379002,0.02952287,-0.01928804,1,0,0.28777897357940674,2021,True,bp,bottom,manual_weak_bottom_label,115,"{""dropout"": 0.05, ""focal_alpha"": 0.7, ""focal_gamma"": 1.5, ""hidden_layers"": [32], ""learning_rate"": 0.001, ""max_epochs"": 130, ""patience"": 15}",ok,
2021-08-30,2021-09-03,341,0.0,0.00848884,0.05394884,-0.01020766,1,1,0.695684552192688,2021,True,bp,bottom,manual_weak_bottom_label,115,"{""dropout"": 0.05, ""focal_alpha"": 0.7, ""focal_gamma"": 1.5, ""hidden_layers"": [32], ""learning_rate"": 0.001, ""max_epochs"": 130, ""patience"": 15}",ok,
2021-10-11,2021-10-15,347,0.0,0.00532950,0.03165985,-0.01576973,1,0,0.3625923693180084,2021,True,bp,bottom,manual_weak_bottom_label,115,"{""dropout"": 0.05, ""focal_alpha"": 0.7, ""focal_gamma"": 1.5, ""hidden_layers"": [32], ""learning_rate"": 0.001, ""max_epochs"": 130, ""patience"": 15}",ok,
2021-10-25,2021-10-29,349,1.0,0.05666090,0.05696759,-0.01132722,1,0,0.16036862134933472,2021,True,bp,bottom,manual_weak_bottom_label,115,"{""dropout"": 0.05, ""focal_alpha"": 0.7, ""focal_gamma"": 1.5, ""hidden_layers"": [32], ""learning_rate"": 0.001, ""max_epochs"": 130, ""patience"": 15}",ok,
2021-11-01,2021-11-05,350,1.0,0.07459172,0.07915490,-0.00515347,1,0,0.26737987995147705,2021,True,bp,bottom,manual_weak_bottom_label,115,"{""dropout"": 0.05, ""focal_alpha"": 0.7, ""focal_gamma"": 1.5, ""hidden_layers"": [32], ""learning_rate"": 0.001, ""max_epochs"": 130, ""patience"": 15}",ok,
2021-01-25,2021-01-29,310,0.0,0.03545762,0.03549823,-0.04808904,1,0,0.024010420759439027,2021,True,mlp,bottom,manual_weak_bottom_label,115,"{""alpha"": 0.0001, ""hidden_layer_sizes"": [32], ""learning_rate_init"": 0.001, ""max_iter"": 500, ""negative_sample_ratio"": 2.0}",ok,
2021-02-01,2021-02-05,311,0.0,0.04633486,0.10158525,-0.00733430,1,0,0.5930115789874844,2021,True,mlp,bottom,manual_weak_bottom_label,115,"{""alpha"": 0.0001, ""hidden_layer_sizes"": [32], ""learning_rate_init"": 0.001, ""max_iter"": 500, ""negative_sample_ratio"": 2.0}",ok,
2021-03-08,2021-03-12,316,0.0,0.02263074,0.02620136,-0.01450516,1,0,0.24436596843091513,2021,True,mlp,bottom,manual_weak_bottom_label,115,"{""alpha"": 0.0001, ""hidden_layer_sizes"": [32], ""learning_rate_init"": 0.001, ""max_iter"": 500, ""negative_sample_ratio"": 2.0}",ok,
2021-03-15,2021-03-19,317,0.0,0.02379002,0.02952287,-0.01928804,1,0,0.11184677283949289,2021,True,mlp,bottom,manual_weak_bottom_label,115,"{""alpha"": 0.0001, ""hidden_layer_sizes"": [32], ""learning_rate_init"": 0.001, ""max_iter"": 500, ""negative_sample_ratio"": 2.0}",ok,
2021-08-30,2021-09-03,341,0.0,0.00848884,0.05394884,-0.01020766,1,1,0.028118849568134933,2021,True,mlp,bottom,manual_weak_bottom_label,115,"{""alpha"": 0.0001, ""hidden_layer_sizes"": [32], ""learning_rate_init"": 0.001, ""max_iter"": 500, ""negative_sample_ratio"": 2.0}",ok,
2021-10-11,2021-10-15,347,0.0,0.00532950,0.03165985,-0.01576973,1,0,0.005865313548347886,2021,True,mlp,bottom,manual_weak_bottom_label,115,"{""alpha"": 0.0001, ""hidden_layer_sizes"": [32], ""learning_rate_init"": 0.001, ""max_iter"": 500, ""negative_sample_ratio"": 2.0}",ok,
2021-10-25,2021-10-29,349,1.0,0.05666090,0.05696759,-0.01132722,1,0,0.01015656823212736,2021,True,mlp,bottom,manual_weak_bottom_label,115,"{""alpha"": 0.0001, ""hidden_layer_sizes"": [32], ""learning_rate_init"": 0.001, ""max_iter"": 500, ""negative_sample_ratio"": 2.0}",ok,
2021-11-01,2021-11-05,350,1.0,0.07459172,0.07915490,-0.00515347,1,0,0.01599148588926662,2021,True,mlp,bottom,manual_weak_bottom_label,115,"{""alpha"": 0.0001, ""hidden_layer_sizes"": [32], ""learning_rate_init"": 0.001, ""max_iter"": 500, ""negative_sample_ratio"": 2.0}",ok,
2021-01-25,2021-01-29,310,0.0,0.03545762,0.03549823,-0.04808904,1,0,0.11955095027215752,2021,True,svm,bottom,manual_weak_bottom_label,115,"{""C"": 0.5, ""gamma"": ""scale""}",ok,
2021-02-01,2021-02-05,311,0.0,0.04633486,0.10158525,-0.00733430,1,0,0.18448110004596613,2021,True,svm,bottom,manual_weak_bottom_label,115,"{""C"": 0.5, ""gamma"": ""scale""}",ok,
2021-03-08,2021-03-12,316,0.0,0.02263074,0.02620136,-0.01450516,1,0,0.25436159331470803,2021,True,svm,bottom,manual_weak_bottom_label,115,"{""C"": 0.5, ""gamma"": ""scale""}",ok,
2021-03-15,2021-03-19,317,0.0,0.02379002,0.02952287,-0.01928804,1,0,0.2847210990019723,2021,True,svm,bottom,manual_weak_bottom_label,115,"{""C"": 0.5, ""gamma"": ""scale""}",ok,
2021-08-30,2021-09-03,341,0.0,0.00848884,0.05394884,-0.01020766,1,1,0.2784689070912448,2021,True,svm,bottom,manual_weak_bottom_label,115,"{""C"": 0.5, ""gamma"": ""scale""}",ok,
2021-10-11,2021-10-15,347,0.0,0.00532950,0.03165985,-0.01576973,1,0,0.14403226195474655,2021,True,svm,bottom,manual_weak_bottom_label,115,"{""C"": 0.5, ""gamma"": ""scale""}",ok,
2021-10-25,2021-10-29,349,1.0,0.05666090,0.05696759,-0.01132722,1,0,0.16677755212260822,2021,True,svm,bottom,manual_weak_bottom_label,115,"{""C"": 0.5, ""gamma"": ""scale""}",ok,
2021-11-01,2021-11-05,350,1.0,0.07459172,0.07915490,-0.00515347,1,0,0.12973572705972145,2021,True,svm,bottom,manual_weak_bottom_label,115,"{""C"": 0.5, ""gamma"": ""scale""}",ok,
2021-05-24,2021-05-28,327,,0.02530046,0.03190797,-0.00392958,0,1,4.366527370364069e-05,2021,True,logistic,top,manual_weak_top_label,104,"{""C"": 3.0}",ok,0.0
2021-05-31,2021-06-04,328,,0.03162868,0.04046639,-0.01735447,0,1,9.41915894341933e-09,2021,True,logistic,top,manual_weak_top_label,104,"{""C"": 3.0}",ok,0.0
2021-06-07,2021-06-11,329,,0.00816565,0.03592003,-0.02698581,0,1,4.066326730617114e-07,2021,True,logistic,top,manual_weak_top_label,104,"{""C"": 3.0}",ok,0.0
2021-06-15,2021-06-18,330,,0.04067520,0.04402295,-0.00442297,0,1,0.0003279070997190952,2021,True,logistic,top,manual_weak_top_label,104,"{""C"": 3.0}",ok,0.0
2021-06-21,2021-06-25,331,,0.03255986,0.04826518,-0.01647542,0,1,0.00015549785816187575,2021,True,logistic,top,manual_weak_top_label,104,"{""C"": 3.0}",ok,0.0
2021-06-28,2021-07-02,332,,0.06815221,0.08166327,-0.00345017,0,1,0.4396000480660914,2021,True,logistic,top,manual_weak_top_label,104,"{""C"": 3.0}",ok,0.0
2021-07-05,2021-07-09,333,,0.01672766,0.04623319,-0.05492364,0,1,0.14677016501747114,2021,True,logistic,top,manual_weak_top_label,104,"{""C"": 3.0}",ok,0.0
2021-07-12,2021-07-16,334,,0.03511321,0.03679505,-0.06609768,0,1,0.13512729243871577,2021,True,logistic,top,manual_weak_top_label,104,"{""C"": 3.0}",ok,0.0
2021-07-19,2021-07-23,335,,0.03551943,0.04670132,-0.08526068,0,1,0.0011858981463762914,2021,True,logistic,top,manual_weak_top_label,104,"{""C"": 3.0}",ok,0.0
2021-07-26,2021-07-30,336,,0.02822462,0.06362292,-0.00185765,0,1,0.0005623616662000958,2021,True,logistic,top,manual_weak_top_label,104,"{""C"": 3.0}",ok,0.0
2021-08-02,2021-08-06,337,,0.02645007,0.03871602,-0.02025788,0,1,0.015022210885374206,2021,True,logistic,top,manual_weak_top_label,104,"{""C"": 3.0}",ok,0.0
2021-08-09,2021-08-13,338,,-0.00144937,0.01970710,-0.04073795,0,1,0.0026701630867228317,2021,True,logistic,top,manual_weak_top_label,104,"{""C"": 3.0}",ok,0.0
2021-08-16,2021-08-20,339,,0.06230983,0.06523335,0.00380362,0,1,0.0032971453566487357,2021,True,logistic,top,manual_weak_top_label,104,"{""C"": 3.0}",ok,0.0
2021-08-23,2021-08-27,340,,0.00652936,0.04719197,-0.02399898,0,1,0.0028374288001894216,2021,True,logistic,top,manual_weak_top_label,104,"{""C"": 3.0}",ok,0.0
2021-08-30,2021-09-03,341,,0.00848884,0.05394884,-0.01020766,1,1,0.000485592435587553,2021,True,logistic,top,manual_weak_top_label,104,"{""C"": 3.0}",ok,0.0
2021-09-06,2021-09-10,342,,-0.06645811,0.01384972,-0.09247098,0,1,0.48230452945263885,2021,True,logistic,top,manual_weak_top_label,104,"{""C"": 3.0}",ok,1.0
2021-09-13,2021-09-17,343,,-0.03939795,0.01552568,-0.06870603,0,1,0.011253103285178395,2021,True,logistic,top,manual_weak_top_label,104,"{""C"": 3.0}",ok,0.0
2021-09-22,2021-09-24,344,,-0.04485735,0.00488473,-0.07407891,0,1,2.205823224837242e-05,2021,True,logistic,top,manual_weak_top_label,104,"{""C"": 3.0}",ok,0.0
2021-11-15,2021-11-19,352,,0.01862717,0.03576915,-0.01151239,0,1,0.054077802246887914,2021,True,logistic,top,manual_weak_top_label,104,"{""C"": 3.0}",ok,0.0
2021-11-22,2021-11-26,353,,-0.00587926,0.01789595,-0.02856971,0,1,0.05879563046510395,2021,True,logistic,top,manual_weak_top_label,104,"{""C"": 3.0}",ok,0.0
2021-11-29,2021-12-03,354,,-0.03082729,0.00073081,-0.03863926,0,1,0.12646966059418824,2021,True,logistic,top,manual_weak_top_label,104,"{""C"": 3.0}",ok,0.0
2021-12-06,2021-12-10,355,,0.00769883,0.00882751,-0.02639712,0,1,0.015489671737513389,2021,True,logistic,top,manual_weak_top_label,104,"{""C"": 3.0}",ok,0.0
2021-12-27,2021-12-31,358,,-0.07759736,0.00632509,-0.07813916,0,1,0.3170265712026578,2021,True,logistic,top,manual_weak_top_label,104,"{""C"": 3.0}",ok,1.0
2021-05-24,2021-05-28,327,,0.02530046,0.03190797,-0.00392958,0,1,7.0428668109664175e-15,2021,True,lda,top,manual_weak_top_label,104,"{""shrinkage"": ""auto"", ""solver"": ""lsqr""}",ok,0.0
2021-05-31,2021-06-04,328,,0.03162868,0.04046639,-0.01735447,0,1,3.824113415830472e-21,2021,True,lda,top,manual_weak_top_label,104,"{""shrinkage"": ""auto"", ""solver"": ""lsqr""}",ok,0.0
2021-06-07,2021-06-11,329,,0.00816565,0.03592003,-0.02698581,0,1,5.01913558728472e-18,2021,True,lda,top,manual_weak_top_label,104,"{""shrinkage"": ""auto"", ""solver"": ""lsqr""}",ok,0.0
2021-06-15,2021-06-18,330,,0.04067520,0.04402295,-0.00442297,0,1,2.2394326288788658e-11,2021,True,lda,top,manual_weak_top_label,104,"{""shrinkage"": ""auto"", ""solver"": ""lsqr""}",ok,0.0
2021-06-21,2021-06-25,331,,0.03255986,0.04826518,-0.01647542,0,1,6.666431085349152e-14,2021,True,lda,top,manual_weak_top_label,104,"{""shrinkage"": ""auto"", ""solver"": ""lsqr""}",ok,0.0
2021-06-28,2021-07-02,332,,0.06815221,0.08166327,-0.00345017,0,1,0.9482308339946058,2021,True,lda,top,manual_weak_top_label,104,"{""shrinkage"": ""auto"", ""solver"": ""lsqr""}",ok,0.0
2021-07-05,2021-07-09,333,,0.01672766,0.04623319,-0.05492364,0,1,0.06917892639170913,2021,True,lda,top,manual_weak_top_label,104,"{""shrinkage"": ""auto"", ""solver"": ""lsqr""}",ok,0.0
2021-07-12,2021-07-16,334,,0.03511321,0.03679505,-0.06609768,0,1,0.8637744100210348,2021,True,lda,top,manual_weak_top_label,104,"{""shrinkage"": ""auto"", ""solver"": ""lsqr""}",ok,0.0
2021-07-19,2021-07-23,335,,0.03551943,0.04670132,-0.08526068,0,1,3.810666112441918e-08,2021,True,lda,top,manual_weak_top_label,104,"{""shrinkage"": ""auto"", ""solver"": ""lsqr""}",ok,0.0
2021-07-26,2021-07-30,336,,0.02822462,0.06362292,-0.00185765,0,1,5.52042212597639e-07,2021,True,lda,top,manual_weak_top_label,104,"{""shrinkage"": ""auto"", ""solver"": ""lsqr""}",ok,0.0
2021-08-02,2021-08-06,337,,0.02645007,0.03871602,-0.02025788,0,1,0.00412091579417834,2021,True,lda,top,manual_weak_top_label,104,"{""shrinkage"": ""auto"", ""solver"": ""lsqr""}",ok,0.0
2021-08-09,2021-08-13,338,,-0.00144937,0.01970710,-0.04073795,0,1,3.6721126614625444e-10,2021,True,lda,top,manual_weak_top_label,104,"{""shrinkage"": ""auto"", ""solver"": ""lsqr""}",ok,0.0
2021-08-16,2021-08-20,339,,0.06230983,0.06523335,0.00380362,0,1,2.2340299750629964e-09,2021,True,lda,top,manual_weak_top_label,104,"{""shrinkage"": ""auto"", ""solver"": ""lsqr""}",ok,0.0
2021-08-23,2021-08-27,340,,0.00652936,0.04719197,-0.02399898,0,1,1.658961110605198e-09,2021,True,lda,top,manual_weak_top_label,104,"{""shrinkage"": ""auto"", ""solver"": ""lsqr""}",ok,0.0
2021-08-30,2021-09-03,341,,0.00848884,0.05394884,-0.01020766,1,1,4.113273429600429e-06,2021,True,lda,top,manual_weak_top_label,104,"{""shrinkage"": ""auto"", ""solver"": ""lsqr""}",ok,0.0
2021-09-06,2021-09-10,342,,-0.06645811,0.01384972,-0.09247098,0,1,0.017306171242757688,2021,True,lda,top,manual_weak_top_label,104,"{""shrinkage"": ""auto"", ""solver"": ""lsqr""}",ok,1.0
2021-09-13,2021-09-17,343,,-0.03939795,0.01552568,-0.06870603,0,1,0.0008593756979306566,2021,True,lda,top,manual_weak_top_label,104,"{""shrinkage"": ""auto"", ""solver"": ""lsqr""}",ok,0.0
2021-09-22,2021-09-24,344,,-0.04485735,0.00488473,-0.07407891,0,1,1.5210362266674277e-11,2021,True,lda,top,manual_weak_top_label,104,"{""shrinkage"": ""auto"", ""solver"": ""lsqr""}",ok,0.0
2021-11-15,2021-11-19,352,,0.01862717,0.03576915,-0.01151239,0,1,0.00014114711770607112,2021,True,lda,top,manual_weak_top_label,104,"{""shrinkage"": ""auto"", ""solver"": ""lsqr""}",ok,0.0
2021-11-22,2021-11-26,353,,-0.00587926,0.01789595,-0.02856971,0,1,0.0003860508701152811,2021,True,lda,top,manual_weak_top_label,104,"{""shrinkage"": ""auto"", ""solver"": ""lsqr""}",ok,0.0
2021-11-29,2021-12-03,354,,-0.03082729,0.00073081,-0.03863926,0,1,0.5613070454325195,2021,True,lda,top,manual_weak_top_label,104,"{""shrinkage"": ""auto"", ""solver"": ""lsqr""}",ok,0.0
2021-12-06,2021-12-10,355,,0.00769883,0.00882751,-0.02639712,0,1,2.731355427280848e-06,2021,True,lda,top,manual_weak_top_label,104,"{""shrinkage"": ""auto"", ""solver"": ""lsqr""}",ok,0.0
2021-12-27,2021-12-31,358,,-0.07759736,0.00632509,-0.07813916,0,1,0.011677157987548979,2021,True,lda,top,manual_weak_top_label,104,"{""shrinkage"": ""auto"", ""solver"": ""lsqr""}",ok,1.0
2021-05-24,2021-05-28,327,,0.02530046,0.03190797,-0.00392958,0,1,0.9999995116052685,2021,True,qda,top,manual_weak_top_label,104,"{""reg_param"": 0.2}",ok,0.0
2021-05-31,2021-06-04,328,,0.03162868,0.04046639,-0.01735447,0,1,1.0,2021,True,qda,top,manual_weak_top_label,104,"{""reg_param"": 0.2}",ok,0.0
2021-06-07,2021-06-11,329,,0.00816565,0.03592003,-0.02698581,0,1,0.9999999971928462,2021,True,qda,top,manual_weak_top_label,104,"{""reg_param"": 0.2}",ok,0.0
2021-06-15,2021-06-18,330,,0.04067520,0.04402295,-0.00442297,0,1,1.0,2021,True,qda,top,manual_weak_top_label,104,"{""reg_param"": 0.2}",ok,0.0
2021-06-21,2021-06-25,331,,0.03255986,0.04826518,-0.01647542,0,1,1.0,2021,True,qda,top,manual_weak_top_label,104,"{""reg_param"": 0.2}",ok,0.0
2021-06-28,2021-07-02,332,,0.06815221,0.08166327,-0.00345017,0,1,0.9999999999999991,2021,True,qda,top,manual_weak_top_label,104,"{""reg_param"": 0.2}",ok,0.0
2021-07-05,2021-07-09,333,,0.01672766,0.04623319,-0.05492364,0,1,1.0,2021,True,qda,top,manual_weak_top_label,104,"{""reg_param"": 0.2}",ok,0.0
2021-07-12,2021-07-16,334,,0.03511321,0.03679505,-0.06609768,0,1,1.0,2021,True,qda,top,manual_weak_top_label,104,"{""reg_param"": 0.2}",ok,0.0
2021-07-19,2021-07-23,335,,0.03551943,0.04670132,-0.08526068,0,1,1.0,2021,True,qda,top,manual_weak_top_label,104,"{""reg_param"": 0.2}",ok,0.0
2021-07-26,2021-07-30,336,,0.02822462,0.06362292,-0.00185765,0,1,1.0,2021,True,qda,top,manual_weak_top_label,104,"{""reg_param"": 0.2}",ok,0.0
2021-08-02,2021-08-06,337,,0.02645007,0.03871602,-0.02025788,0,1,1.0,2021,True,qda,top,manual_weak_top_label,104,"{""reg_param"": 0.2}",ok,0.0
2021-08-09,2021-08-13,338,,-0.00144937,0.01970710,-0.04073795,0,1,1.0,2021,True,qda,top,manual_weak_top_label,104,"{""reg_param"": 0.2}",ok,0.0
2021-08-16,2021-08-20,339,,0.06230983,0.06523335,0.00380362,0,1,1.0,2021,True,qda,top,manual_weak_top_label,104,"{""reg_param"": 0.2}",ok,0.0
2021-08-23,2021-08-27,340,,0.00652936,0.04719197,-0.02399898,0,1,1.0,2021,True,qda,top,manual_weak_top_label,104,"{""reg_param"": 0.2}",ok,0.0
2021-08-30,2021-09-03,341,,0.00848884,0.05394884,-0.01020766,1,1,1.0,2021,True,qda,top,manual_weak_top_label,104,"{""reg_param"": 0.2}",ok,0.0
2021-09-06,2021-09-10,342,,-0.06645811,0.01384972,-0.09247098,0,1,1.0,2021,True,qda,top,manual_weak_top_label,104,"{""reg_param"": 0.2}",ok,1.0
2021-09-13,2021-09-17,343,,-0.03939795,0.01552568,-0.06870603,0,1,1.0,2021,True,qda,top,manual_weak_top_label,104,"{""reg_param"": 0.2}",ok,0.0
2021-09-22,2021-09-24,344,,-0.04485735,0.00488473,-0.07407891,0,1,1.0,2021,True,qda,top,manual_weak_top_label,104,"{""reg_param"": 0.2}",ok,0.0
2021-11-15,2021-11-19,352,,0.01862717,0.03576915,-0.01151239,0,1,0.9999999999999849,2021,True,qda,top,manual_weak_top_label,104,"{""reg_param"": 0.2}",ok,0.0
2021-11-22,2021-11-26,353,,-0.00587926,0.01789595,-0.02856971,0,1,1.0,2021,True,qda,top,manual_weak_top_label,104,"{""reg_param"": 0.2}",ok,0.0
2021-11-29,2021-12-03,354,,-0.03082729,0.00073081,-0.03863926,0,1,1.0,2021,True,qda,top,manual_weak_top_label,104,"{""reg_param"": 0.2}",ok,0.0
2021-12-06,2021-12-10,355,,0.00769883,0.00882751,-0.02639712,0,1,1.0,2021,True,qda,top,manual_weak_top_label,104,"{""reg_param"": 0.2}",ok,0.0
2021-12-27,2021-12-31,358,,-0.07759736,0.00632509,-0.07813916,0,1,1.0,2021,True,qda,top,manual_weak_top_label,104,"{""reg_param"": 0.2}",ok,1.0
2021-05-24,2021-05-28,327,,0.02530046,0.03190797,-0.00392958,0,1,0.002197144334354319,2021,True,lightgbm,top,manual_weak_top_label,104,"{""balanced_bagging"": true, ""is_unbalance"": true, ""learning_rate"": 0.025, ""max_depth"": 5, ""min_child_samples"": 12, ""n_estimators"": 320, ""negative_sample_ratio"": 3.0, ""num_leaves"": 15}",ok,0.0
2021-05-31,2021-06-04,328,,0.03162868,0.04046639,-0.01735447,0,1,0.003689354906896397,2021,True,lightgbm,top,manual_weak_top_label,104,"{""balanced_bagging"": true, ""is_unbalance"": true, ""learning_rate"": 0.025, ""max_depth"": 5, ""min_child_samples"": 12, ""n_estimators"": 320, ""negative_sample_ratio"": 3.0, ""num_leaves"": 15}",ok,0.0
2021-06-07,2021-06-11,329,,0.00816565,0.03592003,-0.02698581,0,1,0.00540041155634002,2021,True,lightgbm,top,manual_weak_top_label,104,"{""balanced_bagging"": true, ""is_unbalance"": true, ""learning_rate"": 0.025, ""max_depth"": 5, ""min_child_samples"": 12, ""n_estimators"": 320, ""negative_sample_ratio"": 3.0, ""num_leaves"": 15}",ok,0.0
2021-06-15,2021-06-18,330,,0.04067520,0.04402295,-0.00442297,0,1,0.030284888059450305,2021,True,lightgbm,top,manual_weak_top_label,104,"{""balanced_bagging"": true, ""is_unbalance"": true, ""learning_rate"": 0.025, ""max_depth"": 5, ""min_child_samples"": 12, ""n_estimators"": 320, ""negative_sample_ratio"": 3.0, ""num_leaves"": 15}",ok,0.0
2021-06-21,2021-06-25,331,,0.03255986,0.04826518,-0.01647542,0,1,0.05762144613519046,2021,True,lightgbm,top,manual_weak_top_label,104,"{""balanced_bagging"": true, ""is_unbalance"": true, ""learning_rate"": 0.025, ""max_depth"": 5, ""min_child_samples"": 12, ""n_estimators"": 320, ""negative_sample_ratio"": 3.0, ""num_leaves"": 15}",ok,0.0
2021-06-28,2021-07-02,332,,0.06815221,0.08166327,-0.00345017,0,1,0.046916250458766594,2021,True,lightgbm,top,manual_weak_top_label,104,"{""balanced_bagging"": true, ""is_unbalance"": true, ""learning_rate"": 0.025, ""max_depth"": 5, ""min_child_samples"": 12, ""n_estimators"": 320, ""negative_sample_ratio"": 3.0, ""num_leaves"": 15}",ok,0.0
2021-07-05,2021-07-09,333,,0.01672766,0.04623319,-0.05492364,0,1,0.09225218273405175,2021,True,lightgbm,top,manual_weak_top_label,104,"{""balanced_bagging"": true, ""is_unbalance"": true, ""learning_rate"": 0.025, ""max_depth"": 5, ""min_child_samples"": 12, ""n_estimators"": 320, ""negative_sample_ratio"": 3.0, ""num_leaves"": 15}",ok,0.0
2021-07-12,2021-07-16,334,,0.03511321,0.03679505,-0.06609768,0,1,0.04061991176549008,2021,True,lightgbm,top,manual_weak_top_label,104,"{""balanced_bagging"": true, ""is_unbalance"": true, ""learning_rate"": 0.025, ""max_depth"": 5, ""min_child_samples"": 12, ""n_estimators"": 320, ""negative_sample_ratio"": 3.0, ""num_leaves"": 15}",ok,0.0
2021-07-19,2021-07-23,335,,0.03551943,0.04670132,-0.08526068,0,1,0.028878620350099738,2021,True,lightgbm,top,manual_weak_top_label,104,"{""balanced_bagging"": true, ""is_unbalance"": true, ""learning_rate"": 0.025, ""max_depth"": 5, ""min_child_samples"": 12, ""n_estimators"": 320, ""negative_sample_ratio"": 3.0, ""num_leaves"": 15}",ok,0.0
2021-07-26,2021-07-30,336,,0.02822462,0.06362292,-0.00185765,0,1,0.010030953871727923,2021,True,lightgbm,top,manual_weak_top_label,104,"{""balanced_bagging"": true, ""is_unbalance"": true, ""learning_rate"": 0.025, ""max_depth"": 5, ""min_child_samples"": 12, ""n_estimators"": 320, ""negative_sample_ratio"": 3.0, ""num_leaves"": 15}",ok,0.0
2021-08-02,2021-08-06,337,,0.02645007,0.03871602,-0.02025788,0,1,0.16448466604998324,2021,True,lightgbm,top,manual_weak_top_label,104,"{""balanced_bagging"": true, ""is_unbalance"": true, ""learning_rate"": 0.025, ""max_depth"": 5, ""min_child_samples"": 12, ""n_estimators"": 320, ""negative_sample_ratio"": 3.0, ""num_leaves"": 15}",ok,0.0
2021-08-09,2021-08-13,338,,-0.00144937,0.01970710,-0.04073795,0,1,0.19341950742291192,2021,True,lightgbm,top,manual_weak_top_label,104,"{""balanced_bagging"": true, ""is_unbalance"": true, ""learning_rate"": 0.025, ""max_depth"": 5, ""min_child_samples"": 12, ""n_estimators"": 320, ""negative_sample_ratio"": 3.0, ""num_leaves"": 15}",ok,0.0
2021-08-16,2021-08-20,339,,0.06230983,0.06523335,0.00380362,0,1,0.3028193416915685,2021,True,lightgbm,top,manual_weak_top_label,104,"{""balanced_bagging"": true, ""is_unbalance"": true, ""learning_rate"": 0.025, ""max_depth"": 5, ""min_child_samples"": 12, ""n_estimators"": 320, ""negative_sample_ratio"": 3.0, ""num_leaves"": 15}",ok,0.0
2021-08-23,2021-08-27,340,,0.00652936,0.04719197,-0.02399898,0,1,0.22523174637635696,2021,True,lightgbm,top,manual_weak_top_label,104,"{""balanced_bagging"": true, ""is_unbalance"": true, ""learning_rate"": 0.025, ""max_depth"": 5, ""min_child_samples"": 12, ""n_estimators"": 320, ""negative_sample_ratio"": 3.0, ""num_leaves"": 15}",ok,0.0
2021-08-30,2021-09-03,341,,0.00848884,0.05394884,-0.01020766,1,1,0.17685968926670945,2021,True,lightgbm,top,manual_weak_top_label,104,"{""balanced_bagging"": true, ""is_unbalance"": true, ""learning_rate"": 0.025, ""max_depth"": 5, ""min_child_samples"": 12, ""n_estimators"": 320, ""negative_sample_ratio"": 3.0, ""num_leaves"": 15}",ok,0.0
2021-09-06,2021-09-10,342,,-0.06645811,0.01384972,-0.09247098,0,1,0.41368393447979884,2021,True,lightgbm,top,manual_weak_top_label,104,"{""balanced_bagging"": true, ""is_unbalance"": true, ""learning_rate"": 0.025, ""max_depth"": 5, ""min_child_samples"": 12, ""n_estimators"": 320, ""negative_sample_ratio"": 3.0, ""num_leaves"": 15}",ok,1.0
2021-09-13,2021-09-17,343,,-0.03939795,0.01552568,-0.06870603,0,1,0.07079689164831317,2021,True,lightgbm,top,manual_weak_top_label,104,"{""balanced_bagging"": true, ""is_unbalance"": true, ""learning_rate"": 0.025, ""max_depth"": 5, ""min_child_samples"": 12, ""n_estimators"": 320, ""negative_sample_ratio"": 3.0, ""num_leaves"": 15}",ok,0.0
2021-09-22,2021-09-24,344,,-0.04485735,0.00488473,-0.07407891,0,1,0.030850634180868666,2021,True,lightgbm,top,manual_weak_top_label,104,"{""balanced_bagging"": true, ""is_unbalance"": true, ""learning_rate"": 0.025, ""max_depth"": 5, ""min_child_samples"": 12, ""n_estimators"": 320, ""negative_sample_ratio"": 3.0, ""num_leaves"": 15}",ok,0.0
2021-11-15,2021-11-19,352,,0.01862717,0.03576915,-0.01151239,0,1,0.03633990465353918,2021,True,lightgbm,top,manual_weak_top_label,104,"{""balanced_bagging"": true, ""is_unbalance"": true, ""learning_rate"": 0.025, ""max_depth"": 5, ""min_child_samples"": 12, ""n_estimators"": 320, ""negative_sample_ratio"": 3.0, ""num_leaves"": 15}",ok,0.0
2021-11-22,2021-11-26,353,,-0.00587926,0.01789595,-0.02856971,0,1,0.12907458150856813,2021,True,lightgbm,top,manual_weak_top_label,104,"{""balanced_bagging"": true, ""is_unbalance"": true, ""learning_rate"": 0.025, ""max_depth"": 5, ""min_child_samples"": 12, ""n_estimators"": 320, ""negative_sample_ratio"": 3.0, ""num_leaves"": 15}",ok,0.0
2021-11-29,2021-12-03,354,,-0.03082729,0.00073081,-0.03863926,0,1,0.2698074336256797,2021,True,lightgbm,top,manual_weak_top_label,104,"{""balanced_bagging"": true, ""is_unbalance"": true, ""learning_rate"": 0.025, ""max_depth"": 5, ""min_child_samples"": 12, ""n_estimators"": 320, ""negative_sample_ratio"": 3.0, ""num_leaves"": 15}",ok,0.0
2021-12-06,2021-12-10,355,,0.00769883,0.00882751,-0.02639712,0,1,0.01936693945844959,2021,True,lightgbm,top,manual_weak_top_label,104,"{""balanced_bagging"": true, ""is_unbalance"": true, ""learning_rate"": 0.025, ""max_depth"": 5, ""min_child_samples"": 12, ""n_estimators"": 320, ""negative_sample_ratio"": 3.0, ""num_leaves"": 15}",ok,0.0
2021-12-27,2021-12-31,358,,-0.07759736,0.00632509,-0.07813916,0,1,0.5116770684923041,2021,True,lightgbm,top,manual_weak_top_label,104,"{""balanced_bagging"": true, ""is_unbalance"": true, ""learning_rate"": 0.025, ""max_depth"": 5, ""min_child_samples"": 12, ""n_estimators"": 320, ""negative_sample_ratio"": 3.0, ""num_leaves"": 15}",ok,1.0
2021-05-24,2021-05-28,327,,0.02530046,0.03190797,-0.00392958,0,1,0.12569409608840942,2021,True,bp,top,manual_weak_top_label,104,"{""dropout"": 0.15, ""focal_alpha"": 0.8, ""focal_gamma"": 2.5, ""hidden_layers"": [64, 32], ""learning_rate"": 0.0007, ""max_epochs"": 180, ""patience"": 20}",ok,0.0
2021-05-31,2021-06-04,328,,0.03162868,0.04046639,-0.01735447,0,1,0.11939273774623871,2021,True,bp,top,manual_weak_top_label,104,"{""dropout"": 0.15, ""focal_alpha"": 0.8, ""focal_gamma"": 2.5, ""hidden_layers"": [64, 32], ""learning_rate"": 0.0007, ""max_epochs"": 180, ""patience"": 20}",ok,0.0
2021-06-07,2021-06-11,329,,0.00816565,0.03592003,-0.02698581,0,1,0.13722047209739685,2021,True,bp,top,manual_weak_top_label,104,"{""dropout"": 0.15, ""focal_alpha"": 0.8, ""focal_gamma"": 2.5, ""hidden_layers"": [64, 32], ""learning_rate"": 0.0007, ""max_epochs"": 180, ""patience"": 20}",ok,0.0
2021-06-15,2021-06-18,330,,0.04067520,0.04402295,-0.00442297,0,1,0.1516655683517456,2021,True,bp,top,manual_weak_top_label,104,"{""dropout"": 0.15, ""focal_alpha"": 0.8, ""focal_gamma"": 2.5, ""hidden_layers"": [64, 32], ""learning_rate"": 0.0007, ""max_epochs"": 180, ""patience"": 20}",ok,0.0
2021-06-21,2021-06-25,331,,0.03255986,0.04826518,-0.01647542,0,1,0.15058700740337372,2021,True,bp,top,manual_weak_top_label,104,"{""dropout"": 0.15, ""focal_alpha"": 0.8, ""focal_gamma"": 2.5, ""hidden_layers"": [64, 32], ""learning_rate"": 0.0007, ""max_epochs"": 180, ""patience"": 20}",ok,0.0
2021-06-28,2021-07-02,332,,0.06815221,0.08166327,-0.00345017,0,1,0.18970705568790436,2021,True,bp,top,manual_weak_top_label,104,"{""dropout"": 0.15, ""focal_alpha"": 0.8, ""focal_gamma"": 2.5, ""hidden_layers"": [64, 32], ""learning_rate"": 0.0007, ""max_epochs"": 180, ""patience"": 20}",ok,0.0
2021-07-05,2021-07-09,333,,0.01672766,0.04623319,-0.05492364,0,1,0.13885217905044556,2021,True,bp,top,manual_weak_top_label,104,"{""dropout"": 0.15, ""focal_alpha"": 0.8, ""focal_gamma"": 2.5, ""hidden_layers"": [64, 32], ""learning_rate"": 0.0007, ""max_epochs"": 180, ""patience"": 20}",ok,0.0
2021-07-12,2021-07-16,334,,0.03511321,0.03679505,-0.06609768,0,1,0.1974823772907257,2021,True,bp,top,manual_weak_top_label,104,"{""dropout"": 0.15, ""focal_alpha"": 0.8, ""focal_gamma"": 2.5, ""hidden_layers"": [64, 32], ""learning_rate"": 0.0007, ""max_epochs"": 180, ""patience"": 20}",ok,0.0
2021-07-19,2021-07-23,335,,0.03551943,0.04670132,-0.08526068,0,1,0.1596626341342926,2021,True,bp,top,manual_weak_top_label,104,"{""dropout"": 0.15, ""focal_alpha"": 0.8, ""focal_gamma"": 2.5, ""hidden_layers"": [64, 32], ""learning_rate"": 0.0007, ""max_epochs"": 180, ""patience"": 20}",ok,0.0
2021-07-26,2021-07-30,336,,0.02822462,0.06362292,-0.00185765,0,1,0.15290939807891846,2021,True,bp,top,manual_weak_top_label,104,"{""dropout"": 0.15, ""focal_alpha"": 0.8, ""focal_gamma"": 2.5, ""hidden_layers"": [64, 32], ""learning_rate"": 0.0007, ""max_epochs"": 180, ""patience"": 20}",ok,0.0
2021-08-02,2021-08-06,337,,0.02645007,0.03871602,-0.02025788,0,1,0.1537262499332428,2021,True,bp,top,manual_weak_top_label,104,"{""dropout"": 0.15, ""focal_alpha"": 0.8, ""focal_gamma"": 2.5, ""hidden_layers"": [64, 32], ""learning_rate"": 0.0007, ""max_epochs"": 180, ""patience"": 20}",ok,0.0
2021-08-09,2021-08-13,338,,-0.00144937,0.01970710,-0.04073795,0,1,0.17492520809173584,2021,True,bp,top,manual_weak_top_label,104,"{""dropout"": 0.15, ""focal_alpha"": 0.8, ""focal_gamma"": 2.5, ""hidden_layers"": [64, 32], ""learning_rate"": 0.0007, ""max_epochs"": 180, ""patience"": 20}",ok,0.0
2021-08-16,2021-08-20,339,,0.06230983,0.06523335,0.00380362,0,1,0.218424454331398,2021,True,bp,top,manual_weak_top_label,104,"{""dropout"": 0.15, ""focal_alpha"": 0.8, ""focal_gamma"": 2.5, ""hidden_layers"": [64, 32], ""learning_rate"": 0.0007, ""max_epochs"": 180, ""patience"": 20}",ok,0.0
2021-08-23,2021-08-27,340,,0.00652936,0.04719197,-0.02399898,0,1,0.2468699961900711,2021,True,bp,top,manual_weak_top_label,104,"{""dropout"": 0.15, ""focal_alpha"": 0.8, ""focal_gamma"": 2.5, ""hidden_layers"": [64, 32], ""learning_rate"": 0.0007, ""max_epochs"": 180, ""patience"": 20}",ok,0.0
2021-08-30,2021-09-03,341,,0.00848884,0.05394884,-0.01020766,1,1,0.1360567957162857,2021,True,bp,top,manual_weak_top_label,104,"{""dropout"": 0.15, ""focal_alpha"": 0.8, ""focal_gamma"": 2.5, ""hidden_layers"": [64, 32], ""learning_rate"": 0.0007, ""max_epochs"": 180, ""patience"": 20}",ok,0.0
2021-09-06,2021-09-10,342,,-0.06645811,0.01384972,-0.09247098,0,1,0.3668614327907562,2021,True,bp,top,manual_weak_top_label,104,"{""dropout"": 0.15, ""focal_alpha"": 0.8, ""focal_gamma"": 2.5, ""hidden_layers"": [64, 32], ""learning_rate"": 0.0007, ""max_epochs"": 180, ""patience"": 20}",ok,1.0
2021-09-13,2021-09-17,343,,-0.03939795,0.01552568,-0.06870603,0,1,0.13769806921482086,2021,True,bp,top,manual_weak_top_label,104,"{""dropout"": 0.15, ""focal_alpha"": 0.8, ""focal_gamma"": 2.5, ""hidden_layers"": [64, 32], ""learning_rate"": 0.0007, ""max_epochs"": 180, ""patience"": 20}",ok,0.0
2021-09-22,2021-09-24,344,,-0.04485735,0.00488473,-0.07407891,0,1,0.13626429438591003,2021,True,bp,top,manual_weak_top_label,104,"{""dropout"": 0.15, ""focal_alpha"": 0.8, ""focal_gamma"": 2.5, ""hidden_layers"": [64, 32], ""learning_rate"": 0.0007, ""max_epochs"": 180, ""patience"": 20}",ok,0.0
2021-11-15,2021-11-19,352,,0.01862717,0.03576915,-0.01151239,0,1,0.24799905717372894,2021,True,bp,top,manual_weak_top_label,104,"{""dropout"": 0.15, ""focal_alpha"": 0.8, ""focal_gamma"": 2.5, ""hidden_layers"": [64, 32], ""learning_rate"": 0.0007, ""max_epochs"": 180, ""patience"": 20}",ok,0.0
2021-11-22,2021-11-26,353,,-0.00587926,0.01789595,-0.02856971,0,1,0.2398996651172638,2021,True,bp,top,manual_weak_top_label,104,"{""dropout"": 0.15, ""focal_alpha"": 0.8, ""focal_gamma"": 2.5, ""hidden_layers"": [64, 32], ""learning_rate"": 0.0007, ""max_epochs"": 180, ""patience"": 20}",ok,0.0
2021-11-29,2021-12-03,354,,-0.03082729,0.00073081,-0.03863926,0,1,0.5959638953208923,2021,True,bp,top,manual_weak_top_label,104,"{""dropout"": 0.15, ""focal_alpha"": 0.8, ""focal_gamma"": 2.5, ""hidden_layers"": [64, 32], ""learning_rate"": 0.0007, ""max_epochs"": 180, ""patience"": 20}",ok,0.0
2021-12-06,2021-12-10,355,,0.00769883,0.00882751,-0.02639712,0,1,0.19311778247356415,2021,True,bp,top,manual_weak_top_label,104,"{""dropout"": 0.15, ""focal_alpha"": 0.8, ""focal_gamma"": 2.5, ""hidden_layers"": [64, 32], ""learning_rate"": 0.0007, ""max_epochs"": 180, ""patience"": 20}",ok,0.0
2021-12-27,2021-12-31,358,,-0.07759736,0.00632509,-0.07813916,0,1,0.7100430727005005,2021,True,bp,top,manual_weak_top_label,104,"{""dropout"": 0.15, ""focal_alpha"": 0.8, ""focal_gamma"": 2.5, ""hidden_layers"": [64, 32], ""learning_rate"": 0.0007, ""max_epochs"": 180, ""patience"": 20}",ok,1.0
2021-05-24,2021-05-28,327,,0.02530046,0.03190797,-0.00392958,0,1,0.273372528334227,2021,True,mlp,top,manual_weak_top_label,104,"{""alpha"": 0.0001, ""hidden_layer_sizes"": [48, 24], ""learning_rate_init"": 0.001, ""max_iter"": 600, ""negative_sample_ratio"": 3.0}",ok,0.0
2021-05-31,2021-06-04,328,,0.03162868,0.04046639,-0.01735447,0,1,0.474058324354303,2021,True,mlp,top,manual_weak_top_label,104,"{""alpha"": 0.0001, ""hidden_layer_sizes"": [48, 24], ""learning_rate_init"": 0.001, ""max_iter"": 600, ""negative_sample_ratio"": 3.0}",ok,0.0
2021-06-07,2021-06-11,329,,0.00816565,0.03592003,-0.02698581,0,1,0.32980523614836993,2021,True,mlp,top,manual_weak_top_label,104,"{""alpha"": 0.0001, ""hidden_layer_sizes"": [48, 24], ""learning_rate_init"": 0.001, ""max_iter"": 600, ""negative_sample_ratio"": 3.0}",ok,0.0
2021-06-15,2021-06-18,330,,0.04067520,0.04402295,-0.00442297,0,1,0.40520716123501366,2021,True,mlp,top,manual_weak_top_label,104,"{""alpha"": 0.0001, ""hidden_layer_sizes"": [48, 24], ""learning_rate_init"": 0.001, ""max_iter"": 600, ""negative_sample_ratio"": 3.0}",ok,0.0
2021-06-21,2021-06-25,331,,0.03255986,0.04826518,-0.01647542,0,1,0.306073498847219,2021,True,mlp,top,manual_weak_top_label,104,"{""alpha"": 0.0001, ""hidden_layer_sizes"": [48, 24], ""learning_rate_init"": 0.001, ""max_iter"": 600, ""negative_sample_ratio"": 3.0}",ok,0.0
2021-06-28,2021-07-02,332,,0.06815221,0.08166327,-0.00345017,0,1,0.4274248656781922,2021,True,mlp,top,manual_weak_top_label,104,"{""alpha"": 0.0001, ""hidden_layer_sizes"": [48, 24], ""learning_rate_init"": 0.001, ""max_iter"": 600, ""negative_sample_ratio"": 3.0}",ok,0.0
2021-07-05,2021-07-09,333,,0.01672766,0.04623319,-0.05492364,0,1,0.3389456736430542,2021,True,mlp,top,manual_weak_top_label,104,"{""alpha"": 0.0001, ""hidden_layer_sizes"": [48, 24], ""learning_rate_init"": 0.001, ""max_iter"": 600, ""negative_sample_ratio"": 3.0}",ok,0.0
2021-07-12,2021-07-16,334,,0.03511321,0.03679505,-0.06609768,0,1,0.32484859938862676,2021,True,mlp,top,manual_weak_top_label,104,"{""alpha"": 0.0001, ""hidden_layer_sizes"": [48, 24], ""learning_rate_init"": 0.001, ""max_iter"": 600, ""negative_sample_ratio"": 3.0}",ok,0.0
2021-07-19,2021-07-23,335,,0.03551943,0.04670132,-0.08526068,0,1,0.5040941737672189,2021,True,mlp,top,manual_weak_top_label,104,"{""alpha"": 0.0001, ""hidden_layer_sizes"": [48, 24], ""learning_rate_init"": 0.001, ""max_iter"": 600, ""negative_sample_ratio"": 3.0}",ok,0.0
2021-07-26,2021-07-30,336,,0.02822462,0.06362292,-0.00185765,0,1,0.4180887161026695,2021,True,mlp,top,manual_weak_top_label,104,"{""alpha"": 0.0001, ""hidden_layer_sizes"": [48, 24], ""learning_rate_init"": 0.001, ""max_iter"": 600, ""negative_sample_ratio"": 3.0}",ok,0.0
2021-08-02,2021-08-06,337,,0.02645007,0.03871602,-0.02025788,0,1,0.37121390829338663,2021,True,mlp,top,manual_weak_top_label,104,"{""alpha"": 0.0001, ""hidden_layer_sizes"": [48, 24], ""learning_rate_init"": 0.001, ""max_iter"": 600, ""negative_sample_ratio"": 3.0}",ok,0.0
2021-08-09,2021-08-13,338,,-0.00144937,0.01970710,-0.04073795,0,1,0.16590345768961273,2021,True,mlp,top,manual_weak_top_label,104,"{""alpha"": 0.0001, ""hidden_layer_sizes"": [48, 24], ""learning_rate_init"": 0.001, ""max_iter"": 600, ""negative_sample_ratio"": 3.0}",ok,0.0
2021-08-16,2021-08-20,339,,0.06230983,0.06523335,0.00380362,0,1,0.23297388930831464,2021,True,mlp,top,manual_weak_top_label,104,"{""alpha"": 0.0001, ""hidden_layer_sizes"": [48, 24], ""learning_rate_init"": 0.001, ""max_iter"": 600, ""negative_sample_ratio"": 3.0}",ok,0.0
2021-08-23,2021-08-27,340,,0.00652936,0.04719197,-0.02399898,0,1,0.2798050565575595,2021,True,mlp,top,manual_weak_top_label,104,"{""alpha"": 0.0001, ""hidden_layer_sizes"": [48, 24], ""learning_rate_init"": 0.001, ""max_iter"": 600, ""negative_sample_ratio"": 3.0}",ok,0.0
2021-08-30,2021-09-03,341,,0.00848884,0.05394884,-0.01020766,1,1,0.34830520308445095,2021,True,mlp,top,manual_weak_top_label,104,"{""alpha"": 0.0001, ""hidden_layer_sizes"": [48, 24], ""learning_rate_init"": 0.001, ""max_iter"": 600, ""negative_sample_ratio"": 3.0}",ok,0.0
2021-09-06,2021-09-10,342,,-0.06645811,0.01384972,-0.09247098,0,1,0.44384240705096306,2021,True,mlp,top,manual_weak_top_label,104,"{""alpha"": 0.0001, ""hidden_layer_sizes"": [48, 24], ""learning_rate_init"": 0.001, ""max_iter"": 600, ""negative_sample_ratio"": 3.0}",ok,1.0
2021-09-13,2021-09-17,343,,-0.03939795,0.01552568,-0.06870603,0,1,0.592036766575162,2021,True,mlp,top,manual_weak_top_label,104,"{""alpha"": 0.0001, ""hidden_layer_sizes"": [48, 24], ""learning_rate_init"": 0.001, ""max_iter"": 600, ""negative_sample_ratio"": 3.0}",ok,0.0
2021-09-22,2021-09-24,344,,-0.04485735,0.00488473,-0.07407891,0,1,0.5999727567275894,2021,True,mlp,top,manual_weak_top_label,104,"{""alpha"": 0.0001, ""hidden_layer_sizes"": [48, 24], ""learning_rate_init"": 0.001, ""max_iter"": 600, ""negative_sample_ratio"": 3.0}",ok,0.0
2021-11-15,2021-11-19,352,,0.01862717,0.03576915,-0.01151239,0,1,0.36922112922331235,2021,True,mlp,top,manual_weak_top_label,104,"{""alpha"": 0.0001, ""hidden_layer_sizes"": [48, 24], ""learning_rate_init"": 0.001, ""max_iter"": 600, ""negative_sample_ratio"": 3.0}",ok,0.0
2021-11-22,2021-11-26,353,,-0.00587926,0.01789595,-0.02856971,0,1,0.3393466956604867,2021,True,mlp,top,manual_weak_top_label,104,"{""alpha"": 0.0001, ""hidden_layer_sizes"": [48, 24], ""learning_rate_init"": 0.001, ""max_iter"": 600, ""negative_sample_ratio"": 3.0}",ok,0.0
2021-11-29,2021-12-03,354,,-0.03082729,0.00073081,-0.03863926,0,1,0.20664490203262473,2021,True,mlp,top,manual_weak_top_label,104,"{""alpha"": 0.0001, ""hidden_layer_sizes"": [48, 24], ""learning_rate_init"": 0.001, ""max_iter"": 600, ""negative_sample_ratio"": 3.0}",ok,0.0
2021-12-06,2021-12-10,355,,0.00769883,0.00882751,-0.02639712,0,1,0.2864069831445875,2021,True,mlp,top,manual_weak_top_label,104,"{""alpha"": 0.0001, ""hidden_layer_sizes"": [48, 24], ""learning_rate_init"": 0.001, ""max_iter"": 600, ""negative_sample_ratio"": 3.0}",ok,0.0
2021-12-27,2021-12-31,358,,-0.07759736,0.00632509,-0.07813916,0,1,0.23000648324796671,2021,True,mlp,top,manual_weak_top_label,104,"{""alpha"": 0.0001, ""hidden_layer_sizes"": [48, 24], ""learning_rate_init"": 0.001, ""max_iter"": 600, ""negative_sample_ratio"": 3.0}",ok,1.0
2021-05-24,2021-05-28,327,,0.02530046,0.03190797,-0.00392958,0,1,0.07745976984338175,2021,True,svm,top,manual_weak_top_label,104,"{""C"": 2.0, ""gamma"": ""scale""}",ok,0.0
2021-05-31,2021-06-04,328,,0.03162868,0.04046639,-0.01735447,0,1,0.07800500863219051,2021,True,svm,top,manual_weak_top_label,104,"{""C"": 2.0, ""gamma"": ""scale""}",ok,0.0
2021-06-07,2021-06-11,329,,0.00816565,0.03592003,-0.02698581,0,1,0.07846234363231624,2021,True,svm,top,manual_weak_top_label,104,"{""C"": 2.0, ""gamma"": ""scale""}",ok,0.0
2021-06-15,2021-06-18,330,,0.04067520,0.04402295,-0.00442297,0,1,0.13634448388638098,2021,True,svm,top,manual_weak_top_label,104,"{""C"": 2.0, ""gamma"": ""scale""}",ok,0.0
2021-06-21,2021-06-25,331,,0.03255986,0.04826518,-0.01647542,0,1,0.10101947498193542,2021,True,svm,top,manual_weak_top_label,104,"{""C"": 2.0, ""gamma"": ""scale""}",ok,0.0
2021-06-28,2021-07-02,332,,0.06815221,0.08166327,-0.00345017,0,1,0.16213470514516462,2021,True,svm,top,manual_weak_top_label,104,"{""C"": 2.0, ""gamma"": ""scale""}",ok,0.0
2021-07-05,2021-07-09,333,,0.01672766,0.04623319,-0.05492364,0,1,0.12165201501740111,2021,True,svm,top,manual_weak_top_label,104,"{""C"": 2.0, ""gamma"": ""scale""}",ok,0.0
2021-07-12,2021-07-16,334,,0.03511321,0.03679505,-0.06609768,0,1,0.12175718270236026,2021,True,svm,top,manual_weak_top_label,104,"{""C"": 2.0, ""gamma"": ""scale""}",ok,0.0
2021-07-19,2021-07-23,335,,0.03551943,0.04670132,-0.08526068,0,1,0.10541428748668018,2021,True,svm,top,manual_weak_top_label,104,"{""C"": 2.0, ""gamma"": ""scale""}",ok,0.0
2021-07-26,2021-07-30,336,,0.02822462,0.06362292,-0.00185765,0,1,0.12301596954067445,2021,True,svm,top,manual_weak_top_label,104,"{""C"": 2.0, ""gamma"": ""scale""}",ok,0.0
2021-08-02,2021-08-06,337,,0.02645007,0.03871602,-0.02025788,0,1,0.10717401023269778,2021,True,svm,top,manual_weak_top_label,104,"{""C"": 2.0, ""gamma"": ""scale""}",ok,0.0
2021-08-09,2021-08-13,338,,-0.00144937,0.01970710,-0.04073795,0,1,0.11039686405367698,2021,True,svm,top,manual_weak_top_label,104,"{""C"": 2.0, ""gamma"": ""scale""}",ok,0.0
2021-08-16,2021-08-20,339,,0.06230983,0.06523335,0.00380362,0,1,0.1673108660836134,2021,True,svm,top,manual_weak_top_label,104,"{""C"": 2.0, ""gamma"": ""scale""}",ok,0.0
2021-08-23,2021-08-27,340,,0.00652936,0.04719197,-0.02399898,0,1,0.18620623935843636,2021,True,svm,top,manual_weak_top_label,104,"{""C"": 2.0, ""gamma"": ""scale""}",ok,0.0
2021-08-30,2021-09-03,341,,0.00848884,0.05394884,-0.01020766,1,1,0.1626404267238757,2021,True,svm,top,manual_weak_top_label,104,"{""C"": 2.0, ""gamma"": ""scale""}",ok,0.0
2021-09-06,2021-09-10,342,,-0.06645811,0.01384972,-0.09247098,0,1,0.20865828905989728,2021,True,svm,top,manual_weak_top_label,104,"{""C"": 2.0, ""gamma"": ""scale""}",ok,1.0
2021-09-13,2021-09-17,343,,-0.03939795,0.01552568,-0.06870603,0,1,0.20518944791517107,2021,True,svm,top,manual_weak_top_label,104,"{""C"": 2.0, ""gamma"": ""scale""}",ok,0.0
2021-09-22,2021-09-24,344,,-0.04485735,0.00488473,-0.07407891,0,1,0.15316362984578485,2021,True,svm,top,manual_weak_top_label,104,"{""C"": 2.0, ""gamma"": ""scale""}",ok,0.0
2021-11-15,2021-11-19,352,,0.01862717,0.03576915,-0.01151239,0,1,0.2096720187634226,2021,True,svm,top,manual_weak_top_label,104,"{""C"": 2.0, ""gamma"": ""scale""}",ok,0.0
2021-11-22,2021-11-26,353,,-0.00587926,0.01789595,-0.02856971,0,1,0.12879353468483518,2021,True,svm,top,manual_weak_top_label,104,"{""C"": 2.0, ""gamma"": ""scale""}",ok,0.0
2021-11-29,2021-12-03,354,,-0.03082729,0.00073081,-0.03863926,0,1,0.22404539931151354,2021,True,svm,top,manual_weak_top_label,104,"{""C"": 2.0, ""gamma"": ""scale""}",ok,0.0
2021-12-06,2021-12-10,355,,0.00769883,0.00882751,-0.02639712,0,1,0.254563781726937,2021,True,svm,top,manual_weak_top_label,104,"{""C"": 2.0, ""gamma"": ""scale""}",ok,0.0
2021-12-27,2021-12-31,358,,-0.07759736,0.00632509,-0.07813916,0,1,0.23269275523955432,2021,True,svm,top,manual_weak_top_label,104,"{""C"": 2.0, ""gamma"": ""scale""}",ok,1.0
2022-01-17,2022-01-21,361,0.0,-0.01853522,0.00998586,-0.07136125,1,0,0.19097484901548475,2022,True,logistic,bottom,manual_weak_bottom_label,123,"{""C"": 0.3}",ok,
2022-01-24,2022-01-28,362,1.0,0.05577892,0.07287154,-0.00632553,1,0,0.040445369649803095,2022,True,logistic,bottom,manual_weak_bottom_label,123,"{""C"": 0.3}",ok,
2022-02-07,2022-02-11,363,0.0,0.02953034,0.06359148,-0.01031441,1,0,0.3907057640515921,2022,True,logistic,bottom,manual_weak_bottom_label,123,"{""C"": 0.3}",ok,
2022-02-14,2022-02-18,364,0.0,-0.03599303,0.03162694,-0.10202775,1,0,0.9300933652814687,2022,True,logistic,bottom,manual_weak_bottom_label,123,"{""C"": 0.3}",ok,
2022-03-07,2022-03-11,367,0.0,-0.03120883,-0.00015106,-0.09446345,1,0,0.061157309586771576,2022,True,logistic,bottom,manual_weak_bottom_label,123,"{""C"": 0.3}",ok,
2022-03-14,2022-03-18,368,0.0,-0.04420218,0.01604159,-0.05570019,1,0,0.011944734434710419,2022,True,logistic,bottom,manual_weak_bottom_label,123,"{""C"": 0.3}",ok,
2022-03-21,2022-03-25,369,0.0,-0.07987609,0.00658904,-0.08657188,1,0,0.0017551607861715137,2022,True,logistic,bottom,manual_weak_bottom_label,123,"{""C"": 0.3}",ok,
2022-03-28,2022-04-01,370,0.0,-0.13005278,-0.00042303,-0.13604457,1,0,0.0211427870798246,2022,True,logistic,bottom,manual_weak_bottom_label,123,"{""C"": 0.3}",ok,
2022-04-06,2022-04-08,371,0.0,-0.12787130,-0.00471326,-0.21452065,1,0,0.01212304907055027,2022,True,logistic,bottom,manual_weak_bottom_label,123,"{""C"": 0.3}",ok,
2022-04-11,2022-04-15,372,0.0,-0.08133467,0.01662977,-0.17694201,1,0,0.00018190870462288792,2022,True,logistic,bottom,manual_weak_bottom_label,123,"{""C"": 0.3}",ok,
2022-04-18,2022-04-22,373,0.0,0.03052696,0.04345865,-0.12340168,1,0,0.04774990592761033,2022,True,logistic,bottom,manual_weak_bottom_label,123,"{""C"": 0.3}",ok,
2022-04-25,2022-04-29,374,1.0,0.09224006,0.09224006,-0.01195624,1,0,0.029865459001525478,2022,True,logistic,bottom,manual_weak_bottom_label,123,"{""C"": 0.3}",ok,
2022-05-05,2022-05-06,375,1.0,0.07726380,0.10068725,-0.00311829,1,0,0.42164158498685206,2022,True,logistic,bottom,manual_weak_bottom_label,123,"{""C"": 0.3}",ok,
2022-05-09,2022-05-13,376,1.0,0.06114746,0.06230711,-0.00954647,1,0,0.005961931804100794,2022,True,logistic,bottom,manual_weak_bottom_label,123,"{""C"": 0.3}",ok,
2022-05-23,2022-05-27,378,1.0,0.09092358,0.09217187,-0.00617672,1,0,0.009446184277063882,2022,True,logistic,bottom,manual_weak_bottom_label,123,"{""C"": 0.3}",ok,
2022-08-29,2022-09-02,392,0.0,-0.06096408,0.03142001,-0.06933407,1,0,0.00023684513746148283,2022,True,logistic,bottom,manual_weak_bottom_label,123,"{""C"": 0.3}",ok,
2022-09-13,2022-09-16,394,0.0,-0.01153899,0.01127176,-0.08690045,1,0,0.002435269315566009,2022,True,logistic,bottom,manual_weak_bottom_label,123,"{""C"": 0.3}",ok,
2022-09-19,2022-09-23,395,0.0,0.01078652,0.02956024,-0.07003223,1,0,9.250123808766193e-05,2022,True,logistic,bottom,manual_weak_bottom_label,123,"{""C"": 0.3}",ok,
2022-09-26,2022-09-30,396,0.0,0.01878703,0.07012482,-0.03377104,1,0,0.0028712713872864207,2022,True,logistic,bottom,manual_weak_bottom_label,123,"{""C"": 0.3}",ok,
2022-10-10,2022-10-14,397,0.0,0.04732538,0.04886570,-0.03202613,1,0,0.0007479471054391479,2022,True,logistic,bottom,manual_weak_bottom_label,123,"{""C"": 0.3}",ok,
2022-10-24,2022-10-28,399,1.0,0.06706307,0.08602818,-0.00619382,1,0,0.0006987876457259719,2022,True,logistic,bottom,manual_weak_bottom_label,123,"{""C"": 0.3}",ok,
2022-12-19,2022-12-23,407,1.0,0.05790988,0.06518790,0.00019348,1,0,0.0011735285226938015,2022,True,logistic,bottom,manual_weak_bottom_label,123,"{""C"": 0.3}",ok,
2022-01-17,2022-01-21,361,0.0,-0.01853522,0.00998586,-0.07136125,1,0,0.0011092722336307605,2022,True,lda,bottom,manual_weak_bottom_label,123,"{""shrinkage"": ""auto"", ""solver"": ""lsqr""}",ok,
2022-01-24,2022-01-28,362,1.0,0.05577892,0.07287154,-0.00632553,1,0,1.4795090279022005e-05,2022,True,lda,bottom,manual_weak_bottom_label,123,"{""shrinkage"": ""auto"", ""solver"": ""lsqr""}",ok,
2022-02-07,2022-02-11,363,0.0,0.02953034,0.06359148,-0.01031441,1,0,0.04283673525908658,2022,True,lda,bottom,manual_weak_bottom_label,123,"{""shrinkage"": ""auto"", ""solver"": ""lsqr""}",ok,
2022-02-14,2022-02-18,364,0.0,-0.03599303,0.03162694,-0.10202775,1,0,0.9994396246651064,2022,True,lda,bottom,manual_weak_bottom_label,123,"{""shrinkage"": ""auto"", ""solver"": ""lsqr""}",ok,
2022-03-07,2022-03-11,367,0.0,-0.03120883,-0.00015106,-0.09446345,1,0,2.991030322190456e-05,2022,True,lda,bottom,manual_weak_bottom_label,123,"{""shrinkage"": ""auto"", ""solver"": ""lsqr""}",ok,
2022-03-14,2022-03-18,368,0.0,-0.04420218,0.01604159,-0.05570019,1,0,8.452540105160157e-06,2022,True,lda,bottom,manual_weak_bottom_label,123,"{""shrinkage"": ""auto"", ""solver"": ""lsqr""}",ok,
2022-03-21,2022-03-25,369,0.0,-0.07987609,0.00658904,-0.08657188,1,0,1.5792042521536243e-05,2022,True,lda,bottom,manual_weak_bottom_label,123,"{""shrinkage"": ""auto"", ""solver"": ""lsqr""}",ok,
2022-03-28,2022-04-01,370,0.0,-0.13005278,-0.00042303,-0.13604457,1,0,0.02120696217302201,2022,True,lda,bottom,manual_weak_bottom_label,123,"{""shrinkage"": ""auto"", ""solver"": ""lsqr""}",ok,
2022-04-06,2022-04-08,371,0.0,-0.12787130,-0.00471326,-0.21452065,1,0,0.002012223018615262,2022,True,lda,bottom,manual_weak_bottom_label,123,"{""shrinkage"": ""auto"", ""solver"": ""lsqr""}",ok,
2022-04-11,2022-04-15,372,0.0,-0.08133467,0.01662977,-0.17694201,1,0,3.8309175893897863e-07,2022,True,lda,bottom,manual_weak_bottom_label,123,"{""shrinkage"": ""auto"", ""solver"": ""lsqr""}",ok,
2022-04-18,2022-04-22,373,0.0,0.03052696,0.04345865,-0.12340168,1,0,0.688780740161735,2022,True,lda,bottom,manual_weak_bottom_label,123,"{""shrinkage"": ""auto"", ""solver"": ""lsqr""}",ok,
2022-04-25,2022-04-29,374,1.0,0.09224006,0.09224006,-0.01195624,1,0,0.6031420632245188,2022,True,lda,bottom,manual_weak_bottom_label,123,"{""shrinkage"": ""auto"", ""solver"": ""lsqr""}",ok,
2022-05-05,2022-05-06,375,1.0,0.07726380,0.10068725,-0.00311829,1,0,0.971032734481279,2022,True,lda,bottom,manual_weak_bottom_label,123,"{""shrinkage"": ""auto"", ""solver"": ""lsqr""}",ok,
2022-05-09,2022-05-13,376,1.0,0.06114746,0.06230711,-0.00954647,1,0,0.003438009133434977,2022,True,lda,bottom,manual_weak_bottom_label,123,"{""shrinkage"": ""auto"", ""solver"": ""lsqr""}",ok,
2022-05-23,2022-05-27,378,1.0,0.09092358,0.09217187,-0.00617672,1,0,2.52814321006614e-05,2022,True,lda,bottom,manual_weak_bottom_label,123,"{""shrinkage"": ""auto"", ""solver"": ""lsqr""}",ok,
2022-08-29,2022-09-02,392,0.0,-0.06096408,0.03142001,-0.06933407,1,0,7.481614247079309e-09,2022,True,lda,bottom,manual_weak_bottom_label,123,"{""shrinkage"": ""auto"", ""solver"": ""lsqr""}",ok,
2022-09-13,2022-09-16,394,0.0,-0.01153899,0.01127176,-0.08690045,1,0,1.622660786743008e-07,2022,True,lda,bottom,manual_weak_bottom_label,123,"{""shrinkage"": ""auto"", ""solver"": ""lsqr""}",ok,
2022-09-19,2022-09-23,395,0.0,0.01078652,0.02956024,-0.07003223,1,0,6.548440849830078e-10,2022,True,lda,bottom,manual_weak_bottom_label,123,"{""shrinkage"": ""auto"", ""solver"": ""lsqr""}",ok,
2022-09-26,2022-09-30,396,0.0,0.01878703,0.07012482,-0.03377104,1,0,5.381467154521338e-05,2022,True,lda,bottom,manual_weak_bottom_label,123,"{""shrinkage"": ""auto"", ""solver"": ""lsqr""}",ok,
2022-10-10,2022-10-14,397,0.0,0.04732538,0.04886570,-0.03202613,1,0,3.5488645438951063e-09,2022,True,lda,bottom,manual_weak_bottom_label,123,"{""shrinkage"": ""auto"", ""solver"": ""lsqr""}",ok,
2022-10-24,2022-10-28,399,1.0,0.06706307,0.08602818,-0.00619382,1,0,1.7819366982866954e-07,2022,True,lda,bottom,manual_weak_bottom_label,123,"{""shrinkage"": ""auto"", ""solver"": ""lsqr""}",ok,
2022-12-19,2022-12-23,407,1.0,0.05790988,0.06518790,0.00019348,1,0,0.00036217636933529517,2022,True,lda,bottom,manual_weak_bottom_label,123,"{""shrinkage"": ""auto"", ""solver"": ""lsqr""}",ok,
2022-01-17,2022-01-21,361,0.0,-0.01853522,0.00998586,-0.07136125,1,0,0.9999999937037294,2022,True,qda,bottom,manual_weak_bottom_label,123,"{""reg_param"": 0.2}",ok,
2022-01-24,2022-01-28,362,1.0,0.05577892,0.07287154,-0.00632553,1,0,0.9999999747258852,2022,True,qda,bottom,manual_weak_bottom_label,123,"{""reg_param"": 0.2}",ok,
2022-02-07,2022-02-11,363,0.0,0.02953034,0.06359148,-0.01031441,1,0,1.0,2022,True,qda,bottom,manual_weak_bottom_label,123,"{""reg_param"": 0.2}",ok,
2022-02-14,2022-02-18,364,0.0,-0.03599303,0.03162694,-0.10202775,1,0,1.0,2022,True,qda,bottom,manual_weak_bottom_label,123,"{""reg_param"": 0.2}",ok,
2022-03-07,2022-03-11,367,0.0,-0.03120883,-0.00015106,-0.09446345,1,0,1.0,2022,True,qda,bottom,manual_weak_bottom_label,123,"{""reg_param"": 0.2}",ok,
2022-03-14,2022-03-18,368,0.0,-0.04420218,0.01604159,-0.05570019,1,0,1.0,2022,True,qda,bottom,manual_weak_bottom_label,123,"{""reg_param"": 0.2}",ok,
2022-03-21,2022-03-25,369,0.0,-0.07987609,0.00658904,-0.08657188,1,0,1.0,2022,True,qda,bottom,manual_weak_bottom_label,123,"{""reg_param"": 0.2}",ok,
2022-03-28,2022-04-01,370,0.0,-0.13005278,-0.00042303,-0.13604457,1,0,1.0,2022,True,qda,bottom,manual_weak_bottom_label,123,"{""reg_param"": 0.2}",ok,
2022-04-06,2022-04-08,371,0.0,-0.12787130,-0.00471326,-0.21452065,1,0,1.0,2022,True,qda,bottom,manual_weak_bottom_label,123,"{""reg_param"": 0.2}",ok,
2022-04-11,2022-04-15,372,0.0,-0.08133467,0.01662977,-0.17694201,1,0,1.0,2022,True,qda,bottom,manual_weak_bottom_label,123,"{""reg_param"": 0.2}",ok,
2022-04-18,2022-04-22,373,0.0,0.03052696,0.04345865,-0.12340168,1,0,1.0,2022,True,qda,bottom,manual_weak_bottom_label,123,"{""reg_param"": 0.2}",ok,
2022-04-25,2022-04-29,374,1.0,0.09224006,0.09224006,-0.01195624,1,0,1.0,2022,True,qda,bottom,manual_weak_bottom_label,123,"{""reg_param"": 0.2}",ok,
2022-05-05,2022-05-06,375,1.0,0.07726380,0.10068725,-0.00311829,1,0,1.0,2022,True,qda,bottom,manual_weak_bottom_label,123,"{""reg_param"": 0.2}",ok,
2022-05-09,2022-05-13,376,1.0,0.06114746,0.06230711,-0.00954647,1,0,1.0,2022,True,qda,bottom,manual_weak_bottom_label,123,"{""reg_param"": 0.2}",ok,
2022-05-23,2022-05-27,378,1.0,0.09092358,0.09217187,-0.00617672,1,0,1.0,2022,True,qda,bottom,manual_weak_bottom_label,123,"{""reg_param"": 0.2}",ok,
2022-08-29,2022-09-02,392,0.0,-0.06096408,0.03142001,-0.06933407,1,0,0.999999999999994,2022,True,qda,bottom,manual_weak_bottom_label,123,"{""reg_param"": 0.2}",ok,
2022-09-13,2022-09-16,394,0.0,-0.01153899,0.01127176,-0.08690045,1,0,1.0,2022,True,qda,bottom,manual_weak_bottom_label,123,"{""reg_param"": 0.2}",ok,
2022-09-19,2022-09-23,395,0.0,0.01078652,0.02956024,-0.07003223,1,0,0.9999999999979636,2022,True,qda,bottom,manual_weak_bottom_label,123,"{""reg_param"": 0.2}",ok,
2022-09-26,2022-09-30,396,0.0,0.01878703,0.07012482,-0.03377104,1,0,0.9999999999984948,2022,True,qda,bottom,manual_weak_bottom_label,123,"{""reg_param"": 0.2}",ok,
2022-10-10,2022-10-14,397,0.0,0.04732538,0.04886570,-0.03202613,1,0,0.9999999999999769,2022,True,qda,bottom,manual_weak_bottom_label,123,"{""reg_param"": 0.2}",ok,
2022-10-24,2022-10-28,399,1.0,0.06706307,0.08602818,-0.00619382,1,0,1.0,2022,True,qda,bottom,manual_weak_bottom_label,123,"{""reg_param"": 0.2}",ok,
2022-12-19,2022-12-23,407,1.0,0.05790988,0.06518790,0.00019348,1,0,1.0,2022,True,qda,bottom,manual_weak_bottom_label,123,"{""reg_param"": 0.2}",ok,
2022-01-17,2022-01-21,361,0.0,-0.01853522,0.00998586,-0.07136125,1,0,0.05122679616134546,2022,True,lightgbm,bottom,manual_weak_bottom_label,123,"{""balanced_bagging"": true, ""is_unbalance"": false, ""learning_rate"": 0.04, ""max_depth"": 3, ""min_child_samples"": 8, ""n_estimators"": 180, ""negative_sample_ratio"": 3.0, ""num_leaves"": 7}",ok,
2022-01-24,2022-01-28,362,1.0,0.05577892,0.07287154,-0.00632553,1,0,0.10148219434544807,2022,True,lightgbm,bottom,manual_weak_bottom_label,123,"{""balanced_bagging"": true, ""is_unbalance"": false, ""learning_rate"": 0.04, ""max_depth"": 3, ""min_child_samples"": 8, ""n_estimators"": 180, ""negative_sample_ratio"": 3.0, ""num_leaves"": 7}",ok,
2022-02-07,2022-02-11,363,0.0,0.02953034,0.06359148,-0.01031441,1,0,0.06294625807975018,2022,True,lightgbm,bottom,manual_weak_bottom_label,123,"{""balanced_bagging"": true, ""is_unbalance"": false, ""learning_rate"": 0.04, ""max_depth"": 3, ""min_child_samples"": 8, ""n_estimators"": 180, ""negative_sample_ratio"": 3.0, ""num_leaves"": 7}",ok,
2022-02-14,2022-02-18,364,0.0,-0.03599303,0.03162694,-0.10202775,1,0,0.06335491620316779,2022,True,lightgbm,bottom,manual_weak_bottom_label,123,"{""balanced_bagging"": true, ""is_unbalance"": false, ""learning_rate"": 0.04, ""max_depth"": 3, ""min_child_samples"": 8, ""n_estimators"": 180, ""negative_sample_ratio"": 3.0, ""num_leaves"": 7}",ok,
2022-03-07,2022-03-11,367,0.0,-0.03120883,-0.00015106,-0.09446345,1,0,0.28894368891839,2022,True,lightgbm,bottom,manual_weak_bottom_label,123,"{""balanced_bagging"": true, ""is_unbalance"": false, ""learning_rate"": 0.04, ""max_depth"": 3, ""min_child_samples"": 8, ""n_estimators"": 180, ""negative_sample_ratio"": 3.0, ""num_leaves"": 7}",ok,
2022-03-14,2022-03-18,368,0.0,-0.04420218,0.01604159,-0.05570019,1,0,0.0206731571819776,2022,True,lightgbm,bottom,manual_weak_bottom_label,123,"{""balanced_bagging"": true, ""is_unbalance"": false, ""learning_rate"": 0.04, ""max_depth"": 3, ""min_child_samples"": 8, ""n_estimators"": 180, ""negative_sample_ratio"": 3.0, ""num_leaves"": 7}",ok,
2022-03-21,2022-03-25,369,0.0,-0.07987609,0.00658904,-0.08657188,1,0,0.008867116167433534,2022,True,lightgbm,bottom,manual_weak_bottom_label,123,"{""balanced_bagging"": true, ""is_unbalance"": false, ""learning_rate"": 0.04, ""max_depth"": 3, ""min_child_samples"": 8, ""n_estimators"": 180, ""negative_sample_ratio"": 3.0, ""num_leaves"": 7}",ok,
2022-03-28,2022-04-01,370,0.0,-0.13005278,-0.00042303,-0.13604457,1,0,0.03390432492197605,2022,True,lightgbm,bottom,manual_weak_bottom_label,123,"{""balanced_bagging"": true, ""is_unbalance"": false, ""learning_rate"": 0.04, ""max_depth"": 3, ""min_child_samples"": 8, ""n_estimators"": 180, ""negative_sample_ratio"": 3.0, ""num_leaves"": 7}",ok,
2022-04-06,2022-04-08,371,0.0,-0.12787130,-0.00471326,-0.21452065,1,0,0.03338489399815469,2022,True,lightgbm,bottom,manual_weak_bottom_label,123,"{""balanced_bagging"": true, ""is_unbalance"": false, ""learning_rate"": 0.04, ""max_depth"": 3, ""min_child_samples"": 8, ""n_estimators"": 180, ""negative_sample_ratio"": 3.0, ""num_leaves"": 7}",ok,
2022-04-11,2022-04-15,372,0.0,-0.08133467,0.01662977,-0.17694201,1,0,0.11738500576225777,2022,True,lightgbm,bottom,manual_weak_bottom_label,123,"{""balanced_bagging"": true, ""is_unbalance"": false, ""learning_rate"": 0.04, ""max_depth"": 3, ""min_child_samples"": 8, ""n_estimators"": 180, ""negative_sample_ratio"": 3.0, ""num_leaves"": 7}",ok,
2022-04-18,2022-04-22,373,0.0,0.03052696,0.04345865,-0.12340168,1,0,0.41034050327566923,2022,True,lightgbm,bottom,manual_weak_bottom_label,123,"{""balanced_bagging"": true, ""is_unbalance"": false, ""learning_rate"": 0.04, ""max_depth"": 3, ""min_child_samples"": 8, ""n_estimators"": 180, ""negative_sample_ratio"": 3.0, ""num_leaves"": 7}",ok,
2022-04-25,2022-04-29,374,1.0,0.09224006,0.09224006,-0.01195624,1,0,0.5602960703412536,2022,True,lightgbm,bottom,manual_weak_bottom_label,123,"{""balanced_bagging"": true, ""is_unbalance"": false, ""learning_rate"": 0.04, ""max_depth"": 3, ""min_child_samples"": 8, ""n_estimators"": 180, ""negative_sample_ratio"": 3.0, ""num_leaves"": 7}",ok,
2022-05-05,2022-05-06,375,1.0,0.07726380,0.10068725,-0.00311829,1,0,0.37719403705930976,2022,True,lightgbm,bottom,manual_weak_bottom_label,123,"{""balanced_bagging"": true, ""is_unbalance"": false, ""learning_rate"": 0.04, ""max_depth"": 3, ""min_child_samples"": 8, ""n_estimators"": 180, ""negative_sample_ratio"": 3.0, ""num_leaves"": 7}",ok,
2022-05-09,2022-05-13,376,1.0,0.06114746,0.06230711,-0.00954647,1,0,0.11214624134322583,2022,True,lightgbm,bottom,manual_weak_bottom_label,123,"{""balanced_bagging"": true, ""is_unbalance"": false, ""learning_rate"": 0.04, ""max_depth"": 3, ""min_child_samples"": 8, ""n_estimators"": 180, ""negative_sample_ratio"": 3.0, ""num_leaves"": 7}",ok,
2022-05-23,2022-05-27,378,1.0,0.09092358,0.09217187,-0.00617672,1,0,0.10268344680815773,2022,True,lightgbm,bottom,manual_weak_bottom_label,123,"{""balanced_bagging"": true, ""is_unbalance"": false, ""learning_rate"": 0.04, ""max_depth"": 3, ""min_child_samples"": 8, ""n_estimators"": 180, ""negative_sample_ratio"": 3.0, ""num_leaves"": 7}",ok,
2022-08-29,2022-09-02,392,0.0,-0.06096408,0.03142001,-0.06933407,1,0,0.05342093648132531,2022,True,lightgbm,bottom,manual_weak_bottom_label,123,"{""balanced_bagging"": true, ""is_unbalance"": false, ""learning_rate"": 0.04, ""max_depth"": 3, ""min_child_samples"": 8, ""n_estimators"": 180, ""negative_sample_ratio"": 3.0, ""num_leaves"": 7}",ok,
2022-09-13,2022-09-16,394,0.0,-0.01153899,0.01127176,-0.08690045,1,0,0.01387689958360136,2022,True,lightgbm,bottom,manual_weak_bottom_label,123,"{""balanced_bagging"": true, ""is_unbalance"": false, ""learning_rate"": 0.04, ""max_depth"": 3, ""min_child_samples"": 8, ""n_estimators"": 180, ""negative_sample_ratio"": 3.0, ""num_leaves"": 7}",ok,
2022-09-19,2022-09-23,395,0.0,0.01078652,0.02956024,-0.07003223,1,0,0.004225334581253121,2022,True,lightgbm,bottom,manual_weak_bottom_label,123,"{""balanced_bagging"": true, ""is_unbalance"": false, ""learning_rate"": 0.04, ""max_depth"": 3, ""min_child_samples"": 8, ""n_estimators"": 180, ""negative_sample_ratio"": 3.0, ""num_leaves"": 7}",ok,
2022-09-26,2022-09-30,396,0.0,0.01878703,0.07012482,-0.03377104,1,0,0.014457407461980277,2022,True,lightgbm,bottom,manual_weak_bottom_label,123,"{""balanced_bagging"": true, ""is_unbalance"": false, ""learning_rate"": 0.04, ""max_depth"": 3, ""min_child_samples"": 8, ""n_estimators"": 180, ""negative_sample_ratio"": 3.0, ""num_leaves"": 7}",ok,
2022-10-10,2022-10-14,397,0.0,0.04732538,0.04886570,-0.03202613,1,0,0.007177502394932999,2022,True,lightgbm,bottom,manual_weak_bottom_label,123,"{""balanced_bagging"": true, ""is_unbalance"": false, ""learning_rate"": 0.04, ""max_depth"": 3, ""min_child_samples"": 8, ""n_estimators"": 180, ""negative_sample_ratio"": 3.0, ""num_leaves"": 7}",ok,
2022-10-24,2022-10-28,399,1.0,0.06706307,0.08602818,-0.00619382,1,0,0.012955985056288949,2022,True,lightgbm,bottom,manual_weak_bottom_label,123,"{""balanced_bagging"": true, ""is_unbalance"": false, ""learning_rate"": 0.04, ""max_depth"": 3, ""min_child_samples"": 8, ""n_estimators"": 180, ""negative_sample_ratio"": 3.0, ""num_leaves"": 7}",ok,
2022-12-19,2022-12-23,407,1.0,0.05790988,0.06518790,0.00019348,1,0,0.04307423196172847,2022,True,lightgbm,bottom,manual_weak_bottom_label,123,"{""balanced_bagging"": true, ""is_unbalance"": false, ""learning_rate"": 0.04, ""max_depth"": 3, ""min_child_samples"": 8, ""n_estimators"": 180, ""negative_sample_ratio"": 3.0, ""num_leaves"": 7}",ok,
2022-01-17,2022-01-21,361,0.0,-0.01853522,0.00998586,-0.07136125,1,0,0.5771900415420532,2022,True,bp,bottom,manual_weak_bottom_label,123,"{""dropout"": 0.05, ""focal_alpha"": 0.7, ""focal_gamma"": 1.5, ""hidden_layers"": [32], ""learning_rate"": 0.001, ""max_epochs"": 130, ""patience"": 15}",ok,
2022-01-24,2022-01-28,362,1.0,0.05577892,0.07287154,-0.00632553,1,0,0.1757362186908722,2022,True,bp,bottom,manual_weak_bottom_label,123,"{""dropout"": 0.05, ""focal_alpha"": 0.7, ""focal_gamma"": 1.5, ""hidden_layers"": [32], ""learning_rate"": 0.001, ""max_epochs"": 130, ""patience"": 15}",ok,
2022-02-07,2022-02-11,363,0.0,0.02953034,0.06359148,-0.01031441,1,0,0.5790643692016602,2022,True,bp,bottom,manual_weak_bottom_label,123,"{""dropout"": 0.05, ""focal_alpha"": 0.7, ""focal_gamma"": 1.5, ""hidden_layers"": [32], ""learning_rate"": 0.001, ""max_epochs"": 130, ""patience"": 15}",ok,
2022-02-14,2022-02-18,364,0.0,-0.03599303,0.03162694,-0.10202775,1,0,0.7822021245956421,2022,True,bp,bottom,manual_weak_bottom_label,123,"{""dropout"": 0.05, ""focal_alpha"": 0.7, ""focal_gamma"": 1.5, ""hidden_layers"": [32], ""learning_rate"": 0.001, ""max_epochs"": 130, ""patience"": 15}",ok,
2022-03-07,2022-03-11,367,0.0,-0.03120883,-0.00015106,-0.09446345,1,0,0.28164663910865784,2022,True,bp,bottom,manual_weak_bottom_label,123,"{""dropout"": 0.05, ""focal_alpha"": 0.7, ""focal_gamma"": 1.5, ""hidden_layers"": [32], ""learning_rate"": 0.001, ""max_epochs"": 130, ""patience"": 15}",ok,
2022-03-14,2022-03-18,368,0.0,-0.04420218,0.01604159,-0.05570019,1,0,0.3610263466835022,2022,True,bp,bottom,manual_weak_bottom_label,123,"{""dropout"": 0.05, ""focal_alpha"": 0.7, ""focal_gamma"": 1.5, ""hidden_layers"": [32], ""learning_rate"": 0.001, ""max_epochs"": 130, ""patience"": 15}",ok,
2022-03-21,2022-03-25,369,0.0,-0.07987609,0.00658904,-0.08657188,1,0,0.15315142273902893,2022,True,bp,bottom,manual_weak_bottom_label,123,"{""dropout"": 0.05, ""focal_alpha"": 0.7, ""focal_gamma"": 1.5, ""hidden_layers"": [32], ""learning_rate"": 0.001, ""max_epochs"": 130, ""patience"": 15}",ok,
2022-03-28,2022-04-01,370,0.0,-0.13005278,-0.00042303,-0.13604457,1,0,0.2310040295124054,2022,True,bp,bottom,manual_weak_bottom_label,123,"{""dropout"": 0.05, ""focal_alpha"": 0.7, ""focal_gamma"": 1.5, ""hidden_layers"": [32], ""learning_rate"": 0.001, ""max_epochs"": 130, ""patience"": 15}",ok,
2022-04-06,2022-04-08,371,0.0,-0.12787130,-0.00471326,-0.21452065,1,0,0.2534027695655823,2022,True,bp,bottom,manual_weak_bottom_label,123,"{""dropout"": 0.05, ""focal_alpha"": 0.7, ""focal_gamma"": 1.5, ""hidden_layers"": [32], ""learning_rate"": 0.001, ""max_epochs"": 130, ""patience"": 15}",ok,
2022-04-11,2022-04-15,372,0.0,-0.08133467,0.01662977,-0.17694201,1,0,0.11713279783725739,2022,True,bp,bottom,manual_weak_bottom_label,123,"{""dropout"": 0.05, ""focal_alpha"": 0.7, ""focal_gamma"": 1.5, ""hidden_layers"": [32], ""learning_rate"": 0.001, ""max_epochs"": 130, ""patience"": 15}",ok,
2022-04-18,2022-04-22,373,0.0,0.03052696,0.04345865,-0.12340168,1,0,0.42298081517219543,2022,True,bp,bottom,manual_weak_bottom_label,123,"{""dropout"": 0.05, ""focal_alpha"": 0.7, ""focal_gamma"": 1.5, ""hidden_layers"": [32], ""learning_rate"": 0.001, ""max_epochs"": 130, ""patience"": 15}",ok,
2022-04-25,2022-04-29,374,1.0,0.09224006,0.09224006,-0.01195624,1,0,0.4441467821598053,2022,True,bp,bottom,manual_weak_bottom_label,123,"{""dropout"": 0.05, ""focal_alpha"": 0.7, ""focal_gamma"": 1.5, ""hidden_layers"": [32], ""learning_rate"": 0.001, ""max_epochs"": 130, ""patience"": 15}",ok,
2022-05-05,2022-05-06,375,1.0,0.07726380,0.10068725,-0.00311829,1,0,0.7713876962661743,2022,True,bp,bottom,manual_weak_bottom_label,123,"{""dropout"": 0.05, ""focal_alpha"": 0.7, ""focal_gamma"": 1.5, ""hidden_layers"": [32], ""learning_rate"": 0.001, ""max_epochs"": 130, ""patience"": 15}",ok,
2022-05-09,2022-05-13,376,1.0,0.06114746,0.06230711,-0.00954647,1,0,0.21911852061748505,2022,True,bp,bottom,manual_weak_bottom_label,123,"{""dropout"": 0.05, ""focal_alpha"": 0.7, ""focal_gamma"": 1.5, ""hidden_layers"": [32], ""learning_rate"": 0.001, ""max_epochs"": 130, ""patience"": 15}",ok,
2022-05-23,2022-05-27,378,1.0,0.09092358,0.09217187,-0.00617672,1,0,0.19373969733715057,2022,True,bp,bottom,manual_weak_bottom_label,123,"{""dropout"": 0.05, ""focal_alpha"": 0.7, ""focal_gamma"": 1.5, ""hidden_layers"": [32], ""learning_rate"": 0.001, ""max_epochs"": 130, ""patience"": 15}",ok,
2022-08-29,2022-09-02,392,0.0,-0.06096408,0.03142001,-0.06933407,1,0,0.08495994657278061,2022,True,bp,bottom,manual_weak_bottom_label,123,"{""dropout"": 0.05, ""focal_alpha"": 0.7, ""focal_gamma"": 1.5, ""hidden_layers"": [32], ""learning_rate"": 0.001, ""max_epochs"": 130, ""patience"": 15}",ok,
2022-09-13,2022-09-16,394,0.0,-0.01153899,0.01127176,-0.08690045,1,0,0.12370090931653976,2022,True,bp,bottom,manual_weak_bottom_label,123,"{""dropout"": 0.05, ""focal_alpha"": 0.7, ""focal_gamma"": 1.5, ""hidden_layers"": [32], ""learning_rate"": 0.001, ""max_epochs"": 130, ""patience"": 15}",ok,
2022-09-19,2022-09-23,395,0.0,0.01078652,0.02956024,-0.07003223,1,0,0.07440262287855148,2022,True,bp,bottom,manual_weak_bottom_label,123,"{""dropout"": 0.05, ""focal_alpha"": 0.7, ""focal_gamma"": 1.5, ""hidden_layers"": [32], ""learning_rate"": 0.001, ""max_epochs"": 130, ""patience"": 15}",ok,
2022-09-26,2022-09-30,396,0.0,0.01878703,0.07012482,-0.03377104,1,0,0.09957484900951385,2022,True,bp,bottom,manual_weak_bottom_label,123,"{""dropout"": 0.05, ""focal_alpha"": 0.7, ""focal_gamma"": 1.5, ""hidden_layers"": [32], ""learning_rate"": 0.001, ""max_epochs"": 130, ""patience"": 15}",ok,
2022-10-10,2022-10-14,397,0.0,0.04732538,0.04886570,-0.03202613,1,0,0.07176987081766129,2022,True,bp,bottom,manual_weak_bottom_label,123,"{""dropout"": 0.05, ""focal_alpha"": 0.7, ""focal_gamma"": 1.5, ""hidden_layers"": [32], ""learning_rate"": 0.001, ""max_epochs"": 130, ""patience"": 15}",ok,
2022-10-24,2022-10-28,399,1.0,0.06706307,0.08602818,-0.00619382,1,0,0.07401151210069656,2022,True,bp,bottom,manual_weak_bottom_label,123,"{""dropout"": 0.05, ""focal_alpha"": 0.7, ""focal_gamma"": 1.5, ""hidden_layers"": [32], ""learning_rate"": 0.001, ""max_epochs"": 130, ""patience"": 15}",ok,
2022-12-19,2022-12-23,407,1.0,0.05790988,0.06518790,0.00019348,1,0,0.12516969442367554,2022,True,bp,bottom,manual_weak_bottom_label,123,"{""dropout"": 0.05, ""focal_alpha"": 0.7, ""focal_gamma"": 1.5, ""hidden_layers"": [32], ""learning_rate"": 0.001, ""max_epochs"": 130, ""patience"": 15}",ok,
2022-01-17,2022-01-21,361,0.0,-0.01853522,0.00998586,-0.07136125,1,0,0.25743447348815174,2022,True,mlp,bottom,manual_weak_bottom_label,123,"{""alpha"": 0.0001, ""hidden_layer_sizes"": [48, 24], ""learning_rate_init"": 0.001, ""max_iter"": 600, ""negative_sample_ratio"": 3.0}",ok,
2022-01-24,2022-01-28,362,1.0,0.05577892,0.07287154,-0.00632553,1,0,0.27113678310065925,2022,True,mlp,bottom,manual_weak_bottom_label,123,"{""alpha"": 0.0001, ""hidden_layer_sizes"": [48, 24], ""learning_rate_init"": 0.001, ""max_iter"": 600, ""negative_sample_ratio"": 3.0}",ok,
2022-02-07,2022-02-11,363,0.0,0.02953034,0.06359148,-0.01031441,1,0,0.18806856564542362,2022,True,mlp,bottom,manual_weak_bottom_label,123,"{""alpha"": 0.0001, ""hidden_layer_sizes"": [48, 24], ""learning_rate_init"": 0.001, ""max_iter"": 600, ""negative_sample_ratio"": 3.0}",ok,
2022-02-14,2022-02-18,364,0.0,-0.03599303,0.03162694,-0.10202775,1,0,0.3031376208918322,2022,True,mlp,bottom,manual_weak_bottom_label,123,"{""alpha"": 0.0001, ""hidden_layer_sizes"": [48, 24], ""learning_rate_init"": 0.001, ""max_iter"": 600, ""negative_sample_ratio"": 3.0}",ok,
2022-03-07,2022-03-11,367,0.0,-0.03120883,-0.00015106,-0.09446345,1,0,0.12579359520703332,2022,True,mlp,bottom,manual_weak_bottom_label,123,"{""alpha"": 0.0001, ""hidden_layer_sizes"": [48, 24], ""learning_rate_init"": 0.001, ""max_iter"": 600, ""negative_sample_ratio"": 3.0}",ok,
2022-03-14,2022-03-18,368,0.0,-0.04420218,0.01604159,-0.05570019,1,0,0.09293572400665287,2022,True,mlp,bottom,manual_weak_bottom_label,123,"{""alpha"": 0.0001, ""hidden_layer_sizes"": [48, 24], ""learning_rate_init"": 0.001, ""max_iter"": 600, ""negative_sample_ratio"": 3.0}",ok,
2022-03-21,2022-03-25,369,0.0,-0.07987609,0.00658904,-0.08657188,1,0,0.10086781567707295,2022,True,mlp,bottom,manual_weak_bottom_label,123,"{""alpha"": 0.0001, ""hidden_layer_sizes"": [48, 24], ""learning_rate_init"": 0.001, ""max_iter"": 600, ""negative_sample_ratio"": 3.0}",ok,
2022-03-28,2022-04-01,370,0.0,-0.13005278,-0.00042303,-0.13604457,1,0,0.07298328498176919,2022,True,mlp,bottom,manual_weak_bottom_label,123,"{""alpha"": 0.0001, ""hidden_layer_sizes"": [48, 24], ""learning_rate_init"": 0.001, ""max_iter"": 600, ""negative_sample_ratio"": 3.0}",ok,
2022-04-06,2022-04-08,371,0.0,-0.12787130,-0.00471326,-0.21452065,1,0,0.1010540409058218,2022,True,mlp,bottom,manual_weak_bottom_label,123,"{""alpha"": 0.0001, ""hidden_layer_sizes"": [48, 24], ""learning_rate_init"": 0.001, ""max_iter"": 600, ""negative_sample_ratio"": 3.0}",ok,
2022-04-11,2022-04-15,372,0.0,-0.08133467,0.01662977,-0.17694201,1,0,0.08364573083478796,2022,True,mlp,bottom,manual_weak_bottom_label,123,"{""alpha"": 0.0001, ""hidden_layer_sizes"": [48, 24], ""learning_rate_init"": 0.001, ""max_iter"": 600, ""negative_sample_ratio"": 3.0}",ok,
2022-04-18,2022-04-22,373,0.0,0.03052696,0.04345865,-0.12340168,1,0,0.11546695330885202,2022,True,mlp,bottom,manual_weak_bottom_label,123,"{""alpha"": 0.0001, ""hidden_layer_sizes"": [48, 24], ""learning_rate_init"": 0.001, ""max_iter"": 600, ""negative_sample_ratio"": 3.0}",ok,
2022-04-25,2022-04-29,374,1.0,0.09224006,0.09224006,-0.01195624,1,0,0.11682450485379418,2022,True,mlp,bottom,manual_weak_bottom_label,123,"{""alpha"": 0.0001, ""hidden_layer_sizes"": [48, 24], ""learning_rate_init"": 0.001, ""max_iter"": 600, ""negative_sample_ratio"": 3.0}",ok,
2022-05-05,2022-05-06,375,1.0,0.07726380,0.10068725,-0.00311829,1,0,0.14970341031786571,2022,True,mlp,bottom,manual_weak_bottom_label,123,"{""alpha"": 0.0001, ""hidden_layer_sizes"": [48, 24], ""learning_rate_init"": 0.001, ""max_iter"": 600, ""negative_sample_ratio"": 3.0}",ok,
2022-05-09,2022-05-13,376,1.0,0.06114746,0.06230711,-0.00954647,1,0,0.021766788152701024,2022,True,mlp,bottom,manual_weak_bottom_label,123,"{""alpha"": 0.0001, ""hidden_layer_sizes"": [48, 24], ""learning_rate_init"": 0.001, ""max_iter"": 600, ""negative_sample_ratio"": 3.0}",ok,
2022-05-23,2022-05-27,378,1.0,0.09092358,0.09217187,-0.00617672,1,0,0.11398077801507825,2022,True,mlp,bottom,manual_weak_bottom_label,123,"{""alpha"": 0.0001, ""hidden_layer_sizes"": [48, 24], ""learning_rate_init"": 0.001, ""max_iter"": 600, ""negative_sample_ratio"": 3.0}",ok,
2022-08-29,2022-09-02,392,0.0,-0.06096408,0.03142001,-0.06933407,1,0,0.151958823739888,2022,True,mlp,bottom,manual_weak_bottom_label,123,"{""alpha"": 0.0001, ""hidden_layer_sizes"": [48, 24], ""learning_rate_init"": 0.001, ""max_iter"": 600, ""negative_sample_ratio"": 3.0}",ok,
2022-09-13,2022-09-16,394,0.0,-0.01153899,0.01127176,-0.08690045,1,0,0.1719470914730712,2022,True,mlp,bottom,manual_weak_bottom_label,123,"{""alpha"": 0.0001, ""hidden_layer_sizes"": [48, 24], ""learning_rate_init"": 0.001, ""max_iter"": 600, ""negative_sample_ratio"": 3.0}",ok,
2022-09-19,2022-09-23,395,0.0,0.01078652,0.02956024,-0.07003223,1,0,0.1535182493627065,2022,True,mlp,bottom,manual_weak_bottom_label,123,"{""alpha"": 0.0001, ""hidden_layer_sizes"": [48, 24], ""learning_rate_init"": 0.001, ""max_iter"": 600, ""negative_sample_ratio"": 3.0}",ok,
2022-09-26,2022-09-30,396,0.0,0.01878703,0.07012482,-0.03377104,1,0,0.15043100017382185,2022,True,mlp,bottom,manual_weak_bottom_label,123,"{""alpha"": 0.0001, ""hidden_layer_sizes"": [48, 24], ""learning_rate_init"": 0.001, ""max_iter"": 600, ""negative_sample_ratio"": 3.0}",ok,
2022-10-10,2022-10-14,397,0.0,0.04732538,0.04886570,-0.03202613,1,0,0.16506826523132834,2022,True,mlp,bottom,manual_weak_bottom_label,123,"{""alpha"": 0.0001, ""hidden_layer_sizes"": [48, 24], ""learning_rate_init"": 0.001, ""max_iter"": 600, ""negative_sample_ratio"": 3.0}",ok,
2022-10-24,2022-10-28,399,1.0,0.06706307,0.08602818,-0.00619382,1,0,0.1521815437626696,2022,True,mlp,bottom,manual_weak_bottom_label,123,"{""alpha"": 0.0001, ""hidden_layer_sizes"": [48, 24], ""learning_rate_init"": 0.001, ""max_iter"": 600, ""negative_sample_ratio"": 3.0}",ok,
2022-12-19,2022-12-23,407,1.0,0.05790988,0.06518790,0.00019348,1,0,0.05040019047081034,2022,True,mlp,bottom,manual_weak_bottom_label,123,"{""alpha"": 0.0001, ""hidden_layer_sizes"": [48, 24], ""learning_rate_init"": 0.001, ""max_iter"": 600, ""negative_sample_ratio"": 3.0}",ok,
2022-01-17,2022-01-21,361,0.0,-0.01853522,0.00998586,-0.07136125,1,0,0.18469884900353825,2022,True,svm,bottom,manual_weak_bottom_label,123,"{""C"": 0.5, ""gamma"": ""scale""}",ok,
2022-01-24,2022-01-28,362,1.0,0.05577892,0.07287154,-0.00632553,1,0,0.16308899894675596,2022,True,svm,bottom,manual_weak_bottom_label,123,"{""C"": 0.5, ""gamma"": ""scale""}",ok,
2022-02-07,2022-02-11,363,0.0,0.02953034,0.06359148,-0.01031441,1,0,0.24396487142878567,2022,True,svm,bottom,manual_weak_bottom_label,123,"{""C"": 0.5, ""gamma"": ""scale""}",ok,
2022-02-14,2022-02-18,364,0.0,-0.03599303,0.03162694,-0.10202775,1,0,0.33299135856832757,2022,True,svm,bottom,manual_weak_bottom_label,123,"{""C"": 0.5, ""gamma"": ""scale""}",ok,
2022-03-07,2022-03-11,367,0.0,-0.03120883,-0.00015106,-0.09446345,1,0,0.21411584409141893,2022,True,svm,bottom,manual_weak_bottom_label,123,"{""C"": 0.5, ""gamma"": ""scale""}",ok,
2022-03-14,2022-03-18,368,0.0,-0.04420218,0.01604159,-0.05570019,1,0,0.22459327469145485,2022,True,svm,bottom,manual_weak_bottom_label,123,"{""C"": 0.5, ""gamma"": ""scale""}",ok,
2022-03-21,2022-03-25,369,0.0,-0.07987609,0.00658904,-0.08657188,1,0,0.17167857534493203,2022,True,svm,bottom,manual_weak_bottom_label,123,"{""C"": 0.5, ""gamma"": ""scale""}",ok,
2022-03-28,2022-04-01,370,0.0,-0.13005278,-0.00042303,-0.13604457,1,0,0.17388480597990522,2022,True,svm,bottom,manual_weak_bottom_label,123,"{""C"": 0.5, ""gamma"": ""scale""}",ok,
2022-04-06,2022-04-08,371,0.0,-0.12787130,-0.00471326,-0.21452065,1,0,0.17057084004811915,2022,True,svm,bottom,manual_weak_bottom_label,123,"{""C"": 0.5, ""gamma"": ""scale""}",ok,
2022-04-11,2022-04-15,372,0.0,-0.08133467,0.01662977,-0.17694201,1,0,0.1390933747517431,2022,True,svm,bottom,manual_weak_bottom_label,123,"{""C"": 0.5, ""gamma"": ""scale""}",ok,
2022-04-18,2022-04-22,373,0.0,0.03052696,0.04345865,-0.12340168,1,0,0.16750473764290844,2022,True,svm,bottom,manual_weak_bottom_label,123,"{""C"": 0.5, ""gamma"": ""scale""}",ok,
2022-04-25,2022-04-29,374,1.0,0.09224006,0.09224006,-0.01195624,1,0,0.18556472587575606,2022,True,svm,bottom,manual_weak_bottom_label,123,"{""C"": 0.5, ""gamma"": ""scale""}",ok,
2022-05-05,2022-05-06,375,1.0,0.07726380,0.10068725,-0.00311829,1,0,0.2310361941142877,2022,True,svm,bottom,manual_weak_bottom_label,123,"{""C"": 0.5, ""gamma"": ""scale""}",ok,
2022-05-09,2022-05-13,376,1.0,0.06114746,0.06230711,-0.00954647,1,0,0.2481152582061913,2022,True,svm,bottom,manual_weak_bottom_label,123,"{""C"": 0.5, ""gamma"": ""scale""}",ok,
2022-05-23,2022-05-27,378,1.0,0.09092358,0.09217187,-0.00617672,1,0,0.23550445832147873,2022,True,svm,bottom,manual_weak_bottom_label,123,"{""C"": 0.5, ""gamma"": ""scale""}",ok,
2022-08-29,2022-09-02,392,0.0,-0.06096408,0.03142001,-0.06933407,1,0,0.13115951272496174,2022,True,svm,bottom,manual_weak_bottom_label,123,"{""C"": 0.5, ""gamma"": ""scale""}",ok,
2022-09-13,2022-09-16,394,0.0,-0.01153899,0.01127176,-0.08690045,1,0,0.11596342822689239,2022,True,svm,bottom,manual_weak_bottom_label,123,"{""C"": 0.5, ""gamma"": ""scale""}",ok,
2022-09-19,2022-09-23,395,0.0,0.01078652,0.02956024,-0.07003223,1,0,0.08346817242076737,2022,True,svm,bottom,manual_weak_bottom_label,123,"{""C"": 0.5, ""gamma"": ""scale""}",ok,
2022-09-26,2022-09-30,396,0.0,0.01878703,0.07012482,-0.03377104,1,0,0.11827066163515795,2022,True,svm,bottom,manual_weak_bottom_label,123,"{""C"": 0.5, ""gamma"": ""scale""}",ok,
2022-10-10,2022-10-14,397,0.0,0.04732538,0.04886570,-0.03202613,1,0,0.11394703672377329,2022,True,svm,bottom,manual_weak_bottom_label,123,"{""C"": 0.5, ""gamma"": ""scale""}",ok,
2022-10-24,2022-10-28,399,1.0,0.06706307,0.08602818,-0.00619382,1,0,0.126936129948746,2022,True,svm,bottom,manual_weak_bottom_label,123,"{""C"": 0.5, ""gamma"": ""scale""}",ok,
2022-12-19,2022-12-23,407,1.0,0.05790988,0.06518790,0.00019348,1,0,0.12722731538936716,2022,True,svm,bottom,manual_weak_bottom_label,123,"{""C"": 0.5, ""gamma"": ""scale""}",ok,
2022-05-30,2022-06-02,379,,0.07585364,0.07939225,-0.00064117,0,1,0.03823221728975888,2022,True,logistic,top,manual_weak_top_label,126,"{""C"": 0.3}",ok,0.0
2022-06-06,2022-06-10,380,,0.05533599,0.06842958,-0.02524462,0,1,0.1517909310909103,2022,True,logistic,top,manual_weak_top_label,126,"{""C"": 0.3}",ok,0.0
2022-06-13,2022-06-17,381,,0.03336616,0.04780037,-0.01842271,0,1,0.0341166813785088,2022,True,logistic,top,manual_weak_top_label,126,"{""C"": 0.3}",ok,0.0
2022-06-20,2022-06-24,382,,-0.01137362,0.02408069,-0.02795552,0,1,0.01514768931288049,2022,True,logistic,top,manual_weak_top_label,126,"{""C"": 0.3}",ok,0.0
2022-06-27,2022-07-01,383,,0.00573265,0.01997526,-0.03668954,0,1,0.2347653943908621,2022,True,logistic,top,manual_weak_top_label,126,"{""C"": 0.3}",ok,0.0
2022-07-04,2022-07-08,384,,0.01666227,0.02798915,-0.03755422,0,1,0.020039160613223004,2022,True,logistic,top,manual_weak_top_label,126,"{""C"": 0.3}",ok,0.0
2022-07-11,2022-07-15,385,,0.03461161,0.05018594,-0.00199684,0,1,0.12282829489795807,2022,True,logistic,top,manual_weak_top_label,126,"{""C"": 0.3}",ok,0.0
2022-07-18,2022-07-22,386,,0.02761167,0.03941888,-0.02571604,0,1,0.4610040459657195,2022,True,logistic,top,manual_weak_top_label,126,"{""C"": 0.3}",ok,0.0
2022-07-25,2022-07-29,387,,0.01643443,0.03544775,-0.03705521,0,1,0.6212842245768735,2022,True,logistic,top,manual_weak_top_label,126,"{""C"": 0.3}",ok,0.0
2022-08-01,2022-08-05,388,,-0.01548984,0.03945386,-0.02244907,0,1,0.21232838846034888,2022,True,logistic,top,manual_weak_top_label,126,"{""C"": 0.3}",ok,0.0
2022-08-08,2022-08-12,389,,-0.06252847,0.01949083,-0.07383361,0,1,0.669841106976486,2022,True,logistic,top,manual_weak_top_label,126,"{""C"": 0.3}",ok,1.0
2022-08-15,2022-08-19,390,,-0.04434725,0.01115448,-0.07454670,0,1,0.004165773144744246,2022,True,logistic,top,manual_weak_top_label,126,"{""C"": 0.3}",ok,0.0
2022-10-31,2022-11-04,400,,-0.02943270,0.01000008,-0.03840591,0,1,0.0622067545373531,2022,True,logistic,top,manual_weak_top_label,126,"{""C"": 0.3}",ok,0.0
2022-11-14,2022-11-18,402,,0.00330019,0.01109230,-0.03700123,0,1,0.06557349523561291,2022,True,logistic,top,manual_weak_top_label,126,"{""C"": 0.3}",ok,0.0
2022-11-28,2022-12-02,404,,-0.07780761,0.00774129,-0.08376536,0,1,0.03892040363693991,2022,True,logistic,top,manual_weak_top_label,126,"{""C"": 0.3}",ok,1.0
2022-12-05,2022-12-09,405,,-0.05969036,0.00003533,-0.08374245,0,1,0.005175934806544469,2022,True,logistic,top,manual_weak_top_label,126,"{""C"": 0.3}",ok,1.0
2022-05-30,2022-06-02,379,,0.07585364,0.07939225,-0.00064117,0,1,0.0007514713249930937,2022,True,lda,top,manual_weak_top_label,126,"{""shrinkage"": 0.5, ""solver"": ""lsqr""}",ok,0.0
2022-06-06,2022-06-10,380,,0.05533599,0.06842958,-0.02524462,0,1,0.014496524183274767,2022,True,lda,top,manual_weak_top_label,126,"{""shrinkage"": 0.5, ""solver"": ""lsqr""}",ok,0.0
2022-06-13,2022-06-17,381,,0.03336616,0.04780037,-0.01842271,0,1,0.00022379919938375273,2022,True,lda,top,manual_weak_top_label,126,"{""shrinkage"": 0.5, ""solver"": ""lsqr""}",ok,0.0
2022-06-20,2022-06-24,382,,-0.01137362,0.02408069,-0.02795552,0,1,5.356279950220978e-05,2022,True,lda,top,manual_weak_top_label,126,"{""shrinkage"": 0.5, ""solver"": ""lsqr""}",ok,0.0
2022-06-27,2022-07-01,383,,0.00573265,0.01997526,-0.03668954,0,1,0.11840628149865429,2022,True,lda,top,manual_weak_top_label,126,"{""shrinkage"": 0.5, ""solver"": ""lsqr""}",ok,0.0
2022-07-04,2022-07-08,384,,0.01666227,0.02798915,-0.03755422,0,1,0.0007617778470400304,2022,True,lda,top,manual_weak_top_label,126,"{""shrinkage"": 0.5, ""solver"": ""lsqr""}",ok,0.0
2022-07-11,2022-07-15,385,,0.03461161,0.05018594,-0.00199684,0,1,0.008288105953371339,2022,True,lda,top,manual_weak_top_label,126,"{""shrinkage"": 0.5, ""solver"": ""lsqr""}",ok,0.0
2022-07-18,2022-07-22,386,,0.02761167,0.03941888,-0.02571604,0,1,0.299256020862715,2022,True,lda,top,manual_weak_top_label,126,"{""shrinkage"": 0.5, ""solver"": ""lsqr""}",ok,0.0
2022-07-25,2022-07-29,387,,0.01643443,0.03544775,-0.03705521,0,1,0.34883975532626427,2022,True,lda,top,manual_weak_top_label,126,"{""shrinkage"": 0.5, ""solver"": ""lsqr""}",ok,0.0
2022-08-01,2022-08-05,388,,-0.01548984,0.03945386,-0.02244907,0,1,0.002838953778823997,2022,True,lda,top,manual_weak_top_label,126,"{""shrinkage"": 0.5, ""solver"": ""lsqr""}",ok,0.0
2022-08-08,2022-08-12,389,,-0.06252847,0.01949083,-0.07383361,0,1,0.33370870977937067,2022,True,lda,top,manual_weak_top_label,126,"{""shrinkage"": 0.5, ""solver"": ""lsqr""}",ok,1.0
2022-08-15,2022-08-19,390,,-0.04434725,0.01115448,-0.07454670,0,1,6.883519577927424e-06,2022,True,lda,top,manual_weak_top_label,126,"{""shrinkage"": 0.5, ""solver"": ""lsqr""}",ok,0.0
2022-10-31,2022-11-04,400,,-0.02943270,0.01000008,-0.03840591,0,1,0.00043575573690810395,2022,True,lda,top,manual_weak_top_label,126,"{""shrinkage"": 0.5, ""solver"": ""lsqr""}",ok,0.0
2022-11-14,2022-11-18,402,,0.00330019,0.01109230,-0.03700123,0,1,0.0010122035108461201,2022,True,lda,top,manual_weak_top_label,126,"{""shrinkage"": 0.5, ""solver"": ""lsqr""}",ok,0.0
2022-11-28,2022-12-02,404,,-0.07780761,0.00774129,-0.08376536,0,1,0.00027467691595104397,2022,True,lda,top,manual_weak_top_label,126,"{""shrinkage"": 0.5, ""solver"": ""lsqr""}",ok,1.0
2022-12-05,2022-12-09,405,,-0.05969036,0.00003533,-0.08374245,0,1,3.891163973466889e-06,2022,True,lda,top,manual_weak_top_label,126,"{""shrinkage"": 0.5, ""solver"": ""lsqr""}",ok,1.0
2022-05-30,2022-06-02,379,,0.07585364,0.07939225,-0.00064117,0,1,1.0,2022,True,qda,top,manual_weak_top_label,126,"{""reg_param"": 0.2}",ok,0.0
2022-06-06,2022-06-10,380,,0.05533599,0.06842958,-0.02524462,0,1,1.0,2022,True,qda,top,manual_weak_top_label,126,"{""reg_param"": 0.2}",ok,0.0
2022-06-13,2022-06-17,381,,0.03336616,0.04780037,-0.01842271,0,1,1.0,2022,True,qda,top,manual_weak_top_label,126,"{""reg_param"": 0.2}",ok,0.0
2022-06-20,2022-06-24,382,,-0.01137362,0.02408069,-0.02795552,0,1,1.0,2022,True,qda,top,manual_weak_top_label,126,"{""reg_param"": 0.2}",ok,0.0
2022-06-27,2022-07-01,383,,0.00573265,0.01997526,-0.03668954,0,1,1.0,2022,True,qda,top,manual_weak_top_label,126,"{""reg_param"": 0.2}",ok,0.0
2022-07-04,2022-07-08,384,,0.01666227,0.02798915,-0.03755422,0,1,1.0,2022,True,qda,top,manual_weak_top_label,126,"{""reg_param"": 0.2}",ok,0.0
2022-07-11,2022-07-15,385,,0.03461161,0.05018594,-0.00199684,0,1,1.0,2022,True,qda,top,manual_weak_top_label,126,"{""reg_param"": 0.2}",ok,0.0
2022-07-18,2022-07-22,386,,0.02761167,0.03941888,-0.02571604,0,1,1.0,2022,True,qda,top,manual_weak_top_label,126,"{""reg_param"": 0.2}",ok,0.0
2022-07-25,2022-07-29,387,,0.01643443,0.03544775,-0.03705521,0,1,1.0,2022,True,qda,top,manual_weak_top_label,126,"{""reg_param"": 0.2}",ok,0.0
2022-08-01,2022-08-05,388,,-0.01548984,0.03945386,-0.02244907,0,1,1.0,2022,True,qda,top,manual_weak_top_label,126,"{""reg_param"": 0.2}",ok,0.0
2022-08-08,2022-08-12,389,,-0.06252847,0.01949083,-0.07383361,0,1,1.0,2022,True,qda,top,manual_weak_top_label,126,"{""reg_param"": 0.2}",ok,1.0
2022-08-15,2022-08-19,390,,-0.04434725,0.01115448,-0.07454670,0,1,1.0,2022,True,qda,top,manual_weak_top_label,126,"{""reg_param"": 0.2}",ok,0.0
2022-10-31,2022-11-04,400,,-0.02943270,0.01000008,-0.03840591,0,1,1.0,2022,True,qda,top,manual_weak_top_label,126,"{""reg_param"": 0.2}",ok,0.0
2022-11-14,2022-11-18,402,,0.00330019,0.01109230,-0.03700123,0,1,0.9999999870612255,2022,True,qda,top,manual_weak_top_label,126,"{""reg_param"": 0.2}",ok,0.0
2022-11-28,2022-12-02,404,,-0.07780761,0.00774129,-0.08376536,0,1,0.9999999999996849,2022,True,qda,top,manual_weak_top_label,126,"{""reg_param"": 0.2}",ok,1.0
2022-12-05,2022-12-09,405,,-0.05969036,0.00003533,-0.08374245,0,1,0.9999999998901568,2022,True,qda,top,manual_weak_top_label,126,"{""reg_param"": 0.2}",ok,1.0
2022-05-30,2022-06-02,379,,0.07585364,0.07939225,-0.00064117,0,1,0.021989307381947317,2022,True,lightgbm,top,manual_weak_top_label,126,"{""balanced_bagging"": true, ""is_unbalance"": true, ""learning_rate"": 0.025, ""max_depth"": 5, ""min_child_samples"": 12, ""n_estimators"": 320, ""negative_sample_ratio"": 3.0, ""num_leaves"": 15}",ok,0.0
2022-06-06,2022-06-10,380,,0.05533599,0.06842958,-0.02524462,0,1,0.023862832932807245,2022,True,lightgbm,top,manual_weak_top_label,126,"{""balanced_bagging"": true, ""is_unbalance"": true, ""learning_rate"": 0.025, ""max_depth"": 5, ""min_child_samples"": 12, ""n_estimators"": 320, ""negative_sample_ratio"": 3.0, ""num_leaves"": 15}",ok,0.0
2022-06-13,2022-06-17,381,,0.03336616,0.04780037,-0.01842271,0,1,0.021358335223100072,2022,True,lightgbm,top,manual_weak_top_label,126,"{""balanced_bagging"": true, ""is_unbalance"": true, ""learning_rate"": 0.025, ""max_depth"": 5, ""min_child_samples"": 12, ""n_estimators"": 320, ""negative_sample_ratio"": 3.0, ""num_leaves"": 15}",ok,0.0
2022-06-20,2022-06-24,382,,-0.01137362,0.02408069,-0.02795552,0,1,0.2789953496906433,2022,True,lightgbm,top,manual_weak_top_label,126,"{""balanced_bagging"": true, ""is_unbalance"": true, ""learning_rate"": 0.025, ""max_depth"": 5, ""min_child_samples"": 12, ""n_estimators"": 320, ""negative_sample_ratio"": 3.0, ""num_leaves"": 15}",ok,0.0
2022-06-27,2022-07-01,383,,0.00573265,0.01997526,-0.03668954,0,1,0.4842893758367925,2022,True,lightgbm,top,manual_weak_top_label,126,"{""balanced_bagging"": true, ""is_unbalance"": true, ""learning_rate"": 0.025, ""max_depth"": 5, ""min_child_samples"": 12, ""n_estimators"": 320, ""negative_sample_ratio"": 3.0, ""num_leaves"": 15}",ok,0.0
2022-07-04,2022-07-08,384,,0.01666227,0.02798915,-0.03755422,0,1,0.05318868722219008,2022,True,lightgbm,top,manual_weak_top_label,126,"{""balanced_bagging"": true, ""is_unbalance"": true, ""learning_rate"": 0.025, ""max_depth"": 5, ""min_child_samples"": 12, ""n_estimators"": 320, ""negative_sample_ratio"": 3.0, ""num_leaves"": 15}",ok,0.0
2022-07-11,2022-07-15,385,,0.03461161,0.05018594,-0.00199684,0,1,0.029070108289268475,2022,True,lightgbm,top,manual_weak_top_label,126,"{""balanced_bagging"": true, ""is_unbalance"": true, ""learning_rate"": 0.025, ""max_depth"": 5, ""min_child_samples"": 12, ""n_estimators"": 320, ""negative_sample_ratio"": 3.0, ""num_leaves"": 15}",ok,0.0
2022-07-18,2022-07-22,386,,0.02761167,0.03941888,-0.02571604,0,1,0.1451317382767107,2022,True,lightgbm,top,manual_weak_top_label,126,"{""balanced_bagging"": true, ""is_unbalance"": true, ""learning_rate"": 0.025, ""max_depth"": 5, ""min_child_samples"": 12, ""n_estimators"": 320, ""negative_sample_ratio"": 3.0, ""num_leaves"": 15}",ok,0.0
2022-07-25,2022-07-29,387,,0.01643443,0.03544775,-0.03705521,0,1,0.27153218685991,2022,True,lightgbm,top,manual_weak_top_label,126,"{""balanced_bagging"": true, ""is_unbalance"": true, ""learning_rate"": 0.025, ""max_depth"": 5, ""min_child_samples"": 12, ""n_estimators"": 320, ""negative_sample_ratio"": 3.0, ""num_leaves"": 15}",ok,0.0
2022-08-01,2022-08-05,388,,-0.01548984,0.03945386,-0.02244907,0,1,0.16183386976859593,2022,True,lightgbm,top,manual_weak_top_label,126,"{""balanced_bagging"": true, ""is_unbalance"": true, ""learning_rate"": 0.025, ""max_depth"": 5, ""min_child_samples"": 12, ""n_estimators"": 320, ""negative_sample_ratio"": 3.0, ""num_leaves"": 15}",ok,0.0
2022-08-08,2022-08-12,389,,-0.06252847,0.01949083,-0.07383361,0,1,0.22753598395589772,2022,True,lightgbm,top,manual_weak_top_label,126,"{""balanced_bagging"": true, ""is_unbalance"": true, ""learning_rate"": 0.025, ""max_depth"": 5, ""min_child_samples"": 12, ""n_estimators"": 320, ""negative_sample_ratio"": 3.0, ""num_leaves"": 15}",ok,1.0
2022-08-15,2022-08-19,390,,-0.04434725,0.01115448,-0.07454670,0,1,0.11258325997669513,2022,True,lightgbm,top,manual_weak_top_label,126,"{""balanced_bagging"": true, ""is_unbalance"": true, ""learning_rate"": 0.025, ""max_depth"": 5, ""min_child_samples"": 12, ""n_estimators"": 320, ""negative_sample_ratio"": 3.0, ""num_leaves"": 15}",ok,0.0
2022-10-31,2022-11-04,400,,-0.02943270,0.01000008,-0.03840591,0,1,0.2346316048946942,2022,True,lightgbm,top,manual_weak_top_label,126,"{""balanced_bagging"": true, ""is_unbalance"": true, ""learning_rate"": 0.025, ""max_depth"": 5, ""min_child_samples"": 12, ""n_estimators"": 320, ""negative_sample_ratio"": 3.0, ""num_leaves"": 15}",ok,0.0
2022-11-14,2022-11-18,402,,0.00330019,0.01109230,-0.03700123,0,1,0.24928832566335554,2022,True,lightgbm,top,manual_weak_top_label,126,"{""balanced_bagging"": true, ""is_unbalance"": true, ""learning_rate"": 0.025, ""max_depth"": 5, ""min_child_samples"": 12, ""n_estimators"": 320, ""negative_sample_ratio"": 3.0, ""num_leaves"": 15}",ok,0.0
2022-11-28,2022-12-02,404,,-0.07780761,0.00774129,-0.08376536,0,1,0.26532810340857155,2022,True,lightgbm,top,manual_weak_top_label,126,"{""balanced_bagging"": true, ""is_unbalance"": true, ""learning_rate"": 0.025, ""max_depth"": 5, ""min_child_samples"": 12, ""n_estimators"": 320, ""negative_sample_ratio"": 3.0, ""num_leaves"": 15}",ok,1.0
2022-12-05,2022-12-09,405,,-0.05969036,0.00003533,-0.08374245,0,1,0.04189483246141089,2022,True,lightgbm,top,manual_weak_top_label,126,"{""balanced_bagging"": true, ""is_unbalance"": true, ""learning_rate"": 0.025, ""max_depth"": 5, ""min_child_samples"": 12, ""n_estimators"": 320, ""negative_sample_ratio"": 3.0, ""num_leaves"": 15}",ok,1.0
2022-05-30,2022-06-02,379,,0.07585364,0.07939225,-0.00064117,0,1,0.29583320021629333,2022,True,bp,top,manual_weak_top_label,126,"{""dropout"": 0.05, ""focal_alpha"": 0.7, ""focal_gamma"": 1.5, ""hidden_layers"": [32], ""learning_rate"": 0.001, ""max_epochs"": 130, ""patience"": 15}",ok,0.0
2022-06-06,2022-06-10,380,,0.05533599,0.06842958,-0.02524462,0,1,0.49849700927734375,2022,True,bp,top,manual_weak_top_label,126,"{""dropout"": 0.05, ""focal_alpha"": 0.7, ""focal_gamma"": 1.5, ""hidden_layers"": [32], ""learning_rate"": 0.001, ""max_epochs"": 130, ""patience"": 15}",ok,0.0
2022-06-13,2022-06-17,381,,0.03336616,0.04780037,-0.01842271,0,1,0.2547657787799835,2022,True,bp,top,manual_weak_top_label,126,"{""dropout"": 0.05, ""focal_alpha"": 0.7, ""focal_gamma"": 1.5, ""hidden_layers"": [32], ""learning_rate"": 0.001, ""max_epochs"": 130, ""patience"": 15}",ok,0.0
2022-06-20,2022-06-24,382,,-0.01137362,0.02408069,-0.02795552,0,1,0.16640733182430267,2022,True,bp,top,manual_weak_top_label,126,"{""dropout"": 0.05, ""focal_alpha"": 0.7, ""focal_gamma"": 1.5, ""hidden_layers"": [32], ""learning_rate"": 0.001, ""max_epochs"": 130, ""patience"": 15}",ok,0.0
2022-06-27,2022-07-01,383,,0.00573265,0.01997526,-0.03668954,0,1,0.31381842494010925,2022,True,bp,top,manual_weak_top_label,126,"{""dropout"": 0.05, ""focal_alpha"": 0.7, ""focal_gamma"": 1.5, ""hidden_layers"": [32], ""learning_rate"": 0.001, ""max_epochs"": 130, ""patience"": 15}",ok,0.0
2022-07-04,2022-07-08,384,,0.01666227,0.02798915,-0.03755422,0,1,0.2051493525505066,2022,True,bp,top,manual_weak_top_label,126,"{""dropout"": 0.05, ""focal_alpha"": 0.7, ""focal_gamma"": 1.5, ""hidden_layers"": [32], ""learning_rate"": 0.001, ""max_epochs"": 130, ""patience"": 15}",ok,0.0
2022-07-11,2022-07-15,385,,0.03461161,0.05018594,-0.00199684,0,1,0.24297574162483215,2022,True,bp,top,manual_weak_top_label,126,"{""dropout"": 0.05, ""focal_alpha"": 0.7, ""focal_gamma"": 1.5, ""hidden_layers"": [32], ""learning_rate"": 0.001, ""max_epochs"": 130, ""patience"": 15}",ok,0.0
2022-07-18,2022-07-22,386,,0.02761167,0.03941888,-0.02571604,0,1,0.5548647046089172,2022,True,bp,top,manual_weak_top_label,126,"{""dropout"": 0.05, ""focal_alpha"": 0.7, ""focal_gamma"": 1.5, ""hidden_layers"": [32], ""learning_rate"": 0.001, ""max_epochs"": 130, ""patience"": 15}",ok,0.0
2022-07-25,2022-07-29,387,,0.01643443,0.03544775,-0.03705521,0,1,0.40273967385292053,2022,True,bp,top,manual_weak_top_label,126,"{""dropout"": 0.05, ""focal_alpha"": 0.7, ""focal_gamma"": 1.5, ""hidden_layers"": [32], ""learning_rate"": 0.001, ""max_epochs"": 130, ""patience"": 15}",ok,0.0
2022-08-01,2022-08-05,388,,-0.01548984,0.03945386,-0.02244907,0,1,0.32320767641067505,2022,True,bp,top,manual_weak_top_label,126,"{""dropout"": 0.05, ""focal_alpha"": 0.7, ""focal_gamma"": 1.5, ""hidden_layers"": [32], ""learning_rate"": 0.001, ""max_epochs"": 130, ""patience"": 15}",ok,0.0
2022-08-08,2022-08-12,389,,-0.06252847,0.01949083,-0.07383361,0,1,0.4247400760650635,2022,True,bp,top,manual_weak_top_label,126,"{""dropout"": 0.05, ""focal_alpha"": 0.7, ""focal_gamma"": 1.5, ""hidden_layers"": [32], ""learning_rate"": 0.001, ""max_epochs"": 130, ""patience"": 15}",ok,1.0
2022-08-15,2022-08-19,390,,-0.04434725,0.01115448,-0.07454670,0,1,0.13034233450889587,2022,True,bp,top,manual_weak_top_label,126,"{""dropout"": 0.05, ""focal_alpha"": 0.7, ""focal_gamma"": 1.5, ""hidden_layers"": [32], ""learning_rate"": 0.001, ""max_epochs"": 130, ""patience"": 15}",ok,0.0
2022-10-31,2022-11-04,400,,-0.02943270,0.01000008,-0.03840591,0,1,0.17310094833374023,2022,True,bp,top,manual_weak_top_label,126,"{""dropout"": 0.05, ""focal_alpha"": 0.7, ""focal_gamma"": 1.5, ""hidden_layers"": [32], ""learning_rate"": 0.001, ""max_epochs"": 130, ""patience"": 15}",ok,0.0
2022-11-14,2022-11-18,402,,0.00330019,0.01109230,-0.03700123,0,1,0.24786007404327393,2022,True,bp,top,manual_weak_top_label,126,"{""dropout"": 0.05, ""focal_alpha"": 0.7, ""focal_gamma"": 1.5, ""hidden_layers"": [32], ""learning_rate"": 0.001, ""max_epochs"": 130, ""patience"": 15}",ok,0.0
2022-11-28,2022-12-02,404,,-0.07780761,0.00774129,-0.08376536,0,1,0.16243159770965576,2022,True,bp,top,manual_weak_top_label,126,"{""dropout"": 0.05, ""focal_alpha"": 0.7, ""focal_gamma"": 1.5, ""hidden_layers"": [32], ""learning_rate"": 0.001, ""max_epochs"": 130, ""patience"": 15}",ok,1.0
2022-12-05,2022-12-09,405,,-0.05969036,0.00003533,-0.08374245,0,1,0.10679686814546585,2022,True,bp,top,manual_weak_top_label,126,"{""dropout"": 0.05, ""focal_alpha"": 0.7, ""focal_gamma"": 1.5, ""hidden_layers"": [32], ""learning_rate"": 0.001, ""max_epochs"": 130, ""patience"": 15}",ok,1.0
2022-05-30,2022-06-02,379,,0.07585364,0.07939225,-0.00064117,0,1,0.26211263926554335,2022,True,mlp,top,manual_weak_top_label,126,"{""alpha"": 0.0001, ""hidden_layer_sizes"": [48, 24], ""learning_rate_init"": 0.001, ""max_iter"": 600, ""negative_sample_ratio"": 3.0}",ok,0.0
2022-06-06,2022-06-10,380,,0.05533599,0.06842958,-0.02524462,0,1,0.2902559307527541,2022,True,mlp,top,manual_weak_top_label,126,"{""alpha"": 0.0001, ""hidden_layer_sizes"": [48, 24], ""learning_rate_init"": 0.001, ""max_iter"": 600, ""negative_sample_ratio"": 3.0}",ok,0.0
2022-06-13,2022-06-17,381,,0.03336616,0.04780037,-0.01842271,0,1,0.3061767616523031,2022,True,mlp,top,manual_weak_top_label,126,"{""alpha"": 0.0001, ""hidden_layer_sizes"": [48, 24], ""learning_rate_init"": 0.001, ""max_iter"": 600, ""negative_sample_ratio"": 3.0}",ok,0.0
2022-06-20,2022-06-24,382,,-0.01137362,0.02408069,-0.02795552,0,1,0.25510819657334527,2022,True,mlp,top,manual_weak_top_label,126,"{""alpha"": 0.0001, ""hidden_layer_sizes"": [48, 24], ""learning_rate_init"": 0.001, ""max_iter"": 600, ""negative_sample_ratio"": 3.0}",ok,0.0
2022-06-27,2022-07-01,383,,0.00573265,0.01997526,-0.03668954,0,1,0.20327523545713222,2022,True,mlp,top,manual_weak_top_label,126,"{""alpha"": 0.0001, ""hidden_layer_sizes"": [48, 24], ""learning_rate_init"": 0.001, ""max_iter"": 600, ""negative_sample_ratio"": 3.0}",ok,0.0
2022-07-04,2022-07-08,384,,0.01666227,0.02798915,-0.03755422,0,1,0.2275526533219488,2022,True,mlp,top,manual_weak_top_label,126,"{""alpha"": 0.0001, ""hidden_layer_sizes"": [48, 24], ""learning_rate_init"": 0.001, ""max_iter"": 600, ""negative_sample_ratio"": 3.0}",ok,0.0
2022-07-11,2022-07-15,385,,0.03461161,0.05018594,-0.00199684,0,1,0.19961337812431942,2022,True,mlp,top,manual_weak_top_label,126,"{""alpha"": 0.0001, ""hidden_layer_sizes"": [48, 24], ""learning_rate_init"": 0.001, ""max_iter"": 600, ""negative_sample_ratio"": 3.0}",ok,0.0
2022-07-18,2022-07-22,386,,0.02761167,0.03941888,-0.02571604,0,1,0.2062076344998875,2022,True,mlp,top,manual_weak_top_label,126,"{""alpha"": 0.0001, ""hidden_layer_sizes"": [48, 24], ""learning_rate_init"": 0.001, ""max_iter"": 600, ""negative_sample_ratio"": 3.0}",ok,0.0
2022-07-25,2022-07-29,387,,0.01643443,0.03544775,-0.03705521,0,1,0.19474762945972773,2022,True,mlp,top,manual_weak_top_label,126,"{""alpha"": 0.0001, ""hidden_layer_sizes"": [48, 24], ""learning_rate_init"": 0.001, ""max_iter"": 600, ""negative_sample_ratio"": 3.0}",ok,0.0
2022-08-01,2022-08-05,388,,-0.01548984,0.03945386,-0.02244907,0,1,0.22989729733495956,2022,True,mlp,top,manual_weak_top_label,126,"{""alpha"": 0.0001, ""hidden_layer_sizes"": [48, 24], ""learning_rate_init"": 0.001, ""max_iter"": 600, ""negative_sample_ratio"": 3.0}",ok,0.0
2022-08-08,2022-08-12,389,,-0.06252847,0.01949083,-0.07383361,0,1,0.40636330039267116,2022,True,mlp,top,manual_weak_top_label,126,"{""alpha"": 0.0001, ""hidden_layer_sizes"": [48, 24], ""learning_rate_init"": 0.001, ""max_iter"": 600, ""negative_sample_ratio"": 3.0}",ok,1.0
2022-08-15,2022-08-19,390,,-0.04434725,0.01115448,-0.07454670,0,1,0.19230743751028004,2022,True,mlp,top,manual_weak_top_label,126,"{""alpha"": 0.0001, ""hidden_layer_sizes"": [48, 24], ""learning_rate_init"": 0.001, ""max_iter"": 600, ""negative_sample_ratio"": 3.0}",ok,0.0
2022-10-31,2022-11-04,400,,-0.02943270,0.01000008,-0.03840591,0,1,0.35849385193513356,2022,True,mlp,top,manual_weak_top_label,126,"{""alpha"": 0.0001, ""hidden_layer_sizes"": [48, 24], ""learning_rate_init"": 0.001, ""max_iter"": 600, ""negative_sample_ratio"": 3.0}",ok,0.0
2022-11-14,2022-11-18,402,,0.00330019,0.01109230,-0.03700123,0,1,0.44408230004248006,2022,True,mlp,top,manual_weak_top_label,126,"{""alpha"": 0.0001, ""hidden_layer_sizes"": [48, 24], ""learning_rate_init"": 0.001, ""max_iter"": 600, ""negative_sample_ratio"": 3.0}",ok,0.0
2022-11-28,2022-12-02,404,,-0.07780761,0.00774129,-0.08376536,0,1,0.3697084571879935,2022,True,mlp,top,manual_weak_top_label,126,"{""alpha"": 0.0001, ""hidden_layer_sizes"": [48, 24], ""learning_rate_init"": 0.001, ""max_iter"": 600, ""negative_sample_ratio"": 3.0}",ok,1.0
2022-12-05,2022-12-09,405,,-0.05969036,0.00003533,-0.08374245,0,1,0.3797844568211665,2022,True,mlp,top,manual_weak_top_label,126,"{""alpha"": 0.0001, ""hidden_layer_sizes"": [48, 24], ""learning_rate_init"": 0.001, ""max_iter"": 600, ""negative_sample_ratio"": 3.0}",ok,1.0
2022-05-30,2022-06-02,379,,0.07585364,0.07939225,-0.00064117,0,1,0.15415095035655071,2022,True,svm,top,manual_weak_top_label,126,"{""C"": 0.5, ""gamma"": ""scale""}",ok,0.0
2022-06-06,2022-06-10,380,,0.05533599,0.06842958,-0.02524462,0,1,0.1541350836540348,2022,True,svm,top,manual_weak_top_label,126,"{""C"": 0.5, ""gamma"": ""scale""}",ok,0.0
2022-06-13,2022-06-17,381,,0.03336616,0.04780037,-0.01842271,0,1,0.15729691068600926,2022,True,svm,top,manual_weak_top_label,126,"{""C"": 0.5, ""gamma"": ""scale""}",ok,0.0
2022-06-20,2022-06-24,382,,-0.01137362,0.02408069,-0.02795552,0,1,0.1560800607032482,2022,True,svm,top,manual_weak_top_label,126,"{""C"": 0.5, ""gamma"": ""scale""}",ok,0.0
2022-06-27,2022-07-01,383,,0.00573265,0.01997526,-0.03668954,0,1,0.15528401579920445,2022,True,svm,top,manual_weak_top_label,126,"{""C"": 0.5, ""gamma"": ""scale""}",ok,0.0
2022-07-04,2022-07-08,384,,0.01666227,0.02798915,-0.03755422,0,1,0.15676457889512627,2022,True,svm,top,manual_weak_top_label,126,"{""C"": 0.5, ""gamma"": ""scale""}",ok,0.0
2022-07-11,2022-07-15,385,,0.03461161,0.05018594,-0.00199684,0,1,0.1559374433747514,2022,True,svm,top,manual_weak_top_label,126,"{""C"": 0.5, ""gamma"": ""scale""}",ok,0.0
2022-07-18,2022-07-22,386,,0.02761167,0.03941888,-0.02571604,0,1,0.15576137523264033,2022,True,svm,top,manual_weak_top_label,126,"{""C"": 0.5, ""gamma"": ""scale""}",ok,0.0
2022-07-25,2022-07-29,387,,0.01643443,0.03544775,-0.03705521,0,1,0.1572523984209951,2022,True,svm,top,manual_weak_top_label,126,"{""C"": 0.5, ""gamma"": ""scale""}",ok,0.0
2022-08-01,2022-08-05,388,,-0.01548984,0.03945386,-0.02244907,0,1,0.15898082474517308,2022,True,svm,top,manual_weak_top_label,126,"{""C"": 0.5, ""gamma"": ""scale""}",ok,0.0
2022-08-08,2022-08-12,389,,-0.06252847,0.01949083,-0.07383361,0,1,0.15815485363625154,2022,True,svm,top,manual_weak_top_label,126,"{""C"": 0.5, ""gamma"": ""scale""}",ok,1.0
2022-08-15,2022-08-19,390,,-0.04434725,0.01115448,-0.07454670,0,1,0.15618751178788481,2022,True,svm,top,manual_weak_top_label,126,"{""C"": 0.5, ""gamma"": ""scale""}",ok,0.0
2022-10-31,2022-11-04,400,,-0.02943270,0.01000008,-0.03840591,0,1,0.15881540189888788,2022,True,svm,top,manual_weak_top_label,126,"{""C"": 0.5, ""gamma"": ""scale""}",ok,0.0
2022-11-14,2022-11-18,402,,0.00330019,0.01109230,-0.03700123,0,1,0.1581849547936106,2022,True,svm,top,manual_weak_top_label,126,"{""C"": 0.5, ""gamma"": ""scale""}",ok,0.0
2022-11-28,2022-12-02,404,,-0.07780761,0.00774129,-0.08376536,0,1,0.15525698669699506,2022,True,svm,top,manual_weak_top_label,126,"{""C"": 0.5, ""gamma"": ""scale""}",ok,1.0
2022-12-05,2022-12-09,405,,-0.05969036,0.00003533,-0.08374245,0,1,0.15593657286455084,2022,True,svm,top,manual_weak_top_label,126,"{""C"": 0.5, ""gamma"": ""scale""}",ok,1.0
2023-05-08,2023-05-12,426,0.0,0.01382126,0.01600167,-0.01705905,1,0,0.014877587085977539,2023,True,logistic,bottom,manual_weak_bottom_label,144,"{""C"": 0.3}",ok,
2023-05-15,2023-05-19,427,0.0,-0.01616902,0.00679867,-0.03067635,1,0,0.012813535304989167,2023,True,logistic,bottom,manual_weak_bottom_label,144,"{""C"": 0.3}",ok,
2023-05-22,2023-05-26,428,0.0,0.01872737,0.01958540,-0.02239793,1,0,0.02813570095089876,2023,True,logistic,bottom,manual_weak_bottom_label,144,"{""C"": 0.3}",ok,
2023-05-29,2023-06-02,429,0.0,-0.01175200,0.01379869,-0.03418163,1,0,0.03180333461969226,2023,True,logistic,bottom,manual_weak_bottom_label,144,"{""C"": 0.3}",ok,
2023-06-05,2023-06-09,430,0.0,0.01639165,0.03420011,-0.01973824,1,0,0.004261669102322171,2023,True,logistic,bottom,manual_weak_bottom_label,144,"{""C"": 0.3}",ok,
2023-07-17,2023-07-21,436,0.0,-0.01511884,0.02504477,-0.01511884,1,0,0.00032139753370954966,2023,True,logistic,bottom,manual_weak_bottom_label,144,"{""C"": 0.3}",ok,
2023-08-07,2023-08-11,439,0.0,-0.03131585,0.00332121,-0.07117890,1,0,0.022210051142011362,2023,True,logistic,bottom,manual_weak_bottom_label,144,"{""C"": 0.3}",ok,
2023-08-14,2023-08-18,440,0.0,-0.00238986,0.01458843,-0.04270466,1,0,0.042206096589701425,2023,True,logistic,bottom,manual_weak_bottom_label,144,"{""C"": 0.3}",ok,
2023-08-21,2023-08-25,441,0.0,0.03402536,0.05668166,0.00491816,1,0,0.5789920065623035,2023,True,logistic,bottom,manual_weak_bottom_label,144,"{""C"": 0.3}",ok,
2023-08-28,2023-09-01,442,0.0,-0.00855908,0.01720265,-0.03012133,1,0,0.5140221388565565,2023,True,logistic,bottom,manual_weak_bottom_label,144,"{""C"": 0.3}",ok,
2023-09-04,2023-09-08,443,0.0,-0.00385793,0.01798807,-0.02937245,1,0,0.7853415716616837,2023,True,logistic,bottom,manual_weak_bottom_label,144,"{""C"": 0.3}",ok,
2023-09-11,2023-09-15,444,0.0,0.00046109,0.00458738,-0.02563224,1,0,0.027891106929009684,2023,True,logistic,bottom,manual_weak_bottom_label,144,"{""C"": 0.3}",ok,
2023-09-18,2023-09-22,445,0.0,-0.04634374,0.00859168,-0.04754920,1,0,0.006746468408809396,2023,True,logistic,bottom,manual_weak_bottom_label,144,"{""C"": 0.3}",ok,
2023-09-25,2023-09-28,446,0.0,-0.02669328,0.00460688,-0.07652890,1,0,0.006322464301202734,2023,True,logistic,bottom,manual_weak_bottom_label,144,"{""C"": 0.3}",ok,
2023-10-16,2023-10-20,448,1.0,0.05441991,0.06696182,-0.02781107,1,0,0.0003018453187647977,2023,True,logistic,bottom,manual_weak_bottom_label,144,"{""C"": 0.3}",ok,
2023-10-23,2023-10-27,449,0.0,0.04775484,0.05372238,-0.00531227,1,0,0.004835918728620859,2023,True,logistic,bottom,manual_weak_bottom_label,144,"{""C"": 0.3}",ok,
2023-12-18,2023-12-22,457,0.0,-0.02780232,0.02750619,-0.04735809,1,0,0.02817634442953993,2023,True,logistic,bottom,manual_weak_bottom_label,144,"{""C"": 0.3}",ok,
2023-05-08,2023-05-12,426,0.0,0.01382126,0.01600167,-0.01705905,1,0,0.1714123950060949,2023,True,lda,bottom,manual_weak_bottom_label,144,"{""shrinkage"": ""auto"", ""solver"": ""lsqr""}",ok,
2023-05-15,2023-05-19,427,0.0,-0.01616902,0.00679867,-0.03067635,1,0,0.003552074106734992,2023,True,lda,bottom,manual_weak_bottom_label,144,"{""shrinkage"": ""auto"", ""solver"": ""lsqr""}",ok,
2023-05-22,2023-05-26,428,0.0,0.01872737,0.01958540,-0.02239793,1,0,0.0014854549808268165,2023,True,lda,bottom,manual_weak_bottom_label,144,"{""shrinkage"": ""auto"", ""solver"": ""lsqr""}",ok,
2023-05-29,2023-06-02,429,0.0,-0.01175200,0.01379869,-0.03418163,1,0,0.20891616600650356,2023,True,lda,bottom,manual_weak_bottom_label,144,"{""shrinkage"": ""auto"", ""solver"": ""lsqr""}",ok,
2023-06-05,2023-06-09,430,0.0,0.01639165,0.03420011,-0.01973824,1,0,0.011819875433230733,2023,True,lda,bottom,manual_weak_bottom_label,144,"{""shrinkage"": ""auto"", ""solver"": ""lsqr""}",ok,
2023-07-17,2023-07-21,436,0.0,-0.01511884,0.02504477,-0.01511884,1,0,7.269824721595532e-07,2023,True,lda,bottom,manual_weak_bottom_label,144,"{""shrinkage"": ""auto"", ""solver"": ""lsqr""}",ok,
2023-08-07,2023-08-11,439,0.0,-0.03131585,0.00332121,-0.07117890,1,0,0.5224996330821912,2023,True,lda,bottom,manual_weak_bottom_label,144,"{""shrinkage"": ""auto"", ""solver"": ""lsqr""}",ok,
2023-08-14,2023-08-18,440,0.0,-0.00238986,0.01458843,-0.04270466,1,0,0.09663166159721925,2023,True,lda,bottom,manual_weak_bottom_label,144,"{""shrinkage"": ""auto"", ""solver"": ""lsqr""}",ok,
2023-08-21,2023-08-25,441,0.0,0.03402536,0.05668166,0.00491816,1,0,0.9336440592036052,2023,True,lda,bottom,manual_weak_bottom_label,144,"{""shrinkage"": ""auto"", ""solver"": ""lsqr""}",ok,
2023-08-28,2023-09-01,442,0.0,-0.00855908,0.01720265,-0.03012133,1,0,0.9999304712513345,2023,True,lda,bottom,manual_weak_bottom_label,144,"{""shrinkage"": ""auto"", ""solver"": ""lsqr""}",ok,
2023-09-04,2023-09-08,443,0.0,-0.00385793,0.01798807,-0.02937245,1,0,0.9984134877030983,2023,True,lda,bottom,manual_weak_bottom_label,144,"{""shrinkage"": ""auto"", ""solver"": ""lsqr""}",ok,
2023-09-11,2023-09-15,444,0.0,0.00046109,0.00458738,-0.02563224,1,0,0.9339960919111607,2023,True,lda,bottom,manual_weak_bottom_label,144,"{""shrinkage"": ""auto"", ""solver"": ""lsqr""}",ok,
2023-09-18,2023-09-22,445,0.0,-0.04634374,0.00859168,-0.04754920,1,0,0.0004454745707355233,2023,True,lda,bottom,manual_weak_bottom_label,144,"{""shrinkage"": ""auto"", ""solver"": ""lsqr""}",ok,
2023-09-25,2023-09-28,446,0.0,-0.02669328,0.00460688,-0.07652890,1,0,2.0127484687384207e-06,2023,True,lda,bottom,manual_weak_bottom_label,144,"{""shrinkage"": ""auto"", ""solver"": ""lsqr""}",ok,
2023-10-16,2023-10-20,448,1.0,0.05441991,0.06696182,-0.02781107,1,0,8.325198035278931e-09,2023,True,lda,bottom,manual_weak_bottom_label,144,"{""shrinkage"": ""auto"", ""solver"": ""lsqr""}",ok,
2023-10-23,2023-10-27,449,0.0,0.04775484,0.05372238,-0.00531227,1,0,1.0097445373205015e-06,2023,True,lda,bottom,manual_weak_bottom_label,144,"{""shrinkage"": ""auto"", ""solver"": ""lsqr""}",ok,
2023-12-18,2023-12-22,457,0.0,-0.02780232,0.02750619,-0.04735809,1,0,1.4799792172725578e-05,2023,True,lda,bottom,manual_weak_bottom_label,144,"{""shrinkage"": ""auto"", ""solver"": ""lsqr""}",ok,
2023-05-08,2023-05-12,426,0.0,0.01382126,0.01600167,-0.01705905,1,0,1.0,2023,True,qda,bottom,manual_weak_bottom_label,144,"{""reg_param"": 0.2}",ok,
2023-05-15,2023-05-19,427,0.0,-0.01616902,0.00679867,-0.03067635,1,0,1.0,2023,True,qda,bottom,manual_weak_bottom_label,144,"{""reg_param"": 0.2}",ok,
2023-05-22,2023-05-26,428,0.0,0.01872737,0.01958540,-0.02239793,1,0,1.0,2023,True,qda,bottom,manual_weak_bottom_label,144,"{""reg_param"": 0.2}",ok,
2023-05-29,2023-06-02,429,0.0,-0.01175200,0.01379869,-0.03418163,1,0,1.0,2023,True,qda,bottom,manual_weak_bottom_label,144,"{""reg_param"": 0.2}",ok,
2023-06-05,2023-06-09,430,0.0,0.01639165,0.03420011,-0.01973824,1,0,1.0,2023,True,qda,bottom,manual_weak_bottom_label,144,"{""reg_param"": 0.2}",ok,
2023-07-17,2023-07-21,436,0.0,-0.01511884,0.02504477,-0.01511884,1,0,1.0,2023,True,qda,bottom,manual_weak_bottom_label,144,"{""reg_param"": 0.2}",ok,
2023-08-07,2023-08-11,439,0.0,-0.03131585,0.00332121,-0.07117890,1,0,1.0,2023,True,qda,bottom,manual_weak_bottom_label,144,"{""reg_param"": 0.2}",ok,
2023-08-14,2023-08-18,440,0.0,-0.00238986,0.01458843,-0.04270466,1,0,1.0,2023,True,qda,bottom,manual_weak_bottom_label,144,"{""reg_param"": 0.2}",ok,
2023-08-21,2023-08-25,441,0.0,0.03402536,0.05668166,0.00491816,1,0,1.0,2023,True,qda,bottom,manual_weak_bottom_label,144,"{""reg_param"": 0.2}",ok,
2023-08-28,2023-09-01,442,0.0,-0.00855908,0.01720265,-0.03012133,1,0,1.0,2023,True,qda,bottom,manual_weak_bottom_label,144,"{""reg_param"": 0.2}",ok,
2023-09-04,2023-09-08,443,0.0,-0.00385793,0.01798807,-0.02937245,1,0,1.0,2023,True,qda,bottom,manual_weak_bottom_label,144,"{""reg_param"": 0.2}",ok,
2023-09-11,2023-09-15,444,0.0,0.00046109,0.00458738,-0.02563224,1,0,1.0,2023,True,qda,bottom,manual_weak_bottom_label,144,"{""reg_param"": 0.2}",ok,
2023-09-18,2023-09-22,445,0.0,-0.04634374,0.00859168,-0.04754920,1,0,1.0,2023,True,qda,bottom,manual_weak_bottom_label,144,"{""reg_param"": 0.2}",ok,
2023-09-25,2023-09-28,446,0.0,-0.02669328,0.00460688,-0.07652890,1,0,1.0,2023,True,qda,bottom,manual_weak_bottom_label,144,"{""reg_param"": 0.2}",ok,
2023-10-16,2023-10-20,448,1.0,0.05441991,0.06696182,-0.02781107,1,0,1.0,2023,True,qda,bottom,manual_weak_bottom_label,144,"{""reg_param"": 0.2}",ok,
2023-10-23,2023-10-27,449,0.0,0.04775484,0.05372238,-0.00531227,1,0,1.0,2023,True,qda,bottom,manual_weak_bottom_label,144,"{""reg_param"": 0.2}",ok,
2023-12-18,2023-12-22,457,0.0,-0.02780232,0.02750619,-0.04735809,1,0,1.0,2023,True,qda,bottom,manual_weak_bottom_label,144,"{""reg_param"": 0.2}",ok,
2023-05-08,2023-05-12,426,0.0,0.01382126,0.01600167,-0.01705905,1,0,0.14867396984648365,2023,True,lightgbm,bottom,manual_weak_bottom_label,144,"{""balanced_bagging"": true, ""is_unbalance"": false, ""learning_rate"": 0.04, ""max_depth"": 3, ""min_child_samples"": 8, ""n_estimators"": 180, ""negative_sample_ratio"": 3.0, ""num_leaves"": 7}",ok,
2023-05-15,2023-05-19,427,0.0,-0.01616902,0.00679867,-0.03067635,1,0,0.040764992174991584,2023,True,lightgbm,bottom,manual_weak_bottom_label,144,"{""balanced_bagging"": true, ""is_unbalance"": false, ""learning_rate"": 0.04, ""max_depth"": 3, ""min_child_samples"": 8, ""n_estimators"": 180, ""negative_sample_ratio"": 3.0, ""num_leaves"": 7}",ok,
2023-05-22,2023-05-26,428,0.0,0.01872737,0.01958540,-0.02239793,1,0,0.05138046705193554,2023,True,lightgbm,bottom,manual_weak_bottom_label,144,"{""balanced_bagging"": true, ""is_unbalance"": false, ""learning_rate"": 0.04, ""max_depth"": 3, ""min_child_samples"": 8, ""n_estimators"": 180, ""negative_sample_ratio"": 3.0, ""num_leaves"": 7}",ok,
2023-05-29,2023-06-02,429,0.0,-0.01175200,0.01379869,-0.03418163,1,0,0.05797320592888466,2023,True,lightgbm,bottom,manual_weak_bottom_label,144,"{""balanced_bagging"": true, ""is_unbalance"": false, ""learning_rate"": 0.04, ""max_depth"": 3, ""min_child_samples"": 8, ""n_estimators"": 180, ""negative_sample_ratio"": 3.0, ""num_leaves"": 7}",ok,
2023-06-05,2023-06-09,430,0.0,0.01639165,0.03420011,-0.01973824,1,0,0.17262609255723113,2023,True,lightgbm,bottom,manual_weak_bottom_label,144,"{""balanced_bagging"": true, ""is_unbalance"": false, ""learning_rate"": 0.04, ""max_depth"": 3, ""min_child_samples"": 8, ""n_estimators"": 180, ""negative_sample_ratio"": 3.0, ""num_leaves"": 7}",ok,
2023-07-17,2023-07-21,436,0.0,-0.01511884,0.02504477,-0.01511884,1,0,0.079835059614119,2023,True,lightgbm,bottom,manual_weak_bottom_label,144,"{""balanced_bagging"": true, ""is_unbalance"": false, ""learning_rate"": 0.04, ""max_depth"": 3, ""min_child_samples"": 8, ""n_estimators"": 180, ""negative_sample_ratio"": 3.0, ""num_leaves"": 7}",ok,
2023-08-07,2023-08-11,439,0.0,-0.03131585,0.00332121,-0.07117890,1,0,0.16808179244210905,2023,True,lightgbm,bottom,manual_weak_bottom_label,144,"{""balanced_bagging"": true, ""is_unbalance"": false, ""learning_rate"": 0.04, ""max_depth"": 3, ""min_child_samples"": 8, ""n_estimators"": 180, ""negative_sample_ratio"": 3.0, ""num_leaves"": 7}",ok,
2023-08-14,2023-08-18,440,0.0,-0.00238986,0.01458843,-0.04270466,1,0,0.15378052660104102,2023,True,lightgbm,bottom,manual_weak_bottom_label,144,"{""balanced_bagging"": true, ""is_unbalance"": false, ""learning_rate"": 0.04, ""max_depth"": 3, ""min_child_samples"": 8, ""n_estimators"": 180, ""negative_sample_ratio"": 3.0, ""num_leaves"": 7}",ok,
2023-08-21,2023-08-25,441,0.0,0.03402536,0.05668166,0.00491816,1,0,0.2447991555037319,2023,True,lightgbm,bottom,manual_weak_bottom_label,144,"{""balanced_bagging"": true, ""is_unbalance"": false, ""learning_rate"": 0.04, ""max_depth"": 3, ""min_child_samples"": 8, ""n_estimators"": 180, ""negative_sample_ratio"": 3.0, ""num_leaves"": 7}",ok,
2023-08-28,2023-09-01,442,0.0,-0.00855908,0.01720265,-0.03012133,1,0,0.08430810713987957,2023,True,lightgbm,bottom,manual_weak_bottom_label,144,"{""balanced_bagging"": true, ""is_unbalance"": false, ""learning_rate"": 0.04, ""max_depth"": 3, ""min_child_samples"": 8, ""n_estimators"": 180, ""negative_sample_ratio"": 3.0, ""num_leaves"": 7}",ok,
2023-09-04,2023-09-08,443,0.0,-0.00385793,0.01798807,-0.02937245,1,0,0.08203684885081225,2023,True,lightgbm,bottom,manual_weak_bottom_label,144,"{""balanced_bagging"": true, ""is_unbalance"": false, ""learning_rate"": 0.04, ""max_depth"": 3, ""min_child_samples"": 8, ""n_estimators"": 180, ""negative_sample_ratio"": 3.0, ""num_leaves"": 7}",ok,
2023-09-11,2023-09-15,444,0.0,0.00046109,0.00458738,-0.02563224,1,0,0.08839715689176812,2023,True,lightgbm,bottom,manual_weak_bottom_label,144,"{""balanced_bagging"": true, ""is_unbalance"": false, ""learning_rate"": 0.04, ""max_depth"": 3, ""min_child_samples"": 8, ""n_estimators"": 180, ""negative_sample_ratio"": 3.0, ""num_leaves"": 7}",ok,
2023-09-18,2023-09-22,445,0.0,-0.04634374,0.00859168,-0.04754920,1,0,0.11984998641818859,2023,True,lightgbm,bottom,manual_weak_bottom_label,144,"{""balanced_bagging"": true, ""is_unbalance"": false, ""learning_rate"": 0.04, ""max_depth"": 3, ""min_child_samples"": 8, ""n_estimators"": 180, ""negative_sample_ratio"": 3.0, ""num_leaves"": 7}",ok,
2023-09-25,2023-09-28,446,0.0,-0.02669328,0.00460688,-0.07652890,1,0,0.15277892240620947,2023,True,lightgbm,bottom,manual_weak_bottom_label,144,"{""balanced_bagging"": true, ""is_unbalance"": false, ""learning_rate"": 0.04, ""max_depth"": 3, ""min_child_samples"": 8, ""n_estimators"": 180, ""negative_sample_ratio"": 3.0, ""num_leaves"": 7}",ok,
2023-10-16,2023-10-20,448,1.0,0.05441991,0.06696182,-0.02781107,1,0,0.25963856578609756,2023,True,lightgbm,bottom,manual_weak_bottom_label,144,"{""balanced_bagging"": true, ""is_unbalance"": false, ""learning_rate"": 0.04, ""max_depth"": 3, ""min_child_samples"": 8, ""n_estimators"": 180, ""negative_sample_ratio"": 3.0, ""num_leaves"": 7}",ok,
2023-10-23,2023-10-27,449,0.0,0.04775484,0.05372238,-0.00531227,1,0,0.08222477365898129,2023,True,lightgbm,bottom,manual_weak_bottom_label,144,"{""balanced_bagging"": true, ""is_unbalance"": false, ""learning_rate"": 0.04, ""max_depth"": 3, ""min_child_samples"": 8, ""n_estimators"": 180, ""negative_sample_ratio"": 3.0, ""num_leaves"": 7}",ok,
2023-12-18,2023-12-22,457,0.0,-0.02780232,0.02750619,-0.04735809,1,0,0.43972732069661646,2023,True,lightgbm,bottom,manual_weak_bottom_label,144,"{""balanced_bagging"": true, ""is_unbalance"": false, ""learning_rate"": 0.04, ""max_depth"": 3, ""min_child_samples"": 8, ""n_estimators"": 180, ""negative_sample_ratio"": 3.0, ""num_leaves"": 7}",ok,
2023-05-08,2023-05-12,426,0.0,0.01382126,0.01600167,-0.01705905,1,0,0.5497037768363953,2023,True,bp,bottom,manual_weak_bottom_label,144,"{""dropout"": 0.05, ""focal_alpha"": 0.7, ""focal_gamma"": 1.5, ""hidden_layers"": [32], ""learning_rate"": 0.001, ""max_epochs"": 130, ""patience"": 15}",ok,
2023-05-15,2023-05-19,427,0.0,-0.01616902,0.00679867,-0.03067635,1,0,0.5308150053024292,2023,True,bp,bottom,manual_weak_bottom_label,144,"{""dropout"": 0.05, ""focal_alpha"": 0.7, ""focal_gamma"": 1.5, ""hidden_layers"": [32], ""learning_rate"": 0.001, ""max_epochs"": 130, ""patience"": 15}",ok,
2023-05-22,2023-05-26,428,0.0,0.01872737,0.01958540,-0.02239793,1,0,0.4448903203010559,2023,True,bp,bottom,manual_weak_bottom_label,144,"{""dropout"": 0.05, ""focal_alpha"": 0.7, ""focal_gamma"": 1.5, ""hidden_layers"": [32], ""learning_rate"": 0.001, ""max_epochs"": 130, ""patience"": 15}",ok,
2023-05-29,2023-06-02,429,0.0,-0.01175200,0.01379869,-0.03418163,1,0,0.49738481640815735,2023,True,bp,bottom,manual_weak_bottom_label,144,"{""dropout"": 0.05, ""focal_alpha"": 0.7, ""focal_gamma"": 1.5, ""hidden_layers"": [32], ""learning_rate"": 0.001, ""max_epochs"": 130, ""patience"": 15}",ok,
2023-06-05,2023-06-09,430,0.0,0.01639165,0.03420011,-0.01973824,1,0,0.4820950925350189,2023,True,bp,bottom,manual_weak_bottom_label,144,"{""dropout"": 0.05, ""focal_alpha"": 0.7, ""focal_gamma"": 1.5, ""hidden_layers"": [32], ""learning_rate"": 0.001, ""max_epochs"": 130, ""patience"": 15}",ok,
2023-07-17,2023-07-21,436,0.0,-0.01511884,0.02504477,-0.01511884,1,0,0.35935065150260925,2023,True,bp,bottom,manual_weak_bottom_label,144,"{""dropout"": 0.05, ""focal_alpha"": 0.7, ""focal_gamma"": 1.5, ""hidden_layers"": [32], ""learning_rate"": 0.001, ""max_epochs"": 130, ""patience"": 15}",ok,
2023-08-07,2023-08-11,439,0.0,-0.03131585,0.00332121,-0.07117890,1,0,0.48811444640159607,2023,True,bp,bottom,manual_weak_bottom_label,144,"{""dropout"": 0.05, ""focal_alpha"": 0.7, ""focal_gamma"": 1.5, ""hidden_layers"": [32], ""learning_rate"": 0.001, ""max_epochs"": 130, ""patience"": 15}",ok,
2023-08-14,2023-08-18,440,0.0,-0.00238986,0.01458843,-0.04270466,1,0,0.4712849259376526,2023,True,bp,bottom,manual_weak_bottom_label,144,"{""dropout"": 0.05, ""focal_alpha"": 0.7, ""focal_gamma"": 1.5, ""hidden_layers"": [32], ""learning_rate"": 0.001, ""max_epochs"": 130, ""patience"": 15}",ok,
2023-08-21,2023-08-25,441,0.0,0.03402536,0.05668166,0.00491816,1,0,0.6307928562164307,2023,True,bp,bottom,manual_weak_bottom_label,144,"{""dropout"": 0.05, ""focal_alpha"": 0.7, ""focal_gamma"": 1.5, ""hidden_layers"": [32], ""learning_rate"": 0.001, ""max_epochs"": 130, ""patience"": 15}",ok,
2023-08-28,2023-09-01,442,0.0,-0.00855908,0.01720265,-0.03012133,1,0,0.5513286590576172,2023,True,bp,bottom,manual_weak_bottom_label,144,"{""dropout"": 0.05, ""focal_alpha"": 0.7, ""focal_gamma"": 1.5, ""hidden_layers"": [32], ""learning_rate"": 0.001, ""max_epochs"": 130, ""patience"": 15}",ok,
2023-09-04,2023-09-08,443,0.0,-0.00385793,0.01798807,-0.02937245,1,0,0.6628241539001465,2023,True,bp,bottom,manual_weak_bottom_label,144,"{""dropout"": 0.05, ""focal_alpha"": 0.7, ""focal_gamma"": 1.5, ""hidden_layers"": [32], ""learning_rate"": 0.001, ""max_epochs"": 130, ""patience"": 15}",ok,
2023-09-11,2023-09-15,444,0.0,0.00046109,0.00458738,-0.02563224,1,0,0.676598846912384,2023,True,bp,bottom,manual_weak_bottom_label,144,"{""dropout"": 0.05, ""focal_alpha"": 0.7, ""focal_gamma"": 1.5, ""hidden_layers"": [32], ""learning_rate"": 0.001, ""max_epochs"": 130, ""patience"": 15}",ok,
2023-09-18,2023-09-22,445,0.0,-0.04634374,0.00859168,-0.04754920,1,0,0.5414128303527832,2023,True,bp,bottom,manual_weak_bottom_label,144,"{""dropout"": 0.05, ""focal_alpha"": 0.7, ""focal_gamma"": 1.5, ""hidden_layers"": [32], ""learning_rate"": 0.001, ""max_epochs"": 130, ""patience"": 15}",ok,
2023-09-25,2023-09-28,446,0.0,-0.02669328,0.00460688,-0.07652890,1,0,0.5473617315292358,2023,True,bp,bottom,manual_weak_bottom_label,144,"{""dropout"": 0.05, ""focal_alpha"": 0.7, ""focal_gamma"": 1.5, ""hidden_layers"": [32], ""learning_rate"": 0.001, ""max_epochs"": 130, ""patience"": 15}",ok,
2023-10-16,2023-10-20,448,1.0,0.05441991,0.06696182,-0.02781107,1,0,0.2639295756816864,2023,True,bp,bottom,manual_weak_bottom_label,144,"{""dropout"": 0.05, ""focal_alpha"": 0.7, ""focal_gamma"": 1.5, ""hidden_layers"": [32], ""learning_rate"": 0.001, ""max_epochs"": 130, ""patience"": 15}",ok,
2023-10-23,2023-10-27,449,0.0,0.04775484,0.05372238,-0.00531227,1,0,0.4291303753852844,2023,True,bp,bottom,manual_weak_bottom_label,144,"{""dropout"": 0.05, ""focal_alpha"": 0.7, ""focal_gamma"": 1.5, ""hidden_layers"": [32], ""learning_rate"": 0.001, ""max_epochs"": 130, ""patience"": 15}",ok,
2023-12-18,2023-12-22,457,0.0,-0.02780232,0.02750619,-0.04735809,1,0,0.4953204095363617,2023,True,bp,bottom,manual_weak_bottom_label,144,"{""dropout"": 0.05, ""focal_alpha"": 0.7, ""focal_gamma"": 1.5, ""hidden_layers"": [32], ""learning_rate"": 0.001, ""max_epochs"": 130, ""patience"": 15}",ok,
2023-05-08,2023-05-12,426,0.0,0.01382126,0.01600167,-0.01705905,1,0,0.0026602326525472777,2023,True,mlp,bottom,manual_weak_bottom_label,144,"{""alpha"": 0.0001, ""hidden_layer_sizes"": [48, 24], ""learning_rate_init"": 0.001, ""max_iter"": 600, ""negative_sample_ratio"": 3.0}",ok,
2023-05-15,2023-05-19,427,0.0,-0.01616902,0.00679867,-0.03067635,1,0,0.0038147369889638713,2023,True,mlp,bottom,manual_weak_bottom_label,144,"{""alpha"": 0.0001, ""hidden_layer_sizes"": [48, 24], ""learning_rate_init"": 0.001, ""max_iter"": 600, ""negative_sample_ratio"": 3.0}",ok,
2023-05-22,2023-05-26,428,0.0,0.01872737,0.01958540,-0.02239793,1,0,0.001152968332496657,2023,True,mlp,bottom,manual_weak_bottom_label,144,"{""alpha"": 0.0001, ""hidden_layer_sizes"": [48, 24], ""learning_rate_init"": 0.001, ""max_iter"": 600, ""negative_sample_ratio"": 3.0}",ok,
2023-05-29,2023-06-02,429,0.0,-0.01175200,0.01379869,-0.03418163,1,0,0.0008469970200989157,2023,True,mlp,bottom,manual_weak_bottom_label,144,"{""alpha"": 0.0001, ""hidden_layer_sizes"": [48, 24], ""learning_rate_init"": 0.001, ""max_iter"": 600, ""negative_sample_ratio"": 3.0}",ok,
2023-06-05,2023-06-09,430,0.0,0.01639165,0.03420011,-0.01973824,1,0,0.004682263246565955,2023,True,mlp,bottom,manual_weak_bottom_label,144,"{""alpha"": 0.0001, ""hidden_layer_sizes"": [48, 24], ""learning_rate_init"": 0.001, ""max_iter"": 600, ""negative_sample_ratio"": 3.0}",ok,
2023-07-17,2023-07-21,436,0.0,-0.01511884,0.02504477,-0.01511884,1,0,0.003947047866529059,2023,True,mlp,bottom,manual_weak_bottom_label,144,"{""alpha"": 0.0001, ""hidden_layer_sizes"": [48, 24], ""learning_rate_init"": 0.001, ""max_iter"": 600, ""negative_sample_ratio"": 3.0}",ok,
2023-08-07,2023-08-11,439,0.0,-0.03131585,0.00332121,-0.07117890,1,0,0.0007815811110826117,2023,True,mlp,bottom,manual_weak_bottom_label,144,"{""alpha"": 0.0001, ""hidden_layer_sizes"": [48, 24], ""learning_rate_init"": 0.001, ""max_iter"": 600, ""negative_sample_ratio"": 3.0}",ok,
2023-08-14,2023-08-18,440,0.0,-0.00238986,0.01458843,-0.04270466,1,0,0.0008014238518680083,2023,True,mlp,bottom,manual_weak_bottom_label,144,"{""alpha"": 0.0001, ""hidden_layer_sizes"": [48, 24], ""learning_rate_init"": 0.001, ""max_iter"": 600, ""negative_sample_ratio"": 3.0}",ok,
2023-08-21,2023-08-25,441,0.0,0.03402536,0.05668166,0.00491816,1,0,0.0016287008541950975,2023,True,mlp,bottom,manual_weak_bottom_label,144,"{""alpha"": 0.0001, ""hidden_layer_sizes"": [48, 24], ""learning_rate_init"": 0.001, ""max_iter"": 600, ""negative_sample_ratio"": 3.0}",ok,
2023-08-28,2023-09-01,442,0.0,-0.00855908,0.01720265,-0.03012133,1,0,0.0031935373209758177,2023,True,mlp,bottom,manual_weak_bottom_label,144,"{""alpha"": 0.0001, ""hidden_layer_sizes"": [48, 24], ""learning_rate_init"": 0.001, ""max_iter"": 600, ""negative_sample_ratio"": 3.0}",ok,
2023-09-04,2023-09-08,443,0.0,-0.00385793,0.01798807,-0.02937245,1,0,0.01842622952422777,2023,True,mlp,bottom,manual_weak_bottom_label,144,"{""alpha"": 0.0001, ""hidden_layer_sizes"": [48, 24], ""learning_rate_init"": 0.001, ""max_iter"": 600, ""negative_sample_ratio"": 3.0}",ok,
2023-09-11,2023-09-15,444,0.0,0.00046109,0.00458738,-0.02563224,1,0,0.009271529339622548,2023,True,mlp,bottom,manual_weak_bottom_label,144,"{""alpha"": 0.0001, ""hidden_layer_sizes"": [48, 24], ""learning_rate_init"": 0.001, ""max_iter"": 600, ""negative_sample_ratio"": 3.0}",ok,
2023-09-18,2023-09-22,445,0.0,-0.04634374,0.00859168,-0.04754920,1,0,0.005002211984861317,2023,True,mlp,bottom,manual_weak_bottom_label,144,"{""alpha"": 0.0001, ""hidden_layer_sizes"": [48, 24], ""learning_rate_init"": 0.001, ""max_iter"": 600, ""negative_sample_ratio"": 3.0}",ok,
2023-09-25,2023-09-28,446,0.0,-0.02669328,0.00460688,-0.07652890,1,0,0.01010171382347041,2023,True,mlp,bottom,manual_weak_bottom_label,144,"{""alpha"": 0.0001, ""hidden_layer_sizes"": [48, 24], ""learning_rate_init"": 0.001, ""max_iter"": 600, ""negative_sample_ratio"": 3.0}",ok,
2023-10-16,2023-10-20,448,1.0,0.05441991,0.06696182,-0.02781107,1,0,0.00949947626257586,2023,True,mlp,bottom,manual_weak_bottom_label,144,"{""alpha"": 0.0001, ""hidden_layer_sizes"": [48, 24], ""learning_rate_init"": 0.001, ""max_iter"": 600, ""negative_sample_ratio"": 3.0}",ok,
2023-10-23,2023-10-27,449,0.0,0.04775484,0.05372238,-0.00531227,1,0,0.003928144503624968,2023,True,mlp,bottom,manual_weak_bottom_label,144,"{""alpha"": 0.0001, ""hidden_layer_sizes"": [48, 24], ""learning_rate_init"": 0.001, ""max_iter"": 600, ""negative_sample_ratio"": 3.0}",ok,
2023-12-18,2023-12-22,457,0.0,-0.02780232,0.02750619,-0.04735809,1,0,0.010975864788345441,2023,True,mlp,bottom,manual_weak_bottom_label,144,"{""alpha"": 0.0001, ""hidden_layer_sizes"": [48, 24], ""learning_rate_init"": 0.001, ""max_iter"": 600, ""negative_sample_ratio"": 3.0}",ok,
2023-05-08,2023-05-12,426,0.0,0.01382126,0.01600167,-0.01705905,1,0,0.2953479388927377,2023,True,svm,bottom,manual_weak_bottom_label,144,"{""C"": 2.0, ""gamma"": ""scale""}",ok,
2023-05-15,2023-05-19,427,0.0,-0.01616902,0.00679867,-0.03067635,1,0,0.294790884454756,2023,True,svm,bottom,manual_weak_bottom_label,144,"{""C"": 2.0, ""gamma"": ""scale""}",ok,
2023-05-22,2023-05-26,428,0.0,0.01872737,0.01958540,-0.02239793,1,0,0.29377295441387086,2023,True,svm,bottom,manual_weak_bottom_label,144,"{""C"": 2.0, ""gamma"": ""scale""}",ok,
2023-05-29,2023-06-02,429,0.0,-0.01175200,0.01379869,-0.03418163,1,0,0.2943178337050895,2023,True,svm,bottom,manual_weak_bottom_label,144,"{""C"": 2.0, ""gamma"": ""scale""}",ok,
2023-06-05,2023-06-09,430,0.0,0.01639165,0.03420011,-0.01973824,1,0,0.2949503446309992,2023,True,svm,bottom,manual_weak_bottom_label,144,"{""C"": 2.0, ""gamma"": ""scale""}",ok,
2023-07-17,2023-07-21,436,0.0,-0.01511884,0.02504477,-0.01511884,1,0,0.29528561698825057,2023,True,svm,bottom,manual_weak_bottom_label,144,"{""C"": 2.0, ""gamma"": ""scale""}",ok,
2023-08-07,2023-08-11,439,0.0,-0.03131585,0.00332121,-0.07117890,1,0,0.29564878615708795,2023,True,svm,bottom,manual_weak_bottom_label,144,"{""C"": 2.0, ""gamma"": ""scale""}",ok,
2023-08-14,2023-08-18,440,0.0,-0.00238986,0.01458843,-0.04270466,1,0,0.2956442786031299,2023,True,svm,bottom,manual_weak_bottom_label,144,"{""C"": 2.0, ""gamma"": ""scale""}",ok,
2023-08-21,2023-08-25,441,0.0,0.03402536,0.05668166,0.00491816,1,0,0.29558386317428154,2023,True,svm,bottom,manual_weak_bottom_label,144,"{""C"": 2.0, ""gamma"": ""scale""}",ok,
2023-08-28,2023-09-01,442,0.0,-0.00855908,0.01720265,-0.03012133,1,0,0.29568585372214795,2023,True,svm,bottom,manual_weak_bottom_label,144,"{""C"": 2.0, ""gamma"": ""scale""}",ok,
2023-09-04,2023-09-08,443,0.0,-0.00385793,0.01798807,-0.02937245,1,0,0.2958277800605246,2023,True,svm,bottom,manual_weak_bottom_label,144,"{""C"": 2.0, ""gamma"": ""scale""}",ok,
2023-09-11,2023-09-15,444,0.0,0.00046109,0.00458738,-0.02563224,1,0,0.295610318514482,2023,True,svm,bottom,manual_weak_bottom_label,144,"{""C"": 2.0, ""gamma"": ""scale""}",ok,
2023-09-18,2023-09-22,445,0.0,-0.04634374,0.00859168,-0.04754920,1,0,0.2954188570929291,2023,True,svm,bottom,manual_weak_bottom_label,144,"{""C"": 2.0, ""gamma"": ""scale""}",ok,
2023-09-25,2023-09-28,446,0.0,-0.02669328,0.00460688,-0.07652890,1,0,0.2938608056070604,2023,True,svm,bottom,manual_weak_bottom_label,144,"{""C"": 2.0, ""gamma"": ""scale""}",ok,
2023-10-16,2023-10-20,448,1.0,0.05441991,0.06696182,-0.02781107,1,0,0.29447893570524686,2023,True,svm,bottom,manual_weak_bottom_label,144,"{""C"": 2.0, ""gamma"": ""scale""}",ok,
2023-10-23,2023-10-27,449,0.0,0.04775484,0.05372238,-0.00531227,1,0,0.29257031869857725,2023,True,svm,bottom,manual_weak_bottom_label,144,"{""C"": 2.0, ""gamma"": ""scale""}",ok,
2023-12-18,2023-12-22,457,0.0,-0.02780232,0.02750619,-0.04735809,1,0,0.29532381384135675,2023,True,svm,bottom,manual_weak_bottom_label,144,"{""C"": 2.0, ""gamma"": ""scale""}",ok,
2023-01-30,2023-02-03,412,,0.00285167,0.02510326,-0.01432504,0,1,1.1347189357536179e-14,2023,True,logistic,top,manual_weak_top_label,143,"{""C"": 3.0}",ok,0.0
2023-02-06,2023-02-10,413,,-0.00106876,0.01770839,-0.02143549,0,1,3.1652320708305395e-09,2023,True,logistic,top,manual_weak_top_label,143,"{""C"": 3.0}",ok,0.0
2023-02-13,2023-02-17,414,,-0.01022763,0.02221154,-0.01067547,0,1,4.469440465602403e-11,2023,True,logistic,top,manual_weak_top_label,143,"{""C"": 3.0}",ok,0.0
2023-02-20,2023-02-24,415,,-0.03001617,0.01098444,-0.03846649,0,1,2.7520146706315073e-06,2023,True,logistic,top,manual_weak_top_label,143,"{""C"": 3.0}",ok,0.0
2023-02-27,2023-03-03,416,,-0.01434972,0.00527703,-0.04165636,0,1,2.670707329498768e-16,2023,True,logistic,top,manual_weak_top_label,143,"{""C"": 3.0}",ok,0.0
2023-04-03,2023-04-07,421,,-0.04537697,0.00139872,-0.07463087,0,1,1.5260540084464034e-09,2023,True,logistic,top,manual_weak_top_label,143,"{""C"": 3.0}",ok,0.0
2023-01-30,2023-02-03,412,,0.00285167,0.02510326,-0.01432504,0,1,6.013051426471609e-13,2023,True,lda,top,manual_weak_top_label,143,"{""shrinkage"": 0.5, ""solver"": ""lsqr""}",ok,0.0
2023-02-06,2023-02-10,413,,-0.00106876,0.01770839,-0.02143549,0,1,9.340159967142375e-08,2023,True,lda,top,manual_weak_top_label,143,"{""shrinkage"": 0.5, ""solver"": ""lsqr""}",ok,0.0
2023-02-13,2023-02-17,414,,-0.01022763,0.02221154,-0.01067547,0,1,2.1583951708699117e-08,2023,True,lda,top,manual_weak_top_label,143,"{""shrinkage"": 0.5, ""solver"": ""lsqr""}",ok,0.0
2023-02-20,2023-02-24,415,,-0.03001617,0.01098444,-0.03846649,0,1,0.0009048053529966274,2023,True,lda,top,manual_weak_top_label,143,"{""shrinkage"": 0.5, ""solver"": ""lsqr""}",ok,0.0
2023-02-27,2023-03-03,416,,-0.01434972,0.00527703,-0.04165636,0,1,9.332535738449995e-13,2023,True,lda,top,manual_weak_top_label,143,"{""shrinkage"": 0.5, ""solver"": ""lsqr""}",ok,0.0
2023-04-03,2023-04-07,421,,-0.04537697,0.00139872,-0.07463087,0,1,1.9965312486676168e-08,2023,True,lda,top,manual_weak_top_label,143,"{""shrinkage"": 0.5, ""solver"": ""lsqr""}",ok,0.0
2023-01-30,2023-02-03,412,,0.00285167,0.02510326,-0.01432504,0,1,1.0,2023,True,qda,top,manual_weak_top_label,143,"{""reg_param"": 0.2}",ok,0.0
2023-02-06,2023-02-10,413,,-0.00106876,0.01770839,-0.02143549,0,1,1.0,2023,True,qda,top,manual_weak_top_label,143,"{""reg_param"": 0.2}",ok,0.0
2023-02-13,2023-02-17,414,,-0.01022763,0.02221154,-0.01067547,0,1,1.0,2023,True,qda,top,manual_weak_top_label,143,"{""reg_param"": 0.2}",ok,0.0
2023-02-20,2023-02-24,415,,-0.03001617,0.01098444,-0.03846649,0,1,1.0,2023,True,qda,top,manual_weak_top_label,143,"{""reg_param"": 0.2}",ok,0.0
2023-02-27,2023-03-03,416,,-0.01434972,0.00527703,-0.04165636,0,1,1.0,2023,True,qda,top,manual_weak_top_label,143,"{""reg_param"": 0.2}",ok,0.0
2023-04-03,2023-04-07,421,,-0.04537697,0.00139872,-0.07463087,0,1,1.0,2023,True,qda,top,manual_weak_top_label,143,"{""reg_param"": 0.2}",ok,0.0
2023-01-30,2023-02-03,412,,0.00285167,0.02510326,-0.01432504,0,1,0.06313150823704791,2023,True,lightgbm,top,manual_weak_top_label,143,"{""balanced_bagging"": true, ""is_unbalance"": false, ""learning_rate"": 0.04, ""max_depth"": 3, ""min_child_samples"": 8, ""n_estimators"": 180, ""negative_sample_ratio"": 3.0, ""num_leaves"": 7}",ok,0.0
2023-02-06,2023-02-10,413,,-0.00106876,0.01770839,-0.02143549,0,1,0.05004108250057982,2023,True,lightgbm,top,manual_weak_top_label,143,"{""balanced_bagging"": true, ""is_unbalance"": false, ""learning_rate"": 0.04, ""max_depth"": 3, ""min_child_samples"": 8, ""n_estimators"": 180, ""negative_sample_ratio"": 3.0, ""num_leaves"": 7}",ok,0.0
2023-02-13,2023-02-17,414,,-0.01022763,0.02221154,-0.01067547,0,1,0.10813675409711668,2023,True,lightgbm,top,manual_weak_top_label,143,"{""balanced_bagging"": true, ""is_unbalance"": false, ""learning_rate"": 0.04, ""max_depth"": 3, ""min_child_samples"": 8, ""n_estimators"": 180, ""negative_sample_ratio"": 3.0, ""num_leaves"": 7}",ok,0.0
2023-02-20,2023-02-24,415,,-0.03001617,0.01098444,-0.03846649,0,1,0.3732713260204268,2023,True,lightgbm,top,manual_weak_top_label,143,"{""balanced_bagging"": true, ""is_unbalance"": false, ""learning_rate"": 0.04, ""max_depth"": 3, ""min_child_samples"": 8, ""n_estimators"": 180, ""negative_sample_ratio"": 3.0, ""num_leaves"": 7}",ok,0.0
2023-02-27,2023-03-03,416,,-0.01434972,0.00527703,-0.04165636,0,1,0.2668061890988725,2023,True,lightgbm,top,manual_weak_top_label,143,"{""balanced_bagging"": true, ""is_unbalance"": false, ""learning_rate"": 0.04, ""max_depth"": 3, ""min_child_samples"": 8, ""n_estimators"": 180, ""negative_sample_ratio"": 3.0, ""num_leaves"": 7}",ok,0.0
2023-04-03,2023-04-07,421,,-0.04537697,0.00139872,-0.07463087,0,1,0.03722672183133105,2023,True,lightgbm,top,manual_weak_top_label,143,"{""balanced_bagging"": true, ""is_unbalance"": false, ""learning_rate"": 0.04, ""max_depth"": 3, ""min_child_samples"": 8, ""n_estimators"": 180, ""negative_sample_ratio"": 3.0, ""num_leaves"": 7}",ok,0.0
2023-01-30,2023-02-03,412,,0.00285167,0.02510326,-0.01432504,0,1,0.05691509321331978,2023,True,bp,top,manual_weak_top_label,143,"{""dropout"": 0.05, ""focal_alpha"": 0.7, ""focal_gamma"": 1.5, ""hidden_layers"": [32], ""learning_rate"": 0.001, ""max_epochs"": 130, ""patience"": 15}",ok,0.0
2023-02-06,2023-02-10,413,,-0.00106876,0.01770839,-0.02143549,0,1,0.08853472769260406,2023,True,bp,top,manual_weak_top_label,143,"{""dropout"": 0.05, ""focal_alpha"": 0.7, ""focal_gamma"": 1.5, ""hidden_layers"": [32], ""learning_rate"": 0.001, ""max_epochs"": 130, ""patience"": 15}",ok,0.0
2023-02-13,2023-02-17,414,,-0.01022763,0.02221154,-0.01067547,0,1,0.07804317772388458,2023,True,bp,top,manual_weak_top_label,143,"{""dropout"": 0.05, ""focal_alpha"": 0.7, ""focal_gamma"": 1.5, ""hidden_layers"": [32], ""learning_rate"": 0.001, ""max_epochs"": 130, ""patience"": 15}",ok,0.0
2023-02-20,2023-02-24,415,,-0.03001617,0.01098444,-0.03846649,0,1,0.09550629556179047,2023,True,bp,top,manual_weak_top_label,143,"{""dropout"": 0.05, ""focal_alpha"": 0.7, ""focal_gamma"": 1.5, ""hidden_layers"": [32], ""learning_rate"": 0.001, ""max_epochs"": 130, ""patience"": 15}",ok,0.0
2023-02-27,2023-03-03,416,,-0.01434972,0.00527703,-0.04165636,0,1,0.057448115199804306,2023,True,bp,top,manual_weak_top_label,143,"{""dropout"": 0.05, ""focal_alpha"": 0.7, ""focal_gamma"": 1.5, ""hidden_layers"": [32], ""learning_rate"": 0.001, ""max_epochs"": 130, ""patience"": 15}",ok,0.0
2023-04-03,2023-04-07,421,,-0.04537697,0.00139872,-0.07463087,0,1,0.10326289385557175,2023,True,bp,top,manual_weak_top_label,143,"{""dropout"": 0.05, ""focal_alpha"": 0.7, ""focal_gamma"": 1.5, ""hidden_layers"": [32], ""learning_rate"": 0.001, ""max_epochs"": 130, ""patience"": 15}",ok,0.0
2023-01-30,2023-02-03,412,,0.00285167,0.02510326,-0.01432504,0,1,0.002335960549959411,2023,True,mlp,top,manual_weak_top_label,143,"{""alpha"": 0.001, ""hidden_layer_sizes"": [64, 32], ""learning_rate_init"": 0.0007, ""max_iter"": 700, ""negative_sample_ratio"": 5.0}",ok,0.0
2023-02-06,2023-02-10,413,,-0.00106876,0.01770839,-0.02143549,0,1,0.00555406862156331,2023,True,mlp,top,manual_weak_top_label,143,"{""alpha"": 0.001, ""hidden_layer_sizes"": [64, 32], ""learning_rate_init"": 0.0007, ""max_iter"": 700, ""negative_sample_ratio"": 5.0}",ok,0.0
2023-02-13,2023-02-17,414,,-0.01022763,0.02221154,-0.01067547,0,1,0.0007289471525660503,2023,True,mlp,top,manual_weak_top_label,143,"{""alpha"": 0.001, ""hidden_layer_sizes"": [64, 32], ""learning_rate_init"": 0.0007, ""max_iter"": 700, ""negative_sample_ratio"": 5.0}",ok,0.0
2023-02-20,2023-02-24,415,,-0.03001617,0.01098444,-0.03846649,0,1,0.010269665586596335,2023,True,mlp,top,manual_weak_top_label,143,"{""alpha"": 0.001, ""hidden_layer_sizes"": [64, 32], ""learning_rate_init"": 0.0007, ""max_iter"": 700, ""negative_sample_ratio"": 5.0}",ok,0.0
2023-02-27,2023-03-03,416,,-0.01434972,0.00527703,-0.04165636,0,1,0.009131894854921085,2023,True,mlp,top,manual_weak_top_label,143,"{""alpha"": 0.001, ""hidden_layer_sizes"": [64, 32], ""learning_rate_init"": 0.0007, ""max_iter"": 700, ""negative_sample_ratio"": 5.0}",ok,0.0
2023-04-03,2023-04-07,421,,-0.04537697,0.00139872,-0.07463087,0,1,0.005976925518851509,2023,True,mlp,top,manual_weak_top_label,143,"{""alpha"": 0.001, ""hidden_layer_sizes"": [64, 32], ""learning_rate_init"": 0.0007, ""max_iter"": 700, ""negative_sample_ratio"": 5.0}",ok,0.0
2023-01-30,2023-02-03,412,,0.00285167,0.02510326,-0.01432504,0,1,0.1868228201942198,2023,True,svm,top,manual_weak_top_label,143,"{""C"": 0.5, ""gamma"": ""scale""}",ok,0.0
2023-02-06,2023-02-10,413,,-0.00106876,0.01770839,-0.02143549,0,1,0.18618115435743646,2023,True,svm,top,manual_weak_top_label,143,"{""C"": 0.5, ""gamma"": ""scale""}",ok,0.0
2023-02-13,2023-02-17,414,,-0.01022763,0.02221154,-0.01067547,0,1,0.1878891581647471,2023,True,svm,top,manual_weak_top_label,143,"{""C"": 0.5, ""gamma"": ""scale""}",ok,0.0
2023-02-20,2023-02-24,415,,-0.03001617,0.01098444,-0.03846649,0,1,0.19001759230442553,2023,True,svm,top,manual_weak_top_label,143,"{""C"": 0.5, ""gamma"": ""scale""}",ok,0.0
2023-02-27,2023-03-03,416,,-0.01434972,0.00527703,-0.04165636,0,1,0.1875908645225215,2023,True,svm,top,manual_weak_top_label,143,"{""C"": 0.5, ""gamma"": ""scale""}",ok,0.0
2023-04-03,2023-04-07,421,,-0.04537697,0.00139872,-0.07463087,0,1,0.1863757927388976,2023,True,svm,top,manual_weak_top_label,143,"{""C"": 0.5, ""gamma"": ""scale""}",ok,0.0
2024-01-02,2024-01-05,459,0.0,-0.07153941,-0.00200077,-0.12972406,1,0,0.0022480873886754054,2024,True,logistic,bottom,manual_weak_bottom_label,161,"{""C"": 0.3}",ok,
2024-01-08,2024-01-12,460,0.0,-0.17935694,0.00585542,-0.20498331,1,0,0.0002549144325260112,2024,True,logistic,bottom,manual_weak_bottom_label,161,"{""C"": 0.3}",ok,
2024-01-15,2024-01-19,461,0.0,-0.05914487,0.00864144,-0.21274656,1,0,0.004638309019670234,2024,True,logistic,bottom,manual_weak_bottom_label,161,"{""C"": 0.3}",ok,
2024-01-22,2024-01-26,462,0.0,-0.00836755,0.00609249,-0.20718609,1,0,0.014184581042584528,2024,True,logistic,bottom,manual_weak_bottom_label,161,"{""C"": 0.3}",ok,
2024-01-29,2024-02-02,463,1.0,0.18083713,0.19748248,-0.08672234,1,0,0.31265829491860053,2024,True,logistic,bottom,manual_weak_bottom_label,161,"{""C"": 0.3}",ok,
2024-02-05,2024-02-08,464,1.0,0.07555759,0.09713014,-0.00856721,1,1,0.0004042636979636389,2024,True,logistic,bottom,manual_weak_bottom_label,161,"{""C"": 0.3}",ok,
2024-03-04,2024-03-08,467,0.0,0.01319983,0.05960164,-0.02013864,1,0,0.2003352443335026,2024,True,logistic,bottom,manual_weak_bottom_label,161,"{""C"": 0.3}",ok,
2024-06-03,2024-06-07,480,0.0,-0.04998460,0.01714922,-0.06626200,1,0,0.08753575751044526,2024,True,logistic,bottom,manual_weak_bottom_label,161,"{""C"": 0.3}",ok,
2024-06-11,2024-06-14,481,0.0,-0.07139199,0.01183558,-0.09048728,1,0,0.10199670988190337,2024,True,logistic,bottom,manual_weak_bottom_label,161,"{""C"": 0.3}",ok,
2024-06-17,2024-06-21,482,0.0,-0.03507445,-0.00506435,-0.08112937,1,0,0.38186092252100634,2024,True,logistic,bottom,manual_weak_bottom_label,161,"{""C"": 0.3}",ok,
2024-06-24,2024-06-28,483,0.0,-0.01522962,0.01188484,-0.05122358,1,0,0.7012461350712695,2024,True,logistic,bottom,manual_weak_bottom_label,161,"{""C"": 0.3}",ok,
2024-07-01,2024-07-05,484,0.0,-0.02259793,0.01795442,-0.04637218,1,0,0.8599698513093065,2024,True,logistic,bottom,manual_weak_bottom_label,161,"{""C"": 0.3}",ok,
2024-07-08,2024-07-12,485,0.0,-0.01396694,0.01128347,-0.05951452,1,0,0.9578983395813755,2024,True,logistic,bottom,manual_weak_bottom_label,161,"{""C"": 0.3}",ok,
2024-07-15,2024-07-19,486,0.0,-0.02461472,0.02315457,-0.04847449,1,0,0.9213288583640281,2024,True,logistic,bottom,manual_weak_bottom_label,161,"{""C"": 0.3}",ok,
2024-07-22,2024-07-26,487,0.0,-0.00987414,0.04912315,-0.01733807,1,0,0.7136244863679666,2024,True,logistic,bottom,manual_weak_bottom_label,161,"{""C"": 0.3}",ok,
2024-07-29,2024-08-02,488,0.0,-0.06539548,0.00929356,-0.07216986,1,0,0.01153579235303108,2024,True,logistic,bottom,manual_weak_bottom_label,161,"{""C"": 0.3}",ok,
2024-08-05,2024-08-09,489,0.0,-0.01561322,0.00871470,-0.05639834,1,0,0.13334487187340724,2024,True,logistic,bottom,manual_weak_bottom_label,161,"{""C"": 0.3}",ok,
2024-08-12,2024-08-16,490,0.0,-0.03166539,0.01254561,-0.04685338,1,0,0.43985920279374885,2024,True,logistic,bottom,manual_weak_bottom_label,161,"{""C"": 0.3}",ok,
2024-08-19,2024-08-23,491,0.0,-0.01827602,0.04352748,-0.02103688,1,0,0.06394041171607409,2024,True,logistic,bottom,manual_weak_bottom_label,161,"{""C"": 0.3}",ok,
2024-08-26,2024-08-30,492,0.0,-0.03585062,0.00139221,-0.06202012,1,0,0.013536223795737334,2024,True,logistic,bottom,manual_weak_bottom_label,161,"{""C"": 0.3}",ok,
2024-09-02,2024-09-06,493,1.0,0.13934810,0.14558137,-0.03682578,1,0,0.49451706361760966,2024,True,logistic,bottom,manual_weak_bottom_label,161,"{""C"": 0.3}",ok,
2024-09-09,2024-09-13,494,1.0,0.29358353,0.29896331,-0.01608316,1,0,0.40346825158821165,2024,True,logistic,bottom,manual_weak_bottom_label,161,"{""C"": 0.3}",ok,
2024-09-18,2024-09-20,495,1.0,0.21360653,0.44221366,-0.00389079,1,0,0.014574956272871331,2024,True,logistic,bottom,manual_weak_bottom_label,161,"{""C"": 0.3}",ok,
2024-10-08,2024-10-11,498,1.0,0.09479360,0.13749867,-0.01298452,1,1,0.9990513710467214,2024,True,logistic,bottom,manual_weak_bottom_label,161,"{""C"": 0.3}",ok,
2024-01-02,2024-01-05,459,0.0,-0.07153941,-0.00200077,-0.12972406,1,0,9.382393968671625e-06,2024,True,lda,bottom,manual_weak_bottom_label,161,"{""shrinkage"": 0.5, ""solver"": ""lsqr""}",ok,
2024-01-08,2024-01-12,460,0.0,-0.17935694,0.00585542,-0.20498331,1,0,3.583373762877028e-06,2024,True,lda,bottom,manual_weak_bottom_label,161,"{""shrinkage"": 0.5, ""solver"": ""lsqr""}",ok,
2024-01-15,2024-01-19,461,0.0,-0.05914487,0.00864144,-0.21274656,1,0,0.00014867932581771556,2024,True,lda,bottom,manual_weak_bottom_label,161,"{""shrinkage"": 0.5, ""solver"": ""lsqr""}",ok,
2024-01-22,2024-01-26,462,0.0,-0.00836755,0.00609249,-0.20718609,1,0,0.00024016382962234112,2024,True,lda,bottom,manual_weak_bottom_label,161,"{""shrinkage"": 0.5, ""solver"": ""lsqr""}",ok,
2024-01-29,2024-02-02,463,1.0,0.18083713,0.19748248,-0.08672234,1,0,0.43288973601028613,2024,True,lda,bottom,manual_weak_bottom_label,161,"{""shrinkage"": 0.5, ""solver"": ""lsqr""}",ok,
2024-02-05,2024-02-08,464,1.0,0.07555759,0.09713014,-0.00856721,1,1,6.708749618668872e-05,2024,True,lda,bottom,manual_weak_bottom_label,161,"{""shrinkage"": 0.5, ""solver"": ""lsqr""}",ok,
2024-03-04,2024-03-08,467,0.0,0.01319983,0.05960164,-0.02013864,1,0,0.29382464142907005,2024,True,lda,bottom,manual_weak_bottom_label,161,"{""shrinkage"": 0.5, ""solver"": ""lsqr""}",ok,
2024-06-03,2024-06-07,480,0.0,-0.04998460,0.01714922,-0.06626200,1,0,0.009013750173435931,2024,True,lda,bottom,manual_weak_bottom_label,161,"{""shrinkage"": 0.5, ""solver"": ""lsqr""}",ok,
2024-06-11,2024-06-14,481,0.0,-0.07139199,0.01183558,-0.09048728,1,0,0.03362070404844661,2024,True,lda,bottom,manual_weak_bottom_label,161,"{""shrinkage"": 0.5, ""solver"": ""lsqr""}",ok,
2024-06-17,2024-06-21,482,0.0,-0.03507445,-0.00506435,-0.08112937,1,0,0.2818084210037819,2024,True,lda,bottom,manual_weak_bottom_label,161,"{""shrinkage"": 0.5, ""solver"": ""lsqr""}",ok,
2024-06-24,2024-06-28,483,0.0,-0.01522962,0.01188484,-0.05122358,1,0,0.3341742680174778,2024,True,lda,bottom,manual_weak_bottom_label,161,"{""shrinkage"": 0.5, ""solver"": ""lsqr""}",ok,
2024-07-01,2024-07-05,484,0.0,-0.02259793,0.01795442,-0.04637218,1,0,0.7695718990134855,2024,True,lda,bottom,manual_weak_bottom_label,161,"{""shrinkage"": 0.5, ""solver"": ""lsqr""}",ok,
2024-07-08,2024-07-12,485,0.0,-0.01396694,0.01128347,-0.05951452,1,0,0.9658018340595305,2024,True,lda,bottom,manual_weak_bottom_label,161,"{""shrinkage"": 0.5, ""solver"": ""lsqr""}",ok,
2024-07-15,2024-07-19,486,0.0,-0.02461472,0.02315457,-0.04847449,1,0,0.6672430126466026,2024,True,lda,bottom,manual_weak_bottom_label,161,"{""shrinkage"": 0.5, ""solver"": ""lsqr""}",ok,
2024-07-22,2024-07-26,487,0.0,-0.00987414,0.04912315,-0.01733807,1,0,0.12324748258441028,2024,True,lda,bottom,manual_weak_bottom_label,161,"{""shrinkage"": 0.5, ""solver"": ""lsqr""}",ok,
2024-07-29,2024-08-02,488,0.0,-0.06539548,0.00929356,-0.07216986,1,0,0.00017951559848094573,2024,True,lda,bottom,manual_weak_bottom_label,161,"{""shrinkage"": 0.5, ""solver"": ""lsqr""}",ok,
2024-08-05,2024-08-09,489,0.0,-0.01561322,0.00871470,-0.05639834,1,0,0.0076337442374811975,2024,True,lda,bottom,manual_weak_bottom_label,161,"{""shrinkage"": 0.5, ""solver"": ""lsqr""}",ok,
2024-08-12,2024-08-16,490,0.0,-0.03166539,0.01254561,-0.04685338,1,0,0.1020800742150101,2024,True,lda,bottom,manual_weak_bottom_label,161,"{""shrinkage"": 0.5, ""solver"": ""lsqr""}",ok,
2024-08-19,2024-08-23,491,0.0,-0.01827602,0.04352748,-0.02103688,1,0,0.0060302530854842865,2024,True,lda,bottom,manual_weak_bottom_label,161,"{""shrinkage"": 0.5, ""solver"": ""lsqr""}",ok,
2024-08-26,2024-08-30,492,0.0,-0.03585062,0.00139221,-0.06202012,1,0,0.0003927652969172538,2024,True,lda,bottom,manual_weak_bottom_label,161,"{""shrinkage"": 0.5, ""solver"": ""lsqr""}",ok,
2024-09-02,2024-09-06,493,1.0,0.13934810,0.14558137,-0.03682578,1,0,0.026817125816709503,2024,True,lda,bottom,manual_weak_bottom_label,161,"{""shrinkage"": 0.5, ""solver"": ""lsqr""}",ok,
2024-09-09,2024-09-13,494,1.0,0.29358353,0.29896331,-0.01608316,1,0,0.023568535858671236,2024,True,lda,bottom,manual_weak_bottom_label,161,"{""shrinkage"": 0.5, ""solver"": ""lsqr""}",ok,
2024-09-18,2024-09-20,495,1.0,0.21360653,0.44221366,-0.00389079,1,0,0.0009030345761783758,2024,True,lda,bottom,manual_weak_bottom_label,161,"{""shrinkage"": 0.5, ""solver"": ""lsqr""}",ok,
2024-10-08,2024-10-11,498,1.0,0.09479360,0.13749867,-0.01298452,1,1,0.9999505671565891,2024,True,lda,bottom,manual_weak_bottom_label,161,"{""shrinkage"": 0.5, ""solver"": ""lsqr""}",ok,
2024-01-02,2024-01-05,459,0.0,-0.07153941,-0.00200077,-0.12972406,1,0,1.0,2024,True,qda,bottom,manual_weak_bottom_label,161,"{""reg_param"": 0.2}",ok,
2024-01-08,2024-01-12,460,0.0,-0.17935694,0.00585542,-0.20498331,1,0,1.0,2024,True,qda,bottom,manual_weak_bottom_label,161,"{""reg_param"": 0.2}",ok,
2024-01-15,2024-01-19,461,0.0,-0.05914487,0.00864144,-0.21274656,1,0,0.9999999999150015,2024,True,qda,bottom,manual_weak_bottom_label,161,"{""reg_param"": 0.2}",ok,
2024-01-22,2024-01-26,462,0.0,-0.00836755,0.00609249,-0.20718609,1,0,1.0,2024,True,qda,bottom,manual_weak_bottom_label,161,"{""reg_param"": 0.2}",ok,
2024-01-29,2024-02-02,463,1.0,0.18083713,0.19748248,-0.08672234,1,0,1.0,2024,True,qda,bottom,manual_weak_bottom_label,161,"{""reg_param"": 0.2}",ok,
2024-02-05,2024-02-08,464,1.0,0.07555759,0.09713014,-0.00856721,1,1,1.0,2024,True,qda,bottom,manual_weak_bottom_label,161,"{""reg_param"": 0.2}",ok,
2024-03-04,2024-03-08,467,0.0,0.01319983,0.05960164,-0.02013864,1,0,1.0,2024,True,qda,bottom,manual_weak_bottom_label,161,"{""reg_param"": 0.2}",ok,
2024-06-03,2024-06-07,480,0.0,-0.04998460,0.01714922,-0.06626200,1,0,1.0,2024,True,qda,bottom,manual_weak_bottom_label,161,"{""reg_param"": 0.2}",ok,
2024-06-11,2024-06-14,481,0.0,-0.07139199,0.01183558,-0.09048728,1,0,1.0,2024,True,qda,bottom,manual_weak_bottom_label,161,"{""reg_param"": 0.2}",ok,
2024-06-17,2024-06-21,482,0.0,-0.03507445,-0.00506435,-0.08112937,1,0,1.0,2024,True,qda,bottom,manual_weak_bottom_label,161,"{""reg_param"": 0.2}",ok,
2024-06-24,2024-06-28,483,0.0,-0.01522962,0.01188484,-0.05122358,1,0,1.0,2024,True,qda,bottom,manual_weak_bottom_label,161,"{""reg_param"": 0.2}",ok,
2024-07-01,2024-07-05,484,0.0,-0.02259793,0.01795442,-0.04637218,1,0,1.0,2024,True,qda,bottom,manual_weak_bottom_label,161,"{""reg_param"": 0.2}",ok,
2024-07-08,2024-07-12,485,0.0,-0.01396694,0.01128347,-0.05951452,1,0,1.0,2024,True,qda,bottom,manual_weak_bottom_label,161,"{""reg_param"": 0.2}",ok,
2024-07-15,2024-07-19,486,0.0,-0.02461472,0.02315457,-0.04847449,1,0,1.0,2024,True,qda,bottom,manual_weak_bottom_label,161,"{""reg_param"": 0.2}",ok,
2024-07-22,2024-07-26,487,0.0,-0.00987414,0.04912315,-0.01733807,1,0,1.0,2024,True,qda,bottom,manual_weak_bottom_label,161,"{""reg_param"": 0.2}",ok,
2024-07-29,2024-08-02,488,0.0,-0.06539548,0.00929356,-0.07216986,1,0,1.0,2024,True,qda,bottom,manual_weak_bottom_label,161,"{""reg_param"": 0.2}",ok,
2024-08-05,2024-08-09,489,0.0,-0.01561322,0.00871470,-0.05639834,1,0,1.0,2024,True,qda,bottom,manual_weak_bottom_label,161,"{""reg_param"": 0.2}",ok,
2024-08-12,2024-08-16,490,0.0,-0.03166539,0.01254561,-0.04685338,1,0,1.0,2024,True,qda,bottom,manual_weak_bottom_label,161,"{""reg_param"": 0.2}",ok,
2024-08-19,2024-08-23,491,0.0,-0.01827602,0.04352748,-0.02103688,1,0,1.0,2024,True,qda,bottom,manual_weak_bottom_label,161,"{""reg_param"": 0.2}",ok,
2024-08-26,2024-08-30,492,0.0,-0.03585062,0.00139221,-0.06202012,1,0,1.0,2024,True,qda,bottom,manual_weak_bottom_label,161,"{""reg_param"": 0.2}",ok,
2024-09-02,2024-09-06,493,1.0,0.13934810,0.14558137,-0.03682578,1,0,1.0,2024,True,qda,bottom,manual_weak_bottom_label,161,"{""reg_param"": 0.2}",ok,
2024-09-09,2024-09-13,494,1.0,0.29358353,0.29896331,-0.01608316,1,0,1.0,2024,True,qda,bottom,manual_weak_bottom_label,161,"{""reg_param"": 0.2}",ok,
2024-09-18,2024-09-20,495,1.0,0.21360653,0.44221366,-0.00389079,1,0,1.0,2024,True,qda,bottom,manual_weak_bottom_label,161,"{""reg_param"": 0.2}",ok,
2024-10-08,2024-10-11,498,1.0,0.09479360,0.13749867,-0.01298452,1,1,1.0,2024,True,qda,bottom,manual_weak_bottom_label,161,"{""reg_param"": 0.2}",ok,
2024-01-02,2024-01-05,459,0.0,-0.07153941,-0.00200077,-0.12972406,1,0,0.028953558987461162,2024,True,lightgbm,bottom,manual_weak_bottom_label,161,"{""balanced_bagging"": true, ""is_unbalance"": true, ""learning_rate"": 0.025, ""max_depth"": 5, ""min_child_samples"": 12, ""n_estimators"": 320, ""negative_sample_ratio"": 3.0, ""num_leaves"": 15}",ok,
2024-01-08,2024-01-12,460,0.0,-0.17935694,0.00585542,-0.20498331,1,0,0.09779120819788922,2024,True,lightgbm,bottom,manual_weak_bottom_label,161,"{""balanced_bagging"": true, ""is_unbalance"": true, ""learning_rate"": 0.025, ""max_depth"": 5, ""min_child_samples"": 12, ""n_estimators"": 320, ""negative_sample_ratio"": 3.0, ""num_leaves"": 15}",ok,
2024-01-15,2024-01-19,461,0.0,-0.05914487,0.00864144,-0.21274656,1,0,0.5183357565471859,2024,True,lightgbm,bottom,manual_weak_bottom_label,161,"{""balanced_bagging"": true, ""is_unbalance"": true, ""learning_rate"": 0.025, ""max_depth"": 5, ""min_child_samples"": 12, ""n_estimators"": 320, ""negative_sample_ratio"": 3.0, ""num_leaves"": 15}",ok,
2024-01-22,2024-01-26,462,0.0,-0.00836755,0.00609249,-0.20718609,1,0,0.11251659803501886,2024,True,lightgbm,bottom,manual_weak_bottom_label,161,"{""balanced_bagging"": true, ""is_unbalance"": true, ""learning_rate"": 0.025, ""max_depth"": 5, ""min_child_samples"": 12, ""n_estimators"": 320, ""negative_sample_ratio"": 3.0, ""num_leaves"": 15}",ok,
2024-01-29,2024-02-02,463,1.0,0.18083713,0.19748248,-0.08672234,1,0,0.7780869273108881,2024,True,lightgbm,bottom,manual_weak_bottom_label,161,"{""balanced_bagging"": true, ""is_unbalance"": true, ""learning_rate"": 0.025, ""max_depth"": 5, ""min_child_samples"": 12, ""n_estimators"": 320, ""negative_sample_ratio"": 3.0, ""num_leaves"": 15}",ok,
2024-02-05,2024-02-08,464,1.0,0.07555759,0.09713014,-0.00856721,1,1,0.49271202161917294,2024,True,lightgbm,bottom,manual_weak_bottom_label,161,"{""balanced_bagging"": true, ""is_unbalance"": true, ""learning_rate"": 0.025, ""max_depth"": 5, ""min_child_samples"": 12, ""n_estimators"": 320, ""negative_sample_ratio"": 3.0, ""num_leaves"": 15}",ok,
2024-03-04,2024-03-08,467,0.0,0.01319983,0.05960164,-0.02013864,1,0,0.14556861761039422,2024,True,lightgbm,bottom,manual_weak_bottom_label,161,"{""balanced_bagging"": true, ""is_unbalance"": true, ""learning_rate"": 0.025, ""max_depth"": 5, ""min_child_samples"": 12, ""n_estimators"": 320, ""negative_sample_ratio"": 3.0, ""num_leaves"": 15}",ok,
2024-06-03,2024-06-07,480,0.0,-0.04998460,0.01714922,-0.06626200,1,0,0.5290680158025081,2024,True,lightgbm,bottom,manual_weak_bottom_label,161,"{""balanced_bagging"": true, ""is_unbalance"": true, ""learning_rate"": 0.025, ""max_depth"": 5, ""min_child_samples"": 12, ""n_estimators"": 320, ""negative_sample_ratio"": 3.0, ""num_leaves"": 15}",ok,
2024-06-11,2024-06-14,481,0.0,-0.07139199,0.01183558,-0.09048728,1,0,0.11246879008167766,2024,True,lightgbm,bottom,manual_weak_bottom_label,161,"{""balanced_bagging"": true, ""is_unbalance"": true, ""learning_rate"": 0.025, ""max_depth"": 5, ""min_child_samples"": 12, ""n_estimators"": 320, ""negative_sample_ratio"": 3.0, ""num_leaves"": 15}",ok,
2024-06-17,2024-06-21,482,0.0,-0.03507445,-0.00506435,-0.08112937,1,0,0.08947546013279725,2024,True,lightgbm,bottom,manual_weak_bottom_label,161,"{""balanced_bagging"": true, ""is_unbalance"": true, ""learning_rate"": 0.025, ""max_depth"": 5, ""min_child_samples"": 12, ""n_estimators"": 320, ""negative_sample_ratio"": 3.0, ""num_leaves"": 15}",ok,
2024-06-24,2024-06-28,483,0.0,-0.01522962,0.01188484,-0.05122358,1,0,0.10111289499836486,2024,True,lightgbm,bottom,manual_weak_bottom_label,161,"{""balanced_bagging"": true, ""is_unbalance"": true, ""learning_rate"": 0.025, ""max_depth"": 5, ""min_child_samples"": 12, ""n_estimators"": 320, ""negative_sample_ratio"": 3.0, ""num_leaves"": 15}",ok,
2024-07-01,2024-07-05,484,0.0,-0.02259793,0.01795442,-0.04637218,1,0,0.10137238550705609,2024,True,lightgbm,bottom,manual_weak_bottom_label,161,"{""balanced_bagging"": true, ""is_unbalance"": true, ""learning_rate"": 0.025, ""max_depth"": 5, ""min_child_samples"": 12, ""n_estimators"": 320, ""negative_sample_ratio"": 3.0, ""num_leaves"": 15}",ok,
2024-07-08,2024-07-12,485,0.0,-0.01396694,0.01128347,-0.05951452,1,0,0.0501699521511872,2024,True,lightgbm,bottom,manual_weak_bottom_label,161,"{""balanced_bagging"": true, ""is_unbalance"": true, ""learning_rate"": 0.025, ""max_depth"": 5, ""min_child_samples"": 12, ""n_estimators"": 320, ""negative_sample_ratio"": 3.0, ""num_leaves"": 15}",ok,
2024-07-15,2024-07-19,486,0.0,-0.02461472,0.02315457,-0.04847449,1,0,0.09480030591044743,2024,True,lightgbm,bottom,manual_weak_bottom_label,161,"{""balanced_bagging"": true, ""is_unbalance"": true, ""learning_rate"": 0.025, ""max_depth"": 5, ""min_child_samples"": 12, ""n_estimators"": 320, ""negative_sample_ratio"": 3.0, ""num_leaves"": 15}",ok,
2024-07-22,2024-07-26,487,0.0,-0.00987414,0.04912315,-0.01733807,1,0,0.21755590191355473,2024,True,lightgbm,bottom,manual_weak_bottom_label,161,"{""balanced_bagging"": true, ""is_unbalance"": true, ""learning_rate"": 0.025, ""max_depth"": 5, ""min_child_samples"": 12, ""n_estimators"": 320, ""negative_sample_ratio"": 3.0, ""num_leaves"": 15}",ok,
2024-07-29,2024-08-02,488,0.0,-0.06539548,0.00929356,-0.07216986,1,0,0.35694870499875464,2024,True,lightgbm,bottom,manual_weak_bottom_label,161,"{""balanced_bagging"": true, ""is_unbalance"": true, ""learning_rate"": 0.025, ""max_depth"": 5, ""min_child_samples"": 12, ""n_estimators"": 320, ""negative_sample_ratio"": 3.0, ""num_leaves"": 15}",ok,
2024-08-05,2024-08-09,489,0.0,-0.01561322,0.00871470,-0.05639834,1,0,0.24651957221413945,2024,True,lightgbm,bottom,manual_weak_bottom_label,161,"{""balanced_bagging"": true, ""is_unbalance"": true, ""learning_rate"": 0.025, ""max_depth"": 5, ""min_child_samples"": 12, ""n_estimators"": 320, ""negative_sample_ratio"": 3.0, ""num_leaves"": 15}",ok,
2024-08-12,2024-08-16,490,0.0,-0.03166539,0.01254561,-0.04685338,1,0,0.14853268030241454,2024,True,lightgbm,bottom,manual_weak_bottom_label,161,"{""balanced_bagging"": true, ""is_unbalance"": true, ""learning_rate"": 0.025, ""max_depth"": 5, ""min_child_samples"": 12, ""n_estimators"": 320, ""negative_sample_ratio"": 3.0, ""num_leaves"": 15}",ok,
2024-08-19,2024-08-23,491,0.0,-0.01827602,0.04352748,-0.02103688,1,0,0.3811618143324174,2024,True,lightgbm,bottom,manual_weak_bottom_label,161,"{""balanced_bagging"": true, ""is_unbalance"": true, ""learning_rate"": 0.025, ""max_depth"": 5, ""min_child_samples"": 12, ""n_estimators"": 320, ""negative_sample_ratio"": 3.0, ""num_leaves"": 15}",ok,
2024-08-26,2024-08-30,492,0.0,-0.03585062,0.00139221,-0.06202012,1,0,0.3049198626816055,2024,True,lightgbm,bottom,manual_weak_bottom_label,161,"{""balanced_bagging"": true, ""is_unbalance"": true, ""learning_rate"": 0.025, ""max_depth"": 5, ""min_child_samples"": 12, ""n_estimators"": 320, ""negative_sample_ratio"": 3.0, ""num_leaves"": 15}",ok,
2024-09-02,2024-09-06,493,1.0,0.13934810,0.14558137,-0.03682578,1,0,0.3022135000095314,2024,True,lightgbm,bottom,manual_weak_bottom_label,161,"{""balanced_bagging"": true, ""is_unbalance"": true, ""learning_rate"": 0.025, ""max_depth"": 5, ""min_child_samples"": 12, ""n_estimators"": 320, ""negative_sample_ratio"": 3.0, ""num_leaves"": 15}",ok,
2024-09-09,2024-09-13,494,1.0,0.29358353,0.29896331,-0.01608316,1,0,0.21403293121523978,2024,True,lightgbm,bottom,manual_weak_bottom_label,161,"{""balanced_bagging"": true, ""is_unbalance"": true, ""learning_rate"": 0.025, ""max_depth"": 5, ""min_child_samples"": 12, ""n_estimators"": 320, ""negative_sample_ratio"": 3.0, ""num_leaves"": 15}",ok,
2024-09-18,2024-09-20,495,1.0,0.21360653,0.44221366,-0.00389079,1,0,0.12620442249278432,2024,True,lightgbm,bottom,manual_weak_bottom_label,161,"{""balanced_bagging"": true, ""is_unbalance"": true, ""learning_rate"": 0.025, ""max_depth"": 5, ""min_child_samples"": 12, ""n_estimators"": 320, ""negative_sample_ratio"": 3.0, ""num_leaves"": 15}",ok,
2024-10-08,2024-10-11,498,1.0,0.09479360,0.13749867,-0.01298452,1,1,0.19402331545266746,2024,True,lightgbm,bottom,manual_weak_bottom_label,161,"{""balanced_bagging"": true, ""is_unbalance"": true, ""learning_rate"": 0.025, ""max_depth"": 5, ""min_child_samples"": 12, ""n_estimators"": 320, ""negative_sample_ratio"": 3.0, ""num_leaves"": 15}",ok,
2024-01-02,2024-01-05,459,0.0,-0.07153941,-0.00200077,-0.12972406,1,0,0.06975020468235016,2024,True,bp,bottom,manual_weak_bottom_label,161,"{""dropout"": 0.15, ""focal_alpha"": 0.8, ""focal_gamma"": 2.5, ""hidden_layers"": [64, 32], ""learning_rate"": 0.0007, ""max_epochs"": 180, ""patience"": 20}",ok,
2024-01-08,2024-01-12,460,0.0,-0.17935694,0.00585542,-0.20498331,1,0,0.07638281583786011,2024,True,bp,bottom,manual_weak_bottom_label,161,"{""dropout"": 0.15, ""focal_alpha"": 0.8, ""focal_gamma"": 2.5, ""hidden_layers"": [64, 32], ""learning_rate"": 0.0007, ""max_epochs"": 180, ""patience"": 20}",ok,
2024-01-15,2024-01-19,461,0.0,-0.05914487,0.00864144,-0.21274656,1,0,0.07950884103775024,2024,True,bp,bottom,manual_weak_bottom_label,161,"{""dropout"": 0.15, ""focal_alpha"": 0.8, ""focal_gamma"": 2.5, ""hidden_layers"": [64, 32], ""learning_rate"": 0.0007, ""max_epochs"": 180, ""patience"": 20}",ok,
2024-01-22,2024-01-26,462,0.0,-0.00836755,0.00609249,-0.20718609,1,0,0.25747647881507874,2024,True,bp,bottom,manual_weak_bottom_label,161,"{""dropout"": 0.15, ""focal_alpha"": 0.8, ""focal_gamma"": 2.5, ""hidden_layers"": [64, 32], ""learning_rate"": 0.0007, ""max_epochs"": 180, ""patience"": 20}",ok,
2024-01-29,2024-02-02,463,1.0,0.18083713,0.19748248,-0.08672234,1,0,0.5728710293769836,2024,True,bp,bottom,manual_weak_bottom_label,161,"{""dropout"": 0.15, ""focal_alpha"": 0.8, ""focal_gamma"": 2.5, ""hidden_layers"": [64, 32], ""learning_rate"": 0.0007, ""max_epochs"": 180, ""patience"": 20}",ok,
2024-02-05,2024-02-08,464,1.0,0.07555759,0.09713014,-0.00856721,1,1,0.08677035570144653,2024,True,bp,bottom,manual_weak_bottom_label,161,"{""dropout"": 0.15, ""focal_alpha"": 0.8, ""focal_gamma"": 2.5, ""hidden_layers"": [64, 32], ""learning_rate"": 0.0007, ""max_epochs"": 180, ""patience"": 20}",ok,
2024-03-04,2024-03-08,467,0.0,0.01319983,0.05960164,-0.02013864,1,0,0.19490180909633636,2024,True,bp,bottom,manual_weak_bottom_label,161,"{""dropout"": 0.15, ""focal_alpha"": 0.8, ""focal_gamma"": 2.5, ""hidden_layers"": [64, 32], ""learning_rate"": 0.0007, ""max_epochs"": 180, ""patience"": 20}",ok,
2024-06-03,2024-06-07,480,0.0,-0.04998460,0.01714922,-0.06626200,1,0,0.32205650210380554,2024,True,bp,bottom,manual_weak_bottom_label,161,"{""dropout"": 0.15, ""focal_alpha"": 0.8, ""focal_gamma"": 2.5, ""hidden_layers"": [64, 32], ""learning_rate"": 0.0007, ""max_epochs"": 180, ""patience"": 20}",ok,
2024-06-11,2024-06-14,481,0.0,-0.07139199,0.01183558,-0.09048728,1,0,0.607586145401001,2024,True,bp,bottom,manual_weak_bottom_label,161,"{""dropout"": 0.15, ""focal_alpha"": 0.8, ""focal_gamma"": 2.5, ""hidden_layers"": [64, 32], ""learning_rate"": 0.0007, ""max_epochs"": 180, ""patience"": 20}",ok,
2024-06-17,2024-06-21,482,0.0,-0.03507445,-0.00506435,-0.08112937,1,0,0.500866711139679,2024,True,bp,bottom,manual_weak_bottom_label,161,"{""dropout"": 0.15, ""focal_alpha"": 0.8, ""focal_gamma"": 2.5, ""hidden_layers"": [64, 32], ""learning_rate"": 0.0007, ""max_epochs"": 180, ""patience"": 20}",ok,
2024-06-24,2024-06-28,483,0.0,-0.01522962,0.01188484,-0.05122358,1,0,0.5691024661064148,2024,True,bp,bottom,manual_weak_bottom_label,161,"{""dropout"": 0.15, ""focal_alpha"": 0.8, ""focal_gamma"": 2.5, ""hidden_layers"": [64, 32], ""learning_rate"": 0.0007, ""max_epochs"": 180, ""patience"": 20}",ok,
2024-07-01,2024-07-05,484,0.0,-0.02259793,0.01795442,-0.04637218,1,0,0.4450129568576813,2024,True,bp,bottom,manual_weak_bottom_label,161,"{""dropout"": 0.15, ""focal_alpha"": 0.8, ""focal_gamma"": 2.5, ""hidden_layers"": [64, 32], ""learning_rate"": 0.0007, ""max_epochs"": 180, ""patience"": 20}",ok,
2024-07-08,2024-07-12,485,0.0,-0.01396694,0.01128347,-0.05951452,1,0,0.5996067523956299,2024,True,bp,bottom,manual_weak_bottom_label,161,"{""dropout"": 0.15, ""focal_alpha"": 0.8, ""focal_gamma"": 2.5, ""hidden_layers"": [64, 32], ""learning_rate"": 0.0007, ""max_epochs"": 180, ""patience"": 20}",ok,
2024-07-15,2024-07-19,486,0.0,-0.02461472,0.02315457,-0.04847449,1,0,0.36926713585853577,2024,True,bp,bottom,manual_weak_bottom_label,161,"{""dropout"": 0.15, ""focal_alpha"": 0.8, ""focal_gamma"": 2.5, ""hidden_layers"": [64, 32], ""learning_rate"": 0.0007, ""max_epochs"": 180, ""patience"": 20}",ok,
2024-07-22,2024-07-26,487,0.0,-0.00987414,0.04912315,-0.01733807,1,0,0.41152289509773254,2024,True,bp,bottom,manual_weak_bottom_label,161,"{""dropout"": 0.15, ""focal_alpha"": 0.8, ""focal_gamma"": 2.5, ""hidden_layers"": [64, 32], ""learning_rate"": 0.0007, ""max_epochs"": 180, ""patience"": 20}",ok,
2024-07-29,2024-08-02,488,0.0,-0.06539548,0.00929356,-0.07216986,1,0,0.14718914031982422,2024,True,bp,bottom,manual_weak_bottom_label,161,"{""dropout"": 0.15, ""focal_alpha"": 0.8, ""focal_gamma"": 2.5, ""hidden_layers"": [64, 32], ""learning_rate"": 0.0007, ""max_epochs"": 180, ""patience"": 20}",ok,
2024-08-05,2024-08-09,489,0.0,-0.01561322,0.00871470,-0.05639834,1,0,0.1680726408958435,2024,True,bp,bottom,manual_weak_bottom_label,161,"{""dropout"": 0.15, ""focal_alpha"": 0.8, ""focal_gamma"": 2.5, ""hidden_layers"": [64, 32], ""learning_rate"": 0.0007, ""max_epochs"": 180, ""patience"": 20}",ok,
2024-08-12,2024-08-16,490,0.0,-0.03166539,0.01254561,-0.04685338,1,0,0.40252336859703064,2024,True,bp,bottom,manual_weak_bottom_label,161,"{""dropout"": 0.15, ""focal_alpha"": 0.8, ""focal_gamma"": 2.5, ""hidden_layers"": [64, 32], ""learning_rate"": 0.0007, ""max_epochs"": 180, ""patience"": 20}",ok,
2024-08-19,2024-08-23,491,0.0,-0.01827602,0.04352748,-0.02103688,1,0,0.20290066301822662,2024,True,bp,bottom,manual_weak_bottom_label,161,"{""dropout"": 0.15, ""focal_alpha"": 0.8, ""focal_gamma"": 2.5, ""hidden_layers"": [64, 32], ""learning_rate"": 0.0007, ""max_epochs"": 180, ""patience"": 20}",ok,
2024-08-26,2024-08-30,492,0.0,-0.03585062,0.00139221,-0.06202012,1,0,0.14158789813518524,2024,True,bp,bottom,manual_weak_bottom_label,161,"{""dropout"": 0.15, ""focal_alpha"": 0.8, ""focal_gamma"": 2.5, ""hidden_layers"": [64, 32], ""learning_rate"": 0.0007, ""max_epochs"": 180, ""patience"": 20}",ok,
2024-09-02,2024-09-06,493,1.0,0.13934810,0.14558137,-0.03682578,1,0,0.5031930804252625,2024,True,bp,bottom,manual_weak_bottom_label,161,"{""dropout"": 0.15, ""focal_alpha"": 0.8, ""focal_gamma"": 2.5, ""hidden_layers"": [64, 32], ""learning_rate"": 0.0007, ""max_epochs"": 180, ""patience"": 20}",ok,
2024-09-09,2024-09-13,494,1.0,0.29358353,0.29896331,-0.01608316,1,0,0.5085954666137695,2024,True,bp,bottom,manual_weak_bottom_label,161,"{""dropout"": 0.15, ""focal_alpha"": 0.8, ""focal_gamma"": 2.5, ""hidden_layers"": [64, 32], ""learning_rate"": 0.0007, ""max_epochs"": 180, ""patience"": 20}",ok,
2024-09-18,2024-09-20,495,1.0,0.21360653,0.44221366,-0.00389079,1,0,0.18217360973358154,2024,True,bp,bottom,manual_weak_bottom_label,161,"{""dropout"": 0.15, ""focal_alpha"": 0.8, ""focal_gamma"": 2.5, ""hidden_layers"": [64, 32], ""learning_rate"": 0.0007, ""max_epochs"": 180, ""patience"": 20}",ok,
2024-10-08,2024-10-11,498,1.0,0.09479360,0.13749867,-0.01298452,1,1,0.8954634070396423,2024,True,bp,bottom,manual_weak_bottom_label,161,"{""dropout"": 0.15, ""focal_alpha"": 0.8, ""focal_gamma"": 2.5, ""hidden_layers"": [64, 32], ""learning_rate"": 0.0007, ""max_epochs"": 180, ""patience"": 20}",ok,
2024-01-02,2024-01-05,459,0.0,-0.07153941,-0.00200077,-0.12972406,1,0,0.13343243525802392,2024,True,mlp,bottom,manual_weak_bottom_label,161,"{""alpha"": 0.001, ""hidden_layer_sizes"": [64, 32], ""learning_rate_init"": 0.0007, ""max_iter"": 700, ""negative_sample_ratio"": 5.0}",ok,
2024-01-08,2024-01-12,460,0.0,-0.17935694,0.00585542,-0.20498331,1,0,0.07748440032885669,2024,True,mlp,bottom,manual_weak_bottom_label,161,"{""alpha"": 0.001, ""hidden_layer_sizes"": [64, 32], ""learning_rate_init"": 0.0007, ""max_iter"": 700, ""negative_sample_ratio"": 5.0}",ok,
2024-01-15,2024-01-19,461,0.0,-0.05914487,0.00864144,-0.21274656,1,0,0.16490334692127198,2024,True,mlp,bottom,manual_weak_bottom_label,161,"{""alpha"": 0.001, ""hidden_layer_sizes"": [64, 32], ""learning_rate_init"": 0.0007, ""max_iter"": 700, ""negative_sample_ratio"": 5.0}",ok,
2024-01-22,2024-01-26,462,0.0,-0.00836755,0.00609249,-0.20718609,1,0,0.09325287226251788,2024,True,mlp,bottom,manual_weak_bottom_label,161,"{""alpha"": 0.001, ""hidden_layer_sizes"": [64, 32], ""learning_rate_init"": 0.0007, ""max_iter"": 700, ""negative_sample_ratio"": 5.0}",ok,
2024-01-29,2024-02-02,463,1.0,0.18083713,0.19748248,-0.08672234,1,0,0.019266546619155948,2024,True,mlp,bottom,manual_weak_bottom_label,161,"{""alpha"": 0.001, ""hidden_layer_sizes"": [64, 32], ""learning_rate_init"": 0.0007, ""max_iter"": 700, ""negative_sample_ratio"": 5.0}",ok,
2024-02-05,2024-02-08,464,1.0,0.07555759,0.09713014,-0.00856721,1,1,0.16043378346753467,2024,True,mlp,bottom,manual_weak_bottom_label,161,"{""alpha"": 0.001, ""hidden_layer_sizes"": [64, 32], ""learning_rate_init"": 0.0007, ""max_iter"": 700, ""negative_sample_ratio"": 5.0}",ok,
2024-03-04,2024-03-08,467,0.0,0.01319983,0.05960164,-0.02013864,1,0,0.04318509623464345,2024,True,mlp,bottom,manual_weak_bottom_label,161,"{""alpha"": 0.001, ""hidden_layer_sizes"": [64, 32], ""learning_rate_init"": 0.0007, ""max_iter"": 700, ""negative_sample_ratio"": 5.0}",ok,
2024-06-03,2024-06-07,480,0.0,-0.04998460,0.01714922,-0.06626200,1,0,0.049170439855096275,2024,True,mlp,bottom,manual_weak_bottom_label,161,"{""alpha"": 0.001, ""hidden_layer_sizes"": [64, 32], ""learning_rate_init"": 0.0007, ""max_iter"": 700, ""negative_sample_ratio"": 5.0}",ok,
2024-06-11,2024-06-14,481,0.0,-0.07139199,0.01183558,-0.09048728,1,0,0.024608021556841546,2024,True,mlp,bottom,manual_weak_bottom_label,161,"{""alpha"": 0.001, ""hidden_layer_sizes"": [64, 32], ""learning_rate_init"": 0.0007, ""max_iter"": 700, ""negative_sample_ratio"": 5.0}",ok,
2024-06-17,2024-06-21,482,0.0,-0.03507445,-0.00506435,-0.08112937,1,0,0.01926570895640611,2024,True,mlp,bottom,manual_weak_bottom_label,161,"{""alpha"": 0.001, ""hidden_layer_sizes"": [64, 32], ""learning_rate_init"": 0.0007, ""max_iter"": 700, ""negative_sample_ratio"": 5.0}",ok,
2024-06-24,2024-06-28,483,0.0,-0.01522962,0.01188484,-0.05122358,1,0,0.04183308544585983,2024,True,mlp,bottom,manual_weak_bottom_label,161,"{""alpha"": 0.001, ""hidden_layer_sizes"": [64, 32], ""learning_rate_init"": 0.0007, ""max_iter"": 700, ""negative_sample_ratio"": 5.0}",ok,
2024-07-01,2024-07-05,484,0.0,-0.02259793,0.01795442,-0.04637218,1,0,0.016917978353152167,2024,True,mlp,bottom,manual_weak_bottom_label,161,"{""alpha"": 0.001, ""hidden_layer_sizes"": [64, 32], ""learning_rate_init"": 0.0007, ""max_iter"": 700, ""negative_sample_ratio"": 5.0}",ok,
2024-07-08,2024-07-12,485,0.0,-0.01396694,0.01128347,-0.05951452,1,0,0.018094261351913832,2024,True,mlp,bottom,manual_weak_bottom_label,161,"{""alpha"": 0.001, ""hidden_layer_sizes"": [64, 32], ""learning_rate_init"": 0.0007, ""max_iter"": 700, ""negative_sample_ratio"": 5.0}",ok,
2024-07-15,2024-07-19,486,0.0,-0.02461472,0.02315457,-0.04847449,1,0,0.02582609728597545,2024,True,mlp,bottom,manual_weak_bottom_label,161,"{""alpha"": 0.001, ""hidden_layer_sizes"": [64, 32], ""learning_rate_init"": 0.0007, ""max_iter"": 700, ""negative_sample_ratio"": 5.0}",ok,
2024-07-22,2024-07-26,487,0.0,-0.00987414,0.04912315,-0.01733807,1,0,0.04892692597995134,2024,True,mlp,bottom,manual_weak_bottom_label,161,"{""alpha"": 0.001, ""hidden_layer_sizes"": [64, 32], ""learning_rate_init"": 0.0007, ""max_iter"": 700, ""negative_sample_ratio"": 5.0}",ok,
2024-07-29,2024-08-02,488,0.0,-0.06539548,0.00929356,-0.07216986,1,0,0.04268013858164927,2024,True,mlp,bottom,manual_weak_bottom_label,161,"{""alpha"": 0.001, ""hidden_layer_sizes"": [64, 32], ""learning_rate_init"": 0.0007, ""max_iter"": 700, ""negative_sample_ratio"": 5.0}",ok,
2024-08-05,2024-08-09,489,0.0,-0.01561322,0.00871470,-0.05639834,1,0,0.054824676559657934,2024,True,mlp,bottom,manual_weak_bottom_label,161,"{""alpha"": 0.001, ""hidden_layer_sizes"": [64, 32], ""learning_rate_init"": 0.0007, ""max_iter"": 700, ""negative_sample_ratio"": 5.0}",ok,
2024-08-12,2024-08-16,490,0.0,-0.03166539,0.01254561,-0.04685338,1,0,0.03490602856438622,2024,True,mlp,bottom,manual_weak_bottom_label,161,"{""alpha"": 0.001, ""hidden_layer_sizes"": [64, 32], ""learning_rate_init"": 0.0007, ""max_iter"": 700, ""negative_sample_ratio"": 5.0}",ok,
2024-08-19,2024-08-23,491,0.0,-0.01827602,0.04352748,-0.02103688,1,0,0.03907876213077674,2024,True,mlp,bottom,manual_weak_bottom_label,161,"{""alpha"": 0.001, ""hidden_layer_sizes"": [64, 32], ""learning_rate_init"": 0.0007, ""max_iter"": 700, ""negative_sample_ratio"": 5.0}",ok,
2024-08-26,2024-08-30,492,0.0,-0.03585062,0.00139221,-0.06202012,1,0,0.11120856992797151,2024,True,mlp,bottom,manual_weak_bottom_label,161,"{""alpha"": 0.001, ""hidden_layer_sizes"": [64, 32], ""learning_rate_init"": 0.0007, ""max_iter"": 700, ""negative_sample_ratio"": 5.0}",ok,
2024-09-02,2024-09-06,493,1.0,0.13934810,0.14558137,-0.03682578,1,0,0.15443854431450066,2024,True,mlp,bottom,manual_weak_bottom_label,161,"{""alpha"": 0.001, ""hidden_layer_sizes"": [64, 32], ""learning_rate_init"": 0.0007, ""max_iter"": 700, ""negative_sample_ratio"": 5.0}",ok,
2024-09-09,2024-09-13,494,1.0,0.29358353,0.29896331,-0.01608316,1,0,0.35847987471301584,2024,True,mlp,bottom,manual_weak_bottom_label,161,"{""alpha"": 0.001, ""hidden_layer_sizes"": [64, 32], ""learning_rate_init"": 0.0007, ""max_iter"": 700, ""negative_sample_ratio"": 5.0}",ok,
2024-09-18,2024-09-20,495,1.0,0.21360653,0.44221366,-0.00389079,1,0,0.3875946529363445,2024,True,mlp,bottom,manual_weak_bottom_label,161,"{""alpha"": 0.001, ""hidden_layer_sizes"": [64, 32], ""learning_rate_init"": 0.0007, ""max_iter"": 700, ""negative_sample_ratio"": 5.0}",ok,
2024-10-08,2024-10-11,498,1.0,0.09479360,0.13749867,-0.01298452,1,1,0.21580969994796953,2024,True,mlp,bottom,manual_weak_bottom_label,161,"{""alpha"": 0.001, ""hidden_layer_sizes"": [64, 32], ""learning_rate_init"": 0.0007, ""max_iter"": 700, ""negative_sample_ratio"": 5.0}",ok,
2024-01-02,2024-01-05,459,0.0,-0.07153941,-0.00200077,-0.12972406,1,0,0.18571861369611012,2024,True,svm,bottom,manual_weak_bottom_label,161,"{""C"": 0.5, ""gamma"": ""scale""}",ok,
2024-01-08,2024-01-12,460,0.0,-0.17935694,0.00585542,-0.20498331,1,0,0.12771286264337514,2024,True,svm,bottom,manual_weak_bottom_label,161,"{""C"": 0.5, ""gamma"": ""scale""}",ok,
2024-01-15,2024-01-19,461,0.0,-0.05914487,0.00864144,-0.21274656,1,0,0.1778865437379052,2024,True,svm,bottom,manual_weak_bottom_label,161,"{""C"": 0.5, ""gamma"": ""scale""}",ok,
2024-01-22,2024-01-26,462,0.0,-0.00836755,0.00609249,-0.20718609,1,0,0.2651775966451718,2024,True,svm,bottom,manual_weak_bottom_label,161,"{""C"": 0.5, ""gamma"": ""scale""}",ok,
2024-01-29,2024-02-02,463,1.0,0.18083713,0.19748248,-0.08672234,1,0,0.23780890723847256,2024,True,svm,bottom,manual_weak_bottom_label,161,"{""C"": 0.5, ""gamma"": ""scale""}",ok,
2024-02-05,2024-02-08,464,1.0,0.07555759,0.09713014,-0.00856721,1,1,0.2545090276985111,2024,True,svm,bottom,manual_weak_bottom_label,161,"{""C"": 0.5, ""gamma"": ""scale""}",ok,
2024-03-04,2024-03-08,467,0.0,0.01319983,0.05960164,-0.02013864,1,0,0.2726516812283196,2024,True,svm,bottom,manual_weak_bottom_label,161,"{""C"": 0.5, ""gamma"": ""scale""}",ok,
2024-06-03,2024-06-07,480,0.0,-0.04998460,0.01714922,-0.06626200,1,0,0.23728583412349244,2024,True,svm,bottom,manual_weak_bottom_label,161,"{""C"": 0.5, ""gamma"": ""scale""}",ok,
2024-06-11,2024-06-14,481,0.0,-0.07139199,0.01183558,-0.09048728,1,0,0.24638625667467842,2024,True,svm,bottom,manual_weak_bottom_label,161,"{""C"": 0.5, ""gamma"": ""scale""}",ok,
2024-06-17,2024-06-21,482,0.0,-0.03507445,-0.00506435,-0.08112937,1,0,0.2560097026882433,2024,True,svm,bottom,manual_weak_bottom_label,161,"{""C"": 0.5, ""gamma"": ""scale""}",ok,
2024-06-24,2024-06-28,483,0.0,-0.01522962,0.01188484,-0.05122358,1,0,0.24285666869245845,2024,True,svm,bottom,manual_weak_bottom_label,161,"{""C"": 0.5, ""gamma"": ""scale""}",ok,
2024-07-01,2024-07-05,484,0.0,-0.02259793,0.01795442,-0.04637218,1,0,0.25115884879350503,2024,True,svm,bottom,manual_weak_bottom_label,161,"{""C"": 0.5, ""gamma"": ""scale""}",ok,
2024-07-08,2024-07-12,485,0.0,-0.01396694,0.01128347,-0.05951452,1,0,0.24425305047189871,2024,True,svm,bottom,manual_weak_bottom_label,161,"{""C"": 0.5, ""gamma"": ""scale""}",ok,
2024-07-15,2024-07-19,486,0.0,-0.02461472,0.02315457,-0.04847449,1,0,0.22198251563689364,2024,True,svm,bottom,manual_weak_bottom_label,161,"{""C"": 0.5, ""gamma"": ""scale""}",ok,
2024-07-22,2024-07-26,487,0.0,-0.00987414,0.04912315,-0.01733807,1,0,0.22717634834997197,2024,True,svm,bottom,manual_weak_bottom_label,161,"{""C"": 0.5, ""gamma"": ""scale""}",ok,
2024-07-29,2024-08-02,488,0.0,-0.06539548,0.00929356,-0.07216986,1,0,0.19237004424213155,2024,True,svm,bottom,manual_weak_bottom_label,161,"{""C"": 0.5, ""gamma"": ""scale""}",ok,
2024-08-05,2024-08-09,489,0.0,-0.01561322,0.00871470,-0.05639834,1,0,0.22256358121390354,2024,True,svm,bottom,manual_weak_bottom_label,161,"{""C"": 0.5, ""gamma"": ""scale""}",ok,
2024-08-12,2024-08-16,490,0.0,-0.03166539,0.01254561,-0.04685338,1,0,0.2312767618868542,2024,True,svm,bottom,manual_weak_bottom_label,161,"{""C"": 0.5, ""gamma"": ""scale""}",ok,
2024-08-19,2024-08-23,491,0.0,-0.01827602,0.04352748,-0.02103688,1,0,0.19140433351688763,2024,True,svm,bottom,manual_weak_bottom_label,161,"{""C"": 0.5, ""gamma"": ""scale""}",ok,
2024-08-26,2024-08-30,492,0.0,-0.03585062,0.00139221,-0.06202012,1,0,0.21535795350886777,2024,True,svm,bottom,manual_weak_bottom_label,161,"{""C"": 0.5, ""gamma"": ""scale""}",ok,
2024-09-02,2024-09-06,493,1.0,0.13934810,0.14558137,-0.03682578,1,0,0.23031458641257235,2024,True,svm,bottom,manual_weak_bottom_label,161,"{""C"": 0.5, ""gamma"": ""scale""}",ok,
2024-09-09,2024-09-13,494,1.0,0.29358353,0.29896331,-0.01608316,1,0,0.2439084653604345,2024,True,svm,bottom,manual_weak_bottom_label,161,"{""C"": 0.5, ""gamma"": ""scale""}",ok,
2024-09-18,2024-09-20,495,1.0,0.21360653,0.44221366,-0.00389079,1,0,0.20830083290304102,2024,True,svm,bottom,manual_weak_bottom_label,161,"{""C"": 0.5, ""gamma"": ""scale""}",ok,
2024-10-08,2024-10-11,498,1.0,0.09479360,0.13749867,-0.01298452,1,1,0.2902443530321428,2024,True,svm,bottom,manual_weak_bottom_label,161,"{""C"": 0.5, ""gamma"": ""scale""}",ok,
2024-02-05,2024-02-08,464,,0.07555759,0.09713014,-0.00856721,1,1,9.722679956202023e-09,2024,True,logistic,top,manual_weak_top_label,149,"{""C"": 3.0}",ok,0.0
2024-02-26,2024-03-01,466,,0.03590303,0.05340971,-0.02199081,0,1,1.4699324066380082e-10,2024,True,logistic,top,manual_weak_top_label,149,"{""C"": 3.0}",ok,0.0
2024-03-11,2024-03-15,468,,-0.00984908,0.02426559,-0.05281548,0,1,3.5718684376423066e-13,2024,True,logistic,top,manual_weak_top_label,149,"{""C"": 3.0}",ok,0.0
2024-03-18,2024-03-22,469,,-0.04594733,0.00282511,-0.05962685,0,1,3.014233974477299e-11,2024,True,logistic,top,manual_weak_top_label,149,"{""C"": 3.0}",ok,0.0
2024-03-25,2024-03-29,470,,-0.03250552,0.02179789,-0.06934423,0,1,2.3479864408642457e-06,2024,True,logistic,top,manual_weak_top_label,149,"{""C"": 3.0}",ok,0.0
2024-04-01,2024-04-03,471,,-0.01544976,-0.00155047,-0.07943863,0,1,1.4395389298934975e-05,2024,True,logistic,top,manual_weak_top_label,149,"{""C"": 3.0}",ok,0.0
2024-04-08,2024-04-12,472,,0.02971865,0.03960557,-0.05147797,0,1,2.485291377572378e-16,2024,True,logistic,top,manual_weak_top_label,149,"{""C"": 3.0}",ok,0.0
2024-04-29,2024-04-30,475,,-0.02679852,0.02628355,-0.02679870,0,1,2.147539894781893e-10,2024,True,logistic,top,manual_weak_top_label,149,"{""C"": 3.0}",ok,0.0
2024-05-06,2024-05-10,476,,-0.03929187,0.00683753,-0.05007757,0,1,2.039350929719823e-06,2024,True,logistic,top,manual_weak_top_label,149,"{""C"": 3.0}",ok,0.0
2024-09-23,2024-09-27,496,,0.11934197,0.25322436,0.03331256,0,1,1.1835758244276928e-09,2024,True,logistic,top,manual_weak_top_label,149,"{""C"": 3.0}",ok,0.0
2024-09-30,2024-09-30,497,,0.04660906,0.12757211,-0.06348100,0,1,2.456275639688519e-09,2024,True,logistic,top,manual_weak_top_label,149,"{""C"": 3.0}",ok,0.0
2024-10-08,2024-10-11,498,,0.09479360,0.13749867,-0.01298452,1,1,3.253314012340635e-07,2024,True,logistic,top,manual_weak_top_label,149,"{""C"": 3.0}",ok,0.0
2024-10-14,2024-10-18,499,,0.11717466,0.13518131,0.00319266,0,1,2.0791540254959147e-07,2024,True,logistic,top,manual_weak_top_label,149,"{""C"": 3.0}",ok,0.0
2024-10-21,2024-10-25,500,,0.02520607,0.10732348,-0.01047631,0,1,0.0013838284051059843,2024,True,logistic,top,manual_weak_top_label,149,"{""C"": 3.0}",ok,0.0
2024-10-28,2024-11-01,501,,0.01690592,0.11566580,-0.00302147,0,1,0.0004241783212425481,2024,True,logistic,top,manual_weak_top_label,149,"{""C"": 3.0}",ok,0.0
2024-11-04,2024-11-08,502,,-0.03642995,0.03005314,-0.08813860,0,1,0.00021351621853201043,2024,True,logistic,top,manual_weak_top_label,149,"{""C"": 3.0}",ok,0.0
2024-11-11,2024-11-15,503,,0.03658600,0.04230568,-0.04383568,0,1,5.695891456193681e-09,2024,True,logistic,top,manual_weak_top_label,149,"{""C"": 3.0}",ok,0.0
2024-11-18,2024-11-22,504,,0.05380991,0.07750633,-0.02876898,0,1,8.429930862857855e-06,2024,True,logistic,top,manual_weak_top_label,149,"{""C"": 3.0}",ok,0.0
2024-11-25,2024-11-29,505,,0.01335002,0.04988764,-0.01304449,0,1,4.806071152137393e-05,2024,True,logistic,top,manual_weak_top_label,149,"{""C"": 3.0}",ok,0.0
2024-12-02,2024-12-06,506,,-0.02804199,0.02335069,-0.04911868,0,1,0.000717588190861106,2024,True,logistic,top,manual_weak_top_label,149,"{""C"": 3.0}",ok,0.0
2024-12-09,2024-12-13,507,,-0.11483562,0.00201747,-0.11726568,0,1,0.0012050143486082912,2024,True,logistic,top,manual_weak_top_label,149,"{""C"": 3.0}",ok,1.0
2024-02-05,2024-02-08,464,,0.07555759,0.09713014,-0.00856721,1,1,9.698164463028946e-12,2024,True,lda,top,manual_weak_top_label,149,"{""shrinkage"": 0.2, ""solver"": ""lsqr""}",ok,0.0
2024-02-26,2024-03-01,466,,0.03590303,0.05340971,-0.02199081,0,1,6.064337079642021e-11,2024,True,lda,top,manual_weak_top_label,149,"{""shrinkage"": 0.2, ""solver"": ""lsqr""}",ok,0.0
2024-03-11,2024-03-15,468,,-0.00984908,0.02426559,-0.05281548,0,1,1.3532951215829116e-10,2024,True,lda,top,manual_weak_top_label,149,"{""shrinkage"": 0.2, ""solver"": ""lsqr""}",ok,0.0
2024-03-18,2024-03-22,469,,-0.04594733,0.00282511,-0.05962685,0,1,1.7578191794629564e-09,2024,True,lda,top,manual_weak_top_label,149,"{""shrinkage"": 0.2, ""solver"": ""lsqr""}",ok,0.0
2024-03-25,2024-03-29,470,,-0.03250552,0.02179789,-0.06934423,0,1,2.441721751535947e-06,2024,True,lda,top,manual_weak_top_label,149,"{""shrinkage"": 0.2, ""solver"": ""lsqr""}",ok,0.0
2024-04-01,2024-04-03,471,,-0.01544976,-0.00155047,-0.07943863,0,1,1.5718802068810797e-05,2024,True,lda,top,manual_weak_top_label,149,"{""shrinkage"": 0.2, ""solver"": ""lsqr""}",ok,0.0
2024-04-08,2024-04-12,472,,0.02971865,0.03960557,-0.05147797,0,1,8.559606284182006e-09,2024,True,lda,top,manual_weak_top_label,149,"{""shrinkage"": 0.2, ""solver"": ""lsqr""}",ok,0.0
2024-04-29,2024-04-30,475,,-0.02679852,0.02628355,-0.02679870,0,1,1.2693574311331918e-11,2024,True,lda,top,manual_weak_top_label,149,"{""shrinkage"": 0.2, ""solver"": ""lsqr""}",ok,0.0
2024-05-06,2024-05-10,476,,-0.03929187,0.00683753,-0.05007757,0,1,0.043072823430967376,2024,True,lda,top,manual_weak_top_label,149,"{""shrinkage"": 0.2, ""solver"": ""lsqr""}",ok,0.0
2024-09-23,2024-09-27,496,,0.11934197,0.25322436,0.03331256,0,1,1.1962709767768612e-12,2024,True,lda,top,manual_weak_top_label,149,"{""shrinkage"": 0.2, ""solver"": ""lsqr""}",ok,0.0
2024-09-30,2024-09-30,497,,0.04660906,0.12757211,-0.06348100,0,1,3.642001225485063e-10,2024,True,lda,top,manual_weak_top_label,149,"{""shrinkage"": 0.2, ""solver"": ""lsqr""}",ok,0.0
2024-10-08,2024-10-11,498,,0.09479360,0.13749867,-0.01298452,1,1,2.005213847968432e-05,2024,True,lda,top,manual_weak_top_label,149,"{""shrinkage"": 0.2, ""solver"": ""lsqr""}",ok,0.0
2024-10-14,2024-10-18,499,,0.11717466,0.13518131,0.00319266,0,1,0.0031288679472448637,2024,True,lda,top,manual_weak_top_label,149,"{""shrinkage"": 0.2, ""solver"": ""lsqr""}",ok,0.0
2024-10-21,2024-10-25,500,,0.02520607,0.10732348,-0.01047631,0,1,0.05135281558319452,2024,True,lda,top,manual_weak_top_label,149,"{""shrinkage"": 0.2, ""solver"": ""lsqr""}",ok,0.0
2024-10-28,2024-11-01,501,,0.01690592,0.11566580,-0.00302147,0,1,0.003073819968562791,2024,True,lda,top,manual_weak_top_label,149,"{""shrinkage"": 0.2, ""solver"": ""lsqr""}",ok,0.0
2024-11-04,2024-11-08,502,,-0.03642995,0.03005314,-0.08813860,0,1,0.11531675774340802,2024,True,lda,top,manual_weak_top_label,149,"{""shrinkage"": 0.2, ""solver"": ""lsqr""}",ok,0.0
2024-11-11,2024-11-15,503,,0.03658600,0.04230568,-0.04383568,0,1,0.0002749534925714848,2024,True,lda,top,manual_weak_top_label,149,"{""shrinkage"": 0.2, ""solver"": ""lsqr""}",ok,0.0
2024-11-18,2024-11-22,504,,0.05380991,0.07750633,-0.02876898,0,1,0.0002559820653651843,2024,True,lda,top,manual_weak_top_label,149,"{""shrinkage"": 0.2, ""solver"": ""lsqr""}",ok,0.0
2024-11-25,2024-11-29,505,,0.01335002,0.04988764,-0.01304449,0,1,8.342217807149818e-05,2024,True,lda,top,manual_weak_top_label,149,"{""shrinkage"": 0.2, ""solver"": ""lsqr""}",ok,0.0
2024-12-02,2024-12-06,506,,-0.02804199,0.02335069,-0.04911868,0,1,0.3119611739251734,2024,True,lda,top,manual_weak_top_label,149,"{""shrinkage"": 0.2, ""solver"": ""lsqr""}",ok,0.0
2024-12-09,2024-12-13,507,,-0.11483562,0.00201747,-0.11726568,0,1,0.9999998586715126,2024,True,lda,top,manual_weak_top_label,149,"{""shrinkage"": 0.2, ""solver"": ""lsqr""}",ok,1.0
2024-02-05,2024-02-08,464,,0.07555759,0.09713014,-0.00856721,1,1,1.0,2024,True,qda,top,manual_weak_top_label,149,"{""reg_param"": 0.2}",ok,0.0
2024-02-26,2024-03-01,466,,0.03590303,0.05340971,-0.02199081,0,1,1.0,2024,True,qda,top,manual_weak_top_label,149,"{""reg_param"": 0.2}",ok,0.0
2024-03-11,2024-03-15,468,,-0.00984908,0.02426559,-0.05281548,0,1,1.0,2024,True,qda,top,manual_weak_top_label,149,"{""reg_param"": 0.2}",ok,0.0
2024-03-18,2024-03-22,469,,-0.04594733,0.00282511,-0.05962685,0,1,1.0,2024,True,qda,top,manual_weak_top_label,149,"{""reg_param"": 0.2}",ok,0.0
2024-03-25,2024-03-29,470,,-0.03250552,0.02179789,-0.06934423,0,1,1.0,2024,True,qda,top,manual_weak_top_label,149,"{""reg_param"": 0.2}",ok,0.0
2024-04-01,2024-04-03,471,,-0.01544976,-0.00155047,-0.07943863,0,1,1.0,2024,True,qda,top,manual_weak_top_label,149,"{""reg_param"": 0.2}",ok,0.0
2024-04-08,2024-04-12,472,,0.02971865,0.03960557,-0.05147797,0,1,1.0,2024,True,qda,top,manual_weak_top_label,149,"{""reg_param"": 0.2}",ok,0.0
2024-04-29,2024-04-30,475,,-0.02679852,0.02628355,-0.02679870,0,1,1.0,2024,True,qda,top,manual_weak_top_label,149,"{""reg_param"": 0.2}",ok,0.0
2024-05-06,2024-05-10,476,,-0.03929187,0.00683753,-0.05007757,0,1,1.0,2024,True,qda,top,manual_weak_top_label,149,"{""reg_param"": 0.2}",ok,0.0
2024-09-23,2024-09-27,496,,0.11934197,0.25322436,0.03331256,0,1,1.0,2024,True,qda,top,manual_weak_top_label,149,"{""reg_param"": 0.2}",ok,0.0
2024-09-30,2024-09-30,497,,0.04660906,0.12757211,-0.06348100,0,1,1.0,2024,True,qda,top,manual_weak_top_label,149,"{""reg_param"": 0.2}",ok,0.0
2024-10-08,2024-10-11,498,,0.09479360,0.13749867,-0.01298452,1,1,1.0,2024,True,qda,top,manual_weak_top_label,149,"{""reg_param"": 0.2}",ok,0.0
2024-10-14,2024-10-18,499,,0.11717466,0.13518131,0.00319266,0,1,1.0,2024,True,qda,top,manual_weak_top_label,149,"{""reg_param"": 0.2}",ok,0.0
2024-10-21,2024-10-25,500,,0.02520607,0.10732348,-0.01047631,0,1,1.0,2024,True,qda,top,manual_weak_top_label,149,"{""reg_param"": 0.2}",ok,0.0
2024-10-28,2024-11-01,501,,0.01690592,0.11566580,-0.00302147,0,1,1.0,2024,True,qda,top,manual_weak_top_label,149,"{""reg_param"": 0.2}",ok,0.0
2024-11-04,2024-11-08,502,,-0.03642995,0.03005314,-0.08813860,0,1,1.0,2024,True,qda,top,manual_weak_top_label,149,"{""reg_param"": 0.2}",ok,0.0
2024-11-11,2024-11-15,503,,0.03658600,0.04230568,-0.04383568,0,1,1.0,2024,True,qda,top,manual_weak_top_label,149,"{""reg_param"": 0.2}",ok,0.0
2024-11-18,2024-11-22,504,,0.05380991,0.07750633,-0.02876898,0,1,1.0,2024,True,qda,top,manual_weak_top_label,149,"{""reg_param"": 0.2}",ok,0.0
2024-11-25,2024-11-29,505,,0.01335002,0.04988764,-0.01304449,0,1,1.0,2024,True,qda,top,manual_weak_top_label,149,"{""reg_param"": 0.2}",ok,0.0
2024-12-02,2024-12-06,506,,-0.02804199,0.02335069,-0.04911868,0,1,1.0,2024,True,qda,top,manual_weak_top_label,149,"{""reg_param"": 0.2}",ok,0.0
2024-12-09,2024-12-13,507,,-0.11483562,0.00201747,-0.11726568,0,1,1.0,2024,True,qda,top,manual_weak_top_label,149,"{""reg_param"": 0.2}",ok,1.0
2024-02-05,2024-02-08,464,,0.07555759,0.09713014,-0.00856721,1,1,0.018940513302843645,2024,True,lightgbm,top,manual_weak_top_label,149,"{""balanced_bagging"": true, ""is_unbalance"": false, ""learning_rate"": 0.04, ""max_depth"": 3, ""min_child_samples"": 8, ""n_estimators"": 180, ""negative_sample_ratio"": 3.0, ""num_leaves"": 7}",ok,0.0
2024-02-26,2024-03-01,466,,0.03590303,0.05340971,-0.02199081,0,1,0.025647317151858213,2024,True,lightgbm,top,manual_weak_top_label,149,"{""balanced_bagging"": true, ""is_unbalance"": false, ""learning_rate"": 0.04, ""max_depth"": 3, ""min_child_samples"": 8, ""n_estimators"": 180, ""negative_sample_ratio"": 3.0, ""num_leaves"": 7}",ok,0.0
2024-03-11,2024-03-15,468,,-0.00984908,0.02426559,-0.05281548,0,1,0.06623765093463771,2024,True,lightgbm,top,manual_weak_top_label,149,"{""balanced_bagging"": true, ""is_unbalance"": false, ""learning_rate"": 0.04, ""max_depth"": 3, ""min_child_samples"": 8, ""n_estimators"": 180, ""negative_sample_ratio"": 3.0, ""num_leaves"": 7}",ok,0.0
2024-03-18,2024-03-22,469,,-0.04594733,0.00282511,-0.05962685,0,1,0.06224885054950065,2024,True,lightgbm,top,manual_weak_top_label,149,"{""balanced_bagging"": true, ""is_unbalance"": false, ""learning_rate"": 0.04, ""max_depth"": 3, ""min_child_samples"": 8, ""n_estimators"": 180, ""negative_sample_ratio"": 3.0, ""num_leaves"": 7}",ok,0.0
2024-03-25,2024-03-29,470,,-0.03250552,0.02179789,-0.06934423,0,1,0.11028791202314006,2024,True,lightgbm,top,manual_weak_top_label,149,"{""balanced_bagging"": true, ""is_unbalance"": false, ""learning_rate"": 0.04, ""max_depth"": 3, ""min_child_samples"": 8, ""n_estimators"": 180, ""negative_sample_ratio"": 3.0, ""num_leaves"": 7}",ok,0.0
2024-04-01,2024-04-03,471,,-0.01544976,-0.00155047,-0.07943863,0,1,0.08393108124348485,2024,True,lightgbm,top,manual_weak_top_label,149,"{""balanced_bagging"": true, ""is_unbalance"": false, ""learning_rate"": 0.04, ""max_depth"": 3, ""min_child_samples"": 8, ""n_estimators"": 180, ""negative_sample_ratio"": 3.0, ""num_leaves"": 7}",ok,0.0
2024-04-08,2024-04-12,472,,0.02971865,0.03960557,-0.05147797,0,1,0.3773088183451496,2024,True,lightgbm,top,manual_weak_top_label,149,"{""balanced_bagging"": true, ""is_unbalance"": false, ""learning_rate"": 0.04, ""max_depth"": 3, ""min_child_samples"": 8, ""n_estimators"": 180, ""negative_sample_ratio"": 3.0, ""num_leaves"": 7}",ok,0.0
2024-04-29,2024-04-30,475,,-0.02679852,0.02628355,-0.02679870,0,1,0.025510330928661257,2024,True,lightgbm,top,manual_weak_top_label,149,"{""balanced_bagging"": true, ""is_unbalance"": false, ""learning_rate"": 0.04, ""max_depth"": 3, ""min_child_samples"": 8, ""n_estimators"": 180, ""negative_sample_ratio"": 3.0, ""num_leaves"": 7}",ok,0.0
2024-05-06,2024-05-10,476,,-0.03929187,0.00683753,-0.05007757,0,1,0.05771821371105785,2024,True,lightgbm,top,manual_weak_top_label,149,"{""balanced_bagging"": true, ""is_unbalance"": false, ""learning_rate"": 0.04, ""max_depth"": 3, ""min_child_samples"": 8, ""n_estimators"": 180, ""negative_sample_ratio"": 3.0, ""num_leaves"": 7}",ok,0.0
2024-09-23,2024-09-27,496,,0.11934197,0.25322436,0.03331256,0,1,0.024107747318294268,2024,True,lightgbm,top,manual_weak_top_label,149,"{""balanced_bagging"": true, ""is_unbalance"": false, ""learning_rate"": 0.04, ""max_depth"": 3, ""min_child_samples"": 8, ""n_estimators"": 180, ""negative_sample_ratio"": 3.0, ""num_leaves"": 7}",ok,0.0
2024-09-30,2024-09-30,497,,0.04660906,0.12757211,-0.06348100,0,1,0.024281057780802872,2024,True,lightgbm,top,manual_weak_top_label,149,"{""balanced_bagging"": true, ""is_unbalance"": false, ""learning_rate"": 0.04, ""max_depth"": 3, ""min_child_samples"": 8, ""n_estimators"": 180, ""negative_sample_ratio"": 3.0, ""num_leaves"": 7}",ok,0.0
2024-10-08,2024-10-11,498,,0.09479360,0.13749867,-0.01298452,1,1,0.015888721835288236,2024,True,lightgbm,top,manual_weak_top_label,149,"{""balanced_bagging"": true, ""is_unbalance"": false, ""learning_rate"": 0.04, ""max_depth"": 3, ""min_child_samples"": 8, ""n_estimators"": 180, ""negative_sample_ratio"": 3.0, ""num_leaves"": 7}",ok,0.0
2024-10-14,2024-10-18,499,,0.11717466,0.13518131,0.00319266,0,1,0.02888576600495311,2024,True,lightgbm,top,manual_weak_top_label,149,"{""balanced_bagging"": true, ""is_unbalance"": false, ""learning_rate"": 0.04, ""max_depth"": 3, ""min_child_samples"": 8, ""n_estimators"": 180, ""negative_sample_ratio"": 3.0, ""num_leaves"": 7}",ok,0.0
2024-10-21,2024-10-25,500,,0.02520607,0.10732348,-0.01047631,0,1,0.033835358735932124,2024,True,lightgbm,top,manual_weak_top_label,149,"{""balanced_bagging"": true, ""is_unbalance"": false, ""learning_rate"": 0.04, ""max_depth"": 3, ""min_child_samples"": 8, ""n_estimators"": 180, ""negative_sample_ratio"": 3.0, ""num_leaves"": 7}",ok,0.0
2024-10-28,2024-11-01,501,,0.01690592,0.11566580,-0.00302147,0,1,0.2864351929331034,2024,True,lightgbm,top,manual_weak_top_label,149,"{""balanced_bagging"": true, ""is_unbalance"": false, ""learning_rate"": 0.04, ""max_depth"": 3, ""min_child_samples"": 8, ""n_estimators"": 180, ""negative_sample_ratio"": 3.0, ""num_leaves"": 7}",ok,0.0
2024-11-04,2024-11-08,502,,-0.03642995,0.03005314,-0.08813860,0,1,0.4557706573633929,2024,True,lightgbm,top,manual_weak_top_label,149,"{""balanced_bagging"": true, ""is_unbalance"": false, ""learning_rate"": 0.04, ""max_depth"": 3, ""min_child_samples"": 8, ""n_estimators"": 180, ""negative_sample_ratio"": 3.0, ""num_leaves"": 7}",ok,0.0
2024-11-11,2024-11-15,503,,0.03658600,0.04230568,-0.04383568,0,1,0.4777313461688564,2024,True,lightgbm,top,manual_weak_top_label,149,"{""balanced_bagging"": true, ""is_unbalance"": false, ""learning_rate"": 0.04, ""max_depth"": 3, ""min_child_samples"": 8, ""n_estimators"": 180, ""negative_sample_ratio"": 3.0, ""num_leaves"": 7}",ok,0.0
2024-11-18,2024-11-22,504,,0.05380991,0.07750633,-0.02876898,0,1,0.5622843525068671,2024,True,lightgbm,top,manual_weak_top_label,149,"{""balanced_bagging"": true, ""is_unbalance"": false, ""learning_rate"": 0.04, ""max_depth"": 3, ""min_child_samples"": 8, ""n_estimators"": 180, ""negative_sample_ratio"": 3.0, ""num_leaves"": 7}",ok,0.0
2024-11-25,2024-11-29,505,,0.01335002,0.04988764,-0.01304449,0,1,0.3091402138402078,2024,True,lightgbm,top,manual_weak_top_label,149,"{""balanced_bagging"": true, ""is_unbalance"": false, ""learning_rate"": 0.04, ""max_depth"": 3, ""min_child_samples"": 8, ""n_estimators"": 180, ""negative_sample_ratio"": 3.0, ""num_leaves"": 7}",ok,0.0
2024-12-02,2024-12-06,506,,-0.02804199,0.02335069,-0.04911868,0,1,0.2652160244297231,2024,True,lightgbm,top,manual_weak_top_label,149,"{""balanced_bagging"": true, ""is_unbalance"": false, ""learning_rate"": 0.04, ""max_depth"": 3, ""min_child_samples"": 8, ""n_estimators"": 180, ""negative_sample_ratio"": 3.0, ""num_leaves"": 7}",ok,0.0
2024-12-09,2024-12-13,507,,-0.11483562,0.00201747,-0.11726568,0,1,0.4445206742000796,2024,True,lightgbm,top,manual_weak_top_label,149,"{""balanced_bagging"": true, ""is_unbalance"": false, ""learning_rate"": 0.04, ""max_depth"": 3, ""min_child_samples"": 8, ""n_estimators"": 180, ""negative_sample_ratio"": 3.0, ""num_leaves"": 7}",ok,1.0
2024-02-05,2024-02-08,464,,0.07555759,0.09713014,-0.00856721,1,1,0.08526904881000519,2024,True,bp,top,manual_weak_top_label,149,"{""dropout"": 0.15, ""focal_alpha"": 0.8, ""focal_gamma"": 2.5, ""hidden_layers"": [64, 32], ""learning_rate"": 0.0007, ""max_epochs"": 180, ""patience"": 20}",ok,0.0
2024-02-26,2024-03-01,466,,0.03590303,0.05340971,-0.02199081,0,1,0.07820917665958405,2024,True,bp,top,manual_weak_top_label,149,"{""dropout"": 0.15, ""focal_alpha"": 0.8, ""focal_gamma"": 2.5, ""hidden_layers"": [64, 32], ""learning_rate"": 0.0007, ""max_epochs"": 180, ""patience"": 20}",ok,0.0
2024-03-11,2024-03-15,468,,-0.00984908,0.02426559,-0.05281548,0,1,0.07778652012348175,2024,True,bp,top,manual_weak_top_label,149,"{""dropout"": 0.15, ""focal_alpha"": 0.8, ""focal_gamma"": 2.5, ""hidden_layers"": [64, 32], ""learning_rate"": 0.0007, ""max_epochs"": 180, ""patience"": 20}",ok,0.0
2024-03-18,2024-03-22,469,,-0.04594733,0.00282511,-0.05962685,0,1,0.07867623120546341,2024,True,bp,top,manual_weak_top_label,149,"{""dropout"": 0.15, ""focal_alpha"": 0.8, ""focal_gamma"": 2.5, ""hidden_layers"": [64, 32], ""learning_rate"": 0.0007, ""max_epochs"": 180, ""patience"": 20}",ok,0.0
2024-03-25,2024-03-29,470,,-0.03250552,0.02179789,-0.06934423,0,1,0.08118203282356262,2024,True,bp,top,manual_weak_top_label,149,"{""dropout"": 0.15, ""focal_alpha"": 0.8, ""focal_gamma"": 2.5, ""hidden_layers"": [64, 32], ""learning_rate"": 0.0007, ""max_epochs"": 180, ""patience"": 20}",ok,0.0
2024-04-01,2024-04-03,471,,-0.01544976,-0.00155047,-0.07943863,0,1,0.0816168487071991,2024,True,bp,top,manual_weak_top_label,149,"{""dropout"": 0.15, ""focal_alpha"": 0.8, ""focal_gamma"": 2.5, ""hidden_layers"": [64, 32], ""learning_rate"": 0.0007, ""max_epochs"": 180, ""patience"": 20}",ok,0.0
2024-04-08,2024-04-12,472,,0.02971865,0.03960557,-0.05147797,0,1,0.07959198951721191,2024,True,bp,top,manual_weak_top_label,149,"{""dropout"": 0.15, ""focal_alpha"": 0.8, ""focal_gamma"": 2.5, ""hidden_layers"": [64, 32], ""learning_rate"": 0.0007, ""max_epochs"": 180, ""patience"": 20}",ok,0.0
2024-04-29,2024-04-30,475,,-0.02679852,0.02628355,-0.02679870,0,1,0.0781126320362091,2024,True,bp,top,manual_weak_top_label,149,"{""dropout"": 0.15, ""focal_alpha"": 0.8, ""focal_gamma"": 2.5, ""hidden_layers"": [64, 32], ""learning_rate"": 0.0007, ""max_epochs"": 180, ""patience"": 20}",ok,0.0
2024-05-06,2024-05-10,476,,-0.03929187,0.00683753,-0.05007757,0,1,0.10261724144220352,2024,True,bp,top,manual_weak_top_label,149,"{""dropout"": 0.15, ""focal_alpha"": 0.8, ""focal_gamma"": 2.5, ""hidden_layers"": [64, 32], ""learning_rate"": 0.0007, ""max_epochs"": 180, ""patience"": 20}",ok,0.0
2024-09-23,2024-09-27,496,,0.11934197,0.25322436,0.03331256,0,1,0.08598921447992325,2024,True,bp,top,manual_weak_top_label,149,"{""dropout"": 0.15, ""focal_alpha"": 0.8, ""focal_gamma"": 2.5, ""hidden_layers"": [64, 32], ""learning_rate"": 0.0007, ""max_epochs"": 180, ""patience"": 20}",ok,0.0
2024-09-30,2024-09-30,497,,0.04660906,0.12757211,-0.06348100,0,1,0.08319510519504547,2024,True,bp,top,manual_weak_top_label,149,"{""dropout"": 0.15, ""focal_alpha"": 0.8, ""focal_gamma"": 2.5, ""hidden_layers"": [64, 32], ""learning_rate"": 0.0007, ""max_epochs"": 180, ""patience"": 20}",ok,0.0
2024-10-08,2024-10-11,498,,0.09479360,0.13749867,-0.01298452,1,1,0.08985298126935959,2024,True,bp,top,manual_weak_top_label,149,"{""dropout"": 0.15, ""focal_alpha"": 0.8, ""focal_gamma"": 2.5, ""hidden_layers"": [64, 32], ""learning_rate"": 0.0007, ""max_epochs"": 180, ""patience"": 20}",ok,0.0
2024-10-14,2024-10-18,499,,0.11717466,0.13518131,0.00319266,0,1,0.09282457083463669,2024,True,bp,top,manual_weak_top_label,149,"{""dropout"": 0.15, ""focal_alpha"": 0.8, ""focal_gamma"": 2.5, ""hidden_layers"": [64, 32], ""learning_rate"": 0.0007, ""max_epochs"": 180, ""patience"": 20}",ok,0.0
2024-10-21,2024-10-25,500,,0.02520607,0.10732348,-0.01047631,0,1,0.11241962015628815,2024,True,bp,top,manual_weak_top_label,149,"{""dropout"": 0.15, ""focal_alpha"": 0.8, ""focal_gamma"": 2.5, ""hidden_layers"": [64, 32], ""learning_rate"": 0.0007, ""max_epochs"": 180, ""patience"": 20}",ok,0.0
2024-10-28,2024-11-01,501,,0.01690592,0.11566580,-0.00302147,0,1,0.09343191981315613,2024,True,bp,top,manual_weak_top_label,149,"{""dropout"": 0.15, ""focal_alpha"": 0.8, ""focal_gamma"": 2.5, ""hidden_layers"": [64, 32], ""learning_rate"": 0.0007, ""max_epochs"": 180, ""patience"": 20}",ok,0.0
2024-11-04,2024-11-08,502,,-0.03642995,0.03005314,-0.08813860,0,1,0.08079372346401215,2024,True,bp,top,manual_weak_top_label,149,"{""dropout"": 0.15, ""focal_alpha"": 0.8, ""focal_gamma"": 2.5, ""hidden_layers"": [64, 32], ""learning_rate"": 0.0007, ""max_epochs"": 180, ""patience"": 20}",ok,0.0
2024-11-11,2024-11-15,503,,0.03658600,0.04230568,-0.04383568,0,1,0.07608029246330261,2024,True,bp,top,manual_weak_top_label,149,"{""dropout"": 0.15, ""focal_alpha"": 0.8, ""focal_gamma"": 2.5, ""hidden_layers"": [64, 32], ""learning_rate"": 0.0007, ""max_epochs"": 180, ""patience"": 20}",ok,0.0
2024-11-18,2024-11-22,504,,0.05380991,0.07750633,-0.02876898,0,1,0.08354020118713379,2024,True,bp,top,manual_weak_top_label,149,"{""dropout"": 0.15, ""focal_alpha"": 0.8, ""focal_gamma"": 2.5, ""hidden_layers"": [64, 32], ""learning_rate"": 0.0007, ""max_epochs"": 180, ""patience"": 20}",ok,0.0
2024-11-25,2024-11-29,505,,0.01335002,0.04988764,-0.01304449,0,1,0.08606123179197311,2024,True,bp,top,manual_weak_top_label,149,"{""dropout"": 0.15, ""focal_alpha"": 0.8, ""focal_gamma"": 2.5, ""hidden_layers"": [64, 32], ""learning_rate"": 0.0007, ""max_epochs"": 180, ""patience"": 20}",ok,0.0
2024-12-02,2024-12-06,506,,-0.02804199,0.02335069,-0.04911868,0,1,0.09674089401960373,2024,True,bp,top,manual_weak_top_label,149,"{""dropout"": 0.15, ""focal_alpha"": 0.8, ""focal_gamma"": 2.5, ""hidden_layers"": [64, 32], ""learning_rate"": 0.0007, ""max_epochs"": 180, ""patience"": 20}",ok,0.0
2024-12-09,2024-12-13,507,,-0.11483562,0.00201747,-0.11726568,0,1,0.1823456734418869,2024,True,bp,top,manual_weak_top_label,149,"{""dropout"": 0.15, ""focal_alpha"": 0.8, ""focal_gamma"": 2.5, ""hidden_layers"": [64, 32], ""learning_rate"": 0.0007, ""max_epochs"": 180, ""patience"": 20}",ok,1.0
2024-02-05,2024-02-08,464,,0.07555759,0.09713014,-0.00856721,1,1,0.3255346839702465,2024,True,mlp,top,manual_weak_top_label,149,"{""alpha"": 0.0001, ""hidden_layer_sizes"": [32], ""learning_rate_init"": 0.001, ""max_iter"": 500, ""negative_sample_ratio"": 2.0}",ok,0.0
2024-02-26,2024-03-01,466,,0.03590303,0.05340971,-0.02199081,0,1,0.054153379787656074,2024,True,mlp,top,manual_weak_top_label,149,"{""alpha"": 0.0001, ""hidden_layer_sizes"": [32], ""learning_rate_init"": 0.001, ""max_iter"": 500, ""negative_sample_ratio"": 2.0}",ok,0.0
2024-03-11,2024-03-15,468,,-0.00984908,0.02426559,-0.05281548,0,1,0.011478002510869141,2024,True,mlp,top,manual_weak_top_label,149,"{""alpha"": 0.0001, ""hidden_layer_sizes"": [32], ""learning_rate_init"": 0.001, ""max_iter"": 500, ""negative_sample_ratio"": 2.0}",ok,0.0
2024-03-18,2024-03-22,469,,-0.04594733,0.00282511,-0.05962685,0,1,0.11743437218333098,2024,True,mlp,top,manual_weak_top_label,149,"{""alpha"": 0.0001, ""hidden_layer_sizes"": [32], ""learning_rate_init"": 0.001, ""max_iter"": 500, ""negative_sample_ratio"": 2.0}",ok,0.0
2024-03-25,2024-03-29,470,,-0.03250552,0.02179789,-0.06934423,0,1,0.6896836452674812,2024,True,mlp,top,manual_weak_top_label,149,"{""alpha"": 0.0001, ""hidden_layer_sizes"": [32], ""learning_rate_init"": 0.001, ""max_iter"": 500, ""negative_sample_ratio"": 2.0}",ok,0.0
2024-04-01,2024-04-03,471,,-0.01544976,-0.00155047,-0.07943863,0,1,0.5686969360449562,2024,True,mlp,top,manual_weak_top_label,149,"{""alpha"": 0.0001, ""hidden_layer_sizes"": [32], ""learning_rate_init"": 0.001, ""max_iter"": 500, ""negative_sample_ratio"": 2.0}",ok,0.0
2024-04-08,2024-04-12,472,,0.02971865,0.03960557,-0.05147797,0,1,0.17484172392686792,2024,True,mlp,top,manual_weak_top_label,149,"{""alpha"": 0.0001, ""hidden_layer_sizes"": [32], ""learning_rate_init"": 0.001, ""max_iter"": 500, ""negative_sample_ratio"": 2.0}",ok,0.0
2024-04-29,2024-04-30,475,,-0.02679852,0.02628355,-0.02679870,0,1,0.16906719545764415,2024,True,mlp,top,manual_weak_top_label,149,"{""alpha"": 0.0001, ""hidden_layer_sizes"": [32], ""learning_rate_init"": 0.001, ""max_iter"": 500, ""negative_sample_ratio"": 2.0}",ok,0.0
2024-05-06,2024-05-10,476,,-0.03929187,0.00683753,-0.05007757,0,1,0.6466532307858623,2024,True,mlp,top,manual_weak_top_label,149,"{""alpha"": 0.0001, ""hidden_layer_sizes"": [32], ""learning_rate_init"": 0.001, ""max_iter"": 500, ""negative_sample_ratio"": 2.0}",ok,0.0
2024-09-23,2024-09-27,496,,0.11934197,0.25322436,0.03331256,0,1,0.7499673284856065,2024,True,mlp,top,manual_weak_top_label,149,"{""alpha"": 0.0001, ""hidden_layer_sizes"": [32], ""learning_rate_init"": 0.001, ""max_iter"": 500, ""negative_sample_ratio"": 2.0}",ok,0.0
2024-09-30,2024-09-30,497,,0.04660906,0.12757211,-0.06348100,0,1,0.14049923357647418,2024,True,mlp,top,manual_weak_top_label,149,"{""alpha"": 0.0001, ""hidden_layer_sizes"": [32], ""learning_rate_init"": 0.001, ""max_iter"": 500, ""negative_sample_ratio"": 2.0}",ok,0.0
2024-10-08,2024-10-11,498,,0.09479360,0.13749867,-0.01298452,1,1,0.8128706338427942,2024,True,mlp,top,manual_weak_top_label,149,"{""alpha"": 0.0001, ""hidden_layer_sizes"": [32], ""learning_rate_init"": 0.001, ""max_iter"": 500, ""negative_sample_ratio"": 2.0}",ok,0.0
2024-10-14,2024-10-18,499,,0.11717466,0.13518131,0.00319266,0,1,0.3090108699087376,2024,True,mlp,top,manual_weak_top_label,149,"{""alpha"": 0.0001, ""hidden_layer_sizes"": [32], ""learning_rate_init"": 0.001, ""max_iter"": 500, ""negative_sample_ratio"": 2.0}",ok,0.0
2024-10-21,2024-10-25,500,,0.02520607,0.10732348,-0.01047631,0,1,0.2866917764692053,2024,True,mlp,top,manual_weak_top_label,149,"{""alpha"": 0.0001, ""hidden_layer_sizes"": [32], ""learning_rate_init"": 0.001, ""max_iter"": 500, ""negative_sample_ratio"": 2.0}",ok,0.0
2024-10-28,2024-11-01,501,,0.01690592,0.11566580,-0.00302147,0,1,0.5514356161613851,2024,True,mlp,top,manual_weak_top_label,149,"{""alpha"": 0.0001, ""hidden_layer_sizes"": [32], ""learning_rate_init"": 0.001, ""max_iter"": 500, ""negative_sample_ratio"": 2.0}",ok,0.0
2024-11-04,2024-11-08,502,,-0.03642995,0.03005314,-0.08813860,0,1,0.15355023714071786,2024,True,mlp,top,manual_weak_top_label,149,"{""alpha"": 0.0001, ""hidden_layer_sizes"": [32], ""learning_rate_init"": 0.001, ""max_iter"": 500, ""negative_sample_ratio"": 2.0}",ok,0.0
2024-11-11,2024-11-15,503,,0.03658600,0.04230568,-0.04383568,0,1,0.6141238509354028,2024,True,mlp,top,manual_weak_top_label,149,"{""alpha"": 0.0001, ""hidden_layer_sizes"": [32], ""learning_rate_init"": 0.001, ""max_iter"": 500, ""negative_sample_ratio"": 2.0}",ok,0.0
2024-11-18,2024-11-22,504,,0.05380991,0.07750633,-0.02876898,0,1,0.5971664891156611,2024,True,mlp,top,manual_weak_top_label,149,"{""alpha"": 0.0001, ""hidden_layer_sizes"": [32], ""learning_rate_init"": 0.001, ""max_iter"": 500, ""negative_sample_ratio"": 2.0}",ok,0.0
2024-11-25,2024-11-29,505,,0.01335002,0.04988764,-0.01304449,0,1,0.7670883340469544,2024,True,mlp,top,manual_weak_top_label,149,"{""alpha"": 0.0001, ""hidden_layer_sizes"": [32], ""learning_rate_init"": 0.001, ""max_iter"": 500, ""negative_sample_ratio"": 2.0}",ok,0.0
2024-12-02,2024-12-06,506,,-0.02804199,0.02335069,-0.04911868,0,1,0.5073570324565081,2024,True,mlp,top,manual_weak_top_label,149,"{""alpha"": 0.0001, ""hidden_layer_sizes"": [32], ""learning_rate_init"": 0.001, ""max_iter"": 500, ""negative_sample_ratio"": 2.0}",ok,0.0
2024-12-09,2024-12-13,507,,-0.11483562,0.00201747,-0.11726568,0,1,0.23691470262922826,2024,True,mlp,top,manual_weak_top_label,149,"{""alpha"": 0.0001, ""hidden_layer_sizes"": [32], ""learning_rate_init"": 0.001, ""max_iter"": 500, ""negative_sample_ratio"": 2.0}",ok,1.0
2024-02-05,2024-02-08,464,,0.07555759,0.09713014,-0.00856721,1,1,0.12943509256291316,2024,True,svm,top,manual_weak_top_label,149,"{""C"": 0.5, ""gamma"": ""scale""}",ok,0.0
2024-02-26,2024-03-01,466,,0.03590303,0.05340971,-0.02199081,0,1,0.10379493780083586,2024,True,svm,top,manual_weak_top_label,149,"{""C"": 0.5, ""gamma"": ""scale""}",ok,0.0
2024-03-11,2024-03-15,468,,-0.00984908,0.02426559,-0.05281548,0,1,0.1214122127273611,2024,True,svm,top,manual_weak_top_label,149,"{""C"": 0.5, ""gamma"": ""scale""}",ok,0.0
2024-03-18,2024-03-22,469,,-0.04594733,0.00282511,-0.05962685,0,1,0.11835485232262033,2024,True,svm,top,manual_weak_top_label,149,"{""C"": 0.5, ""gamma"": ""scale""}",ok,0.0
2024-03-25,2024-03-29,470,,-0.03250552,0.02179789,-0.06934423,0,1,0.11413473475598256,2024,True,svm,top,manual_weak_top_label,149,"{""C"": 0.5, ""gamma"": ""scale""}",ok,0.0
2024-04-01,2024-04-03,471,,-0.01544976,-0.00155047,-0.07943863,0,1,0.10678344830285223,2024,True,svm,top,manual_weak_top_label,149,"{""C"": 0.5, ""gamma"": ""scale""}",ok,0.0
2024-04-08,2024-04-12,472,,0.02971865,0.03960557,-0.05147797,0,1,0.1490250399796583,2024,True,svm,top,manual_weak_top_label,149,"{""C"": 0.5, ""gamma"": ""scale""}",ok,0.0
2024-04-29,2024-04-30,475,,-0.02679852,0.02628355,-0.02679870,0,1,0.1320370479407488,2024,True,svm,top,manual_weak_top_label,149,"{""C"": 0.5, ""gamma"": ""scale""}",ok,0.0
2024-05-06,2024-05-10,476,,-0.03929187,0.00683753,-0.05007757,0,1,0.13493650198730625,2024,True,svm,top,manual_weak_top_label,149,"{""C"": 0.5, ""gamma"": ""scale""}",ok,0.0
2024-09-23,2024-09-27,496,,0.11934197,0.25322436,0.03331256,0,1,0.14375760316917985,2024,True,svm,top,manual_weak_top_label,149,"{""C"": 0.5, ""gamma"": ""scale""}",ok,0.0
2024-09-30,2024-09-30,497,,0.04660906,0.12757211,-0.06348100,0,1,0.14659797514695685,2024,True,svm,top,manual_weak_top_label,149,"{""C"": 0.5, ""gamma"": ""scale""}",ok,0.0
2024-10-08,2024-10-11,498,,0.09479360,0.13749867,-0.01298452,1,1,0.14480625469925218,2024,True,svm,top,manual_weak_top_label,149,"{""C"": 0.5, ""gamma"": ""scale""}",ok,0.0
2024-10-14,2024-10-18,499,,0.11717466,0.13518131,0.00319266,0,1,0.1452622292134314,2024,True,svm,top,manual_weak_top_label,149,"{""C"": 0.5, ""gamma"": ""scale""}",ok,0.0
2024-10-21,2024-10-25,500,,0.02520607,0.10732348,-0.01047631,0,1,0.1442476131186835,2024,True,svm,top,manual_weak_top_label,149,"{""C"": 0.5, ""gamma"": ""scale""}",ok,0.0
2024-10-28,2024-11-01,501,,0.01690592,0.11566580,-0.00302147,0,1,0.1385054428006585,2024,True,svm,top,manual_weak_top_label,149,"{""C"": 0.5, ""gamma"": ""scale""}",ok,0.0
2024-11-04,2024-11-08,502,,-0.03642995,0.03005314,-0.08813860,0,1,0.1414816409121538,2024,True,svm,top,manual_weak_top_label,149,"{""C"": 0.5, ""gamma"": ""scale""}",ok,0.0
2024-11-11,2024-11-15,503,,0.03658600,0.04230568,-0.04383568,0,1,0.13378484181279762,2024,True,svm,top,manual_weak_top_label,149,"{""C"": 0.5, ""gamma"": ""scale""}",ok,0.0
2024-11-18,2024-11-22,504,,0.05380991,0.07750633,-0.02876898,0,1,0.12677836540821022,2024,True,svm,top,manual_weak_top_label,149,"{""C"": 0.5, ""gamma"": ""scale""}",ok,0.0
2024-11-25,2024-11-29,505,,0.01335002,0.04988764,-0.01304449,0,1,0.13133934734872235,2024,True,svm,top,manual_weak_top_label,149,"{""C"": 0.5, ""gamma"": ""scale""}",ok,0.0
2024-12-02,2024-12-06,506,,-0.02804199,0.02335069,-0.04911868,0,1,0.1189258343421695,2024,True,svm,top,manual_weak_top_label,149,"{""C"": 0.5, ""gamma"": ""scale""}",ok,0.0
2024-12-09,2024-12-13,507,,-0.11483562,0.00201747,-0.11726568,0,1,0.1498763027133053,2024,True,svm,top,manual_weak_top_label,149,"{""C"": 0.5, ""gamma"": ""scale""}",ok,1.0
2024-12-30,2025-01-03,510,1.0,0.05562833,0.06517731,-0.02981205,1,0,0.31478325995551637,2025,True,logistic,bottom,manual_weak_bottom_label,186,"{""C"": 0.3}",ok,
2025-01-06,2025-01-10,511,1.0,0.05431155,0.08060158,-0.01576327,1,0,0.5871196142903656,2025,True,logistic,bottom,manual_weak_bottom_label,186,"{""C"": 0.3}",ok,
2025-01-13,2025-01-17,512,1.0,0.05006923,0.06114382,-0.00447037,1,0,0.10306222422014819,2025,True,logistic,bottom,manual_weak_bottom_label,186,"{""C"": 0.3}",ok,
2025-04-07,2025-04-11,524,0.0,0.01499935,0.02577314,-0.01765928,1,0,0.1104320358565125,2025,True,logistic,bottom,manual_weak_bottom_label,186,"{""C"": 0.3}",ok,
2025-04-14,2025-04-18,525,0.0,0.04293698,0.06232365,-0.00494745,1,0,0.7652975253934206,2025,True,logistic,bottom,manual_weak_bottom_label,186,"{""C"": 0.3}",ok,
2025-04-28,2025-04-30,527,0.0,0.00664827,0.04543238,0.00664827,1,0,0.7175517664195504,2025,True,logistic,bottom,manual_weak_bottom_label,186,"{""C"": 0.3}",ok,
2024-12-30,2025-01-03,510,1.0,0.05562833,0.06517731,-0.02981205,1,0,0.07253418731856687,2025,True,lda,bottom,manual_weak_bottom_label,186,"{""shrinkage"": 0.5, ""solver"": ""lsqr""}",ok,
2025-01-06,2025-01-10,511,1.0,0.05431155,0.08060158,-0.01576327,1,0,0.1630810768194416,2025,True,lda,bottom,manual_weak_bottom_label,186,"{""shrinkage"": 0.5, ""solver"": ""lsqr""}",ok,
2025-01-13,2025-01-17,512,1.0,0.05006923,0.06114382,-0.00447037,1,0,0.001158954671475635,2025,True,lda,bottom,manual_weak_bottom_label,186,"{""shrinkage"": 0.5, ""solver"": ""lsqr""}",ok,
2025-04-07,2025-04-11,524,0.0,0.01499935,0.02577314,-0.01765928,1,0,0.004108134229436247,2025,True,lda,bottom,manual_weak_bottom_label,186,"{""shrinkage"": 0.5, ""solver"": ""lsqr""}",ok,
2025-04-14,2025-04-18,525,0.0,0.04293698,0.06232365,-0.00494745,1,0,0.2556150862833989,2025,True,lda,bottom,manual_weak_bottom_label,186,"{""shrinkage"": 0.5, ""solver"": ""lsqr""}",ok,
2025-04-28,2025-04-30,527,0.0,0.00664827,0.04543238,0.00664827,1,0,0.3911452657089417,2025,True,lda,bottom,manual_weak_bottom_label,186,"{""shrinkage"": 0.5, ""solver"": ""lsqr""}",ok,
2024-12-30,2025-01-03,510,1.0,0.05562833,0.06517731,-0.02981205,1,0,0.9811237581024839,2025,True,qda,bottom,manual_weak_bottom_label,186,"{""reg_param"": 0.2}",ok,
2025-01-06,2025-01-10,511,1.0,0.05431155,0.08060158,-0.01576327,1,0,1.0,2025,True,qda,bottom,manual_weak_bottom_label,186,"{""reg_param"": 0.2}",ok,
2025-01-13,2025-01-17,512,1.0,0.05006923,0.06114382,-0.00447037,1,0,0.9999999999999194,2025,True,qda,bottom,manual_weak_bottom_label,186,"{""reg_param"": 0.2}",ok,
2025-04-07,2025-04-11,524,0.0,0.01499935,0.02577314,-0.01765928,1,0,1.0,2025,True,qda,bottom,manual_weak_bottom_label,186,"{""reg_param"": 0.2}",ok,
2025-04-14,2025-04-18,525,0.0,0.04293698,0.06232365,-0.00494745,1,0,1.0,2025,True,qda,bottom,manual_weak_bottom_label,186,"{""reg_param"": 0.2}",ok,
2025-04-28,2025-04-30,527,0.0,0.00664827,0.04543238,0.00664827,1,0,1.0,2025,True,qda,bottom,manual_weak_bottom_label,186,"{""reg_param"": 0.2}",ok,
2024-12-30,2025-01-03,510,1.0,0.05562833,0.06517731,-0.02981205,1,0,0.0667349358593908,2025,True,lightgbm,bottom,manual_weak_bottom_label,186,"{""balanced_bagging"": true, ""is_unbalance"": false, ""learning_rate"": 0.04, ""max_depth"": 3, ""min_child_samples"": 8, ""n_estimators"": 180, ""negative_sample_ratio"": 3.0, ""num_leaves"": 7}",ok,
2025-01-06,2025-01-10,511,1.0,0.05431155,0.08060158,-0.01576327,1,0,0.024242705600781476,2025,True,lightgbm,bottom,manual_weak_bottom_label,186,"{""balanced_bagging"": true, ""is_unbalance"": false, ""learning_rate"": 0.04, ""max_depth"": 3, ""min_child_samples"": 8, ""n_estimators"": 180, ""negative_sample_ratio"": 3.0, ""num_leaves"": 7}",ok,
2025-01-13,2025-01-17,512,1.0,0.05006923,0.06114382,-0.00447037,1,0,0.013790875223811547,2025,True,lightgbm,bottom,manual_weak_bottom_label,186,"{""balanced_bagging"": true, ""is_unbalance"": false, ""learning_rate"": 0.04, ""max_depth"": 3, ""min_child_samples"": 8, ""n_estimators"": 180, ""negative_sample_ratio"": 3.0, ""num_leaves"": 7}",ok,
2025-04-07,2025-04-11,524,0.0,0.01499935,0.02577314,-0.01765928,1,0,0.03826662273174909,2025,True,lightgbm,bottom,manual_weak_bottom_label,186,"{""balanced_bagging"": true, ""is_unbalance"": false, ""learning_rate"": 0.04, ""max_depth"": 3, ""min_child_samples"": 8, ""n_estimators"": 180, ""negative_sample_ratio"": 3.0, ""num_leaves"": 7}",ok,
2025-04-14,2025-04-18,525,0.0,0.04293698,0.06232365,-0.00494745,1,0,0.03508385890587273,2025,True,lightgbm,bottom,manual_weak_bottom_label,186,"{""balanced_bagging"": true, ""is_unbalance"": false, ""learning_rate"": 0.04, ""max_depth"": 3, ""min_child_samples"": 8, ""n_estimators"": 180, ""negative_sample_ratio"": 3.0, ""num_leaves"": 7}",ok,
2025-04-28,2025-04-30,527,0.0,0.00664827,0.04543238,0.00664827,1,0,0.050123988420458704,2025,True,lightgbm,bottom,manual_weak_bottom_label,186,"{""balanced_bagging"": true, ""is_unbalance"": false, ""learning_rate"": 0.04, ""max_depth"": 3, ""min_child_samples"": 8, ""n_estimators"": 180, ""negative_sample_ratio"": 3.0, ""num_leaves"": 7}",ok,
2024-12-30,2025-01-03,510,1.0,0.05562833,0.06517731,-0.02981205,1,0,0.09306784719228745,2025,True,bp,bottom,manual_weak_bottom_label,186,"{""dropout"": 0.1, ""focal_alpha"": 0.75, ""focal_gamma"": 2.0, ""hidden_layers"": [48, 24], ""learning_rate"": 0.001, ""max_epochs"": 160, ""patience"": 18}",ok,
2025-01-06,2025-01-10,511,1.0,0.05431155,0.08060158,-0.01576327,1,0,0.2891058921813965,2025,True,bp,bottom,manual_weak_bottom_label,186,"{""dropout"": 0.1, ""focal_alpha"": 0.75, ""focal_gamma"": 2.0, ""hidden_layers"": [48, 24], ""learning_rate"": 0.001, ""max_epochs"": 160, ""patience"": 18}",ok,
2025-01-13,2025-01-17,512,1.0,0.05006923,0.06114382,-0.00447037,1,0,0.08399846404790878,2025,True,bp,bottom,manual_weak_bottom_label,186,"{""dropout"": 0.1, ""focal_alpha"": 0.75, ""focal_gamma"": 2.0, ""hidden_layers"": [48, 24], ""learning_rate"": 0.001, ""max_epochs"": 160, ""patience"": 18}",ok,
2025-04-07,2025-04-11,524,0.0,0.01499935,0.02577314,-0.01765928,1,0,0.08253462612628937,2025,True,bp,bottom,manual_weak_bottom_label,186,"{""dropout"": 0.1, ""focal_alpha"": 0.75, ""focal_gamma"": 2.0, ""hidden_layers"": [48, 24], ""learning_rate"": 0.001, ""max_epochs"": 160, ""patience"": 18}",ok,
2025-04-14,2025-04-18,525,0.0,0.04293698,0.06232365,-0.00494745,1,0,0.07333866506814957,2025,True,bp,bottom,manual_weak_bottom_label,186,"{""dropout"": 0.1, ""focal_alpha"": 0.75, ""focal_gamma"": 2.0, ""hidden_layers"": [48, 24], ""learning_rate"": 0.001, ""max_epochs"": 160, ""patience"": 18}",ok,
2025-04-28,2025-04-30,527,0.0,0.00664827,0.04543238,0.00664827,1,0,0.06912922114133835,2025,True,bp,bottom,manual_weak_bottom_label,186,"{""dropout"": 0.1, ""focal_alpha"": 0.75, ""focal_gamma"": 2.0, ""hidden_layers"": [48, 24], ""learning_rate"": 0.001, ""max_epochs"": 160, ""patience"": 18}",ok,
2024-12-30,2025-01-03,510,1.0,0.05562833,0.06517731,-0.02981205,1,0,0.08016905726323964,2025,True,mlp,bottom,manual_weak_bottom_label,186,"{""alpha"": 0.001, ""hidden_layer_sizes"": [64, 32], ""learning_rate_init"": 0.0007, ""max_iter"": 700, ""negative_sample_ratio"": 5.0}",ok,
2025-01-06,2025-01-10,511,1.0,0.05431155,0.08060158,-0.01576327,1,0,0.11819622946238069,2025,True,mlp,bottom,manual_weak_bottom_label,186,"{""alpha"": 0.001, ""hidden_layer_sizes"": [64, 32], ""learning_rate_init"": 0.0007, ""max_iter"": 700, ""negative_sample_ratio"": 5.0}",ok,
2025-01-13,2025-01-17,512,1.0,0.05006923,0.06114382,-0.00447037,1,0,0.03799518250721163,2025,True,mlp,bottom,manual_weak_bottom_label,186,"{""alpha"": 0.001, ""hidden_layer_sizes"": [64, 32], ""learning_rate_init"": 0.0007, ""max_iter"": 700, ""negative_sample_ratio"": 5.0}",ok,
2025-04-07,2025-04-11,524,0.0,0.01499935,0.02577314,-0.01765928,1,0,0.005545091035264876,2025,True,mlp,bottom,manual_weak_bottom_label,186,"{""alpha"": 0.001, ""hidden_layer_sizes"": [64, 32], ""learning_rate_init"": 0.0007, ""max_iter"": 700, ""negative_sample_ratio"": 5.0}",ok,
2025-04-14,2025-04-18,525,0.0,0.04293698,0.06232365,-0.00494745,1,0,0.014335736081213198,2025,True,mlp,bottom,manual_weak_bottom_label,186,"{""alpha"": 0.001, ""hidden_layer_sizes"": [64, 32], ""learning_rate_init"": 0.0007, ""max_iter"": 700, ""negative_sample_ratio"": 5.0}",ok,
2025-04-28,2025-04-30,527,0.0,0.00664827,0.04543238,0.00664827,1,0,0.012203011425223852,2025,True,mlp,bottom,manual_weak_bottom_label,186,"{""alpha"": 0.001, ""hidden_layer_sizes"": [64, 32], ""learning_rate_init"": 0.0007, ""max_iter"": 700, ""negative_sample_ratio"": 5.0}",ok,
2024-12-30,2025-01-03,510,1.0,0.05562833,0.06517731,-0.02981205,1,0,0.19844845844613843,2025,True,svm,bottom,manual_weak_bottom_label,186,"{""C"": 0.5, ""gamma"": ""scale""}",ok,
2025-01-06,2025-01-10,511,1.0,0.05431155,0.08060158,-0.01576327,1,0,0.22069745369138644,2025,True,svm,bottom,manual_weak_bottom_label,186,"{""C"": 0.5, ""gamma"": ""scale""}",ok,
2025-01-13,2025-01-17,512,1.0,0.05006923,0.06114382,-0.00447037,1,0,0.1942029251716854,2025,True,svm,bottom,manual_weak_bottom_label,186,"{""C"": 0.5, ""gamma"": ""scale""}",ok,
2025-04-07,2025-04-11,524,0.0,0.01499935,0.02577314,-0.01765928,1,0,0.23610463377156476,2025,True,svm,bottom,manual_weak_bottom_label,186,"{""C"": 0.5, ""gamma"": ""scale""}",ok,
2025-04-14,2025-04-18,525,0.0,0.04293698,0.06232365,-0.00494745,1,0,0.1478464198925197,2025,True,svm,bottom,manual_weak_bottom_label,186,"{""C"": 0.5, ""gamma"": ""scale""}",ok,
2025-04-28,2025-04-30,527,0.0,0.00664827,0.04543238,0.00664827,1,0,0.19016212954235495,2025,True,svm,bottom,manual_weak_bottom_label,186,"{""C"": 0.5, ""gamma"": ""scale""}",ok,
2025-02-05,2025-02-07,515,,0.02223065,0.06782544,-0.00350013,0,1,0.03141912521989396,2025,True,logistic,top,manual_weak_top_label,169,"{""C"": 3.0}",ok,0.0
2025-02-10,2025-02-14,516,,0.04143652,0.05266838,-0.02180406,0,1,8.1644397059697e-07,2025,True,logistic,top,manual_weak_top_label,169,"{""C"": 3.0}",ok,0.0
2025-02-17,2025-02-21,517,,0.01890815,0.02840030,-0.03588305,0,1,9.470204722532331e-07,2025,True,logistic,top,manual_weak_top_label,169,"{""C"": 3.0}",ok,0.0
2025-02-24,2025-02-28,518,,0.02156028,0.05939603,-0.00839003,0,1,1.3128412593452678e-08,2025,True,logistic,top,manual_weak_top_label,169,"{""C"": 3.0}",ok,0.0
2025-03-03,2025-03-07,519,,-0.03679358,0.02075859,-0.04039743,0,1,4.1836114624950825e-05,2025,True,logistic,top,manual_weak_top_label,169,"{""C"": 3.0}",ok,0.0
2025-03-10,2025-03-14,520,,-0.05598911,0.01090917,-0.06506009,0,1,3.160783910157196e-07,2025,True,logistic,top,manual_weak_top_label,169,"{""C"": 3.0}",ok,1.0
2025-03-17,2025-03-21,521,,-0.08483547,0.00107827,-0.18431310,0,1,0.005920230473573318,2025,True,logistic,top,manual_weak_top_label,169,"{""C"": 3.0}",ok,1.0
2025-03-31,2025-04-03,523,,-0.04251879,-0.03062617,-0.15770490,0,1,1.6773002608615812e-07,2025,True,logistic,top,manual_weak_top_label,169,"{""C"": 3.0}",ok,0.0
2025-05-06,2025-05-09,528,,-0.00912878,0.02274928,-0.01820676,0,1,1.025478306747923e-07,2025,True,logistic,top,manual_weak_top_label,169,"{""C"": 3.0}",ok,0.0
2025-05-12,2025-05-16,529,,0.01396282,0.01758915,-0.01594729,0,1,0.0020844704594837012,2025,True,logistic,top,manual_weak_top_label,169,"{""C"": 3.0}",ok,0.0
2025-05-19,2025-05-23,530,,0.01942226,0.03951934,-0.00305993,0,1,2.2153843363979806e-08,2025,True,logistic,top,manual_weak_top_label,169,"{""C"": 3.0}",ok,0.0
2025-05-26,2025-05-30,531,,-0.00447502,0.03315706,-0.00480705,0,1,3.7495281276216733e-07,2025,True,logistic,top,manual_weak_top_label,169,"{""C"": 3.0}",ok,0.0
2025-06-03,2025-06-06,532,,0.02016823,0.02703075,-0.03042202,0,1,2.8546791844201087e-06,2025,True,logistic,top,manual_weak_top_label,169,"{""C"": 3.0}",ok,0.0
2025-06-09,2025-06-13,533,,0.03376822,0.04406463,-0.02298474,0,1,6.80487703017348e-10,2025,True,logistic,top,manual_weak_top_label,169,"{""C"": 3.0}",ok,0.0
2025-06-16,2025-06-20,534,,0.07692341,0.08131371,-0.00565505,0,1,1.6179008279568176e-07,2025,True,logistic,top,manual_weak_top_label,169,"{""C"": 3.0}",ok,0.0
2025-06-23,2025-06-27,535,,0.04383300,0.04570382,0.00128454,0,1,0.0009243064698778312,2025,True,logistic,top,manual_weak_top_label,169,"{""C"": 3.0}",ok,0.0
2025-06-30,2025-07-04,536,,0.06248427,0.06408323,-0.00132046,0,1,7.221436283989316e-08,2025,True,logistic,top,manual_weak_top_label,169,"{""C"": 3.0}",ok,0.0
2025-07-07,2025-07-11,537,,0.03240501,0.04841033,-0.01231106,0,1,9.146397265081361e-07,2025,True,logistic,top,manual_weak_top_label,169,"{""C"": 3.0}",ok,0.0
2025-07-14,2025-07-18,538,,0.04365885,0.04951455,0.00045314,0,1,2.293691091542262e-09,2025,True,logistic,top,manual_weak_top_label,169,"{""C"": 3.0}",ok,0.0
2025-07-21,2025-07-25,539,,0.06126657,0.06126791,-0.01203022,0,1,9.918030434446287e-08,2025,True,logistic,top,manual_weak_top_label,169,"{""C"": 3.0}",ok,0.0
2025-07-28,2025-08-01,540,,0.10381094,0.10381094,-0.00589883,0,1,1.0656723537481964e-08,2025,True,logistic,top,manual_weak_top_label,169,"{""C"": 3.0}",ok,0.0
2025-08-04,2025-08-08,541,,0.08782328,0.10634823,0.00181950,0,1,0.0003246478781117948,2025,True,logistic,top,manual_weak_top_label,169,"{""C"": 3.0}",ok,0.0
2025-08-11,2025-08-15,542,,0.01800716,0.06292265,-0.02498574,0,1,5.2864073784284375e-09,2025,True,logistic,top,manual_weak_top_label,169,"{""C"": 3.0}",ok,0.0
2025-08-18,2025-08-22,543,,0.00814131,0.02749078,-0.05748723,0,1,0.003649024285880603,2025,True,logistic,top,manual_weak_top_label,169,"{""C"": 3.0}",ok,0.0
2025-08-25,2025-08-29,544,,-0.00006560,0.03055557,-0.06708343,0,1,1.2638929908711548e-05,2025,True,logistic,top,manual_weak_top_label,169,"{""C"": 3.0}",ok,0.0
2025-09-01,2025-09-05,545,,0.02096729,0.05800750,-0.01164641,0,1,1.7367095494991594e-07,2025,True,logistic,top,manual_weak_top_label,169,"{""C"": 3.0}",ok,0.0
2025-09-08,2025-09-12,546,,0.02048786,0.03274819,-0.02171905,0,1,3.3249226074166683e-06,2025,True,logistic,top,manual_weak_top_label,169,"{""C"": 3.0}",ok,0.0
2025-09-15,2025-09-19,547,,0.01285676,0.03132241,-0.02373199,0,1,1.7389789814813895e-10,2025,True,logistic,top,manual_weak_top_label,169,"{""C"": 3.0}",ok,0.0
2025-09-22,2025-09-26,548,,-0.02867299,0.03698259,-0.02982458,0,1,0.00021603132407028059,2025,True,logistic,top,manual_weak_top_label,169,"{""C"": 3.0}",ok,0.0
2025-09-29,2025-09-30,549,,-0.02055825,0.01270079,-0.05254204,0,1,0.002811335616310575,2025,True,logistic,top,manual_weak_top_label,169,"{""C"": 3.0}",ok,0.0
2025-10-09,2025-10-10,550,,-0.00360309,0.01035411,-0.04736787,0,1,0.9382700449595353,2025,True,logistic,top,manual_weak_top_label,169,"{""C"": 3.0}",ok,0.0
2025-10-27,2025-10-31,553,,-0.05847755,0.01308382,-0.05847755,0,1,0.1337211053777717,2025,True,logistic,top,manual_weak_top_label,169,"{""C"": 3.0}",ok,1.0
2025-12-29,2025-12-31,562,,0.11526348,0.11629202,0.00374759,0,1,3.829199672777609e-05,2025,True,logistic,top,manual_weak_top_label,169,"{""C"": 3.0}",ok,0.0
2025-02-05,2025-02-07,515,,0.02223065,0.06782544,-0.00350013,0,1,1.9251483191457355e-08,2025,True,lda,top,manual_weak_top_label,169,"{""shrinkage"": ""auto"", ""solver"": ""lsqr""}",ok,0.0
2025-02-10,2025-02-14,516,,0.04143652,0.05266838,-0.02180406,0,1,1.217253325545833e-15,2025,True,lda,top,manual_weak_top_label,169,"{""shrinkage"": ""auto"", ""solver"": ""lsqr""}",ok,0.0
2025-02-17,2025-02-21,517,,0.01890815,0.02840030,-0.03588305,0,1,2.7725467371469087e-08,2025,True,lda,top,manual_weak_top_label,169,"{""shrinkage"": ""auto"", ""solver"": ""lsqr""}",ok,0.0
2025-02-24,2025-02-28,518,,0.02156028,0.05939603,-0.00839003,0,1,8.087606607806794e-17,2025,True,lda,top,manual_weak_top_label,169,"{""shrinkage"": ""auto"", ""solver"": ""lsqr""}",ok,0.0
2025-03-03,2025-03-07,519,,-0.03679358,0.02075859,-0.04039743,0,1,1.2594045059660418e-07,2025,True,lda,top,manual_weak_top_label,169,"{""shrinkage"": ""auto"", ""solver"": ""lsqr""}",ok,0.0
2025-03-10,2025-03-14,520,,-0.05598911,0.01090917,-0.06506009,0,1,1.6802910053254677e-13,2025,True,lda,top,manual_weak_top_label,169,"{""shrinkage"": ""auto"", ""solver"": ""lsqr""}",ok,1.0
2025-03-17,2025-03-21,521,,-0.08483547,0.00107827,-0.18431310,0,1,4.4543661053734596e-05,2025,True,lda,top,manual_weak_top_label,169,"{""shrinkage"": ""auto"", ""solver"": ""lsqr""}",ok,1.0
2025-03-31,2025-04-03,523,,-0.04251879,-0.03062617,-0.15770490,0,1,1.959106881784212e-11,2025,True,lda,top,manual_weak_top_label,169,"{""shrinkage"": ""auto"", ""solver"": ""lsqr""}",ok,0.0
2025-05-06,2025-05-09,528,,-0.00912878,0.02274928,-0.01820676,0,1,2.253467503539021e-09,2025,True,lda,top,manual_weak_top_label,169,"{""shrinkage"": ""auto"", ""solver"": ""lsqr""}",ok,0.0
2025-05-12,2025-05-16,529,,0.01396282,0.01758915,-0.01594729,0,1,1.775341787453706e-05,2025,True,lda,top,manual_weak_top_label,169,"{""shrinkage"": ""auto"", ""solver"": ""lsqr""}",ok,0.0
2025-05-19,2025-05-23,530,,0.01942226,0.03951934,-0.00305993,0,1,1.7806775673098696e-13,2025,True,lda,top,manual_weak_top_label,169,"{""shrinkage"": ""auto"", ""solver"": ""lsqr""}",ok,0.0
2025-05-26,2025-05-30,531,,-0.00447502,0.03315706,-0.00480705,0,1,1.3717017471695586e-13,2025,True,lda,top,manual_weak_top_label,169,"{""shrinkage"": ""auto"", ""solver"": ""lsqr""}",ok,0.0
2025-06-03,2025-06-06,532,,0.02016823,0.02703075,-0.03042202,0,1,5.607117420107461e-11,2025,True,lda,top,manual_weak_top_label,169,"{""shrinkage"": ""auto"", ""solver"": ""lsqr""}",ok,0.0
2025-06-09,2025-06-13,533,,0.03376822,0.04406463,-0.02298474,0,1,2.544134244080196e-13,2025,True,lda,top,manual_weak_top_label,169,"{""shrinkage"": ""auto"", ""solver"": ""lsqr""}",ok,0.0
2025-06-16,2025-06-20,534,,0.07692341,0.08131371,-0.00565505,0,1,5.168640145752443e-13,2025,True,lda,top,manual_weak_top_label,169,"{""shrinkage"": ""auto"", ""solver"": ""lsqr""}",ok,0.0
2025-06-23,2025-06-27,535,,0.04383300,0.04570382,0.00128454,0,1,1.566922732859473e-05,2025,True,lda,top,manual_weak_top_label,169,"{""shrinkage"": ""auto"", ""solver"": ""lsqr""}",ok,0.0
2025-06-30,2025-07-04,536,,0.06248427,0.06408323,-0.00132046,0,1,4.0676182898536115e-11,2025,True,lda,top,manual_weak_top_label,169,"{""shrinkage"": ""auto"", ""solver"": ""lsqr""}",ok,0.0
2025-07-07,2025-07-11,537,,0.03240501,0.04841033,-0.01231106,0,1,8.904507904238205e-11,2025,True,lda,top,manual_weak_top_label,169,"{""shrinkage"": ""auto"", ""solver"": ""lsqr""}",ok,0.0
2025-07-14,2025-07-18,538,,0.04365885,0.04951455,0.00045314,0,1,1.1155453590870149e-10,2025,True,lda,top,manual_weak_top_label,169,"{""shrinkage"": ""auto"", ""solver"": ""lsqr""}",ok,0.0
2025-07-21,2025-07-25,539,,0.06126657,0.06126791,-0.01203022,0,1,5.5672051685149635e-12,2025,True,lda,top,manual_weak_top_label,169,"{""shrinkage"": ""auto"", ""solver"": ""lsqr""}",ok,0.0
2025-07-28,2025-08-01,540,,0.10381094,0.10381094,-0.00589883,0,1,1.0838765200938817e-10,2025,True,lda,top,manual_weak_top_label,169,"{""shrinkage"": ""auto"", ""solver"": ""lsqr""}",ok,0.0
2025-08-04,2025-08-08,541,,0.08782328,0.10634823,0.00181950,0,1,4.4815539552863776e-05,2025,True,lda,top,manual_weak_top_label,169,"{""shrinkage"": ""auto"", ""solver"": ""lsqr""}",ok,0.0
2025-08-11,2025-08-15,542,,0.01800716,0.06292265,-0.02498574,0,1,1.089010852558063e-06,2025,True,lda,top,manual_weak_top_label,169,"{""shrinkage"": ""auto"", ""solver"": ""lsqr""}",ok,0.0
2025-08-18,2025-08-22,543,,0.00814131,0.02749078,-0.05748723,0,1,0.01670248197707201,2025,True,lda,top,manual_weak_top_label,169,"{""shrinkage"": ""auto"", ""solver"": ""lsqr""}",ok,0.0
2025-08-25,2025-08-29,544,,-0.00006560,0.03055557,-0.06708343,0,1,1.1907244013096687e-06,2025,True,lda,top,manual_weak_top_label,169,"{""shrinkage"": ""auto"", ""solver"": ""lsqr""}",ok,0.0
2025-09-01,2025-09-05,545,,0.02096729,0.05800750,-0.01164641,0,1,3.3418672734029828e-09,2025,True,lda,top,manual_weak_top_label,169,"{""shrinkage"": ""auto"", ""solver"": ""lsqr""}",ok,0.0
2025-09-08,2025-09-12,546,,0.02048786,0.03274819,-0.02171905,0,1,1.577685903897688e-06,2025,True,lda,top,manual_weak_top_label,169,"{""shrinkage"": ""auto"", ""solver"": ""lsqr""}",ok,0.0
2025-09-15,2025-09-19,547,,0.01285676,0.03132241,-0.02373199,0,1,1.8725849875050425e-11,2025,True,lda,top,manual_weak_top_label,169,"{""shrinkage"": ""auto"", ""solver"": ""lsqr""}",ok,0.0
2025-09-22,2025-09-26,548,,-0.02867299,0.03698259,-0.02982458,0,1,4.661747476456012e-06,2025,True,lda,top,manual_weak_top_label,169,"{""shrinkage"": ""auto"", ""solver"": ""lsqr""}",ok,0.0
2025-09-29,2025-09-30,549,,-0.02055825,0.01270079,-0.05254204,0,1,0.0007680228091092023,2025,True,lda,top,manual_weak_top_label,169,"{""shrinkage"": ""auto"", ""solver"": ""lsqr""}",ok,0.0
2025-10-09,2025-10-10,550,,-0.00360309,0.01035411,-0.04736787,0,1,0.9943572040418939,2025,True,lda,top,manual_weak_top_label,169,"{""shrinkage"": ""auto"", ""solver"": ""lsqr""}",ok,0.0
2025-10-27,2025-10-31,553,,-0.05847755,0.01308382,-0.05847755,0,1,0.9742057025151248,2025,True,lda,top,manual_weak_top_label,169,"{""shrinkage"": ""auto"", ""solver"": ""lsqr""}",ok,1.0
2025-12-29,2025-12-31,562,,0.11526348,0.11629202,0.00374759,0,1,5.373646147493217e-07,2025,True,lda,top,manual_weak_top_label,169,"{""shrinkage"": ""auto"", ""solver"": ""lsqr""}",ok,0.0
2025-02-05,2025-02-07,515,,0.02223065,0.06782544,-0.00350013,0,1,1.0,2025,True,qda,top,manual_weak_top_label,169,"{""reg_param"": 0.2}",ok,0.0
2025-02-10,2025-02-14,516,,0.04143652,0.05266838,-0.02180406,0,1,1.0,2025,True,qda,top,manual_weak_top_label,169,"{""reg_param"": 0.2}",ok,0.0
2025-02-17,2025-02-21,517,,0.01890815,0.02840030,-0.03588305,0,1,1.0,2025,True,qda,top,manual_weak_top_label,169,"{""reg_param"": 0.2}",ok,0.0
2025-02-24,2025-02-28,518,,0.02156028,0.05939603,-0.00839003,0,1,1.0,2025,True,qda,top,manual_weak_top_label,169,"{""reg_param"": 0.2}",ok,0.0
2025-03-03,2025-03-07,519,,-0.03679358,0.02075859,-0.04039743,0,1,1.0,2025,True,qda,top,manual_weak_top_label,169,"{""reg_param"": 0.2}",ok,0.0
2025-03-10,2025-03-14,520,,-0.05598911,0.01090917,-0.06506009,0,1,1.0,2025,True,qda,top,manual_weak_top_label,169,"{""reg_param"": 0.2}",ok,1.0
2025-03-17,2025-03-21,521,,-0.08483547,0.00107827,-0.18431310,0,1,1.0,2025,True,qda,top,manual_weak_top_label,169,"{""reg_param"": 0.2}",ok,1.0
2025-03-31,2025-04-03,523,,-0.04251879,-0.03062617,-0.15770490,0,1,1.0,2025,True,qda,top,manual_weak_top_label,169,"{""reg_param"": 0.2}",ok,0.0
2025-05-06,2025-05-09,528,,-0.00912878,0.02274928,-0.01820676,0,1,1.0,2025,True,qda,top,manual_weak_top_label,169,"{""reg_param"": 0.2}",ok,0.0
2025-05-12,2025-05-16,529,,0.01396282,0.01758915,-0.01594729,0,1,1.0,2025,True,qda,top,manual_weak_top_label,169,"{""reg_param"": 0.2}",ok,0.0
2025-05-19,2025-05-23,530,,0.01942226,0.03951934,-0.00305993,0,1,1.0,2025,True,qda,top,manual_weak_top_label,169,"{""reg_param"": 0.2}",ok,0.0
2025-05-26,2025-05-30,531,,-0.00447502,0.03315706,-0.00480705,0,1,1.0,2025,True,qda,top,manual_weak_top_label,169,"{""reg_param"": 0.2}",ok,0.0
2025-06-03,2025-06-06,532,,0.02016823,0.02703075,-0.03042202,0,1,1.0,2025,True,qda,top,manual_weak_top_label,169,"{""reg_param"": 0.2}",ok,0.0
2025-06-09,2025-06-13,533,,0.03376822,0.04406463,-0.02298474,0,1,1.0,2025,True,qda,top,manual_weak_top_label,169,"{""reg_param"": 0.2}",ok,0.0
2025-06-16,2025-06-20,534,,0.07692341,0.08131371,-0.00565505,0,1,1.0,2025,True,qda,top,manual_weak_top_label,169,"{""reg_param"": 0.2}",ok,0.0
2025-06-23,2025-06-27,535,,0.04383300,0.04570382,0.00128454,0,1,1.0,2025,True,qda,top,manual_weak_top_label,169,"{""reg_param"": 0.2}",ok,0.0
2025-06-30,2025-07-04,536,,0.06248427,0.06408323,-0.00132046,0,1,1.0,2025,True,qda,top,manual_weak_top_label,169,"{""reg_param"": 0.2}",ok,0.0
2025-07-07,2025-07-11,537,,0.03240501,0.04841033,-0.01231106,0,1,1.0,2025,True,qda,top,manual_weak_top_label,169,"{""reg_param"": 0.2}",ok,0.0
2025-07-14,2025-07-18,538,,0.04365885,0.04951455,0.00045314,0,1,1.0,2025,True,qda,top,manual_weak_top_label,169,"{""reg_param"": 0.2}",ok,0.0
2025-07-21,2025-07-25,539,,0.06126657,0.06126791,-0.01203022,0,1,1.0,2025,True,qda,top,manual_weak_top_label,169,"{""reg_param"": 0.2}",ok,0.0
2025-07-28,2025-08-01,540,,0.10381094,0.10381094,-0.00589883,0,1,1.0,2025,True,qda,top,manual_weak_top_label,169,"{""reg_param"": 0.2}",ok,0.0
2025-08-04,2025-08-08,541,,0.08782328,0.10634823,0.00181950,0,1,1.0,2025,True,qda,top,manual_weak_top_label,169,"{""reg_param"": 0.2}",ok,0.0
2025-08-11,2025-08-15,542,,0.01800716,0.06292265,-0.02498574,0,1,1.0,2025,True,qda,top,manual_weak_top_label,169,"{""reg_param"": 0.2}",ok,0.0
2025-08-18,2025-08-22,543,,0.00814131,0.02749078,-0.05748723,0,1,1.0,2025,True,qda,top,manual_weak_top_label,169,"{""reg_param"": 0.2}",ok,0.0
2025-08-25,2025-08-29,544,,-0.00006560,0.03055557,-0.06708343,0,1,1.0,2025,True,qda,top,manual_weak_top_label,169,"{""reg_param"": 0.2}",ok,0.0
2025-09-01,2025-09-05,545,,0.02096729,0.05800750,-0.01164641,0,1,1.0,2025,True,qda,top,manual_weak_top_label,169,"{""reg_param"": 0.2}",ok,0.0
2025-09-08,2025-09-12,546,,0.02048786,0.03274819,-0.02171905,0,1,1.0,2025,True,qda,top,manual_weak_top_label,169,"{""reg_param"": 0.2}",ok,0.0
2025-09-15,2025-09-19,547,,0.01285676,0.03132241,-0.02373199,0,1,1.0,2025,True,qda,top,manual_weak_top_label,169,"{""reg_param"": 0.2}",ok,0.0
2025-09-22,2025-09-26,548,,-0.02867299,0.03698259,-0.02982458,0,1,1.0,2025,True,qda,top,manual_weak_top_label,169,"{""reg_param"": 0.2}",ok,0.0
2025-09-29,2025-09-30,549,,-0.02055825,0.01270079,-0.05254204,0,1,1.0,2025,True,qda,top,manual_weak_top_label,169,"{""reg_param"": 0.2}",ok,0.0
2025-10-09,2025-10-10,550,,-0.00360309,0.01035411,-0.04736787,0,1,1.0,2025,True,qda,top,manual_weak_top_label,169,"{""reg_param"": 0.2}",ok,0.0
2025-10-27,2025-10-31,553,,-0.05847755,0.01308382,-0.05847755,0,1,1.0,2025,True,qda,top,manual_weak_top_label,169,"{""reg_param"": 0.2}",ok,1.0
2025-12-29,2025-12-31,562,,0.11526348,0.11629202,0.00374759,0,1,1.0,2025,True,qda,top,manual_weak_top_label,169,"{""reg_param"": 0.2}",ok,0.0
2025-02-05,2025-02-07,515,,0.02223065,0.06782544,-0.00350013,0,1,0.022650099206377314,2025,True,lightgbm,top,manual_weak_top_label,169,"{""balanced_bagging"": true, ""is_unbalance"": false, ""learning_rate"": 0.04, ""max_depth"": 3, ""min_child_samples"": 8, ""n_estimators"": 180, ""negative_sample_ratio"": 3.0, ""num_leaves"": 7}",ok,0.0
2025-02-10,2025-02-14,516,,0.04143652,0.05266838,-0.02180406,0,1,0.01679549093714995,2025,True,lightgbm,top,manual_weak_top_label,169,"{""balanced_bagging"": true, ""is_unbalance"": false, ""learning_rate"": 0.04, ""max_depth"": 3, ""min_child_samples"": 8, ""n_estimators"": 180, ""negative_sample_ratio"": 3.0, ""num_leaves"": 7}",ok,0.0
2025-02-17,2025-02-21,517,,0.01890815,0.02840030,-0.03588305,0,1,0.03769892979820103,2025,True,lightgbm,top,manual_weak_top_label,169,"{""balanced_bagging"": true, ""is_unbalance"": false, ""learning_rate"": 0.04, ""max_depth"": 3, ""min_child_samples"": 8, ""n_estimators"": 180, ""negative_sample_ratio"": 3.0, ""num_leaves"": 7}",ok,0.0
2025-02-24,2025-02-28,518,,0.02156028,0.05939603,-0.00839003,0,1,0.012665546903098132,2025,True,lightgbm,top,manual_weak_top_label,169,"{""balanced_bagging"": true, ""is_unbalance"": false, ""learning_rate"": 0.04, ""max_depth"": 3, ""min_child_samples"": 8, ""n_estimators"": 180, ""negative_sample_ratio"": 3.0, ""num_leaves"": 7}",ok,0.0
2025-03-03,2025-03-07,519,,-0.03679358,0.02075859,-0.04039743,0,1,0.11871709366154624,2025,True,lightgbm,top,manual_weak_top_label,169,"{""balanced_bagging"": true, ""is_unbalance"": false, ""learning_rate"": 0.04, ""max_depth"": 3, ""min_child_samples"": 8, ""n_estimators"": 180, ""negative_sample_ratio"": 3.0, ""num_leaves"": 7}",ok,0.0
2025-03-10,2025-03-14,520,,-0.05598911,0.01090917,-0.06506009,0,1,0.103991479581803,2025,True,lightgbm,top,manual_weak_top_label,169,"{""balanced_bagging"": true, ""is_unbalance"": false, ""learning_rate"": 0.04, ""max_depth"": 3, ""min_child_samples"": 8, ""n_estimators"": 180, ""negative_sample_ratio"": 3.0, ""num_leaves"": 7}",ok,1.0
2025-03-17,2025-03-21,521,,-0.08483547,0.00107827,-0.18431310,0,1,0.06555334347004049,2025,True,lightgbm,top,manual_weak_top_label,169,"{""balanced_bagging"": true, ""is_unbalance"": false, ""learning_rate"": 0.04, ""max_depth"": 3, ""min_child_samples"": 8, ""n_estimators"": 180, ""negative_sample_ratio"": 3.0, ""num_leaves"": 7}",ok,1.0
2025-03-31,2025-04-03,523,,-0.04251879,-0.03062617,-0.15770490,0,1,0.01886507318509511,2025,True,lightgbm,top,manual_weak_top_label,169,"{""balanced_bagging"": true, ""is_unbalance"": false, ""learning_rate"": 0.04, ""max_depth"": 3, ""min_child_samples"": 8, ""n_estimators"": 180, ""negative_sample_ratio"": 3.0, ""num_leaves"": 7}",ok,0.0
2025-05-06,2025-05-09,528,,-0.00912878,0.02274928,-0.01820676,0,1,0.004844872787626655,2025,True,lightgbm,top,manual_weak_top_label,169,"{""balanced_bagging"": true, ""is_unbalance"": false, ""learning_rate"": 0.04, ""max_depth"": 3, ""min_child_samples"": 8, ""n_estimators"": 180, ""negative_sample_ratio"": 3.0, ""num_leaves"": 7}",ok,0.0
2025-05-12,2025-05-16,529,,0.01396282,0.01758915,-0.01594729,0,1,0.01191333321477541,2025,True,lightgbm,top,manual_weak_top_label,169,"{""balanced_bagging"": true, ""is_unbalance"": false, ""learning_rate"": 0.04, ""max_depth"": 3, ""min_child_samples"": 8, ""n_estimators"": 180, ""negative_sample_ratio"": 3.0, ""num_leaves"": 7}",ok,0.0
2025-05-19,2025-05-23,530,,0.01942226,0.03951934,-0.00305993,0,1,0.008319983523693512,2025,True,lightgbm,top,manual_weak_top_label,169,"{""balanced_bagging"": true, ""is_unbalance"": false, ""learning_rate"": 0.04, ""max_depth"": 3, ""min_child_samples"": 8, ""n_estimators"": 180, ""negative_sample_ratio"": 3.0, ""num_leaves"": 7}",ok,0.0
2025-05-26,2025-05-30,531,,-0.00447502,0.03315706,-0.00480705,0,1,0.007587892377810138,2025,True,lightgbm,top,manual_weak_top_label,169,"{""balanced_bagging"": true, ""is_unbalance"": false, ""learning_rate"": 0.04, ""max_depth"": 3, ""min_child_samples"": 8, ""n_estimators"": 180, ""negative_sample_ratio"": 3.0, ""num_leaves"": 7}",ok,0.0
2025-06-03,2025-06-06,532,,0.02016823,0.02703075,-0.03042202,0,1,0.027186372017336785,2025,True,lightgbm,top,manual_weak_top_label,169,"{""balanced_bagging"": true, ""is_unbalance"": false, ""learning_rate"": 0.04, ""max_depth"": 3, ""min_child_samples"": 8, ""n_estimators"": 180, ""negative_sample_ratio"": 3.0, ""num_leaves"": 7}",ok,0.0
2025-06-09,2025-06-13,533,,0.03376822,0.04406463,-0.02298474,0,1,0.009169470839290813,2025,True,lightgbm,top,manual_weak_top_label,169,"{""balanced_bagging"": true, ""is_unbalance"": false, ""learning_rate"": 0.04, ""max_depth"": 3, ""min_child_samples"": 8, ""n_estimators"": 180, ""negative_sample_ratio"": 3.0, ""num_leaves"": 7}",ok,0.0
2025-06-16,2025-06-20,534,,0.07692341,0.08131371,-0.00565505,0,1,0.007352692720062907,2025,True,lightgbm,top,manual_weak_top_label,169,"{""balanced_bagging"": true, ""is_unbalance"": false, ""learning_rate"": 0.04, ""max_depth"": 3, ""min_child_samples"": 8, ""n_estimators"": 180, ""negative_sample_ratio"": 3.0, ""num_leaves"": 7}",ok,0.0
2025-06-23,2025-06-27,535,,0.04383300,0.04570382,0.00128454,0,1,0.010956930520026867,2025,True,lightgbm,top,manual_weak_top_label,169,"{""balanced_bagging"": true, ""is_unbalance"": false, ""learning_rate"": 0.04, ""max_depth"": 3, ""min_child_samples"": 8, ""n_estimators"": 180, ""negative_sample_ratio"": 3.0, ""num_leaves"": 7}",ok,0.0
2025-06-30,2025-07-04,536,,0.06248427,0.06408323,-0.00132046,0,1,0.00663063973693653,2025,True,lightgbm,top,manual_weak_top_label,169,"{""balanced_bagging"": true, ""is_unbalance"": false, ""learning_rate"": 0.04, ""max_depth"": 3, ""min_child_samples"": 8, ""n_estimators"": 180, ""negative_sample_ratio"": 3.0, ""num_leaves"": 7}",ok,0.0
2025-07-07,2025-07-11,537,,0.03240501,0.04841033,-0.01231106,0,1,0.005008256799401995,2025,True,lightgbm,top,manual_weak_top_label,169,"{""balanced_bagging"": true, ""is_unbalance"": false, ""learning_rate"": 0.04, ""max_depth"": 3, ""min_child_samples"": 8, ""n_estimators"": 180, ""negative_sample_ratio"": 3.0, ""num_leaves"": 7}",ok,0.0
2025-07-14,2025-07-18,538,,0.04365885,0.04951455,0.00045314,0,1,0.004936092131503438,2025,True,lightgbm,top,manual_weak_top_label,169,"{""balanced_bagging"": true, ""is_unbalance"": false, ""learning_rate"": 0.04, ""max_depth"": 3, ""min_child_samples"": 8, ""n_estimators"": 180, ""negative_sample_ratio"": 3.0, ""num_leaves"": 7}",ok,0.0
2025-07-21,2025-07-25,539,,0.06126657,0.06126791,-0.01203022,0,1,0.011538281715687574,2025,True,lightgbm,top,manual_weak_top_label,169,"{""balanced_bagging"": true, ""is_unbalance"": false, ""learning_rate"": 0.04, ""max_depth"": 3, ""min_child_samples"": 8, ""n_estimators"": 180, ""negative_sample_ratio"": 3.0, ""num_leaves"": 7}",ok,0.0
2025-07-28,2025-08-01,540,,0.10381094,0.10381094,-0.00589883,0,1,0.004657116048678177,2025,True,lightgbm,top,manual_weak_top_label,169,"{""balanced_bagging"": true, ""is_unbalance"": false, ""learning_rate"": 0.04, ""max_depth"": 3, ""min_child_samples"": 8, ""n_estimators"": 180, ""negative_sample_ratio"": 3.0, ""num_leaves"": 7}",ok,0.0
2025-08-04,2025-08-08,541,,0.08782328,0.10634823,0.00181950,0,1,0.04625480423446042,2025,True,lightgbm,top,manual_weak_top_label,169,"{""balanced_bagging"": true, ""is_unbalance"": false, ""learning_rate"": 0.04, ""max_depth"": 3, ""min_child_samples"": 8, ""n_estimators"": 180, ""negative_sample_ratio"": 3.0, ""num_leaves"": 7}",ok,0.0
2025-08-11,2025-08-15,542,,0.01800716,0.06292265,-0.02498574,0,1,0.01632291065617052,2025,True,lightgbm,top,manual_weak_top_label,169,"{""balanced_bagging"": true, ""is_unbalance"": false, ""learning_rate"": 0.04, ""max_depth"": 3, ""min_child_samples"": 8, ""n_estimators"": 180, ""negative_sample_ratio"": 3.0, ""num_leaves"": 7}",ok,0.0
2025-08-18,2025-08-22,543,,0.00814131,0.02749078,-0.05748723,0,1,0.0201964795356106,2025,True,lightgbm,top,manual_weak_top_label,169,"{""balanced_bagging"": true, ""is_unbalance"": false, ""learning_rate"": 0.04, ""max_depth"": 3, ""min_child_samples"": 8, ""n_estimators"": 180, ""negative_sample_ratio"": 3.0, ""num_leaves"": 7}",ok,0.0
2025-08-25,2025-08-29,544,,-0.00006560,0.03055557,-0.06708343,0,1,0.010672375712526657,2025,True,lightgbm,top,manual_weak_top_label,169,"{""balanced_bagging"": true, ""is_unbalance"": false, ""learning_rate"": 0.04, ""max_depth"": 3, ""min_child_samples"": 8, ""n_estimators"": 180, ""negative_sample_ratio"": 3.0, ""num_leaves"": 7}",ok,0.0
2025-09-01,2025-09-05,545,,0.02096729,0.05800750,-0.01164641,0,1,0.01832319959053963,2025,True,lightgbm,top,manual_weak_top_label,169,"{""balanced_bagging"": true, ""is_unbalance"": false, ""learning_rate"": 0.04, ""max_depth"": 3, ""min_child_samples"": 8, ""n_estimators"": 180, ""negative_sample_ratio"": 3.0, ""num_leaves"": 7}",ok,0.0
2025-09-08,2025-09-12,546,,0.02048786,0.03274819,-0.02171905,0,1,0.040325439046310696,2025,True,lightgbm,top,manual_weak_top_label,169,"{""balanced_bagging"": true, ""is_unbalance"": false, ""learning_rate"": 0.04, ""max_depth"": 3, ""min_child_samples"": 8, ""n_estimators"": 180, ""negative_sample_ratio"": 3.0, ""num_leaves"": 7}",ok,0.0
2025-09-15,2025-09-19,547,,0.01285676,0.03132241,-0.02373199,0,1,0.011605321502054242,2025,True,lightgbm,top,manual_weak_top_label,169,"{""balanced_bagging"": true, ""is_unbalance"": false, ""learning_rate"": 0.04, ""max_depth"": 3, ""min_child_samples"": 8, ""n_estimators"": 180, ""negative_sample_ratio"": 3.0, ""num_leaves"": 7}",ok,0.0
2025-09-22,2025-09-26,548,,-0.02867299,0.03698259,-0.02982458,0,1,0.012548708815843418,2025,True,lightgbm,top,manual_weak_top_label,169,"{""balanced_bagging"": true, ""is_unbalance"": false, ""learning_rate"": 0.04, ""max_depth"": 3, ""min_child_samples"": 8, ""n_estimators"": 180, ""negative_sample_ratio"": 3.0, ""num_leaves"": 7}",ok,0.0
2025-09-29,2025-09-30,549,,-0.02055825,0.01270079,-0.05254204,0,1,0.0516174728775674,2025,True,lightgbm,top,manual_weak_top_label,169,"{""balanced_bagging"": true, ""is_unbalance"": false, ""learning_rate"": 0.04, ""max_depth"": 3, ""min_child_samples"": 8, ""n_estimators"": 180, ""negative_sample_ratio"": 3.0, ""num_leaves"": 7}",ok,0.0
2025-10-09,2025-10-10,550,,-0.00360309,0.01035411,-0.04736787,0,1,0.04146270562104904,2025,True,lightgbm,top,manual_weak_top_label,169,"{""balanced_bagging"": true, ""is_unbalance"": false, ""learning_rate"": 0.04, ""max_depth"": 3, ""min_child_samples"": 8, ""n_estimators"": 180, ""negative_sample_ratio"": 3.0, ""num_leaves"": 7}",ok,0.0
2025-10-27,2025-10-31,553,,-0.05847755,0.01308382,-0.05847755,0,1,0.021313396815360406,2025,True,lightgbm,top,manual_weak_top_label,169,"{""balanced_bagging"": true, ""is_unbalance"": false, ""learning_rate"": 0.04, ""max_depth"": 3, ""min_child_samples"": 8, ""n_estimators"": 180, ""negative_sample_ratio"": 3.0, ""num_leaves"": 7}",ok,1.0
2025-12-29,2025-12-31,562,,0.11526348,0.11629202,0.00374759,0,1,0.031615836414434884,2025,True,lightgbm,top,manual_weak_top_label,169,"{""balanced_bagging"": true, ""is_unbalance"": false, ""learning_rate"": 0.04, ""max_depth"": 3, ""min_child_samples"": 8, ""n_estimators"": 180, ""negative_sample_ratio"": 3.0, ""num_leaves"": 7}",ok,0.0
2025-02-05,2025-02-07,515,,0.02223065,0.06782544,-0.00350013,0,1,0.19412419199943542,2025,True,bp,top,manual_weak_top_label,169,"{""dropout"": 0.05, ""focal_alpha"": 0.7, ""focal_gamma"": 1.5, ""hidden_layers"": [32], ""learning_rate"": 0.001, ""max_epochs"": 130, ""patience"": 15}",ok,0.0
2025-02-10,2025-02-14,516,,0.04143652,0.05266838,-0.02180406,0,1,0.17520034313201904,2025,True,bp,top,manual_weak_top_label,169,"{""dropout"": 0.05, ""focal_alpha"": 0.7, ""focal_gamma"": 1.5, ""hidden_layers"": [32], ""learning_rate"": 0.001, ""max_epochs"": 130, ""patience"": 15}",ok,0.0
2025-02-17,2025-02-21,517,,0.01890815,0.02840030,-0.03588305,0,1,0.09546911716461182,2025,True,bp,top,manual_weak_top_label,169,"{""dropout"": 0.05, ""focal_alpha"": 0.7, ""focal_gamma"": 1.5, ""hidden_layers"": [32], ""learning_rate"": 0.001, ""max_epochs"": 130, ""patience"": 15}",ok,0.0
2025-02-24,2025-02-28,518,,0.02156028,0.05939603,-0.00839003,0,1,0.07274649292230606,2025,True,bp,top,manual_weak_top_label,169,"{""dropout"": 0.05, ""focal_alpha"": 0.7, ""focal_gamma"": 1.5, ""hidden_layers"": [32], ""learning_rate"": 0.001, ""max_epochs"": 130, ""patience"": 15}",ok,0.0
2025-03-03,2025-03-07,519,,-0.03679358,0.02075859,-0.04039743,0,1,0.12717588245868683,2025,True,bp,top,manual_weak_top_label,169,"{""dropout"": 0.05, ""focal_alpha"": 0.7, ""focal_gamma"": 1.5, ""hidden_layers"": [32], ""learning_rate"": 0.001, ""max_epochs"": 130, ""patience"": 15}",ok,0.0
2025-03-10,2025-03-14,520,,-0.05598911,0.01090917,-0.06506009,0,1,0.1049048900604248,2025,True,bp,top,manual_weak_top_label,169,"{""dropout"": 0.05, ""focal_alpha"": 0.7, ""focal_gamma"": 1.5, ""hidden_layers"": [32], ""learning_rate"": 0.001, ""max_epochs"": 130, ""patience"": 15}",ok,1.0
2025-03-17,2025-03-21,521,,-0.08483547,0.00107827,-0.18431310,0,1,0.130111962556839,2025,True,bp,top,manual_weak_top_label,169,"{""dropout"": 0.05, ""focal_alpha"": 0.7, ""focal_gamma"": 1.5, ""hidden_layers"": [32], ""learning_rate"": 0.001, ""max_epochs"": 130, ""patience"": 15}",ok,1.0
2025-03-31,2025-04-03,523,,-0.04251879,-0.03062617,-0.15770490,0,1,0.08253507316112518,2025,True,bp,top,manual_weak_top_label,169,"{""dropout"": 0.05, ""focal_alpha"": 0.7, ""focal_gamma"": 1.5, ""hidden_layers"": [32], ""learning_rate"": 0.001, ""max_epochs"": 130, ""patience"": 15}",ok,0.0
2025-05-06,2025-05-09,528,,-0.00912878,0.02274928,-0.01820676,0,1,0.0694778561592102,2025,True,bp,top,manual_weak_top_label,169,"{""dropout"": 0.05, ""focal_alpha"": 0.7, ""focal_gamma"": 1.5, ""hidden_layers"": [32], ""learning_rate"": 0.001, ""max_epochs"": 130, ""patience"": 15}",ok,0.0
2025-05-12,2025-05-16,529,,0.01396282,0.01758915,-0.01594729,0,1,0.06449541449546814,2025,True,bp,top,manual_weak_top_label,169,"{""dropout"": 0.05, ""focal_alpha"": 0.7, ""focal_gamma"": 1.5, ""hidden_layers"": [32], ""learning_rate"": 0.001, ""max_epochs"": 130, ""patience"": 15}",ok,0.0
2025-05-19,2025-05-23,530,,0.01942226,0.03951934,-0.00305993,0,1,0.05463937297463417,2025,True,bp,top,manual_weak_top_label,169,"{""dropout"": 0.05, ""focal_alpha"": 0.7, ""focal_gamma"": 1.5, ""hidden_layers"": [32], ""learning_rate"": 0.001, ""max_epochs"": 130, ""patience"": 15}",ok,0.0
2025-05-26,2025-05-30,531,,-0.00447502,0.03315706,-0.00480705,0,1,0.05773039534687996,2025,True,bp,top,manual_weak_top_label,169,"{""dropout"": 0.05, ""focal_alpha"": 0.7, ""focal_gamma"": 1.5, ""hidden_layers"": [32], ""learning_rate"": 0.001, ""max_epochs"": 130, ""patience"": 15}",ok,0.0
2025-06-03,2025-06-06,532,,0.02016823,0.02703075,-0.03042202,0,1,0.07172071188688278,2025,True,bp,top,manual_weak_top_label,169,"{""dropout"": 0.05, ""focal_alpha"": 0.7, ""focal_gamma"": 1.5, ""hidden_layers"": [32], ""learning_rate"": 0.001, ""max_epochs"": 130, ""patience"": 15}",ok,0.0
2025-06-09,2025-06-13,533,,0.03376822,0.04406463,-0.02298474,0,1,0.0662006288766861,2025,True,bp,top,manual_weak_top_label,169,"{""dropout"": 0.05, ""focal_alpha"": 0.7, ""focal_gamma"": 1.5, ""hidden_layers"": [32], ""learning_rate"": 0.001, ""max_epochs"": 130, ""patience"": 15}",ok,0.0
2025-06-16,2025-06-20,534,,0.07692341,0.08131371,-0.00565505,0,1,0.0671086311340332,2025,True,bp,top,manual_weak_top_label,169,"{""dropout"": 0.05, ""focal_alpha"": 0.7, ""focal_gamma"": 1.5, ""hidden_layers"": [32], ""learning_rate"": 0.001, ""max_epochs"": 130, ""patience"": 15}",ok,0.0
2025-06-23,2025-06-27,535,,0.04383300,0.04570382,0.00128454,0,1,0.09377048909664154,2025,True,bp,top,manual_weak_top_label,169,"{""dropout"": 0.05, ""focal_alpha"": 0.7, ""focal_gamma"": 1.5, ""hidden_layers"": [32], ""learning_rate"": 0.001, ""max_epochs"": 130, ""patience"": 15}",ok,0.0
2025-06-30,2025-07-04,536,,0.06248427,0.06408323,-0.00132046,0,1,0.06064891815185547,2025,True,bp,top,manual_weak_top_label,169,"{""dropout"": 0.05, ""focal_alpha"": 0.7, ""focal_gamma"": 1.5, ""hidden_layers"": [32], ""learning_rate"": 0.001, ""max_epochs"": 130, ""patience"": 15}",ok,0.0
2025-07-07,2025-07-11,537,,0.03240501,0.04841033,-0.01231106,0,1,0.0790325477719307,2025,True,bp,top,manual_weak_top_label,169,"{""dropout"": 0.05, ""focal_alpha"": 0.7, ""focal_gamma"": 1.5, ""hidden_layers"": [32], ""learning_rate"": 0.001, ""max_epochs"": 130, ""patience"": 15}",ok,0.0
2025-07-14,2025-07-18,538,,0.04365885,0.04951455,0.00045314,0,1,0.06401760131120682,2025,True,bp,top,manual_weak_top_label,169,"{""dropout"": 0.05, ""focal_alpha"": 0.7, ""focal_gamma"": 1.5, ""hidden_layers"": [32], ""learning_rate"": 0.001, ""max_epochs"": 130, ""patience"": 15}",ok,0.0
2025-07-21,2025-07-25,539,,0.06126657,0.06126791,-0.01203022,0,1,0.0692145898938179,2025,True,bp,top,manual_weak_top_label,169,"{""dropout"": 0.05, ""focal_alpha"": 0.7, ""focal_gamma"": 1.5, ""hidden_layers"": [32], ""learning_rate"": 0.001, ""max_epochs"": 130, ""patience"": 15}",ok,0.0
2025-07-28,2025-08-01,540,,0.10381094,0.10381094,-0.00589883,0,1,0.06257858127355576,2025,True,bp,top,manual_weak_top_label,169,"{""dropout"": 0.05, ""focal_alpha"": 0.7, ""focal_gamma"": 1.5, ""hidden_layers"": [32], ""learning_rate"": 0.001, ""max_epochs"": 130, ""patience"": 15}",ok,0.0
2025-08-04,2025-08-08,541,,0.08782328,0.10634823,0.00181950,0,1,0.07832200080156326,2025,True,bp,top,manual_weak_top_label,169,"{""dropout"": 0.05, ""focal_alpha"": 0.7, ""focal_gamma"": 1.5, ""hidden_layers"": [32], ""learning_rate"": 0.001, ""max_epochs"": 130, ""patience"": 15}",ok,0.0
2025-08-11,2025-08-15,542,,0.01800716,0.06292265,-0.02498574,0,1,0.09445440769195557,2025,True,bp,top,manual_weak_top_label,169,"{""dropout"": 0.05, ""focal_alpha"": 0.7, ""focal_gamma"": 1.5, ""hidden_layers"": [32], ""learning_rate"": 0.001, ""max_epochs"": 130, ""patience"": 15}",ok,0.0
2025-08-18,2025-08-22,543,,0.00814131,0.02749078,-0.05748723,0,1,0.08884923905134201,2025,True,bp,top,manual_weak_top_label,169,"{""dropout"": 0.05, ""focal_alpha"": 0.7, ""focal_gamma"": 1.5, ""hidden_layers"": [32], ""learning_rate"": 0.001, ""max_epochs"": 130, ""patience"": 15}",ok,0.0
2025-08-25,2025-08-29,544,,-0.00006560,0.03055557,-0.06708343,0,1,0.060537129640579224,2025,True,bp,top,manual_weak_top_label,169,"{""dropout"": 0.05, ""focal_alpha"": 0.7, ""focal_gamma"": 1.5, ""hidden_layers"": [32], ""learning_rate"": 0.001, ""max_epochs"": 130, ""patience"": 15}",ok,0.0
2025-09-01,2025-09-05,545,,0.02096729,0.05800750,-0.01164641,0,1,0.0589819960296154,2025,True,bp,top,manual_weak_top_label,169,"{""dropout"": 0.05, ""focal_alpha"": 0.7, ""focal_gamma"": 1.5, ""hidden_layers"": [32], ""learning_rate"": 0.001, ""max_epochs"": 130, ""patience"": 15}",ok,0.0
2025-09-08,2025-09-12,546,,0.02048786,0.03274819,-0.02171905,0,1,0.08908961713314056,2025,True,bp,top,manual_weak_top_label,169,"{""dropout"": 0.05, ""focal_alpha"": 0.7, ""focal_gamma"": 1.5, ""hidden_layers"": [32], ""learning_rate"": 0.001, ""max_epochs"": 130, ""patience"": 15}",ok,0.0
2025-09-15,2025-09-19,547,,0.01285676,0.03132241,-0.02373199,0,1,0.07783452421426773,2025,True,bp,top,manual_weak_top_label,169,"{""dropout"": 0.05, ""focal_alpha"": 0.7, ""focal_gamma"": 1.5, ""hidden_layers"": [32], ""learning_rate"": 0.001, ""max_epochs"": 130, ""patience"": 15}",ok,0.0
2025-09-22,2025-09-26,548,,-0.02867299,0.03698259,-0.02982458,0,1,0.09927935898303986,2025,True,bp,top,manual_weak_top_label,169,"{""dropout"": 0.05, ""focal_alpha"": 0.7, ""focal_gamma"": 1.5, ""hidden_layers"": [32], ""learning_rate"": 0.001, ""max_epochs"": 130, ""patience"": 15}",ok,0.0
2025-09-29,2025-09-30,549,,-0.02055825,0.01270079,-0.05254204,0,1,0.16063132882118225,2025,True,bp,top,manual_weak_top_label,169,"{""dropout"": 0.05, ""focal_alpha"": 0.7, ""focal_gamma"": 1.5, ""hidden_layers"": [32], ""learning_rate"": 0.001, ""max_epochs"": 130, ""patience"": 15}",ok,0.0
2025-10-09,2025-10-10,550,,-0.00360309,0.01035411,-0.04736787,0,1,0.316935271024704,2025,True,bp,top,manual_weak_top_label,169,"{""dropout"": 0.05, ""focal_alpha"": 0.7, ""focal_gamma"": 1.5, ""hidden_layers"": [32], ""learning_rate"": 0.001, ""max_epochs"": 130, ""patience"": 15}",ok,0.0
2025-10-27,2025-10-31,553,,-0.05847755,0.01308382,-0.05847755,0,1,0.31723618507385254,2025,True,bp,top,manual_weak_top_label,169,"{""dropout"": 0.05, ""focal_alpha"": 0.7, ""focal_gamma"": 1.5, ""hidden_layers"": [32], ""learning_rate"": 0.001, ""max_epochs"": 130, ""patience"": 15}",ok,1.0
2025-12-29,2025-12-31,562,,0.11526348,0.11629202,0.00374759,0,1,0.08928833156824112,2025,True,bp,top,manual_weak_top_label,169,"{""dropout"": 0.05, ""focal_alpha"": 0.7, ""focal_gamma"": 1.5, ""hidden_layers"": [32], ""learning_rate"": 0.001, ""max_epochs"": 130, ""patience"": 15}",ok,0.0
2025-02-05,2025-02-07,515,,0.02223065,0.06782544,-0.00350013,0,1,0.012768664875920396,2025,True,mlp,top,manual_weak_top_label,169,"{""alpha"": 0.0001, ""hidden_layer_sizes"": [48, 24], ""learning_rate_init"": 0.001, ""max_iter"": 600, ""negative_sample_ratio"": 3.0}",ok,0.0
2025-02-10,2025-02-14,516,,0.04143652,0.05266838,-0.02180406,0,1,0.0072950170204948385,2025,True,mlp,top,manual_weak_top_label,169,"{""alpha"": 0.0001, ""hidden_layer_sizes"": [48, 24], ""learning_rate_init"": 0.001, ""max_iter"": 600, ""negative_sample_ratio"": 3.0}",ok,0.0
2025-02-17,2025-02-21,517,,0.01890815,0.02840030,-0.03588305,0,1,0.009533152797530994,2025,True,mlp,top,manual_weak_top_label,169,"{""alpha"": 0.0001, ""hidden_layer_sizes"": [48, 24], ""learning_rate_init"": 0.001, ""max_iter"": 600, ""negative_sample_ratio"": 3.0}",ok,0.0
2025-02-24,2025-02-28,518,,0.02156028,0.05939603,-0.00839003,0,1,0.0017144659821575483,2025,True,mlp,top,manual_weak_top_label,169,"{""alpha"": 0.0001, ""hidden_layer_sizes"": [48, 24], ""learning_rate_init"": 0.001, ""max_iter"": 600, ""negative_sample_ratio"": 3.0}",ok,0.0
2025-03-03,2025-03-07,519,,-0.03679358,0.02075859,-0.04039743,0,1,0.01679724093167292,2025,True,mlp,top,manual_weak_top_label,169,"{""alpha"": 0.0001, ""hidden_layer_sizes"": [48, 24], ""learning_rate_init"": 0.001, ""max_iter"": 600, ""negative_sample_ratio"": 3.0}",ok,0.0
2025-03-10,2025-03-14,520,,-0.05598911,0.01090917,-0.06506009,0,1,0.0003370722446193605,2025,True,mlp,top,manual_weak_top_label,169,"{""alpha"": 0.0001, ""hidden_layer_sizes"": [48, 24], ""learning_rate_init"": 0.001, ""max_iter"": 600, ""negative_sample_ratio"": 3.0}",ok,1.0
2025-03-17,2025-03-21,521,,-0.08483547,0.00107827,-0.18431310,0,1,0.004091492131740256,2025,True,mlp,top,manual_weak_top_label,169,"{""alpha"": 0.0001, ""hidden_layer_sizes"": [48, 24], ""learning_rate_init"": 0.001, ""max_iter"": 600, ""negative_sample_ratio"": 3.0}",ok,1.0
2025-03-31,2025-04-03,523,,-0.04251879,-0.03062617,-0.15770490,0,1,0.009667523847190251,2025,True,mlp,top,manual_weak_top_label,169,"{""alpha"": 0.0001, ""hidden_layer_sizes"": [48, 24], ""learning_rate_init"": 0.001, ""max_iter"": 600, ""negative_sample_ratio"": 3.0}",ok,0.0
2025-05-06,2025-05-09,528,,-0.00912878,0.02274928,-0.01820676,0,1,0.17407304291755987,2025,True,mlp,top,manual_weak_top_label,169,"{""alpha"": 0.0001, ""hidden_layer_sizes"": [48, 24], ""learning_rate_init"": 0.001, ""max_iter"": 600, ""negative_sample_ratio"": 3.0}",ok,0.0
2025-05-12,2025-05-16,529,,0.01396282,0.01758915,-0.01594729,0,1,0.048455960483406675,2025,True,mlp,top,manual_weak_top_label,169,"{""alpha"": 0.0001, ""hidden_layer_sizes"": [48, 24], ""learning_rate_init"": 0.001, ""max_iter"": 600, ""negative_sample_ratio"": 3.0}",ok,0.0
2025-05-19,2025-05-23,530,,0.01942226,0.03951934,-0.00305993,0,1,0.01638681235938685,2025,True,mlp,top,manual_weak_top_label,169,"{""alpha"": 0.0001, ""hidden_layer_sizes"": [48, 24], ""learning_rate_init"": 0.001, ""max_iter"": 600, ""negative_sample_ratio"": 3.0}",ok,0.0
2025-05-26,2025-05-30,531,,-0.00447502,0.03315706,-0.00480705,0,1,0.009237635790982909,2025,True,mlp,top,manual_weak_top_label,169,"{""alpha"": 0.0001, ""hidden_layer_sizes"": [48, 24], ""learning_rate_init"": 0.001, ""max_iter"": 600, ""negative_sample_ratio"": 3.0}",ok,0.0
2025-06-03,2025-06-06,532,,0.02016823,0.02703075,-0.03042202,0,1,0.015386914619927021,2025,True,mlp,top,manual_weak_top_label,169,"{""alpha"": 0.0001, ""hidden_layer_sizes"": [48, 24], ""learning_rate_init"": 0.001, ""max_iter"": 600, ""negative_sample_ratio"": 3.0}",ok,0.0
2025-06-09,2025-06-13,533,,0.03376822,0.04406463,-0.02298474,0,1,0.000440646580874859,2025,True,mlp,top,manual_weak_top_label,169,"{""alpha"": 0.0001, ""hidden_layer_sizes"": [48, 24], ""learning_rate_init"": 0.001, ""max_iter"": 600, ""negative_sample_ratio"": 3.0}",ok,0.0
2025-06-16,2025-06-20,534,,0.07692341,0.08131371,-0.00565505,0,1,0.004104435654881095,2025,True,mlp,top,manual_weak_top_label,169,"{""alpha"": 0.0001, ""hidden_layer_sizes"": [48, 24], ""learning_rate_init"": 0.001, ""max_iter"": 600, ""negative_sample_ratio"": 3.0}",ok,0.0
2025-06-23,2025-06-27,535,,0.04383300,0.04570382,0.00128454,0,1,0.005223409537970056,2025,True,mlp,top,manual_weak_top_label,169,"{""alpha"": 0.0001, ""hidden_layer_sizes"": [48, 24], ""learning_rate_init"": 0.001, ""max_iter"": 600, ""negative_sample_ratio"": 3.0}",ok,0.0
2025-06-30,2025-07-04,536,,0.06248427,0.06408323,-0.00132046,0,1,0.01216670000682756,2025,True,mlp,top,manual_weak_top_label,169,"{""alpha"": 0.0001, ""hidden_layer_sizes"": [48, 24], ""learning_rate_init"": 0.001, ""max_iter"": 600, ""negative_sample_ratio"": 3.0}",ok,0.0
2025-07-07,2025-07-11,537,,0.03240501,0.04841033,-0.01231106,0,1,0.019101915420282643,2025,True,mlp,top,manual_weak_top_label,169,"{""alpha"": 0.0001, ""hidden_layer_sizes"": [48, 24], ""learning_rate_init"": 0.001, ""max_iter"": 600, ""negative_sample_ratio"": 3.0}",ok,0.0
2025-07-14,2025-07-18,538,,0.04365885,0.04951455,0.00045314,0,1,0.0075624975620834445,2025,True,mlp,top,manual_weak_top_label,169,"{""alpha"": 0.0001, ""hidden_layer_sizes"": [48, 24], ""learning_rate_init"": 0.001, ""max_iter"": 600, ""negative_sample_ratio"": 3.0}",ok,0.0
2025-07-21,2025-07-25,539,,0.06126657,0.06126791,-0.01203022,0,1,0.02578048577463035,2025,True,mlp,top,manual_weak_top_label,169,"{""alpha"": 0.0001, ""hidden_layer_sizes"": [48, 24], ""learning_rate_init"": 0.001, ""max_iter"": 600, ""negative_sample_ratio"": 3.0}",ok,0.0
2025-07-28,2025-08-01,540,,0.10381094,0.10381094,-0.00589883,0,1,0.009266854799088842,2025,True,mlp,top,manual_weak_top_label,169,"{""alpha"": 0.0001, ""hidden_layer_sizes"": [48, 24], ""learning_rate_init"": 0.001, ""max_iter"": 600, ""negative_sample_ratio"": 3.0}",ok,0.0
2025-08-04,2025-08-08,541,,0.08782328,0.10634823,0.00181950,0,1,0.02270807840191612,2025,True,mlp,top,manual_weak_top_label,169,"{""alpha"": 0.0001, ""hidden_layer_sizes"": [48, 24], ""learning_rate_init"": 0.001, ""max_iter"": 600, ""negative_sample_ratio"": 3.0}",ok,0.0
2025-08-11,2025-08-15,542,,0.01800716,0.06292265,-0.02498574,0,1,0.004244647214303403,2025,True,mlp,top,manual_weak_top_label,169,"{""alpha"": 0.0001, ""hidden_layer_sizes"": [48, 24], ""learning_rate_init"": 0.001, ""max_iter"": 600, ""negative_sample_ratio"": 3.0}",ok,0.0
2025-08-18,2025-08-22,543,,0.00814131,0.02749078,-0.05748723,0,1,0.04317265600265004,2025,True,mlp,top,manual_weak_top_label,169,"{""alpha"": 0.0001, ""hidden_layer_sizes"": [48, 24], ""learning_rate_init"": 0.001, ""max_iter"": 600, ""negative_sample_ratio"": 3.0}",ok,0.0
2025-08-25,2025-08-29,544,,-0.00006560,0.03055557,-0.06708343,0,1,0.09028149951907127,2025,True,mlp,top,manual_weak_top_label,169,"{""alpha"": 0.0001, ""hidden_layer_sizes"": [48, 24], ""learning_rate_init"": 0.001, ""max_iter"": 600, ""negative_sample_ratio"": 3.0}",ok,0.0
2025-09-01,2025-09-05,545,,0.02096729,0.05800750,-0.01164641,0,1,0.04326268878438847,2025,True,mlp,top,manual_weak_top_label,169,"{""alpha"": 0.0001, ""hidden_layer_sizes"": [48, 24], ""learning_rate_init"": 0.001, ""max_iter"": 600, ""negative_sample_ratio"": 3.0}",ok,0.0
2025-09-08,2025-09-12,546,,0.02048786,0.03274819,-0.02171905,0,1,0.019461406558496774,2025,True,mlp,top,manual_weak_top_label,169,"{""alpha"": 0.0001, ""hidden_layer_sizes"": [48, 24], ""learning_rate_init"": 0.001, ""max_iter"": 600, ""negative_sample_ratio"": 3.0}",ok,0.0
2025-09-15,2025-09-19,547,,0.01285676,0.03132241,-0.02373199,0,1,0.008799062986777911,2025,True,mlp,top,manual_weak_top_label,169,"{""alpha"": 0.0001, ""hidden_layer_sizes"": [48, 24], ""learning_rate_init"": 0.001, ""max_iter"": 600, ""negative_sample_ratio"": 3.0}",ok,0.0
2025-09-22,2025-09-26,548,,-0.02867299,0.03698259,-0.02982458,0,1,0.06460420283559644,2025,True,mlp,top,manual_weak_top_label,169,"{""alpha"": 0.0001, ""hidden_layer_sizes"": [48, 24], ""learning_rate_init"": 0.001, ""max_iter"": 600, ""negative_sample_ratio"": 3.0}",ok,0.0
2025-09-29,2025-09-30,549,,-0.02055825,0.01270079,-0.05254204,0,1,0.0801700311735063,2025,True,mlp,top,manual_weak_top_label,169,"{""alpha"": 0.0001, ""hidden_layer_sizes"": [48, 24], ""learning_rate_init"": 0.001, ""max_iter"": 600, ""negative_sample_ratio"": 3.0}",ok,0.0
2025-10-09,2025-10-10,550,,-0.00360309,0.01035411,-0.04736787,0,1,0.2446497521492093,2025,True,mlp,top,manual_weak_top_label,169,"{""alpha"": 0.0001, ""hidden_layer_sizes"": [48, 24], ""learning_rate_init"": 0.001, ""max_iter"": 600, ""negative_sample_ratio"": 3.0}",ok,0.0
2025-10-27,2025-10-31,553,,-0.05847755,0.01308382,-0.05847755,0,1,0.37771698286430233,2025,True,mlp,top,manual_weak_top_label,169,"{""alpha"": 0.0001, ""hidden_layer_sizes"": [48, 24], ""learning_rate_init"": 0.001, ""max_iter"": 600, ""negative_sample_ratio"": 3.0}",ok,1.0
2025-12-29,2025-12-31,562,,0.11526348,0.11629202,0.00374759,0,1,0.14511807506841334,2025,True,mlp,top,manual_weak_top_label,169,"{""alpha"": 0.0001, ""hidden_layer_sizes"": [48, 24], ""learning_rate_init"": 0.001, ""max_iter"": 600, ""negative_sample_ratio"": 3.0}",ok,0.0
2025-02-05,2025-02-07,515,,0.02223065,0.06782544,-0.00350013,0,1,0.10514925816109304,2025,True,svm,top,manual_weak_top_label,169,"{""C"": 0.5, ""gamma"": ""scale""}",ok,0.0
2025-02-10,2025-02-14,516,,0.04143652,0.05266838,-0.02180406,0,1,0.10876030050019876,2025,True,svm,top,manual_weak_top_label,169,"{""C"": 0.5, ""gamma"": ""scale""}",ok,0.0
2025-02-17,2025-02-21,517,,0.01890815,0.02840030,-0.03588305,0,1,0.1081610209949751,2025,True,svm,top,manual_weak_top_label,169,"{""C"": 0.5, ""gamma"": ""scale""}",ok,0.0
2025-02-24,2025-02-28,518,,0.02156028,0.05939603,-0.00839003,0,1,0.10932406339515571,2025,True,svm,top,manual_weak_top_label,169,"{""C"": 0.5, ""gamma"": ""scale""}",ok,0.0
2025-03-03,2025-03-07,519,,-0.03679358,0.02075859,-0.04039743,0,1,0.10884598872889592,2025,True,svm,top,manual_weak_top_label,169,"{""C"": 0.5, ""gamma"": ""scale""}",ok,0.0
2025-03-10,2025-03-14,520,,-0.05598911,0.01090917,-0.06506009,0,1,0.10931684784126135,2025,True,svm,top,manual_weak_top_label,169,"{""C"": 0.5, ""gamma"": ""scale""}",ok,1.0
2025-03-17,2025-03-21,521,,-0.08483547,0.00107827,-0.18431310,0,1,0.10672020034345313,2025,True,svm,top,manual_weak_top_label,169,"{""C"": 0.5, ""gamma"": ""scale""}",ok,1.0
2025-03-31,2025-04-03,523,,-0.04251879,-0.03062617,-0.15770490,0,1,0.10568741865520133,2025,True,svm,top,manual_weak_top_label,169,"{""C"": 0.5, ""gamma"": ""scale""}",ok,0.0
2025-05-06,2025-05-09,528,,-0.00912878,0.02274928,-0.01820676,0,1,0.08990366229913646,2025,True,svm,top,manual_weak_top_label,169,"{""C"": 0.5, ""gamma"": ""scale""}",ok,0.0
2025-05-12,2025-05-16,529,,0.01396282,0.01758915,-0.01594729,0,1,0.08314767552185945,2025,True,svm,top,manual_weak_top_label,169,"{""C"": 0.5, ""gamma"": ""scale""}",ok,0.0
2025-05-19,2025-05-23,530,,0.01942226,0.03951934,-0.00305993,0,1,0.06950074119787791,2025,True,svm,top,manual_weak_top_label,169,"{""C"": 0.5, ""gamma"": ""scale""}",ok,0.0
2025-05-26,2025-05-30,531,,-0.00447502,0.03315706,-0.00480705,0,1,0.082447725023247,2025,True,svm,top,manual_weak_top_label,169,"{""C"": 0.5, ""gamma"": ""scale""}",ok,0.0
2025-06-03,2025-06-06,532,,0.02016823,0.02703075,-0.03042202,0,1,0.08324892848250581,2025,True,svm,top,manual_weak_top_label,169,"{""C"": 0.5, ""gamma"": ""scale""}",ok,0.0
2025-06-09,2025-06-13,533,,0.03376822,0.04406463,-0.02298474,0,1,0.08020561788025352,2025,True,svm,top,manual_weak_top_label,169,"{""C"": 0.5, ""gamma"": ""scale""}",ok,0.0
2025-06-16,2025-06-20,534,,0.07692341,0.08131371,-0.00565505,0,1,0.09118245214726242,2025,True,svm,top,manual_weak_top_label,169,"{""C"": 0.5, ""gamma"": ""scale""}",ok,0.0
2025-06-23,2025-06-27,535,,0.04383300,0.04570382,0.00128454,0,1,0.09694798346524208,2025,True,svm,top,manual_weak_top_label,169,"{""C"": 0.5, ""gamma"": ""scale""}",ok,0.0
2025-06-30,2025-07-04,536,,0.06248427,0.06408323,-0.00132046,0,1,0.07156499969898059,2025,True,svm,top,manual_weak_top_label,169,"{""C"": 0.5, ""gamma"": ""scale""}",ok,0.0
2025-07-07,2025-07-11,537,,0.03240501,0.04841033,-0.01231106,0,1,0.06636351256718032,2025,True,svm,top,manual_weak_top_label,169,"{""C"": 0.5, ""gamma"": ""scale""}",ok,0.0
2025-07-14,2025-07-18,538,,0.04365885,0.04951455,0.00045314,0,1,0.058794861035004656,2025,True,svm,top,manual_weak_top_label,169,"{""C"": 0.5, ""gamma"": ""scale""}",ok,0.0
2025-07-21,2025-07-25,539,,0.06126657,0.06126791,-0.01203022,0,1,0.05719530707092064,2025,True,svm,top,manual_weak_top_label,169,"{""C"": 0.5, ""gamma"": ""scale""}",ok,0.0
2025-07-28,2025-08-01,540,,0.10381094,0.10381094,-0.00589883,0,1,0.053827155830355786,2025,True,svm,top,manual_weak_top_label,169,"{""C"": 0.5, ""gamma"": ""scale""}",ok,0.0
2025-08-04,2025-08-08,541,,0.08782328,0.10634823,0.00181950,0,1,0.062275583184371715,2025,True,svm,top,manual_weak_top_label,169,"{""C"": 0.5, ""gamma"": ""scale""}",ok,0.0
2025-08-11,2025-08-15,542,,0.01800716,0.06292265,-0.02498574,0,1,0.08501106596047103,2025,True,svm,top,manual_weak_top_label,169,"{""C"": 0.5, ""gamma"": ""scale""}",ok,0.0
2025-08-18,2025-08-22,543,,0.00814131,0.02749078,-0.05748723,0,1,0.06792433507309611,2025,True,svm,top,manual_weak_top_label,169,"{""C"": 0.5, ""gamma"": ""scale""}",ok,0.0
2025-08-25,2025-08-29,544,,-0.00006560,0.03055557,-0.06708343,0,1,0.06654758945812296,2025,True,svm,top,manual_weak_top_label,169,"{""C"": 0.5, ""gamma"": ""scale""}",ok,0.0
2025-09-01,2025-09-05,545,,0.02096729,0.05800750,-0.01164641,0,1,0.07463631630388969,2025,True,svm,top,manual_weak_top_label,169,"{""C"": 0.5, ""gamma"": ""scale""}",ok,0.0
2025-09-08,2025-09-12,546,,0.02048786,0.03274819,-0.02171905,0,1,0.07276019680380576,2025,True,svm,top,manual_weak_top_label,169,"{""C"": 0.5, ""gamma"": ""scale""}",ok,0.0
2025-09-15,2025-09-19,547,,0.01285676,0.03132241,-0.02373199,0,1,0.08381255627165614,2025,True,svm,top,manual_weak_top_label,169,"{""C"": 0.5, ""gamma"": ""scale""}",ok,0.0
2025-09-22,2025-09-26,548,,-0.02867299,0.03698259,-0.02982458,0,1,0.09599716665773934,2025,True,svm,top,manual_weak_top_label,169,"{""C"": 0.5, ""gamma"": ""scale""}",ok,0.0
2025-09-29,2025-09-30,549,,-0.02055825,0.01270079,-0.05254204,0,1,0.094940578176167,2025,True,svm,top,manual_weak_top_label,169,"{""C"": 0.5, ""gamma"": ""scale""}",ok,0.0
2025-10-09,2025-10-10,550,,-0.00360309,0.01035411,-0.04736787,0,1,0.12486817633130362,2025,True,svm,top,manual_weak_top_label,169,"{""C"": 0.5, ""gamma"": ""scale""}",ok,0.0
2025-10-27,2025-10-31,553,,-0.05847755,0.01308382,-0.05847755,0,1,0.11944676006306484,2025,True,svm,top,manual_weak_top_label,169,"{""C"": 0.5, ""gamma"": ""scale""}",ok,1.0
2025-12-29,2025-12-31,562,,0.11526348,0.11629202,0.00374759,0,1,0.08031006551397145,2025,True,svm,top,manual_weak_top_label,169,"{""C"": 0.5, ""gamma"": ""scale""}",ok,0.0
2026-03-16,2026-03-20,572,0.0,0.02759668,0.03550104,-0.05469809,1,0,0.2542525023556029,2026,False,logistic,bottom,manual_weak_bottom_label,192,"{""C"": 0.3}",ok,
2026-03-23,2026-03-27,573,1.0,0.07243743,0.07576624,-0.02896462,1,0,0.16301063623783335,2026,False,logistic,bottom,manual_weak_bottom_label,192,"{""C"": 0.3}",ok,
2026-03-30,2026-04-03,574,1.0,0.10184181,0.12788764,0.00236287,1,0,0.09811317664563687,2026,False,logistic,bottom,manual_weak_bottom_label,192,"{""C"": 0.3}",ok,
2026-03-16,2026-03-20,572,0.0,0.02759668,0.03550104,-0.05469809,1,0,0.15699862713104398,2026,False,lda,bottom,manual_weak_bottom_label,192,"{""shrinkage"": 0.5, ""solver"": ""lsqr""}",ok,
2026-03-23,2026-03-27,573,1.0,0.07243743,0.07576624,-0.02896462,1,0,0.006516369039727915,2026,False,lda,bottom,manual_weak_bottom_label,192,"{""shrinkage"": 0.5, ""solver"": ""lsqr""}",ok,
2026-03-30,2026-04-03,574,1.0,0.10184181,0.12788764,0.00236287,1,0,0.016866396564141146,2026,False,lda,bottom,manual_weak_bottom_label,192,"{""shrinkage"": 0.5, ""solver"": ""lsqr""}",ok,
2026-03-16,2026-03-20,572,0.0,0.02759668,0.03550104,-0.05469809,1,0,1.0,2026,False,qda,bottom,manual_weak_bottom_label,192,"{""reg_param"": 0.5}",ok,
2026-03-23,2026-03-27,573,1.0,0.07243743,0.07576624,-0.02896462,1,0,1.0,2026,False,qda,bottom,manual_weak_bottom_label,192,"{""reg_param"": 0.5}",ok,
2026-03-30,2026-04-03,574,1.0,0.10184181,0.12788764,0.00236287,1,0,1.0,2026,False,qda,bottom,manual_weak_bottom_label,192,"{""reg_param"": 0.5}",ok,
2026-03-16,2026-03-20,572,0.0,0.02759668,0.03550104,-0.05469809,1,0,0.43418975563723267,2026,False,lightgbm,bottom,manual_weak_bottom_label,192,"{""balanced_bagging"": true, ""is_unbalance"": false, ""learning_rate"": 0.04, ""max_depth"": 3, ""min_child_samples"": 8, ""n_estimators"": 180, ""negative_sample_ratio"": 3.0, ""num_leaves"": 7}",ok,
2026-03-23,2026-03-27,573,1.0,0.07243743,0.07576624,-0.02896462,1,0,0.09711300748175056,2026,False,lightgbm,bottom,manual_weak_bottom_label,192,"{""balanced_bagging"": true, ""is_unbalance"": false, ""learning_rate"": 0.04, ""max_depth"": 3, ""min_child_samples"": 8, ""n_estimators"": 180, ""negative_sample_ratio"": 3.0, ""num_leaves"": 7}",ok,
2026-03-30,2026-04-03,574,1.0,0.10184181,0.12788764,0.00236287,1,0,0.14109339085155373,2026,False,lightgbm,bottom,manual_weak_bottom_label,192,"{""balanced_bagging"": true, ""is_unbalance"": false, ""learning_rate"": 0.04, ""max_depth"": 3, ""min_child_samples"": 8, ""n_estimators"": 180, ""negative_sample_ratio"": 3.0, ""num_leaves"": 7}",ok,
2026-03-16,2026-03-20,572,0.0,0.02759668,0.03550104,-0.05469809,1,0,0.07266180962324142,2026,False,bp,bottom,manual_weak_bottom_label,192,"{""dropout"": 0.1, ""focal_alpha"": 0.75, ""focal_gamma"": 2.0, ""hidden_layers"": [48, 24], ""learning_rate"": 0.001, ""max_epochs"": 160, ""patience"": 18}",ok,
2026-03-23,2026-03-27,573,1.0,0.07243743,0.07576624,-0.02896462,1,0,0.0704820528626442,2026,False,bp,bottom,manual_weak_bottom_label,192,"{""dropout"": 0.1, ""focal_alpha"": 0.75, ""focal_gamma"": 2.0, ""hidden_layers"": [48, 24], ""learning_rate"": 0.001, ""max_epochs"": 160, ""patience"": 18}",ok,
2026-03-30,2026-04-03,574,1.0,0.10184181,0.12788764,0.00236287,1,0,0.06781814992427826,2026,False,bp,bottom,manual_weak_bottom_label,192,"{""dropout"": 0.1, ""focal_alpha"": 0.75, ""focal_gamma"": 2.0, ""hidden_layers"": [48, 24], ""learning_rate"": 0.001, ""max_epochs"": 160, ""patience"": 18}",ok,
2026-03-16,2026-03-20,572,0.0,0.02759668,0.03550104,-0.05469809,1,0,0.04109688338152082,2026,False,mlp,bottom,manual_weak_bottom_label,192,"{""alpha"": 0.001, ""hidden_layer_sizes"": [64, 32], ""learning_rate_init"": 0.0007, ""max_iter"": 700, ""negative_sample_ratio"": 5.0}",ok,
2026-03-23,2026-03-27,573,1.0,0.07243743,0.07576624,-0.02896462,1,0,0.022181861992043292,2026,False,mlp,bottom,manual_weak_bottom_label,192,"{""alpha"": 0.001, ""hidden_layer_sizes"": [64, 32], ""learning_rate_init"": 0.0007, ""max_iter"": 700, ""negative_sample_ratio"": 5.0}",ok,
2026-03-30,2026-04-03,574,1.0,0.10184181,0.12788764,0.00236287,1,0,0.012857221379238748,2026,False,mlp,bottom,manual_weak_bottom_label,192,"{""alpha"": 0.001, ""hidden_layer_sizes"": [64, 32], ""learning_rate_init"": 0.0007, ""max_iter"": 700, ""negative_sample_ratio"": 5.0}",ok,
2026-03-16,2026-03-20,572,0.0,0.02759668,0.03550104,-0.05469809,1,0,0.2035081633199925,2026,False,svm,bottom,manual_weak_bottom_label,192,"{""C"": 0.5, ""gamma"": ""scale""}",ok,
2026-03-23,2026-03-27,573,1.0,0.07243743,0.07576624,-0.02896462,1,0,0.13624242395673378,2026,False,svm,bottom,manual_weak_bottom_label,192,"{""C"": 0.5, ""gamma"": ""scale""}",ok,
2026-03-30,2026-04-03,574,1.0,0.10184181,0.12788764,0.00236287,1,0,0.2677997777354466,2026,False,svm,bottom,manual_weak_bottom_label,192,"{""C"": 0.5, ""gamma"": ""scale""}",ok,
2026-01-05,2026-01-09,563,,0.01545998,0.04935724,-0.00556181,0,1,0.8383723088394824,2026,False,logistic,top,manual_weak_top_label,202,"{""C"": 0.3}",ok,0.0
2026-01-12,2026-01-16,564,,-0.02200425,0.03615909,-0.03434086,0,1,0.010631801562482201,2026,False,logistic,top,manual_weak_top_label,202,"{""C"": 0.3}",ok,0.0
2026-01-19,2026-01-23,565,,-0.03139217,0.00704460,-0.06147441,0,1,0.02479524239331502,2026,False,logistic,top,manual_weak_top_label,202,"{""C"": 0.3}",ok,0.0
2026-01-26,2026-01-30,566,,0.03706701,0.03712177,-0.03692976,0,1,0.83550873866855,2026,False,logistic,top,manual_weak_top_label,202,"{""C"": 0.3}",ok,0.0
2026-02-09,2026-02-13,568,,0.00115347,0.04344588,-0.02696705,0,1,0.04428036067394944,2026,False,logistic,top,manual_weak_top_label,202,"{""C"": 0.3}",ok,0.0
2026-02-24,2026-02-27,569,,-0.09080975,-0.00292448,-0.09102655,0,1,0.40009624414215306,2026,False,logistic,top,manual_weak_top_label,202,"{""C"": 0.3}",ok,1.0
2026-04-20,2026-04-24,577,,0.04558123,0.08281519,-0.01695455,0,1,0.009180078885643407,2026,False,logistic,top,manual_weak_top_label,202,"{""C"": 0.3}",ok,0.0
2026-04-27,2026-04-30,578,,0.03707003,0.07276388,0.00955339,0,1,0.000501046531296057,2026,False,logistic,top,manual_weak_top_label,202,"{""C"": 0.3}",ok,0.0
2026-05-06,2026-05-08,579,,-0.03802874,0.02868032,-0.04385578,0,1,0.2762907255622462,2026,False,logistic,top,manual_weak_top_label,202,"{""C"": 0.3}",ok,0.0
2026-05-11,2026-05-15,580,,-0.03935329,0.02464062,-0.05338241,0,1,0.029792061819501926,2026,False,logistic,top,manual_weak_top_label,202,"{""C"": 0.3}",ok,0.0
2026-05-18,2026-05-22,581,,-0.05635406,0.01268656,-0.08113391,0,1,5.844922943214899e-05,2026,False,logistic,top,manual_weak_top_label,202,"{""C"": 0.3}",ok,1.0
2026-06-01,2026-06-05,583,,0.03122481,0.06368090,-0.04238923,0,1,4.04228786427357e-05,2026,False,logistic,top,manual_weak_top_label,202,"{""C"": 0.3}",ok,0.0
2026-01-05,2026-01-09,563,,0.01545998,0.04935724,-0.00556181,0,1,0.9701798291778229,2026,False,lda,top,manual_weak_top_label,202,"{""shrinkage"": 0.5, ""solver"": ""lsqr""}",ok,0.0
2026-01-12,2026-01-16,564,,-0.02200425,0.03615909,-0.03434086,0,1,0.057243609958016334,2026,False,lda,top,manual_weak_top_label,202,"{""shrinkage"": 0.5, ""solver"": ""lsqr""}",ok,0.0
2026-01-19,2026-01-23,565,,-0.03139217,0.00704460,-0.06147441,0,1,0.21084692039772118,2026,False,lda,top,manual_weak_top_label,202,"{""shrinkage"": 0.5, ""solver"": ""lsqr""}",ok,0.0
2026-01-26,2026-01-30,566,,0.03706701,0.03712177,-0.03692976,0,1,0.9461731567539976,2026,False,lda,top,manual_weak_top_label,202,"{""shrinkage"": 0.5, ""solver"": ""lsqr""}",ok,0.0
2026-02-09,2026-02-13,568,,0.00115347,0.04344588,-0.02696705,0,1,0.011923363902394186,2026,False,lda,top,manual_weak_top_label,202,"{""shrinkage"": 0.5, ""solver"": ""lsqr""}",ok,0.0
2026-02-24,2026-02-27,569,,-0.09080975,-0.00292448,-0.09102655,0,1,0.10836876938373652,2026,False,lda,top,manual_weak_top_label,202,"{""shrinkage"": 0.5, ""solver"": ""lsqr""}",ok,1.0
2026-04-20,2026-04-24,577,,0.04558123,0.08281519,-0.01695455,0,1,0.00831264298642745,2026,False,lda,top,manual_weak_top_label,202,"{""shrinkage"": 0.5, ""solver"": ""lsqr""}",ok,0.0
2026-04-27,2026-04-30,578,,0.03707003,0.07276388,0.00955339,0,1,8.3455119860132e-05,2026,False,lda,top,manual_weak_top_label,202,"{""shrinkage"": 0.5, ""solver"": ""lsqr""}",ok,0.0
2026-05-06,2026-05-08,579,,-0.03802874,0.02868032,-0.04385578,0,1,0.25438338071612765,2026,False,lda,top,manual_weak_top_label,202,"{""shrinkage"": 0.5, ""solver"": ""lsqr""}",ok,0.0
2026-05-11,2026-05-15,580,,-0.03935329,0.02464062,-0.05338241,0,1,0.03285602588497785,2026,False,lda,top,manual_weak_top_label,202,"{""shrinkage"": 0.5, ""solver"": ""lsqr""}",ok,0.0
2026-05-18,2026-05-22,581,,-0.05635406,0.01268656,-0.08113391,0,1,0.00097838702302589,2026,False,lda,top,manual_weak_top_label,202,"{""shrinkage"": 0.5, ""solver"": ""lsqr""}",ok,1.0
2026-06-01,2026-06-05,583,,0.03122481,0.06368090,-0.04238923,0,1,0.0003238856545718958,2026,False,lda,top,manual_weak_top_label,202,"{""shrinkage"": 0.5, ""solver"": ""lsqr""}",ok,0.0
2026-01-05,2026-01-09,563,,0.01545998,0.04935724,-0.00556181,0,1,1.0,2026,False,qda,top,manual_weak_top_label,202,"{""reg_param"": 0.2}",ok,0.0
2026-01-12,2026-01-16,564,,-0.02200425,0.03615909,-0.03434086,0,1,1.0,2026,False,qda,top,manual_weak_top_label,202,"{""reg_param"": 0.2}",ok,0.0
2026-01-19,2026-01-23,565,,-0.03139217,0.00704460,-0.06147441,0,1,1.0,2026,False,qda,top,manual_weak_top_label,202,"{""reg_param"": 0.2}",ok,0.0
2026-01-26,2026-01-30,566,,0.03706701,0.03712177,-0.03692976,0,1,1.0,2026,False,qda,top,manual_weak_top_label,202,"{""reg_param"": 0.2}",ok,0.0
2026-02-09,2026-02-13,568,,0.00115347,0.04344588,-0.02696705,0,1,0.9999999999998752,2026,False,qda,top,manual_weak_top_label,202,"{""reg_param"": 0.2}",ok,0.0
2026-02-24,2026-02-27,569,,-0.09080975,-0.00292448,-0.09102655,0,1,1.0,2026,False,qda,top,manual_weak_top_label,202,"{""reg_param"": 0.2}",ok,1.0
2026-04-20,2026-04-24,577,,0.04558123,0.08281519,-0.01695455,0,1,1.0,2026,False,qda,top,manual_weak_top_label,202,"{""reg_param"": 0.2}",ok,0.0
2026-04-27,2026-04-30,578,,0.03707003,0.07276388,0.00955339,0,1,1.0,2026,False,qda,top,manual_weak_top_label,202,"{""reg_param"": 0.2}",ok,0.0
2026-05-06,2026-05-08,579,,-0.03802874,0.02868032,-0.04385578,0,1,1.0,2026,False,qda,top,manual_weak_top_label,202,"{""reg_param"": 0.2}",ok,0.0
2026-05-11,2026-05-15,580,,-0.03935329,0.02464062,-0.05338241,0,1,1.0,2026,False,qda,top,manual_weak_top_label,202,"{""reg_param"": 0.2}",ok,0.0
2026-05-18,2026-05-22,581,,-0.05635406,0.01268656,-0.08113391,0,1,1.0,2026,False,qda,top,manual_weak_top_label,202,"{""reg_param"": 0.2}",ok,1.0
2026-06-01,2026-06-05,583,,0.03122481,0.06368090,-0.04238923,0,1,1.0,2026,False,qda,top,manual_weak_top_label,202,"{""reg_param"": 0.2}",ok,0.0
2026-01-05,2026-01-09,563,,0.01545998,0.04935724,-0.00556181,0,1,0.2758633996066753,2026,False,lightgbm,top,manual_weak_top_label,202,"{""balanced_bagging"": true, ""is_unbalance"": false, ""learning_rate"": 0.04, ""max_depth"": 3, ""min_child_samples"": 8, ""n_estimators"": 180, ""negative_sample_ratio"": 3.0, ""num_leaves"": 7}",ok,0.0
2026-01-12,2026-01-16,564,,-0.02200425,0.03615909,-0.03434086,0,1,0.21666037495768214,2026,False,lightgbm,top,manual_weak_top_label,202,"{""balanced_bagging"": true, ""is_unbalance"": false, ""learning_rate"": 0.04, ""max_depth"": 3, ""min_child_samples"": 8, ""n_estimators"": 180, ""negative_sample_ratio"": 3.0, ""num_leaves"": 7}",ok,0.0
2026-01-19,2026-01-23,565,,-0.03139217,0.00704460,-0.06147441,0,1,0.23963140946025704,2026,False,lightgbm,top,manual_weak_top_label,202,"{""balanced_bagging"": true, ""is_unbalance"": false, ""learning_rate"": 0.04, ""max_depth"": 3, ""min_child_samples"": 8, ""n_estimators"": 180, ""negative_sample_ratio"": 3.0, ""num_leaves"": 7}",ok,0.0
2026-01-26,2026-01-30,566,,0.03706701,0.03712177,-0.03692976,0,1,0.24620738396314723,2026,False,lightgbm,top,manual_weak_top_label,202,"{""balanced_bagging"": true, ""is_unbalance"": false, ""learning_rate"": 0.04, ""max_depth"": 3, ""min_child_samples"": 8, ""n_estimators"": 180, ""negative_sample_ratio"": 3.0, ""num_leaves"": 7}",ok,0.0
2026-02-09,2026-02-13,568,,0.00115347,0.04344588,-0.02696705,0,1,0.3320062554436669,2026,False,lightgbm,top,manual_weak_top_label,202,"{""balanced_bagging"": true, ""is_unbalance"": false, ""learning_rate"": 0.04, ""max_depth"": 3, ""min_child_samples"": 8, ""n_estimators"": 180, ""negative_sample_ratio"": 3.0, ""num_leaves"": 7}",ok,0.0
2026-02-24,2026-02-27,569,,-0.09080975,-0.00292448,-0.09102655,0,1,0.5859151797217693,2026,False,lightgbm,top,manual_weak_top_label,202,"{""balanced_bagging"": true, ""is_unbalance"": false, ""learning_rate"": 0.04, ""max_depth"": 3, ""min_child_samples"": 8, ""n_estimators"": 180, ""negative_sample_ratio"": 3.0, ""num_leaves"": 7}",ok,1.0
2026-04-20,2026-04-24,577,,0.04558123,0.08281519,-0.01695455,0,1,0.011558111034195946,2026,False,lightgbm,top,manual_weak_top_label,202,"{""balanced_bagging"": true, ""is_unbalance"": false, ""learning_rate"": 0.04, ""max_depth"": 3, ""min_child_samples"": 8, ""n_estimators"": 180, ""negative_sample_ratio"": 3.0, ""num_leaves"": 7}",ok,0.0
2026-04-27,2026-04-30,578,,0.03707003,0.07276388,0.00955339,0,1,0.013593204133062916,2026,False,lightgbm,top,manual_weak_top_label,202,"{""balanced_bagging"": true, ""is_unbalance"": false, ""learning_rate"": 0.04, ""max_depth"": 3, ""min_child_samples"": 8, ""n_estimators"": 180, ""negative_sample_ratio"": 3.0, ""num_leaves"": 7}",ok,0.0
2026-05-06,2026-05-08,579,,-0.03802874,0.02868032,-0.04385578,0,1,0.03982285603758474,2026,False,lightgbm,top,manual_weak_top_label,202,"{""balanced_bagging"": true, ""is_unbalance"": false, ""learning_rate"": 0.04, ""max_depth"": 3, ""min_child_samples"": 8, ""n_estimators"": 180, ""negative_sample_ratio"": 3.0, ""num_leaves"": 7}",ok,0.0
2026-05-11,2026-05-15,580,,-0.03935329,0.02464062,-0.05338241,0,1,0.010745330900052407,2026,False,lightgbm,top,manual_weak_top_label,202,"{""balanced_bagging"": true, ""is_unbalance"": false, ""learning_rate"": 0.04, ""max_depth"": 3, ""min_child_samples"": 8, ""n_estimators"": 180, ""negative_sample_ratio"": 3.0, ""num_leaves"": 7}",ok,0.0
2026-05-18,2026-05-22,581,,-0.05635406,0.01268656,-0.08113391,0,1,0.011358149095210822,2026,False,lightgbm,top,manual_weak_top_label,202,"{""balanced_bagging"": true, ""is_unbalance"": false, ""learning_rate"": 0.04, ""max_depth"": 3, ""min_child_samples"": 8, ""n_estimators"": 180, ""negative_sample_ratio"": 3.0, ""num_leaves"": 7}",ok,1.0
2026-06-01,2026-06-05,583,,0.03122481,0.06368090,-0.04238923,0,1,0.027830880866176782,2026,False,lightgbm,top,manual_weak_top_label,202,"{""balanced_bagging"": true, ""is_unbalance"": false, ""learning_rate"": 0.04, ""max_depth"": 3, ""min_child_samples"": 8, ""n_estimators"": 180, ""negative_sample_ratio"": 3.0, ""num_leaves"": 7}",ok,0.0
2026-01-05,2026-01-09,563,,0.01545998,0.04935724,-0.00556181,0,1,0.5763831734657288,2026,False,bp,top,manual_weak_top_label,202,"{""dropout"": 0.05, ""focal_alpha"": 0.7, ""focal_gamma"": 1.5, ""hidden_layers"": [32], ""learning_rate"": 0.001, ""max_epochs"": 130, ""patience"": 15}",ok,0.0
2026-01-12,2026-01-16,564,,-0.02200425,0.03615909,-0.03434086,0,1,0.19391588866710663,2026,False,bp,top,manual_weak_top_label,202,"{""dropout"": 0.05, ""focal_alpha"": 0.7, ""focal_gamma"": 1.5, ""hidden_layers"": [32], ""learning_rate"": 0.001, ""max_epochs"": 130, ""patience"": 15}",ok,0.0
2026-01-19,2026-01-23,565,,-0.03139217,0.00704460,-0.06147441,0,1,0.23939873278141022,2026,False,bp,top,manual_weak_top_label,202,"{""dropout"": 0.05, ""focal_alpha"": 0.7, ""focal_gamma"": 1.5, ""hidden_layers"": [32], ""learning_rate"": 0.001, ""max_epochs"": 130, ""patience"": 15}",ok,0.0
2026-01-26,2026-01-30,566,,0.03706701,0.03712177,-0.03692976,0,1,0.7128327488899231,2026,False,bp,top,manual_weak_top_label,202,"{""dropout"": 0.05, ""focal_alpha"": 0.7, ""focal_gamma"": 1.5, ""hidden_layers"": [32], ""learning_rate"": 0.001, ""max_epochs"": 130, ""patience"": 15}",ok,0.0
2026-02-09,2026-02-13,568,,0.00115347,0.04344588,-0.02696705,0,1,0.16540174186229706,2026,False,bp,top,manual_weak_top_label,202,"{""dropout"": 0.05, ""focal_alpha"": 0.7, ""focal_gamma"": 1.5, ""hidden_layers"": [32], ""learning_rate"": 0.001, ""max_epochs"": 130, ""patience"": 15}",ok,0.0
2026-02-24,2026-02-27,569,,-0.09080975,-0.00292448,-0.09102655,0,1,0.32717186212539673,2026,False,bp,top,manual_weak_top_label,202,"{""dropout"": 0.05, ""focal_alpha"": 0.7, ""focal_gamma"": 1.5, ""hidden_layers"": [32], ""learning_rate"": 0.001, ""max_epochs"": 130, ""patience"": 15}",ok,1.0
2026-04-20,2026-04-24,577,,0.04558123,0.08281519,-0.01695455,0,1,0.112495057284832,2026,False,bp,top,manual_weak_top_label,202,"{""dropout"": 0.05, ""focal_alpha"": 0.7, ""focal_gamma"": 1.5, ""hidden_layers"": [32], ""learning_rate"": 0.001, ""max_epochs"": 130, ""patience"": 15}",ok,0.0
2026-04-27,2026-04-30,578,,0.03707003,0.07276388,0.00955339,0,1,0.0847129225730896,2026,False,bp,top,manual_weak_top_label,202,"{""dropout"": 0.05, ""focal_alpha"": 0.7, ""focal_gamma"": 1.5, ""hidden_layers"": [32], ""learning_rate"": 0.001, ""max_epochs"": 130, ""patience"": 15}",ok,0.0
2026-05-06,2026-05-08,579,,-0.03802874,0.02868032,-0.04385578,0,1,0.3334397077560425,2026,False,bp,top,manual_weak_top_label,202,"{""dropout"": 0.05, ""focal_alpha"": 0.7, ""focal_gamma"": 1.5, ""hidden_layers"": [32], ""learning_rate"": 0.001, ""max_epochs"": 130, ""patience"": 15}",ok,0.0
2026-05-11,2026-05-15,580,,-0.03935329,0.02464062,-0.05338241,0,1,0.2606741189956665,2026,False,bp,top,manual_weak_top_label,202,"{""dropout"": 0.05, ""focal_alpha"": 0.7, ""focal_gamma"": 1.5, ""hidden_layers"": [32], ""learning_rate"": 0.001, ""max_epochs"": 130, ""patience"": 15}",ok,0.0
2026-05-18,2026-05-22,581,,-0.05635406,0.01268656,-0.08113391,0,1,0.2178417146205902,2026,False,bp,top,manual_weak_top_label,202,"{""dropout"": 0.05, ""focal_alpha"": 0.7, ""focal_gamma"": 1.5, ""hidden_layers"": [32], ""learning_rate"": 0.001, ""max_epochs"": 130, ""patience"": 15}",ok,1.0
2026-06-01,2026-06-05,583,,0.03122481,0.06368090,-0.04238923,0,1,0.1562509387731552,2026,False,bp,top,manual_weak_top_label,202,"{""dropout"": 0.05, ""focal_alpha"": 0.7, ""focal_gamma"": 1.5, ""hidden_layers"": [32], ""learning_rate"": 0.001, ""max_epochs"": 130, ""patience"": 15}",ok,0.0
2026-01-05,2026-01-09,563,,0.01545998,0.04935724,-0.00556181,0,1,0.16557479006874476,2026,False,mlp,top,manual_weak_top_label,202,"{""alpha"": 0.0001, ""hidden_layer_sizes"": [48, 24], ""learning_rate_init"": 0.001, ""max_iter"": 600, ""negative_sample_ratio"": 3.0}",ok,0.0
2026-01-12,2026-01-16,564,,-0.02200425,0.03615909,-0.03434086,0,1,0.34241192731427417,2026,False,mlp,top,manual_weak_top_label,202,"{""alpha"": 0.0001, ""hidden_layer_sizes"": [48, 24], ""learning_rate_init"": 0.001, ""max_iter"": 600, ""negative_sample_ratio"": 3.0}",ok,0.0
2026-01-19,2026-01-23,565,,-0.03139217,0.00704460,-0.06147441,0,1,0.1199352625068371,2026,False,mlp,top,manual_weak_top_label,202,"{""alpha"": 0.0001, ""hidden_layer_sizes"": [48, 24], ""learning_rate_init"": 0.001, ""max_iter"": 600, ""negative_sample_ratio"": 3.0}",ok,0.0
2026-01-26,2026-01-30,566,,0.03706701,0.03712177,-0.03692976,0,1,0.20038895749551155,2026,False,mlp,top,manual_weak_top_label,202,"{""alpha"": 0.0001, ""hidden_layer_sizes"": [48, 24], ""learning_rate_init"": 0.001, ""max_iter"": 600, ""negative_sample_ratio"": 3.0}",ok,0.0
2026-02-09,2026-02-13,568,,0.00115347,0.04344588,-0.02696705,0,1,0.2465610148494771,2026,False,mlp,top,manual_weak_top_label,202,"{""alpha"": 0.0001, ""hidden_layer_sizes"": [48, 24], ""learning_rate_init"": 0.001, ""max_iter"": 600, ""negative_sample_ratio"": 3.0}",ok,0.0
2026-02-24,2026-02-27,569,,-0.09080975,-0.00292448,-0.09102655,0,1,0.2526028320696746,2026,False,mlp,top,manual_weak_top_label,202,"{""alpha"": 0.0001, ""hidden_layer_sizes"": [48, 24], ""learning_rate_init"": 0.001, ""max_iter"": 600, ""negative_sample_ratio"": 3.0}",ok,1.0
2026-04-20,2026-04-24,577,,0.04558123,0.08281519,-0.01695455,0,1,0.6250466839295006,2026,False,mlp,top,manual_weak_top_label,202,"{""alpha"": 0.0001, ""hidden_layer_sizes"": [48, 24], ""learning_rate_init"": 0.001, ""max_iter"": 600, ""negative_sample_ratio"": 3.0}",ok,0.0
2026-04-27,2026-04-30,578,,0.03707003,0.07276388,0.00955339,0,1,0.2647309533354144,2026,False,mlp,top,manual_weak_top_label,202,"{""alpha"": 0.0001, ""hidden_layer_sizes"": [48, 24], ""learning_rate_init"": 0.001, ""max_iter"": 600, ""negative_sample_ratio"": 3.0}",ok,0.0
2026-05-06,2026-05-08,579,,-0.03802874,0.02868032,-0.04385578,0,1,0.20093743352460974,2026,False,mlp,top,manual_weak_top_label,202,"{""alpha"": 0.0001, ""hidden_layer_sizes"": [48, 24], ""learning_rate_init"": 0.001, ""max_iter"": 600, ""negative_sample_ratio"": 3.0}",ok,0.0
2026-05-11,2026-05-15,580,,-0.03935329,0.02464062,-0.05338241,0,1,0.2113139522036709,2026,False,mlp,top,manual_weak_top_label,202,"{""alpha"": 0.0001, ""hidden_layer_sizes"": [48, 24], ""learning_rate_init"": 0.001, ""max_iter"": 600, ""negative_sample_ratio"": 3.0}",ok,0.0
2026-05-18,2026-05-22,581,,-0.05635406,0.01268656,-0.08113391,0,1,0.00025471575254681835,2026,False,mlp,top,manual_weak_top_label,202,"{""alpha"": 0.0001, ""hidden_layer_sizes"": [48, 24], ""learning_rate_init"": 0.001, ""max_iter"": 600, ""negative_sample_ratio"": 3.0}",ok,1.0
2026-06-01,2026-06-05,583,,0.03122481,0.06368090,-0.04238923,0,1,0.08802296945999333,2026,False,mlp,top,manual_weak_top_label,202,"{""alpha"": 0.0001, ""hidden_layer_sizes"": [48, 24], ""learning_rate_init"": 0.001, ""max_iter"": 600, ""negative_sample_ratio"": 3.0}",ok,0.0
2026-01-05,2026-01-09,563,,0.01545998,0.04935724,-0.00556181,0,1,0.13668700569977538,2026,False,svm,top,manual_weak_top_label,202,"{""C"": 0.5, ""gamma"": ""scale""}",ok,0.0
2026-01-12,2026-01-16,564,,-0.02200425,0.03615909,-0.03434086,0,1,0.12037749845682409,2026,False,svm,top,manual_weak_top_label,202,"{""C"": 0.5, ""gamma"": ""scale""}",ok,0.0
2026-01-19,2026-01-23,565,,-0.03139217,0.00704460,-0.06147441,0,1,0.12202615162669067,2026,False,svm,top,manual_weak_top_label,202,"{""C"": 0.5, ""gamma"": ""scale""}",ok,0.0
2026-01-26,2026-01-30,566,,0.03706701,0.03712177,-0.03692976,0,1,0.10900908090316976,2026,False,svm,top,manual_weak_top_label,202,"{""C"": 0.5, ""gamma"": ""scale""}",ok,0.0
2026-02-09,2026-02-13,568,,0.00115347,0.04344588,-0.02696705,0,1,0.06568398203817842,2026,False,svm,top,manual_weak_top_label,202,"{""C"": 0.5, ""gamma"": ""scale""}",ok,0.0
2026-02-24,2026-02-27,569,,-0.09080975,-0.00292448,-0.09102655,0,1,0.06470177553250314,2026,False,svm,top,manual_weak_top_label,202,"{""C"": 0.5, ""gamma"": ""scale""}",ok,1.0
2026-04-20,2026-04-24,577,,0.04558123,0.08281519,-0.01695455,0,1,0.13935060930206192,2026,False,svm,top,manual_weak_top_label,202,"{""C"": 0.5, ""gamma"": ""scale""}",ok,0.0
2026-04-27,2026-04-30,578,,0.03707003,0.07276388,0.00955339,0,1,0.08156216098726483,2026,False,svm,top,manual_weak_top_label,202,"{""C"": 0.5, ""gamma"": ""scale""}",ok,0.0
2026-05-06,2026-05-08,579,,-0.03802874,0.02868032,-0.04385578,0,1,0.1036864907755454,2026,False,svm,top,manual_weak_top_label,202,"{""C"": 0.5, ""gamma"": ""scale""}",ok,0.0
2026-05-11,2026-05-15,580,,-0.03935329,0.02464062,-0.05338241,0,1,0.09168322645720499,2026,False,svm,top,manual_weak_top_label,202,"{""C"": 0.5, ""gamma"": ""scale""}",ok,0.0
2026-05-18,2026-05-22,581,,-0.05635406,0.01268656,-0.08113391,0,1,0.14762526387057912,2026,False,svm,top,manual_weak_top_label,202,"{""C"": 0.5, ""gamma"": ""scale""}",ok,1.0
2026-06-01,2026-06-05,583,,0.03122481,0.06368090,-0.04238923,0,1,0.14759394976713663,2026,False,svm,top,manual_weak_top_label,202,"{""C"": 0.5, ""gamma"": ""scale""}",ok,0.0
