week_start_date,week_end_date,week_pos,manual_weak_bottom_label,future_ret_3w,future_mfe_3w,future_mae_3w,is_bottom_candidate,is_top_candidate,turning_proba,test_year,year_complete,model,side,label_col,train_rows,tuned_params_json,tuning_status,manual_weak_top_label
2021-01-25,2021-01-29,310,0.0,0.03545762,0.03549823,-0.04808904,1,0,0.056008516902365184,2021,True,logistic,bottom,manual_weak_bottom_label,115,"{""C"": 3.0}",ok,
2021-02-01,2021-02-05,311,1.0,0.04633486,0.10158525,-0.00733430,1,0,0.0036681591403837106,2021,True,logistic,bottom,manual_weak_bottom_label,115,"{""C"": 3.0}",ok,
2021-03-08,2021-03-12,316,0.0,0.02263074,0.02620136,-0.01450516,1,0,3.086062971433431e-05,2021,True,logistic,bottom,manual_weak_bottom_label,115,"{""C"": 3.0}",ok,
2021-03-15,2021-03-19,317,0.0,0.02379002,0.02952287,-0.01928804,1,0,0.00029733912847113735,2021,True,logistic,bottom,manual_weak_bottom_label,115,"{""C"": 3.0}",ok,
2021-08-30,2021-09-03,341,0.0,0.00848884,0.05394884,-0.01020766,1,1,1.326098843067622e-07,2021,True,logistic,bottom,manual_weak_bottom_label,115,"{""C"": 3.0}",ok,
2021-10-11,2021-10-15,347,1.0,0.00532950,0.03165985,-0.01576973,1,0,0.0031067593554411164,2021,True,logistic,bottom,manual_weak_bottom_label,115,"{""C"": 3.0}",ok,
2021-10-25,2021-10-29,349,1.0,0.05666090,0.05696759,-0.01132722,1,0,0.17317106425904605,2021,True,logistic,bottom,manual_weak_bottom_label,115,"{""C"": 3.0}",ok,
2021-11-01,2021-11-05,350,1.0,0.07459172,0.07915490,-0.00515347,1,0,0.0006196428200870966,2021,True,logistic,bottom,manual_weak_bottom_label,115,"{""C"": 3.0}",ok,
2021-01-25,2021-01-29,310,0.0,0.03545762,0.03549823,-0.04808904,1,0,0.1817529241881616,2021,True,lda,bottom,manual_weak_bottom_label,115,"{""shrinkage"": 0.5, ""solver"": ""lsqr""}",ok,
2021-02-01,2021-02-05,311,1.0,0.04633486,0.10158525,-0.00733430,1,0,0.011626551301518786,2021,True,lda,bottom,manual_weak_bottom_label,115,"{""shrinkage"": 0.5, ""solver"": ""lsqr""}",ok,
2021-03-08,2021-03-12,316,0.0,0.02263074,0.02620136,-0.01450516,1,0,9.961450348019185e-06,2021,True,lda,bottom,manual_weak_bottom_label,115,"{""shrinkage"": 0.5, ""solver"": ""lsqr""}",ok,
2021-03-15,2021-03-19,317,0.0,0.02379002,0.02952287,-0.01928804,1,0,8.184663288616992e-05,2021,True,lda,bottom,manual_weak_bottom_label,115,"{""shrinkage"": 0.5, ""solver"": ""lsqr""}",ok,
2021-08-30,2021-09-03,341,0.0,0.00848884,0.05394884,-0.01020766,1,1,7.944583885642758e-08,2021,True,lda,bottom,manual_weak_bottom_label,115,"{""shrinkage"": 0.5, ""solver"": ""lsqr""}",ok,
2021-10-11,2021-10-15,347,1.0,0.00532950,0.03165985,-0.01576973,1,0,0.0013333915231075887,2021,True,lda,bottom,manual_weak_bottom_label,115,"{""shrinkage"": 0.5, ""solver"": ""lsqr""}",ok,
2021-10-25,2021-10-29,349,1.0,0.05666090,0.05696759,-0.01132722,1,0,0.0027965605851828557,2021,True,lda,bottom,manual_weak_bottom_label,115,"{""shrinkage"": 0.5, ""solver"": ""lsqr""}",ok,
2021-11-01,2021-11-05,350,1.0,0.07459172,0.07915490,-0.00515347,1,0,8.914897696352493e-05,2021,True,lda,bottom,manual_weak_bottom_label,115,"{""shrinkage"": 0.5, ""solver"": ""lsqr""}",ok,
2021-01-25,2021-01-29,310,0.0,0.03545762,0.03549823,-0.04808904,1,0,1.0,2021,True,qda,bottom,manual_weak_bottom_label,115,"{""reg_param"": 0.2}",ok,
2021-02-01,2021-02-05,311,1.0,0.04633486,0.10158525,-0.00733430,1,0,1.0,2021,True,qda,bottom,manual_weak_bottom_label,115,"{""reg_param"": 0.2}",ok,
2021-03-08,2021-03-12,316,0.0,0.02263074,0.02620136,-0.01450516,1,0,0.9999999999999951,2021,True,qda,bottom,manual_weak_bottom_label,115,"{""reg_param"": 0.2}",ok,
2021-03-15,2021-03-19,317,0.0,0.02379002,0.02952287,-0.01928804,1,0,1.0,2021,True,qda,bottom,manual_weak_bottom_label,115,"{""reg_param"": 0.2}",ok,
2021-08-30,2021-09-03,341,0.0,0.00848884,0.05394884,-0.01020766,1,1,1.0,2021,True,qda,bottom,manual_weak_bottom_label,115,"{""reg_param"": 0.2}",ok,
2021-10-11,2021-10-15,347,1.0,0.00532950,0.03165985,-0.01576973,1,0,1.0,2021,True,qda,bottom,manual_weak_bottom_label,115,"{""reg_param"": 0.2}",ok,
2021-10-25,2021-10-29,349,1.0,0.05666090,0.05696759,-0.01132722,1,0,1.0,2021,True,qda,bottom,manual_weak_bottom_label,115,"{""reg_param"": 0.2}",ok,
2021-11-01,2021-11-05,350,1.0,0.07459172,0.07915490,-0.00515347,1,0,0.9999999999974598,2021,True,qda,bottom,manual_weak_bottom_label,115,"{""reg_param"": 0.2}",ok,
2021-01-25,2021-01-29,310,0.0,0.03545762,0.03549823,-0.04808904,1,0,0.46396761055238606,2021,True,lightgbm,bottom,manual_weak_bottom_label,115,"{""balanced_bagging"": true, ""is_unbalance"": false, ""learning_rate"": 0.04, ""max_depth"": 3, ""min_child_samples"": 8, ""n_estimators"": 180, ""negative_sample_ratio"": 3.0, ""num_leaves"": 7}",ok,
2021-02-01,2021-02-05,311,1.0,0.04633486,0.10158525,-0.00733430,1,0,0.5236084465824415,2021,True,lightgbm,bottom,manual_weak_bottom_label,115,"{""balanced_bagging"": true, ""is_unbalance"": false, ""learning_rate"": 0.04, ""max_depth"": 3, ""min_child_samples"": 8, ""n_estimators"": 180, ""negative_sample_ratio"": 3.0, ""num_leaves"": 7}",ok,
2021-03-08,2021-03-12,316,0.0,0.02263074,0.02620136,-0.01450516,1,0,0.039004095287635876,2021,True,lightgbm,bottom,manual_weak_bottom_label,115,"{""balanced_bagging"": true, ""is_unbalance"": false, ""learning_rate"": 0.04, ""max_depth"": 3, ""min_child_samples"": 8, ""n_estimators"": 180, ""negative_sample_ratio"": 3.0, ""num_leaves"": 7}",ok,
2021-03-15,2021-03-19,317,0.0,0.02379002,0.02952287,-0.01928804,1,0,0.05203645241288708,2021,True,lightgbm,bottom,manual_weak_bottom_label,115,"{""balanced_bagging"": true, ""is_unbalance"": false, ""learning_rate"": 0.04, ""max_depth"": 3, ""min_child_samples"": 8, ""n_estimators"": 180, ""negative_sample_ratio"": 3.0, ""num_leaves"": 7}",ok,
2021-08-30,2021-09-03,341,0.0,0.00848884,0.05394884,-0.01020766,1,1,0.01621049219561558,2021,True,lightgbm,bottom,manual_weak_bottom_label,115,"{""balanced_bagging"": true, ""is_unbalance"": false, ""learning_rate"": 0.04, ""max_depth"": 3, ""min_child_samples"": 8, ""n_estimators"": 180, ""negative_sample_ratio"": 3.0, ""num_leaves"": 7}",ok,
2021-10-11,2021-10-15,347,1.0,0.00532950,0.03165985,-0.01576973,1,0,0.4705295946669275,2021,True,lightgbm,bottom,manual_weak_bottom_label,115,"{""balanced_bagging"": true, ""is_unbalance"": false, ""learning_rate"": 0.04, ""max_depth"": 3, ""min_child_samples"": 8, ""n_estimators"": 180, ""negative_sample_ratio"": 3.0, ""num_leaves"": 7}",ok,
2021-10-25,2021-10-29,349,1.0,0.05666090,0.05696759,-0.01132722,1,0,0.04831390020550988,2021,True,lightgbm,bottom,manual_weak_bottom_label,115,"{""balanced_bagging"": true, ""is_unbalance"": false, ""learning_rate"": 0.04, ""max_depth"": 3, ""min_child_samples"": 8, ""n_estimators"": 180, ""negative_sample_ratio"": 3.0, ""num_leaves"": 7}",ok,
2021-11-01,2021-11-05,350,1.0,0.07459172,0.07915490,-0.00515347,1,0,0.044144951408572136,2021,True,lightgbm,bottom,manual_weak_bottom_label,115,"{""balanced_bagging"": true, ""is_unbalance"": false, ""learning_rate"": 0.04, ""max_depth"": 3, ""min_child_samples"": 8, ""n_estimators"": 180, ""negative_sample_ratio"": 3.0, ""num_leaves"": 7}",ok,
2021-01-25,2021-01-29,310,0.0,0.03545762,0.03549823,-0.04808904,1,0,0.4993343949317932,2021,True,bp,bottom,manual_weak_bottom_label,115,"{""dropout"": 0.05, ""focal_alpha"": 0.7, ""focal_gamma"": 1.5, ""hidden_layers"": [32], ""learning_rate"": 0.001, ""max_epochs"": 130, ""patience"": 15}",ok,
2021-02-01,2021-02-05,311,1.0,0.04633486,0.10158525,-0.00733430,1,0,0.2106674164533615,2021,True,bp,bottom,manual_weak_bottom_label,115,"{""dropout"": 0.05, ""focal_alpha"": 0.7, ""focal_gamma"": 1.5, ""hidden_layers"": [32], ""learning_rate"": 0.001, ""max_epochs"": 130, ""patience"": 15}",ok,
2021-03-08,2021-03-12,316,0.0,0.02263074,0.02620136,-0.01450516,1,0,0.08351176977157593,2021,True,bp,bottom,manual_weak_bottom_label,115,"{""dropout"": 0.05, ""focal_alpha"": 0.7, ""focal_gamma"": 1.5, ""hidden_layers"": [32], ""learning_rate"": 0.001, ""max_epochs"": 130, ""patience"": 15}",ok,
2021-03-15,2021-03-19,317,0.0,0.02379002,0.02952287,-0.01928804,1,0,0.0915098488330841,2021,True,bp,bottom,manual_weak_bottom_label,115,"{""dropout"": 0.05, ""focal_alpha"": 0.7, ""focal_gamma"": 1.5, ""hidden_layers"": [32], ""learning_rate"": 0.001, ""max_epochs"": 130, ""patience"": 15}",ok,
2021-08-30,2021-09-03,341,0.0,0.00848884,0.05394884,-0.01020766,1,1,0.1218557059764862,2021,True,bp,bottom,manual_weak_bottom_label,115,"{""dropout"": 0.05, ""focal_alpha"": 0.7, ""focal_gamma"": 1.5, ""hidden_layers"": [32], ""learning_rate"": 0.001, ""max_epochs"": 130, ""patience"": 15}",ok,
2021-10-11,2021-10-15,347,1.0,0.00532950,0.03165985,-0.01576973,1,0,0.13306498527526855,2021,True,bp,bottom,manual_weak_bottom_label,115,"{""dropout"": 0.05, ""focal_alpha"": 0.7, ""focal_gamma"": 1.5, ""hidden_layers"": [32], ""learning_rate"": 0.001, ""max_epochs"": 130, ""patience"": 15}",ok,
2021-10-25,2021-10-29,349,1.0,0.05666090,0.05696759,-0.01132722,1,0,0.36619195342063904,2021,True,bp,bottom,manual_weak_bottom_label,115,"{""dropout"": 0.05, ""focal_alpha"": 0.7, ""focal_gamma"": 1.5, ""hidden_layers"": [32], ""learning_rate"": 0.001, ""max_epochs"": 130, ""patience"": 15}",ok,
2021-11-01,2021-11-05,350,1.0,0.07459172,0.07915490,-0.00515347,1,0,0.21796821057796478,2021,True,bp,bottom,manual_weak_bottom_label,115,"{""dropout"": 0.05, ""focal_alpha"": 0.7, ""focal_gamma"": 1.5, ""hidden_layers"": [32], ""learning_rate"": 0.001, ""max_epochs"": 130, ""patience"": 15}",ok,
2021-01-25,2021-01-29,310,0.0,0.03545762,0.03549823,-0.04808904,1,0,0.613289132087965,2021,True,mlp,bottom,manual_weak_bottom_label,115,"{""alpha"": 0.0001, ""hidden_layer_sizes"": [48, 24], ""learning_rate_init"": 0.001, ""max_iter"": 600, ""negative_sample_ratio"": 3.0}",ok,
2021-02-01,2021-02-05,311,1.0,0.04633486,0.10158525,-0.00733430,1,0,0.4192688274665971,2021,True,mlp,bottom,manual_weak_bottom_label,115,"{""alpha"": 0.0001, ""hidden_layer_sizes"": [48, 24], ""learning_rate_init"": 0.001, ""max_iter"": 600, ""negative_sample_ratio"": 3.0}",ok,
2021-03-08,2021-03-12,316,0.0,0.02263074,0.02620136,-0.01450516,1,0,0.2695638527198183,2021,True,mlp,bottom,manual_weak_bottom_label,115,"{""alpha"": 0.0001, ""hidden_layer_sizes"": [48, 24], ""learning_rate_init"": 0.001, ""max_iter"": 600, ""negative_sample_ratio"": 3.0}",ok,
2021-03-15,2021-03-19,317,0.0,0.02379002,0.02952287,-0.01928804,1,0,0.4091454102167302,2021,True,mlp,bottom,manual_weak_bottom_label,115,"{""alpha"": 0.0001, ""hidden_layer_sizes"": [48, 24], ""learning_rate_init"": 0.001, ""max_iter"": 600, ""negative_sample_ratio"": 3.0}",ok,
2021-08-30,2021-09-03,341,0.0,0.00848884,0.05394884,-0.01020766,1,1,0.5887533331749734,2021,True,mlp,bottom,manual_weak_bottom_label,115,"{""alpha"": 0.0001, ""hidden_layer_sizes"": [48, 24], ""learning_rate_init"": 0.001, ""max_iter"": 600, ""negative_sample_ratio"": 3.0}",ok,
2021-10-11,2021-10-15,347,1.0,0.00532950,0.03165985,-0.01576973,1,0,0.45241007891870777,2021,True,mlp,bottom,manual_weak_bottom_label,115,"{""alpha"": 0.0001, ""hidden_layer_sizes"": [48, 24], ""learning_rate_init"": 0.001, ""max_iter"": 600, ""negative_sample_ratio"": 3.0}",ok,
2021-10-25,2021-10-29,349,1.0,0.05666090,0.05696759,-0.01132722,1,0,0.5061637609583527,2021,True,mlp,bottom,manual_weak_bottom_label,115,"{""alpha"": 0.0001, ""hidden_layer_sizes"": [48, 24], ""learning_rate_init"": 0.001, ""max_iter"": 600, ""negative_sample_ratio"": 3.0}",ok,
2021-11-01,2021-11-05,350,1.0,0.07459172,0.07915490,-0.00515347,1,0,0.5238054582103977,2021,True,mlp,bottom,manual_weak_bottom_label,115,"{""alpha"": 0.0001, ""hidden_layer_sizes"": [48, 24], ""learning_rate_init"": 0.001, ""max_iter"": 600, ""negative_sample_ratio"": 3.0}",ok,
2021-01-25,2021-01-29,310,0.0,0.03545762,0.03549823,-0.04808904,1,0,0.2142564976537849,2021,True,svm,bottom,manual_weak_bottom_label,115,"{""C"": 0.5, ""gamma"": ""scale""}",ok,
2021-02-01,2021-02-05,311,1.0,0.04633486,0.10158525,-0.00733430,1,0,0.26277588562530513,2021,True,svm,bottom,manual_weak_bottom_label,115,"{""C"": 0.5, ""gamma"": ""scale""}",ok,
2021-03-08,2021-03-12,316,0.0,0.02263074,0.02620136,-0.01450516,1,0,0.21204284605675017,2021,True,svm,bottom,manual_weak_bottom_label,115,"{""C"": 0.5, ""gamma"": ""scale""}",ok,
2021-03-15,2021-03-19,317,0.0,0.02379002,0.02952287,-0.01928804,1,0,0.23953252236262196,2021,True,svm,bottom,manual_weak_bottom_label,115,"{""C"": 0.5, ""gamma"": ""scale""}",ok,
2021-08-30,2021-09-03,341,0.0,0.00848884,0.05394884,-0.01020766,1,1,0.26669856408429854,2021,True,svm,bottom,manual_weak_bottom_label,115,"{""C"": 0.5, ""gamma"": ""scale""}",ok,
2021-10-11,2021-10-15,347,1.0,0.00532950,0.03165985,-0.01576973,1,0,0.2108219532646229,2021,True,svm,bottom,manual_weak_bottom_label,115,"{""C"": 0.5, ""gamma"": ""scale""}",ok,
2021-10-25,2021-10-29,349,1.0,0.05666090,0.05696759,-0.01132722,1,0,0.2541888847078422,2021,True,svm,bottom,manual_weak_bottom_label,115,"{""C"": 0.5, ""gamma"": ""scale""}",ok,
2021-11-01,2021-11-05,350,1.0,0.07459172,0.07915490,-0.00515347,1,0,0.19072200143991114,2021,True,svm,bottom,manual_weak_bottom_label,115,"{""C"": 0.5, ""gamma"": ""scale""}",ok,
2021-05-24,2021-05-28,327,,0.02530046,0.03190797,-0.00392958,0,1,0.01188461879607678,2021,True,logistic,top,manual_weak_top_label,104,"{""C"": 0.3}",ok,0.0
2021-05-31,2021-06-04,328,,0.03162868,0.04046639,-0.01735447,0,1,0.00024398698005494127,2021,True,logistic,top,manual_weak_top_label,104,"{""C"": 0.3}",ok,0.0
2021-06-07,2021-06-11,329,,0.00816565,0.03592003,-0.02698581,0,1,0.01993662031026965,2021,True,logistic,top,manual_weak_top_label,104,"{""C"": 0.3}",ok,0.0
2021-06-15,2021-06-18,330,,0.04067520,0.04402295,-0.00442297,0,1,0.019136947495887152,2021,True,logistic,top,manual_weak_top_label,104,"{""C"": 0.3}",ok,0.0
2021-06-21,2021-06-25,331,,0.03255986,0.04826518,-0.01647542,0,1,0.0049583622048751,2021,True,logistic,top,manual_weak_top_label,104,"{""C"": 0.3}",ok,0.0
2021-06-28,2021-07-02,332,,0.06815221,0.08166327,-0.00345017,0,1,0.05155553701467381,2021,True,logistic,top,manual_weak_top_label,104,"{""C"": 0.3}",ok,0.0
2021-07-05,2021-07-09,333,,0.01672766,0.04623319,-0.05492364,0,1,0.058220136465656554,2021,True,logistic,top,manual_weak_top_label,104,"{""C"": 0.3}",ok,0.0
2021-07-12,2021-07-16,334,,0.03511321,0.03679505,-0.06609768,0,1,0.15251385081570487,2021,True,logistic,top,manual_weak_top_label,104,"{""C"": 0.3}",ok,0.0
2021-07-19,2021-07-23,335,,0.03551943,0.04670132,-0.08526068,0,1,0.06481479513397773,2021,True,logistic,top,manual_weak_top_label,104,"{""C"": 0.3}",ok,0.0
2021-07-26,2021-07-30,336,,0.02822462,0.06362292,-0.00185765,0,1,0.1417156133366834,2021,True,logistic,top,manual_weak_top_label,104,"{""C"": 0.3}",ok,0.0
2021-08-02,2021-08-06,337,,0.02645007,0.03871602,-0.02025788,0,1,0.01710016239008907,2021,True,logistic,top,manual_weak_top_label,104,"{""C"": 0.3}",ok,0.0
2021-08-09,2021-08-13,338,,-0.00144937,0.01970710,-0.04073795,0,1,0.3015366905123588,2021,True,logistic,top,manual_weak_top_label,104,"{""C"": 0.3}",ok,0.0
2021-08-16,2021-08-20,339,,0.06230983,0.06523335,0.00380362,0,1,0.10585255378569401,2021,True,logistic,top,manual_weak_top_label,104,"{""C"": 0.3}",ok,0.0
2021-08-23,2021-08-27,340,,0.00652936,0.04719197,-0.02399898,0,1,0.9794241016097446,2021,True,logistic,top,manual_weak_top_label,104,"{""C"": 0.3}",ok,0.0
2021-08-30,2021-09-03,341,,0.00848884,0.05394884,-0.01020766,1,1,0.960098843188005,2021,True,logistic,top,manual_weak_top_label,104,"{""C"": 0.3}",ok,0.0
2021-09-06,2021-09-10,342,,-0.06645811,0.01384972,-0.09247098,0,1,0.9984113394396827,2021,True,logistic,top,manual_weak_top_label,104,"{""C"": 0.3}",ok,1.0
2021-09-13,2021-09-17,343,,-0.03939795,0.01552568,-0.06870603,0,1,0.784536837134036,2021,True,logistic,top,manual_weak_top_label,104,"{""C"": 0.3}",ok,1.0
2021-09-22,2021-09-24,344,,-0.04485735,0.00488473,-0.07407891,0,1,0.05370842694196373,2021,True,logistic,top,manual_weak_top_label,104,"{""C"": 0.3}",ok,1.0
2021-11-15,2021-11-19,352,,0.01862717,0.03576915,-0.01151239,0,1,0.28866861589669085,2021,True,logistic,top,manual_weak_top_label,104,"{""C"": 0.3}",ok,0.0
2021-11-22,2021-11-26,353,,-0.00587926,0.01789595,-0.02856971,0,1,0.0864723429349796,2021,True,logistic,top,manual_weak_top_label,104,"{""C"": 0.3}",ok,0.0
2021-11-29,2021-12-03,354,,-0.03082729,0.00073081,-0.03863926,0,1,0.1645480725786414,2021,True,logistic,top,manual_weak_top_label,104,"{""C"": 0.3}",ok,1.0
2021-12-06,2021-12-10,355,,0.00769883,0.00882751,-0.02639712,0,1,0.8549594639589555,2021,True,logistic,top,manual_weak_top_label,104,"{""C"": 0.3}",ok,1.0
2021-12-27,2021-12-31,358,,-0.07759736,0.00632509,-0.07813916,0,1,0.8543442574723294,2021,True,logistic,top,manual_weak_top_label,104,"{""C"": 0.3}",ok,1.0
2021-05-24,2021-05-28,327,,0.02530046,0.03190797,-0.00392958,0,1,2.5135267673662233e-05,2021,True,lda,top,manual_weak_top_label,104,"{""shrinkage"": 0.5, ""solver"": ""lsqr""}",ok,0.0
2021-05-31,2021-06-04,328,,0.03162868,0.04046639,-0.01735447,0,1,8.402896588145939e-09,2021,True,lda,top,manual_weak_top_label,104,"{""shrinkage"": 0.5, ""solver"": ""lsqr""}",ok,0.0
2021-06-07,2021-06-11,329,,0.00816565,0.03592003,-0.02698581,0,1,4.084203931681581e-05,2021,True,lda,top,manual_weak_top_label,104,"{""shrinkage"": 0.5, ""solver"": ""lsqr""}",ok,0.0
2021-06-15,2021-06-18,330,,0.04067520,0.04402295,-0.00442297,0,1,4.230133029130228e-05,2021,True,lda,top,manual_weak_top_label,104,"{""shrinkage"": 0.5, ""solver"": ""lsqr""}",ok,0.0
2021-06-21,2021-06-25,331,,0.03255986,0.04826518,-0.01647542,0,1,1.3897766005752352e-07,2021,True,lda,top,manual_weak_top_label,104,"{""shrinkage"": 0.5, ""solver"": ""lsqr""}",ok,0.0
2021-06-28,2021-07-02,332,,0.06815221,0.08166327,-0.00345017,0,1,0.0011308829714448663,2021,True,lda,top,manual_weak_top_label,104,"{""shrinkage"": 0.5, ""solver"": ""lsqr""}",ok,0.0
2021-07-05,2021-07-09,333,,0.01672766,0.04623319,-0.05492364,0,1,0.0016226811543612364,2021,True,lda,top,manual_weak_top_label,104,"{""shrinkage"": 0.5, ""solver"": ""lsqr""}",ok,0.0
2021-07-12,2021-07-16,334,,0.03511321,0.03679505,-0.06609768,0,1,0.007613340913154652,2021,True,lda,top,manual_weak_top_label,104,"{""shrinkage"": 0.5, ""solver"": ""lsqr""}",ok,0.0
2021-07-19,2021-07-23,335,,0.03551943,0.04670132,-0.08526068,0,1,0.0020990976548793763,2021,True,lda,top,manual_weak_top_label,104,"{""shrinkage"": 0.5, ""solver"": ""lsqr""}",ok,0.0
2021-07-26,2021-07-30,336,,0.02822462,0.06362292,-0.00185765,0,1,0.01760747745562932,2021,True,lda,top,manual_weak_top_label,104,"{""shrinkage"": 0.5, ""solver"": ""lsqr""}",ok,0.0
2021-08-02,2021-08-06,337,,0.02645007,0.03871602,-0.02025788,0,1,0.00025712720998767423,2021,True,lda,top,manual_weak_top_label,104,"{""shrinkage"": 0.5, ""solver"": ""lsqr""}",ok,0.0
2021-08-09,2021-08-13,338,,-0.00144937,0.01970710,-0.04073795,0,1,0.237413467790057,2021,True,lda,top,manual_weak_top_label,104,"{""shrinkage"": 0.5, ""solver"": ""lsqr""}",ok,0.0
2021-08-16,2021-08-20,339,,0.06230983,0.06523335,0.00380362,0,1,0.07471184339812104,2021,True,lda,top,manual_weak_top_label,104,"{""shrinkage"": 0.5, ""solver"": ""lsqr""}",ok,0.0
2021-08-23,2021-08-27,340,,0.00652936,0.04719197,-0.02399898,0,1,0.999868579376989,2021,True,lda,top,manual_weak_top_label,104,"{""shrinkage"": 0.5, ""solver"": ""lsqr""}",ok,0.0
2021-08-30,2021-09-03,341,,0.00848884,0.05394884,-0.01020766,1,1,0.9995149517527465,2021,True,lda,top,manual_weak_top_label,104,"{""shrinkage"": 0.5, ""solver"": ""lsqr""}",ok,0.0
2021-09-06,2021-09-10,342,,-0.06645811,0.01384972,-0.09247098,0,1,0.9999853329154708,2021,True,lda,top,manual_weak_top_label,104,"{""shrinkage"": 0.5, ""solver"": ""lsqr""}",ok,1.0
2021-09-13,2021-09-17,343,,-0.03939795,0.01552568,-0.06870603,0,1,0.9700307932244948,2021,True,lda,top,manual_weak_top_label,104,"{""shrinkage"": 0.5, ""solver"": ""lsqr""}",ok,1.0
2021-09-22,2021-09-24,344,,-0.04485735,0.00488473,-0.07407891,0,1,0.026932876194746873,2021,True,lda,top,manual_weak_top_label,104,"{""shrinkage"": 0.5, ""solver"": ""lsqr""}",ok,1.0
2021-11-15,2021-11-19,352,,0.01862717,0.03576915,-0.01151239,0,1,0.0809882787321719,2021,True,lda,top,manual_weak_top_label,104,"{""shrinkage"": 0.5, ""solver"": ""lsqr""}",ok,0.0
2021-11-22,2021-11-26,353,,-0.00587926,0.01789595,-0.02856971,0,1,0.003514573716383668,2021,True,lda,top,manual_weak_top_label,104,"{""shrinkage"": 0.5, ""solver"": ""lsqr""}",ok,0.0
2021-11-29,2021-12-03,354,,-0.03082729,0.00073081,-0.03863926,0,1,0.1591214345577815,2021,True,lda,top,manual_weak_top_label,104,"{""shrinkage"": 0.5, ""solver"": ""lsqr""}",ok,1.0
2021-12-06,2021-12-10,355,,0.00769883,0.00882751,-0.02639712,0,1,0.9825539318452363,2021,True,lda,top,manual_weak_top_label,104,"{""shrinkage"": 0.5, ""solver"": ""lsqr""}",ok,1.0
2021-12-27,2021-12-31,358,,-0.07759736,0.00632509,-0.07813916,0,1,0.9815308800908752,2021,True,lda,top,manual_weak_top_label,104,"{""shrinkage"": 0.5, ""solver"": ""lsqr""}",ok,1.0
2021-05-24,2021-05-28,327,,0.02530046,0.03190797,-0.00392958,0,1,0.9351760794399379,2021,True,qda,top,manual_weak_top_label,104,"{""reg_param"": 0.2}",ok,0.0
2021-05-31,2021-06-04,328,,0.03162868,0.04046639,-0.01735447,0,1,0.9999999999979399,2021,True,qda,top,manual_weak_top_label,104,"{""reg_param"": 0.2}",ok,0.0
2021-06-07,2021-06-11,329,,0.00816565,0.03592003,-0.02698581,0,1,0.9999999940642277,2021,True,qda,top,manual_weak_top_label,104,"{""reg_param"": 0.2}",ok,0.0
2021-06-15,2021-06-18,330,,0.04067520,0.04402295,-0.00442297,0,1,1.0,2021,True,qda,top,manual_weak_top_label,104,"{""reg_param"": 0.2}",ok,0.0
2021-06-21,2021-06-25,331,,0.03255986,0.04826518,-0.01647542,0,1,1.0,2021,True,qda,top,manual_weak_top_label,104,"{""reg_param"": 0.2}",ok,0.0
2021-06-28,2021-07-02,332,,0.06815221,0.08166327,-0.00345017,0,1,0.9999999993413844,2021,True,qda,top,manual_weak_top_label,104,"{""reg_param"": 0.2}",ok,0.0
2021-07-05,2021-07-09,333,,0.01672766,0.04623319,-0.05492364,0,1,1.0,2021,True,qda,top,manual_weak_top_label,104,"{""reg_param"": 0.2}",ok,0.0
2021-07-12,2021-07-16,334,,0.03511321,0.03679505,-0.06609768,0,1,0.9999999999988562,2021,True,qda,top,manual_weak_top_label,104,"{""reg_param"": 0.2}",ok,0.0
2021-07-19,2021-07-23,335,,0.03551943,0.04670132,-0.08526068,0,1,0.9999999999847404,2021,True,qda,top,manual_weak_top_label,104,"{""reg_param"": 0.2}",ok,0.0
2021-07-26,2021-07-30,336,,0.02822462,0.06362292,-0.00185765,0,1,1.0,2021,True,qda,top,manual_weak_top_label,104,"{""reg_param"": 0.2}",ok,0.0
2021-08-02,2021-08-06,337,,0.02645007,0.03871602,-0.02025788,0,1,1.0,2021,True,qda,top,manual_weak_top_label,104,"{""reg_param"": 0.2}",ok,0.0
2021-08-09,2021-08-13,338,,-0.00144937,0.01970710,-0.04073795,0,1,1.0,2021,True,qda,top,manual_weak_top_label,104,"{""reg_param"": 0.2}",ok,0.0
2021-08-16,2021-08-20,339,,0.06230983,0.06523335,0.00380362,0,1,1.0,2021,True,qda,top,manual_weak_top_label,104,"{""reg_param"": 0.2}",ok,0.0
2021-08-23,2021-08-27,340,,0.00652936,0.04719197,-0.02399898,0,1,1.0,2021,True,qda,top,manual_weak_top_label,104,"{""reg_param"": 0.2}",ok,0.0
2021-08-30,2021-09-03,341,,0.00848884,0.05394884,-0.01020766,1,1,1.0,2021,True,qda,top,manual_weak_top_label,104,"{""reg_param"": 0.2}",ok,0.0
2021-09-06,2021-09-10,342,,-0.06645811,0.01384972,-0.09247098,0,1,1.0,2021,True,qda,top,manual_weak_top_label,104,"{""reg_param"": 0.2}",ok,1.0
2021-09-13,2021-09-17,343,,-0.03939795,0.01552568,-0.06870603,0,1,1.0,2021,True,qda,top,manual_weak_top_label,104,"{""reg_param"": 0.2}",ok,1.0
2021-09-22,2021-09-24,344,,-0.04485735,0.00488473,-0.07407891,0,1,0.9999999999999862,2021,True,qda,top,manual_weak_top_label,104,"{""reg_param"": 0.2}",ok,1.0
2021-11-15,2021-11-19,352,,0.01862717,0.03576915,-0.01151239,0,1,0.9999999999994991,2021,True,qda,top,manual_weak_top_label,104,"{""reg_param"": 0.2}",ok,0.0
2021-11-22,2021-11-26,353,,-0.00587926,0.01789595,-0.02856971,0,1,0.9999999999998674,2021,True,qda,top,manual_weak_top_label,104,"{""reg_param"": 0.2}",ok,0.0
2021-11-29,2021-12-03,354,,-0.03082729,0.00073081,-0.03863926,0,1,1.0,2021,True,qda,top,manual_weak_top_label,104,"{""reg_param"": 0.2}",ok,1.0
2021-12-06,2021-12-10,355,,0.00769883,0.00882751,-0.02639712,0,1,0.9999999998579694,2021,True,qda,top,manual_weak_top_label,104,"{""reg_param"": 0.2}",ok,1.0
2021-12-27,2021-12-31,358,,-0.07759736,0.00632509,-0.07813916,0,1,1.0,2021,True,qda,top,manual_weak_top_label,104,"{""reg_param"": 0.2}",ok,1.0
2021-05-24,2021-05-28,327,,0.02530046,0.03190797,-0.00392958,0,1,0.02598893630350038,2021,True,lightgbm,top,manual_weak_top_label,104,"{""balanced_bagging"": true, ""is_unbalance"": false, ""learning_rate"": 0.03, ""max_depth"": 4, ""min_child_samples"": 10, ""n_estimators"": 250, ""negative_sample_ratio"": 5.0, ""num_leaves"": 15}",ok,0.0
2021-05-31,2021-06-04,328,,0.03162868,0.04046639,-0.01735447,0,1,0.01751945760473011,2021,True,lightgbm,top,manual_weak_top_label,104,"{""balanced_bagging"": true, ""is_unbalance"": false, ""learning_rate"": 0.03, ""max_depth"": 4, ""min_child_samples"": 10, ""n_estimators"": 250, ""negative_sample_ratio"": 5.0, ""num_leaves"": 15}",ok,0.0
2021-06-07,2021-06-11,329,,0.00816565,0.03592003,-0.02698581,0,1,0.04224655567881028,2021,True,lightgbm,top,manual_weak_top_label,104,"{""balanced_bagging"": true, ""is_unbalance"": false, ""learning_rate"": 0.03, ""max_depth"": 4, ""min_child_samples"": 10, ""n_estimators"": 250, ""negative_sample_ratio"": 5.0, ""num_leaves"": 15}",ok,0.0
2021-06-15,2021-06-18,330,,0.04067520,0.04402295,-0.00442297,0,1,0.3193591536084148,2021,True,lightgbm,top,manual_weak_top_label,104,"{""balanced_bagging"": true, ""is_unbalance"": false, ""learning_rate"": 0.03, ""max_depth"": 4, ""min_child_samples"": 10, ""n_estimators"": 250, ""negative_sample_ratio"": 5.0, ""num_leaves"": 15}",ok,0.0
2021-06-21,2021-06-25,331,,0.03255986,0.04826518,-0.01647542,0,1,0.44599572889954986,2021,True,lightgbm,top,manual_weak_top_label,104,"{""balanced_bagging"": true, ""is_unbalance"": false, ""learning_rate"": 0.03, ""max_depth"": 4, ""min_child_samples"": 10, ""n_estimators"": 250, ""negative_sample_ratio"": 5.0, ""num_leaves"": 15}",ok,0.0
2021-06-28,2021-07-02,332,,0.06815221,0.08166327,-0.00345017,0,1,0.5269486131682196,2021,True,lightgbm,top,manual_weak_top_label,104,"{""balanced_bagging"": true, ""is_unbalance"": false, ""learning_rate"": 0.03, ""max_depth"": 4, ""min_child_samples"": 10, ""n_estimators"": 250, ""negative_sample_ratio"": 5.0, ""num_leaves"": 15}",ok,0.0
2021-07-05,2021-07-09,333,,0.01672766,0.04623319,-0.05492364,0,1,0.3692523305915067,2021,True,lightgbm,top,manual_weak_top_label,104,"{""balanced_bagging"": true, ""is_unbalance"": false, ""learning_rate"": 0.03, ""max_depth"": 4, ""min_child_samples"": 10, ""n_estimators"": 250, ""negative_sample_ratio"": 5.0, ""num_leaves"": 15}",ok,0.0
2021-07-12,2021-07-16,334,,0.03511321,0.03679505,-0.06609768,0,1,0.21652987366172663,2021,True,lightgbm,top,manual_weak_top_label,104,"{""balanced_bagging"": true, ""is_unbalance"": false, ""learning_rate"": 0.03, ""max_depth"": 4, ""min_child_samples"": 10, ""n_estimators"": 250, ""negative_sample_ratio"": 5.0, ""num_leaves"": 15}",ok,0.0
2021-07-19,2021-07-23,335,,0.03551943,0.04670132,-0.08526068,0,1,0.20782046508484633,2021,True,lightgbm,top,manual_weak_top_label,104,"{""balanced_bagging"": true, ""is_unbalance"": false, ""learning_rate"": 0.03, ""max_depth"": 4, ""min_child_samples"": 10, ""n_estimators"": 250, ""negative_sample_ratio"": 5.0, ""num_leaves"": 15}",ok,0.0
2021-07-26,2021-07-30,336,,0.02822462,0.06362292,-0.00185765,0,1,0.42669828573075846,2021,True,lightgbm,top,manual_weak_top_label,104,"{""balanced_bagging"": true, ""is_unbalance"": false, ""learning_rate"": 0.03, ""max_depth"": 4, ""min_child_samples"": 10, ""n_estimators"": 250, ""negative_sample_ratio"": 5.0, ""num_leaves"": 15}",ok,0.0
2021-08-02,2021-08-06,337,,0.02645007,0.03871602,-0.02025788,0,1,0.37850023416513545,2021,True,lightgbm,top,manual_weak_top_label,104,"{""balanced_bagging"": true, ""is_unbalance"": false, ""learning_rate"": 0.03, ""max_depth"": 4, ""min_child_samples"": 10, ""n_estimators"": 250, ""negative_sample_ratio"": 5.0, ""num_leaves"": 15}",ok,0.0
2021-08-09,2021-08-13,338,,-0.00144937,0.01970710,-0.04073795,0,1,0.611959975743816,2021,True,lightgbm,top,manual_weak_top_label,104,"{""balanced_bagging"": true, ""is_unbalance"": false, ""learning_rate"": 0.03, ""max_depth"": 4, ""min_child_samples"": 10, ""n_estimators"": 250, ""negative_sample_ratio"": 5.0, ""num_leaves"": 15}",ok,0.0
2021-08-16,2021-08-20,339,,0.06230983,0.06523335,0.00380362,0,1,0.946642798561753,2021,True,lightgbm,top,manual_weak_top_label,104,"{""balanced_bagging"": true, ""is_unbalance"": false, ""learning_rate"": 0.03, ""max_depth"": 4, ""min_child_samples"": 10, ""n_estimators"": 250, ""negative_sample_ratio"": 5.0, ""num_leaves"": 15}",ok,0.0
2021-08-23,2021-08-27,340,,0.00652936,0.04719197,-0.02399898,0,1,0.8780927135598025,2021,True,lightgbm,top,manual_weak_top_label,104,"{""balanced_bagging"": true, ""is_unbalance"": false, ""learning_rate"": 0.03, ""max_depth"": 4, ""min_child_samples"": 10, ""n_estimators"": 250, ""negative_sample_ratio"": 5.0, ""num_leaves"": 15}",ok,0.0
2021-08-30,2021-09-03,341,,0.00848884,0.05394884,-0.01020766,1,1,0.8853743207756674,2021,True,lightgbm,top,manual_weak_top_label,104,"{""balanced_bagging"": true, ""is_unbalance"": false, ""learning_rate"": 0.03, ""max_depth"": 4, ""min_child_samples"": 10, ""n_estimators"": 250, ""negative_sample_ratio"": 5.0, ""num_leaves"": 15}",ok,0.0
2021-09-06,2021-09-10,342,,-0.06645811,0.01384972,-0.09247098,0,1,0.9392061746809671,2021,True,lightgbm,top,manual_weak_top_label,104,"{""balanced_bagging"": true, ""is_unbalance"": false, ""learning_rate"": 0.03, ""max_depth"": 4, ""min_child_samples"": 10, ""n_estimators"": 250, ""negative_sample_ratio"": 5.0, ""num_leaves"": 15}",ok,1.0
2021-09-13,2021-09-17,343,,-0.03939795,0.01552568,-0.06870603,0,1,0.9665479407463147,2021,True,lightgbm,top,manual_weak_top_label,104,"{""balanced_bagging"": true, ""is_unbalance"": false, ""learning_rate"": 0.03, ""max_depth"": 4, ""min_child_samples"": 10, ""n_estimators"": 250, ""negative_sample_ratio"": 5.0, ""num_leaves"": 15}",ok,1.0
2021-09-22,2021-09-24,344,,-0.04485735,0.00488473,-0.07407891,0,1,0.9669999362822811,2021,True,lightgbm,top,manual_weak_top_label,104,"{""balanced_bagging"": true, ""is_unbalance"": false, ""learning_rate"": 0.03, ""max_depth"": 4, ""min_child_samples"": 10, ""n_estimators"": 250, ""negative_sample_ratio"": 5.0, ""num_leaves"": 15}",ok,1.0
2021-11-15,2021-11-19,352,,0.01862717,0.03576915,-0.01151239,0,1,0.022608964404116662,2021,True,lightgbm,top,manual_weak_top_label,104,"{""balanced_bagging"": true, ""is_unbalance"": false, ""learning_rate"": 0.03, ""max_depth"": 4, ""min_child_samples"": 10, ""n_estimators"": 250, ""negative_sample_ratio"": 5.0, ""num_leaves"": 15}",ok,0.0
2021-11-22,2021-11-26,353,,-0.00587926,0.01789595,-0.02856971,0,1,0.12504452467592198,2021,True,lightgbm,top,manual_weak_top_label,104,"{""balanced_bagging"": true, ""is_unbalance"": false, ""learning_rate"": 0.03, ""max_depth"": 4, ""min_child_samples"": 10, ""n_estimators"": 250, ""negative_sample_ratio"": 5.0, ""num_leaves"": 15}",ok,0.0
2021-11-29,2021-12-03,354,,-0.03082729,0.00073081,-0.03863926,0,1,0.25108844705892913,2021,True,lightgbm,top,manual_weak_top_label,104,"{""balanced_bagging"": true, ""is_unbalance"": false, ""learning_rate"": 0.03, ""max_depth"": 4, ""min_child_samples"": 10, ""n_estimators"": 250, ""negative_sample_ratio"": 5.0, ""num_leaves"": 15}",ok,1.0
2021-12-06,2021-12-10,355,,0.00769883,0.00882751,-0.02639712,0,1,0.4548923024055264,2021,True,lightgbm,top,manual_weak_top_label,104,"{""balanced_bagging"": true, ""is_unbalance"": false, ""learning_rate"": 0.03, ""max_depth"": 4, ""min_child_samples"": 10, ""n_estimators"": 250, ""negative_sample_ratio"": 5.0, ""num_leaves"": 15}",ok,1.0
2021-12-27,2021-12-31,358,,-0.07759736,0.00632509,-0.07813916,0,1,0.8959542833681393,2021,True,lightgbm,top,manual_weak_top_label,104,"{""balanced_bagging"": true, ""is_unbalance"": false, ""learning_rate"": 0.03, ""max_depth"": 4, ""min_child_samples"": 10, ""n_estimators"": 250, ""negative_sample_ratio"": 5.0, ""num_leaves"": 15}",ok,1.0
2021-05-24,2021-05-28,327,,0.02530046,0.03190797,-0.00392958,0,1,0.12965558469295502,2021,True,bp,top,manual_weak_top_label,104,"{""dropout"": 0.15, ""focal_alpha"": 0.8, ""focal_gamma"": 2.5, ""hidden_layers"": [64, 32], ""learning_rate"": 0.0007, ""max_epochs"": 180, ""patience"": 20}",ok,0.0
2021-05-31,2021-06-04,328,,0.03162868,0.04046639,-0.01735447,0,1,0.11567895859479904,2021,True,bp,top,manual_weak_top_label,104,"{""dropout"": 0.15, ""focal_alpha"": 0.8, ""focal_gamma"": 2.5, ""hidden_layers"": [64, 32], ""learning_rate"": 0.0007, ""max_epochs"": 180, ""patience"": 20}",ok,0.0
2021-06-07,2021-06-11,329,,0.00816565,0.03592003,-0.02698581,0,1,0.18030352890491486,2021,True,bp,top,manual_weak_top_label,104,"{""dropout"": 0.15, ""focal_alpha"": 0.8, ""focal_gamma"": 2.5, ""hidden_layers"": [64, 32], ""learning_rate"": 0.0007, ""max_epochs"": 180, ""patience"": 20}",ok,0.0
2021-06-15,2021-06-18,330,,0.04067520,0.04402295,-0.00442297,0,1,0.16739638149738312,2021,True,bp,top,manual_weak_top_label,104,"{""dropout"": 0.15, ""focal_alpha"": 0.8, ""focal_gamma"": 2.5, ""hidden_layers"": [64, 32], ""learning_rate"": 0.0007, ""max_epochs"": 180, ""patience"": 20}",ok,0.0
2021-06-21,2021-06-25,331,,0.03255986,0.04826518,-0.01647542,0,1,0.12950599193572998,2021,True,bp,top,manual_weak_top_label,104,"{""dropout"": 0.15, ""focal_alpha"": 0.8, ""focal_gamma"": 2.5, ""hidden_layers"": [64, 32], ""learning_rate"": 0.0007, ""max_epochs"": 180, ""patience"": 20}",ok,0.0
2021-06-28,2021-07-02,332,,0.06815221,0.08166327,-0.00345017,0,1,0.1432476043701172,2021,True,bp,top,manual_weak_top_label,104,"{""dropout"": 0.15, ""focal_alpha"": 0.8, ""focal_gamma"": 2.5, ""hidden_layers"": [64, 32], ""learning_rate"": 0.0007, ""max_epochs"": 180, ""patience"": 20}",ok,0.0
2021-07-05,2021-07-09,333,,0.01672766,0.04623319,-0.05492364,0,1,0.14861665666103363,2021,True,bp,top,manual_weak_top_label,104,"{""dropout"": 0.15, ""focal_alpha"": 0.8, ""focal_gamma"": 2.5, ""hidden_layers"": [64, 32], ""learning_rate"": 0.0007, ""max_epochs"": 180, ""patience"": 20}",ok,0.0
2021-07-12,2021-07-16,334,,0.03511321,0.03679505,-0.06609768,0,1,0.23918265104293823,2021,True,bp,top,manual_weak_top_label,104,"{""dropout"": 0.15, ""focal_alpha"": 0.8, ""focal_gamma"": 2.5, ""hidden_layers"": [64, 32], ""learning_rate"": 0.0007, ""max_epochs"": 180, ""patience"": 20}",ok,0.0
2021-07-19,2021-07-23,335,,0.03551943,0.04670132,-0.08526068,0,1,0.13166038691997528,2021,True,bp,top,manual_weak_top_label,104,"{""dropout"": 0.15, ""focal_alpha"": 0.8, ""focal_gamma"": 2.5, ""hidden_layers"": [64, 32], ""learning_rate"": 0.0007, ""max_epochs"": 180, ""patience"": 20}",ok,0.0
2021-07-26,2021-07-30,336,,0.02822462,0.06362292,-0.00185765,0,1,0.3477397561073303,2021,True,bp,top,manual_weak_top_label,104,"{""dropout"": 0.15, ""focal_alpha"": 0.8, ""focal_gamma"": 2.5, ""hidden_layers"": [64, 32], ""learning_rate"": 0.0007, ""max_epochs"": 180, ""patience"": 20}",ok,0.0
2021-08-02,2021-08-06,337,,0.02645007,0.03871602,-0.02025788,0,1,0.20452816784381866,2021,True,bp,top,manual_weak_top_label,104,"{""dropout"": 0.15, ""focal_alpha"": 0.8, ""focal_gamma"": 2.5, ""hidden_layers"": [64, 32], ""learning_rate"": 0.0007, ""max_epochs"": 180, ""patience"": 20}",ok,0.0
2021-08-09,2021-08-13,338,,-0.00144937,0.01970710,-0.04073795,0,1,0.8295166492462158,2021,True,bp,top,manual_weak_top_label,104,"{""dropout"": 0.15, ""focal_alpha"": 0.8, ""focal_gamma"": 2.5, ""hidden_layers"": [64, 32], ""learning_rate"": 0.0007, ""max_epochs"": 180, ""patience"": 20}",ok,0.0
2021-08-16,2021-08-20,339,,0.06230983,0.06523335,0.00380362,0,1,0.3181662857532501,2021,True,bp,top,manual_weak_top_label,104,"{""dropout"": 0.15, ""focal_alpha"": 0.8, ""focal_gamma"": 2.5, ""hidden_layers"": [64, 32], ""learning_rate"": 0.0007, ""max_epochs"": 180, ""patience"": 20}",ok,0.0
2021-08-23,2021-08-27,340,,0.00652936,0.04719197,-0.02399898,0,1,0.8818475008010864,2021,True,bp,top,manual_weak_top_label,104,"{""dropout"": 0.15, ""focal_alpha"": 0.8, ""focal_gamma"": 2.5, ""hidden_layers"": [64, 32], ""learning_rate"": 0.0007, ""max_epochs"": 180, ""patience"": 20}",ok,0.0
2021-08-30,2021-09-03,341,,0.00848884,0.05394884,-0.01020766,1,1,0.8406363129615784,2021,True,bp,top,manual_weak_top_label,104,"{""dropout"": 0.15, ""focal_alpha"": 0.8, ""focal_gamma"": 2.5, ""hidden_layers"": [64, 32], ""learning_rate"": 0.0007, ""max_epochs"": 180, ""patience"": 20}",ok,0.0
2021-09-06,2021-09-10,342,,-0.06645811,0.01384972,-0.09247098,0,1,0.9278222322463989,2021,True,bp,top,manual_weak_top_label,104,"{""dropout"": 0.15, ""focal_alpha"": 0.8, ""focal_gamma"": 2.5, ""hidden_layers"": [64, 32], ""learning_rate"": 0.0007, ""max_epochs"": 180, ""patience"": 20}",ok,1.0
2021-09-13,2021-09-17,343,,-0.03939795,0.01552568,-0.06870603,0,1,0.8850972056388855,2021,True,bp,top,manual_weak_top_label,104,"{""dropout"": 0.15, ""focal_alpha"": 0.8, ""focal_gamma"": 2.5, ""hidden_layers"": [64, 32], ""learning_rate"": 0.0007, ""max_epochs"": 180, ""patience"": 20}",ok,1.0
2021-09-22,2021-09-24,344,,-0.04485735,0.00488473,-0.07407891,0,1,0.17614099383354187,2021,True,bp,top,manual_weak_top_label,104,"{""dropout"": 0.15, ""focal_alpha"": 0.8, ""focal_gamma"": 2.5, ""hidden_layers"": [64, 32], ""learning_rate"": 0.0007, ""max_epochs"": 180, ""patience"": 20}",ok,1.0
2021-11-15,2021-11-19,352,,0.01862717,0.03576915,-0.01151239,0,1,0.4050901532173157,2021,True,bp,top,manual_weak_top_label,104,"{""dropout"": 0.15, ""focal_alpha"": 0.8, ""focal_gamma"": 2.5, ""hidden_layers"": [64, 32], ""learning_rate"": 0.0007, ""max_epochs"": 180, ""patience"": 20}",ok,0.0
2021-11-22,2021-11-26,353,,-0.00587926,0.01789595,-0.02856971,0,1,0.17540408670902252,2021,True,bp,top,manual_weak_top_label,104,"{""dropout"": 0.15, ""focal_alpha"": 0.8, ""focal_gamma"": 2.5, ""hidden_layers"": [64, 32], ""learning_rate"": 0.0007, ""max_epochs"": 180, ""patience"": 20}",ok,0.0
2021-11-29,2021-12-03,354,,-0.03082729,0.00073081,-0.03863926,0,1,0.40719184279441833,2021,True,bp,top,manual_weak_top_label,104,"{""dropout"": 0.15, ""focal_alpha"": 0.8, ""focal_gamma"": 2.5, ""hidden_layers"": [64, 32], ""learning_rate"": 0.0007, ""max_epochs"": 180, ""patience"": 20}",ok,1.0
2021-12-06,2021-12-10,355,,0.00769883,0.00882751,-0.02639712,0,1,0.8956242799758911,2021,True,bp,top,manual_weak_top_label,104,"{""dropout"": 0.15, ""focal_alpha"": 0.8, ""focal_gamma"": 2.5, ""hidden_layers"": [64, 32], ""learning_rate"": 0.0007, ""max_epochs"": 180, ""patience"": 20}",ok,1.0
2021-12-27,2021-12-31,358,,-0.07759736,0.00632509,-0.07813916,0,1,0.9218630194664001,2021,True,bp,top,manual_weak_top_label,104,"{""dropout"": 0.15, ""focal_alpha"": 0.8, ""focal_gamma"": 2.5, ""hidden_layers"": [64, 32], ""learning_rate"": 0.0007, ""max_epochs"": 180, ""patience"": 20}",ok,1.0
2021-05-24,2021-05-28,327,,0.02530046,0.03190797,-0.00392958,0,1,0.45380384812568036,2021,True,mlp,top,manual_weak_top_label,104,"{""alpha"": 0.0001, ""hidden_layer_sizes"": [32], ""learning_rate_init"": 0.001, ""max_iter"": 500, ""negative_sample_ratio"": 2.0}",ok,0.0
2021-05-31,2021-06-04,328,,0.03162868,0.04046639,-0.01735447,0,1,0.044920814908490404,2021,True,mlp,top,manual_weak_top_label,104,"{""alpha"": 0.0001, ""hidden_layer_sizes"": [32], ""learning_rate_init"": 0.001, ""max_iter"": 500, ""negative_sample_ratio"": 2.0}",ok,0.0
2021-06-07,2021-06-11,329,,0.00816565,0.03592003,-0.02698581,0,1,0.30429372211896855,2021,True,mlp,top,manual_weak_top_label,104,"{""alpha"": 0.0001, ""hidden_layer_sizes"": [32], ""learning_rate_init"": 0.001, ""max_iter"": 500, ""negative_sample_ratio"": 2.0}",ok,0.0
2021-06-15,2021-06-18,330,,0.04067520,0.04402295,-0.00442297,0,1,0.3900539722730283,2021,True,mlp,top,manual_weak_top_label,104,"{""alpha"": 0.0001, ""hidden_layer_sizes"": [32], ""learning_rate_init"": 0.001, ""max_iter"": 500, ""negative_sample_ratio"": 2.0}",ok,0.0
2021-06-21,2021-06-25,331,,0.03255986,0.04826518,-0.01647542,0,1,0.250640206691297,2021,True,mlp,top,manual_weak_top_label,104,"{""alpha"": 0.0001, ""hidden_layer_sizes"": [32], ""learning_rate_init"": 0.001, ""max_iter"": 500, ""negative_sample_ratio"": 2.0}",ok,0.0
2021-06-28,2021-07-02,332,,0.06815221,0.08166327,-0.00345017,0,1,0.5705435706362713,2021,True,mlp,top,manual_weak_top_label,104,"{""alpha"": 0.0001, ""hidden_layer_sizes"": [32], ""learning_rate_init"": 0.001, ""max_iter"": 500, ""negative_sample_ratio"": 2.0}",ok,0.0
2021-07-05,2021-07-09,333,,0.01672766,0.04623319,-0.05492364,0,1,0.4649524939734978,2021,True,mlp,top,manual_weak_top_label,104,"{""alpha"": 0.0001, ""hidden_layer_sizes"": [32], ""learning_rate_init"": 0.001, ""max_iter"": 500, ""negative_sample_ratio"": 2.0}",ok,0.0
2021-07-12,2021-07-16,334,,0.03511321,0.03679505,-0.06609768,0,1,0.18767922225178163,2021,True,mlp,top,manual_weak_top_label,104,"{""alpha"": 0.0001, ""hidden_layer_sizes"": [32], ""learning_rate_init"": 0.001, ""max_iter"": 500, ""negative_sample_ratio"": 2.0}",ok,0.0
2021-07-19,2021-07-23,335,,0.03551943,0.04670132,-0.08526068,0,1,0.310921182109613,2021,True,mlp,top,manual_weak_top_label,104,"{""alpha"": 0.0001, ""hidden_layer_sizes"": [32], ""learning_rate_init"": 0.001, ""max_iter"": 500, ""negative_sample_ratio"": 2.0}",ok,0.0
2021-07-26,2021-07-30,336,,0.02822462,0.06362292,-0.00185765,0,1,0.2087317824312078,2021,True,mlp,top,manual_weak_top_label,104,"{""alpha"": 0.0001, ""hidden_layer_sizes"": [32], ""learning_rate_init"": 0.001, ""max_iter"": 500, ""negative_sample_ratio"": 2.0}",ok,0.0
2021-08-02,2021-08-06,337,,0.02645007,0.03871602,-0.02025788,0,1,0.287490157392733,2021,True,mlp,top,manual_weak_top_label,104,"{""alpha"": 0.0001, ""hidden_layer_sizes"": [32], ""learning_rate_init"": 0.001, ""max_iter"": 500, ""negative_sample_ratio"": 2.0}",ok,0.0
2021-08-09,2021-08-13,338,,-0.00144937,0.01970710,-0.04073795,0,1,0.5774868979178325,2021,True,mlp,top,manual_weak_top_label,104,"{""alpha"": 0.0001, ""hidden_layer_sizes"": [32], ""learning_rate_init"": 0.001, ""max_iter"": 500, ""negative_sample_ratio"": 2.0}",ok,0.0
2021-08-16,2021-08-20,339,,0.06230983,0.06523335,0.00380362,0,1,0.1536193296111607,2021,True,mlp,top,manual_weak_top_label,104,"{""alpha"": 0.0001, ""hidden_layer_sizes"": [32], ""learning_rate_init"": 0.001, ""max_iter"": 500, ""negative_sample_ratio"": 2.0}",ok,0.0
2021-08-23,2021-08-27,340,,0.00652936,0.04719197,-0.02399898,0,1,0.16515428144608493,2021,True,mlp,top,manual_weak_top_label,104,"{""alpha"": 0.0001, ""hidden_layer_sizes"": [32], ""learning_rate_init"": 0.001, ""max_iter"": 500, ""negative_sample_ratio"": 2.0}",ok,0.0
2021-08-30,2021-09-03,341,,0.00848884,0.05394884,-0.01020766,1,1,0.23712160241744615,2021,True,mlp,top,manual_weak_top_label,104,"{""alpha"": 0.0001, ""hidden_layer_sizes"": [32], ""learning_rate_init"": 0.001, ""max_iter"": 500, ""negative_sample_ratio"": 2.0}",ok,0.0
2021-09-06,2021-09-10,342,,-0.06645811,0.01384972,-0.09247098,0,1,0.38969172852716377,2021,True,mlp,top,manual_weak_top_label,104,"{""alpha"": 0.0001, ""hidden_layer_sizes"": [32], ""learning_rate_init"": 0.001, ""max_iter"": 500, ""negative_sample_ratio"": 2.0}",ok,1.0
2021-09-13,2021-09-17,343,,-0.03939795,0.01552568,-0.06870603,0,1,0.4731539193189081,2021,True,mlp,top,manual_weak_top_label,104,"{""alpha"": 0.0001, ""hidden_layer_sizes"": [32], ""learning_rate_init"": 0.001, ""max_iter"": 500, ""negative_sample_ratio"": 2.0}",ok,1.0
2021-09-22,2021-09-24,344,,-0.04485735,0.00488473,-0.07407891,0,1,0.6564887188593856,2021,True,mlp,top,manual_weak_top_label,104,"{""alpha"": 0.0001, ""hidden_layer_sizes"": [32], ""learning_rate_init"": 0.001, ""max_iter"": 500, ""negative_sample_ratio"": 2.0}",ok,1.0
2021-11-15,2021-11-19,352,,0.01862717,0.03576915,-0.01151239,0,1,0.5404733838883027,2021,True,mlp,top,manual_weak_top_label,104,"{""alpha"": 0.0001, ""hidden_layer_sizes"": [32], ""learning_rate_init"": 0.001, ""max_iter"": 500, ""negative_sample_ratio"": 2.0}",ok,0.0
2021-11-22,2021-11-26,353,,-0.00587926,0.01789595,-0.02856971,0,1,0.5961368246985044,2021,True,mlp,top,manual_weak_top_label,104,"{""alpha"": 0.0001, ""hidden_layer_sizes"": [32], ""learning_rate_init"": 0.001, ""max_iter"": 500, ""negative_sample_ratio"": 2.0}",ok,0.0
2021-11-29,2021-12-03,354,,-0.03082729,0.00073081,-0.03863926,0,1,0.5624161798624975,2021,True,mlp,top,manual_weak_top_label,104,"{""alpha"": 0.0001, ""hidden_layer_sizes"": [32], ""learning_rate_init"": 0.001, ""max_iter"": 500, ""negative_sample_ratio"": 2.0}",ok,1.0
2021-12-06,2021-12-10,355,,0.00769883,0.00882751,-0.02639712,0,1,0.7382908120963582,2021,True,mlp,top,manual_weak_top_label,104,"{""alpha"": 0.0001, ""hidden_layer_sizes"": [32], ""learning_rate_init"": 0.001, ""max_iter"": 500, ""negative_sample_ratio"": 2.0}",ok,1.0
2021-12-27,2021-12-31,358,,-0.07759736,0.00632509,-0.07813916,0,1,0.3752930455133249,2021,True,mlp,top,manual_weak_top_label,104,"{""alpha"": 0.0001, ""hidden_layer_sizes"": [32], ""learning_rate_init"": 0.001, ""max_iter"": 500, ""negative_sample_ratio"": 2.0}",ok,1.0
2021-05-24,2021-05-28,327,,0.02530046,0.03190797,-0.00392958,0,1,0.10894959213980727,2021,True,svm,top,manual_weak_top_label,104,"{""C"": 2.0, ""gamma"": ""scale""}",ok,0.0
2021-05-31,2021-06-04,328,,0.03162868,0.04046639,-0.01735447,0,1,0.10750859871433883,2021,True,svm,top,manual_weak_top_label,104,"{""C"": 2.0, ""gamma"": ""scale""}",ok,0.0
2021-06-07,2021-06-11,329,,0.00816565,0.03592003,-0.02698581,0,1,0.18744461060485543,2021,True,svm,top,manual_weak_top_label,104,"{""C"": 2.0, ""gamma"": ""scale""}",ok,0.0
2021-06-15,2021-06-18,330,,0.04067520,0.04402295,-0.00442297,0,1,0.16962284950743683,2021,True,svm,top,manual_weak_top_label,104,"{""C"": 2.0, ""gamma"": ""scale""}",ok,0.0
2021-06-21,2021-06-25,331,,0.03255986,0.04826518,-0.01647542,0,1,0.10494606085788745,2021,True,svm,top,manual_weak_top_label,104,"{""C"": 2.0, ""gamma"": ""scale""}",ok,0.0
2021-06-28,2021-07-02,332,,0.06815221,0.08166327,-0.00345017,0,1,0.18650511462181446,2021,True,svm,top,manual_weak_top_label,104,"{""C"": 2.0, ""gamma"": ""scale""}",ok,0.0
2021-07-05,2021-07-09,333,,0.01672766,0.04623319,-0.05492364,0,1,0.14537792174355846,2021,True,svm,top,manual_weak_top_label,104,"{""C"": 2.0, ""gamma"": ""scale""}",ok,0.0
2021-07-12,2021-07-16,334,,0.03511321,0.03679505,-0.06609768,0,1,0.1458975852137102,2021,True,svm,top,manual_weak_top_label,104,"{""C"": 2.0, ""gamma"": ""scale""}",ok,0.0
2021-07-19,2021-07-23,335,,0.03551943,0.04670132,-0.08526068,0,1,0.11858925729889132,2021,True,svm,top,manual_weak_top_label,104,"{""C"": 2.0, ""gamma"": ""scale""}",ok,0.0
2021-07-26,2021-07-30,336,,0.02822462,0.06362292,-0.00185765,0,1,0.1589160627554628,2021,True,svm,top,manual_weak_top_label,104,"{""C"": 2.0, ""gamma"": ""scale""}",ok,0.0
2021-08-02,2021-08-06,337,,0.02645007,0.03871602,-0.02025788,0,1,0.14552781060442185,2021,True,svm,top,manual_weak_top_label,104,"{""C"": 2.0, ""gamma"": ""scale""}",ok,0.0
2021-08-09,2021-08-13,338,,-0.00144937,0.01970710,-0.04073795,0,1,0.34521486568034015,2021,True,svm,top,manual_weak_top_label,104,"{""C"": 2.0, ""gamma"": ""scale""}",ok,0.0
2021-08-16,2021-08-20,339,,0.06230983,0.06523335,0.00380362,0,1,0.3414350521326797,2021,True,svm,top,manual_weak_top_label,104,"{""C"": 2.0, ""gamma"": ""scale""}",ok,0.0
2021-08-23,2021-08-27,340,,0.00652936,0.04719197,-0.02399898,0,1,0.5059483667741966,2021,True,svm,top,manual_weak_top_label,104,"{""C"": 2.0, ""gamma"": ""scale""}",ok,0.0
2021-08-30,2021-09-03,341,,0.00848884,0.05394884,-0.01020766,1,1,0.3497473629875165,2021,True,svm,top,manual_weak_top_label,104,"{""C"": 2.0, ""gamma"": ""scale""}",ok,0.0
2021-09-06,2021-09-10,342,,-0.06645811,0.01384972,-0.09247098,0,1,0.4917465702084995,2021,True,svm,top,manual_weak_top_label,104,"{""C"": 2.0, ""gamma"": ""scale""}",ok,1.0
2021-09-13,2021-09-17,343,,-0.03939795,0.01552568,-0.06870603,0,1,0.47888264746695053,2021,True,svm,top,manual_weak_top_label,104,"{""C"": 2.0, ""gamma"": ""scale""}",ok,1.0
2021-09-22,2021-09-24,344,,-0.04485735,0.00488473,-0.07407891,0,1,0.30550346301472336,2021,True,svm,top,manual_weak_top_label,104,"{""C"": 2.0, ""gamma"": ""scale""}",ok,1.0
2021-11-15,2021-11-19,352,,0.01862717,0.03576915,-0.01151239,0,1,0.23309433076989108,2021,True,svm,top,manual_weak_top_label,104,"{""C"": 2.0, ""gamma"": ""scale""}",ok,0.0
2021-11-22,2021-11-26,353,,-0.00587926,0.01789595,-0.02856971,0,1,0.16394106450695345,2021,True,svm,top,manual_weak_top_label,104,"{""C"": 2.0, ""gamma"": ""scale""}",ok,0.0
2021-11-29,2021-12-03,354,,-0.03082729,0.00073081,-0.03863926,0,1,0.340969097784515,2021,True,svm,top,manual_weak_top_label,104,"{""C"": 2.0, ""gamma"": ""scale""}",ok,1.0
2021-12-06,2021-12-10,355,,0.00769883,0.00882751,-0.02639712,0,1,0.515350921223853,2021,True,svm,top,manual_weak_top_label,104,"{""C"": 2.0, ""gamma"": ""scale""}",ok,1.0
2021-12-27,2021-12-31,358,,-0.07759736,0.00632509,-0.07813916,0,1,0.4912914184029591,2021,True,svm,top,manual_weak_top_label,104,"{""C"": 2.0, ""gamma"": ""scale""}",ok,1.0
2022-01-17,2022-01-21,361,0.0,-0.01853522,0.00998586,-0.07136125,1,0,0.04151803012224743,2022,True,logistic,bottom,manual_weak_bottom_label,123,"{""C"": 1.0}",ok,
2022-01-24,2022-01-28,362,0.0,0.05577892,0.07287154,-0.00632553,1,0,0.3157068527025065,2022,True,logistic,bottom,manual_weak_bottom_label,123,"{""C"": 1.0}",ok,
2022-02-07,2022-02-11,363,0.0,0.02953034,0.06359148,-0.01031441,1,0,0.9998486676952666,2022,True,logistic,bottom,manual_weak_bottom_label,123,"{""C"": 1.0}",ok,
2022-02-14,2022-02-18,364,0.0,-0.03599303,0.03162694,-0.10202775,1,0,0.9992902386266754,2022,True,logistic,bottom,manual_weak_bottom_label,123,"{""C"": 1.0}",ok,
2022-03-07,2022-03-11,367,0.0,-0.03120883,-0.00015106,-0.09446345,1,0,0.005127649756857584,2022,True,logistic,bottom,manual_weak_bottom_label,123,"{""C"": 1.0}",ok,
2022-03-14,2022-03-18,368,0.0,-0.04420218,0.01604159,-0.05570019,1,0,0.15510360895354589,2022,True,logistic,bottom,manual_weak_bottom_label,123,"{""C"": 1.0}",ok,
2022-03-21,2022-03-25,369,0.0,-0.07987609,0.00658904,-0.08657188,1,0,0.904563735007921,2022,True,logistic,bottom,manual_weak_bottom_label,123,"{""C"": 1.0}",ok,
2022-03-28,2022-04-01,370,0.0,-0.13005278,-0.00042303,-0.13604457,1,0,0.9509810832925295,2022,True,logistic,bottom,manual_weak_bottom_label,123,"{""C"": 1.0}",ok,
2022-04-06,2022-04-08,371,0.0,-0.12787130,-0.00471326,-0.21452065,1,0,0.949160180882114,2022,True,logistic,bottom,manual_weak_bottom_label,123,"{""C"": 1.0}",ok,
2022-04-11,2022-04-15,372,0.0,-0.08133467,0.01662977,-0.17694201,1,0,0.03841551274266208,2022,True,logistic,bottom,manual_weak_bottom_label,123,"{""C"": 1.0}",ok,
2022-04-18,2022-04-22,373,0.0,0.03052696,0.04345865,-0.12340168,1,0,0.42686485696413756,2022,True,logistic,bottom,manual_weak_bottom_label,123,"{""C"": 1.0}",ok,
2022-04-25,2022-04-29,374,1.0,0.09224006,0.09224006,-0.01195624,1,0,0.23392529585950447,2022,True,logistic,bottom,manual_weak_bottom_label,123,"{""C"": 1.0}",ok,
2022-05-05,2022-05-06,375,1.0,0.07726380,0.10068725,-0.00311829,1,0,0.9979682844850336,2022,True,logistic,bottom,manual_weak_bottom_label,123,"{""C"": 1.0}",ok,
2022-05-09,2022-05-13,376,0.0,0.06114746,0.06230711,-0.00954647,1,0,0.30323493165257787,2022,True,logistic,bottom,manual_weak_bottom_label,123,"{""C"": 1.0}",ok,
2022-05-23,2022-05-27,378,0.0,0.09092358,0.09217187,-0.00617672,1,0,0.608562088795596,2022,True,logistic,bottom,manual_weak_bottom_label,123,"{""C"": 1.0}",ok,
2022-08-29,2022-09-02,392,0.0,-0.06096408,0.03142001,-0.06933407,1,0,0.0015670847257702274,2022,True,logistic,bottom,manual_weak_bottom_label,123,"{""C"": 1.0}",ok,
2022-09-13,2022-09-16,394,0.0,-0.01153899,0.01127176,-0.08690045,1,0,0.532197917071251,2022,True,logistic,bottom,manual_weak_bottom_label,123,"{""C"": 1.0}",ok,
2022-09-19,2022-09-23,395,0.0,0.01078652,0.02956024,-0.07003223,1,0,0.5023668586537245,2022,True,logistic,bottom,manual_weak_bottom_label,123,"{""C"": 1.0}",ok,
2022-09-26,2022-09-30,396,1.0,0.01878703,0.07012482,-0.03377104,1,0,0.524632474500895,2022,True,logistic,bottom,manual_weak_bottom_label,123,"{""C"": 1.0}",ok,
2022-10-10,2022-10-14,397,1.0,0.04732538,0.04886570,-0.03202613,1,0,0.5703876370685976,2022,True,logistic,bottom,manual_weak_bottom_label,123,"{""C"": 1.0}",ok,
2022-10-24,2022-10-28,399,0.0,0.06706307,0.08602818,-0.00619382,1,0,0.005621187642835069,2022,True,logistic,bottom,manual_weak_bottom_label,123,"{""C"": 1.0}",ok,
2022-12-19,2022-12-23,407,1.0,0.05790988,0.06518790,0.00019348,1,0,1.2353461544984616e-05,2022,True,logistic,bottom,manual_weak_bottom_label,123,"{""C"": 1.0}",ok,
2022-01-17,2022-01-21,361,0.0,-0.01853522,0.00998586,-0.07136125,1,0,0.007219231759560376,2022,True,lda,bottom,manual_weak_bottom_label,123,"{""shrinkage"": 0.5, ""solver"": ""lsqr""}",ok,
2022-01-24,2022-01-28,362,0.0,0.05577892,0.07287154,-0.00632553,1,0,0.22288953952739815,2022,True,lda,bottom,manual_weak_bottom_label,123,"{""shrinkage"": 0.5, ""solver"": ""lsqr""}",ok,
2022-02-07,2022-02-11,363,0.0,0.02953034,0.06359148,-0.01031441,1,0,0.9999887503042156,2022,True,lda,bottom,manual_weak_bottom_label,123,"{""shrinkage"": 0.5, ""solver"": ""lsqr""}",ok,
2022-02-14,2022-02-18,364,0.0,-0.03599303,0.03162694,-0.10202775,1,0,0.99988744636395,2022,True,lda,bottom,manual_weak_bottom_label,123,"{""shrinkage"": 0.5, ""solver"": ""lsqr""}",ok,
2022-03-07,2022-03-11,367,0.0,-0.03120883,-0.00015106,-0.09446345,1,0,0.0010504756751233268,2022,True,lda,bottom,manual_weak_bottom_label,123,"{""shrinkage"": 0.5, ""solver"": ""lsqr""}",ok,
2022-03-14,2022-03-18,368,0.0,-0.04420218,0.01604159,-0.05570019,1,0,0.061365760645612596,2022,True,lda,bottom,manual_weak_bottom_label,123,"{""shrinkage"": 0.5, ""solver"": ""lsqr""}",ok,
2022-03-21,2022-03-25,369,0.0,-0.07987609,0.00658904,-0.08657188,1,0,0.7639151893674887,2022,True,lda,bottom,manual_weak_bottom_label,123,"{""shrinkage"": 0.5, ""solver"": ""lsqr""}",ok,
2022-03-28,2022-04-01,370,0.0,-0.13005278,-0.00042303,-0.13604457,1,0,0.9489514583279433,2022,True,lda,bottom,manual_weak_bottom_label,123,"{""shrinkage"": 0.5, ""solver"": ""lsqr""}",ok,
2022-04-06,2022-04-08,371,0.0,-0.12787130,-0.00471326,-0.21452065,1,0,0.9420283437000918,2022,True,lda,bottom,manual_weak_bottom_label,123,"{""shrinkage"": 0.5, ""solver"": ""lsqr""}",ok,
2022-04-11,2022-04-15,372,0.0,-0.08133467,0.01662977,-0.17694201,1,0,0.0062826364656386165,2022,True,lda,bottom,manual_weak_bottom_label,123,"{""shrinkage"": 0.5, ""solver"": ""lsqr""}",ok,
2022-04-18,2022-04-22,373,0.0,0.03052696,0.04345865,-0.12340168,1,0,0.3154265598167625,2022,True,lda,bottom,manual_weak_bottom_label,123,"{""shrinkage"": 0.5, ""solver"": ""lsqr""}",ok,
2022-04-25,2022-04-29,374,1.0,0.09224006,0.09224006,-0.01195624,1,0,0.11266237975734694,2022,True,lda,bottom,manual_weak_bottom_label,123,"{""shrinkage"": 0.5, ""solver"": ""lsqr""}",ok,
2022-05-05,2022-05-06,375,1.0,0.07726380,0.10068725,-0.00311829,1,0,0.9990100876254626,2022,True,lda,bottom,manual_weak_bottom_label,123,"{""shrinkage"": 0.5, ""solver"": ""lsqr""}",ok,
2022-05-09,2022-05-13,376,0.0,0.06114746,0.06230711,-0.00954647,1,0,0.28211030881313093,2022,True,lda,bottom,manual_weak_bottom_label,123,"{""shrinkage"": 0.5, ""solver"": ""lsqr""}",ok,
2022-05-23,2022-05-27,378,0.0,0.09092358,0.09217187,-0.00617672,1,0,0.3732710695407482,2022,True,lda,bottom,manual_weak_bottom_label,123,"{""shrinkage"": 0.5, ""solver"": ""lsqr""}",ok,
2022-08-29,2022-09-02,392,0.0,-0.06096408,0.03142001,-0.06933407,1,0,0.0002988314076298522,2022,True,lda,bottom,manual_weak_bottom_label,123,"{""shrinkage"": 0.5, ""solver"": ""lsqr""}",ok,
2022-09-13,2022-09-16,394,0.0,-0.01153899,0.01127176,-0.08690045,1,0,0.11211114700917006,2022,True,lda,bottom,manual_weak_bottom_label,123,"{""shrinkage"": 0.5, ""solver"": ""lsqr""}",ok,
2022-09-19,2022-09-23,395,0.0,0.01078652,0.02956024,-0.07003223,1,0,0.1539658008937922,2022,True,lda,bottom,manual_weak_bottom_label,123,"{""shrinkage"": 0.5, ""solver"": ""lsqr""}",ok,
2022-09-26,2022-09-30,396,1.0,0.01878703,0.07012482,-0.03377104,1,0,0.19273005500544438,2022,True,lda,bottom,manual_weak_bottom_label,123,"{""shrinkage"": 0.5, ""solver"": ""lsqr""}",ok,
2022-10-10,2022-10-14,397,1.0,0.04732538,0.04886570,-0.03202613,1,0,0.6015514615774938,2022,True,lda,bottom,manual_weak_bottom_label,123,"{""shrinkage"": 0.5, ""solver"": ""lsqr""}",ok,
2022-10-24,2022-10-28,399,0.0,0.06706307,0.08602818,-0.00619382,1,0,0.00013259751763368456,2022,True,lda,bottom,manual_weak_bottom_label,123,"{""shrinkage"": 0.5, ""solver"": ""lsqr""}",ok,
2022-12-19,2022-12-23,407,1.0,0.05790988,0.06518790,0.00019348,1,0,1.3298021363133985e-06,2022,True,lda,bottom,manual_weak_bottom_label,123,"{""shrinkage"": 0.5, ""solver"": ""lsqr""}",ok,
2022-01-17,2022-01-21,361,0.0,-0.01853522,0.00998586,-0.07136125,1,0,0.9999406508339949,2022,True,qda,bottom,manual_weak_bottom_label,123,"{""reg_param"": 0.2}",ok,
2022-01-24,2022-01-28,362,0.0,0.05577892,0.07287154,-0.00632553,1,0,0.9999961768525856,2022,True,qda,bottom,manual_weak_bottom_label,123,"{""reg_param"": 0.2}",ok,
2022-02-07,2022-02-11,363,0.0,0.02953034,0.06359148,-0.01031441,1,0,1.0,2022,True,qda,bottom,manual_weak_bottom_label,123,"{""reg_param"": 0.2}",ok,
2022-02-14,2022-02-18,364,0.0,-0.03599303,0.03162694,-0.10202775,1,0,1.0,2022,True,qda,bottom,manual_weak_bottom_label,123,"{""reg_param"": 0.2}",ok,
2022-03-07,2022-03-11,367,0.0,-0.03120883,-0.00015106,-0.09446345,1,0,1.0,2022,True,qda,bottom,manual_weak_bottom_label,123,"{""reg_param"": 0.2}",ok,
2022-03-14,2022-03-18,368,0.0,-0.04420218,0.01604159,-0.05570019,1,0,1.0,2022,True,qda,bottom,manual_weak_bottom_label,123,"{""reg_param"": 0.2}",ok,
2022-03-21,2022-03-25,369,0.0,-0.07987609,0.00658904,-0.08657188,1,0,1.0,2022,True,qda,bottom,manual_weak_bottom_label,123,"{""reg_param"": 0.2}",ok,
2022-03-28,2022-04-01,370,0.0,-0.13005278,-0.00042303,-0.13604457,1,0,1.0,2022,True,qda,bottom,manual_weak_bottom_label,123,"{""reg_param"": 0.2}",ok,
2022-04-06,2022-04-08,371,0.0,-0.12787130,-0.00471326,-0.21452065,1,0,1.0,2022,True,qda,bottom,manual_weak_bottom_label,123,"{""reg_param"": 0.2}",ok,
2022-04-11,2022-04-15,372,0.0,-0.08133467,0.01662977,-0.17694201,1,0,1.0,2022,True,qda,bottom,manual_weak_bottom_label,123,"{""reg_param"": 0.2}",ok,
2022-04-18,2022-04-22,373,0.0,0.03052696,0.04345865,-0.12340168,1,0,1.0,2022,True,qda,bottom,manual_weak_bottom_label,123,"{""reg_param"": 0.2}",ok,
2022-04-25,2022-04-29,374,1.0,0.09224006,0.09224006,-0.01195624,1,0,1.0,2022,True,qda,bottom,manual_weak_bottom_label,123,"{""reg_param"": 0.2}",ok,
2022-05-05,2022-05-06,375,1.0,0.07726380,0.10068725,-0.00311829,1,0,1.0,2022,True,qda,bottom,manual_weak_bottom_label,123,"{""reg_param"": 0.2}",ok,
2022-05-09,2022-05-13,376,0.0,0.06114746,0.06230711,-0.00954647,1,0,1.0,2022,True,qda,bottom,manual_weak_bottom_label,123,"{""reg_param"": 0.2}",ok,
2022-05-23,2022-05-27,378,0.0,0.09092358,0.09217187,-0.00617672,1,0,1.0,2022,True,qda,bottom,manual_weak_bottom_label,123,"{""reg_param"": 0.2}",ok,
2022-08-29,2022-09-02,392,0.0,-0.06096408,0.03142001,-0.06933407,1,0,0.9999999999927625,2022,True,qda,bottom,manual_weak_bottom_label,123,"{""reg_param"": 0.2}",ok,
2022-09-13,2022-09-16,394,0.0,-0.01153899,0.01127176,-0.08690045,1,0,0.9999999999999976,2022,True,qda,bottom,manual_weak_bottom_label,123,"{""reg_param"": 0.2}",ok,
2022-09-19,2022-09-23,395,0.0,0.01078652,0.02956024,-0.07003223,1,0,0.999998903188158,2022,True,qda,bottom,manual_weak_bottom_label,123,"{""reg_param"": 0.2}",ok,
2022-09-26,2022-09-30,396,1.0,0.01878703,0.07012482,-0.03377104,1,0,0.9999101168024488,2022,True,qda,bottom,manual_weak_bottom_label,123,"{""reg_param"": 0.2}",ok,
2022-10-10,2022-10-14,397,1.0,0.04732538,0.04886570,-0.03202613,1,0,0.9999999997879967,2022,True,qda,bottom,manual_weak_bottom_label,123,"{""reg_param"": 0.2}",ok,
2022-10-24,2022-10-28,399,0.0,0.06706307,0.08602818,-0.00619382,1,0,0.9999999999999991,2022,True,qda,bottom,manual_weak_bottom_label,123,"{""reg_param"": 0.2}",ok,
2022-12-19,2022-12-23,407,1.0,0.05790988,0.06518790,0.00019348,1,0,1.0,2022,True,qda,bottom,manual_weak_bottom_label,123,"{""reg_param"": 0.2}",ok,
2022-01-17,2022-01-21,361,0.0,-0.01853522,0.00998586,-0.07136125,1,0,0.11220479181376285,2022,True,lightgbm,bottom,manual_weak_bottom_label,123,"{""balanced_bagging"": true, ""is_unbalance"": false, ""learning_rate"": 0.04, ""max_depth"": 3, ""min_child_samples"": 8, ""n_estimators"": 180, ""negative_sample_ratio"": 3.0, ""num_leaves"": 7}",ok,
2022-01-24,2022-01-28,362,0.0,0.05577892,0.07287154,-0.00632553,1,0,0.6219292879079309,2022,True,lightgbm,bottom,manual_weak_bottom_label,123,"{""balanced_bagging"": true, ""is_unbalance"": false, ""learning_rate"": 0.04, ""max_depth"": 3, ""min_child_samples"": 8, ""n_estimators"": 180, ""negative_sample_ratio"": 3.0, ""num_leaves"": 7}",ok,
2022-02-07,2022-02-11,363,0.0,0.02953034,0.06359148,-0.01031441,1,0,0.6049215311891148,2022,True,lightgbm,bottom,manual_weak_bottom_label,123,"{""balanced_bagging"": true, ""is_unbalance"": false, ""learning_rate"": 0.04, ""max_depth"": 3, ""min_child_samples"": 8, ""n_estimators"": 180, ""negative_sample_ratio"": 3.0, ""num_leaves"": 7}",ok,
2022-02-14,2022-02-18,364,0.0,-0.03599303,0.03162694,-0.10202775,1,0,0.9105423387698423,2022,True,lightgbm,bottom,manual_weak_bottom_label,123,"{""balanced_bagging"": true, ""is_unbalance"": false, ""learning_rate"": 0.04, ""max_depth"": 3, ""min_child_samples"": 8, ""n_estimators"": 180, ""negative_sample_ratio"": 3.0, ""num_leaves"": 7}",ok,
2022-03-07,2022-03-11,367,0.0,-0.03120883,-0.00015106,-0.09446345,1,0,0.3702443162771369,2022,True,lightgbm,bottom,manual_weak_bottom_label,123,"{""balanced_bagging"": true, ""is_unbalance"": false, ""learning_rate"": 0.04, ""max_depth"": 3, ""min_child_samples"": 8, ""n_estimators"": 180, ""negative_sample_ratio"": 3.0, ""num_leaves"": 7}",ok,
2022-03-14,2022-03-18,368,0.0,-0.04420218,0.01604159,-0.05570019,1,0,0.405360221660853,2022,True,lightgbm,bottom,manual_weak_bottom_label,123,"{""balanced_bagging"": true, ""is_unbalance"": false, ""learning_rate"": 0.04, ""max_depth"": 3, ""min_child_samples"": 8, ""n_estimators"": 180, ""negative_sample_ratio"": 3.0, ""num_leaves"": 7}",ok,
2022-03-21,2022-03-25,369,0.0,-0.07987609,0.00658904,-0.08657188,1,0,0.2925751986513106,2022,True,lightgbm,bottom,manual_weak_bottom_label,123,"{""balanced_bagging"": true, ""is_unbalance"": false, ""learning_rate"": 0.04, ""max_depth"": 3, ""min_child_samples"": 8, ""n_estimators"": 180, ""negative_sample_ratio"": 3.0, ""num_leaves"": 7}",ok,
2022-03-28,2022-04-01,370,0.0,-0.13005278,-0.00042303,-0.13604457,1,0,0.8203711965811994,2022,True,lightgbm,bottom,manual_weak_bottom_label,123,"{""balanced_bagging"": true, ""is_unbalance"": false, ""learning_rate"": 0.04, ""max_depth"": 3, ""min_child_samples"": 8, ""n_estimators"": 180, ""negative_sample_ratio"": 3.0, ""num_leaves"": 7}",ok,
2022-04-06,2022-04-08,371,0.0,-0.12787130,-0.00471326,-0.21452065,1,0,0.3907578804026943,2022,True,lightgbm,bottom,manual_weak_bottom_label,123,"{""balanced_bagging"": true, ""is_unbalance"": false, ""learning_rate"": 0.04, ""max_depth"": 3, ""min_child_samples"": 8, ""n_estimators"": 180, ""negative_sample_ratio"": 3.0, ""num_leaves"": 7}",ok,
2022-04-11,2022-04-15,372,0.0,-0.08133467,0.01662977,-0.17694201,1,0,0.2782777195523162,2022,True,lightgbm,bottom,manual_weak_bottom_label,123,"{""balanced_bagging"": true, ""is_unbalance"": false, ""learning_rate"": 0.04, ""max_depth"": 3, ""min_child_samples"": 8, ""n_estimators"": 180, ""negative_sample_ratio"": 3.0, ""num_leaves"": 7}",ok,
2022-04-18,2022-04-22,373,0.0,0.03052696,0.04345865,-0.12340168,1,0,0.4330582508509655,2022,True,lightgbm,bottom,manual_weak_bottom_label,123,"{""balanced_bagging"": true, ""is_unbalance"": false, ""learning_rate"": 0.04, ""max_depth"": 3, ""min_child_samples"": 8, ""n_estimators"": 180, ""negative_sample_ratio"": 3.0, ""num_leaves"": 7}",ok,
2022-04-25,2022-04-29,374,1.0,0.09224006,0.09224006,-0.01195624,1,0,0.7626106484507584,2022,True,lightgbm,bottom,manual_weak_bottom_label,123,"{""balanced_bagging"": true, ""is_unbalance"": false, ""learning_rate"": 0.04, ""max_depth"": 3, ""min_child_samples"": 8, ""n_estimators"": 180, ""negative_sample_ratio"": 3.0, ""num_leaves"": 7}",ok,
2022-05-05,2022-05-06,375,1.0,0.07726380,0.10068725,-0.00311829,1,0,0.970018121887931,2022,True,lightgbm,bottom,manual_weak_bottom_label,123,"{""balanced_bagging"": true, ""is_unbalance"": false, ""learning_rate"": 0.04, ""max_depth"": 3, ""min_child_samples"": 8, ""n_estimators"": 180, ""negative_sample_ratio"": 3.0, ""num_leaves"": 7}",ok,
2022-05-09,2022-05-13,376,0.0,0.06114746,0.06230711,-0.00954647,1,0,0.1487862549020815,2022,True,lightgbm,bottom,manual_weak_bottom_label,123,"{""balanced_bagging"": true, ""is_unbalance"": false, ""learning_rate"": 0.04, ""max_depth"": 3, ""min_child_samples"": 8, ""n_estimators"": 180, ""negative_sample_ratio"": 3.0, ""num_leaves"": 7}",ok,
2022-05-23,2022-05-27,378,0.0,0.09092358,0.09217187,-0.00617672,1,0,0.061763774529117445,2022,True,lightgbm,bottom,manual_weak_bottom_label,123,"{""balanced_bagging"": true, ""is_unbalance"": false, ""learning_rate"": 0.04, ""max_depth"": 3, ""min_child_samples"": 8, ""n_estimators"": 180, ""negative_sample_ratio"": 3.0, ""num_leaves"": 7}",ok,
2022-08-29,2022-09-02,392,0.0,-0.06096408,0.03142001,-0.06933407,1,0,0.4875854966651638,2022,True,lightgbm,bottom,manual_weak_bottom_label,123,"{""balanced_bagging"": true, ""is_unbalance"": false, ""learning_rate"": 0.04, ""max_depth"": 3, ""min_child_samples"": 8, ""n_estimators"": 180, ""negative_sample_ratio"": 3.0, ""num_leaves"": 7}",ok,
2022-09-13,2022-09-16,394,0.0,-0.01153899,0.01127176,-0.08690045,1,0,0.09969058251879943,2022,True,lightgbm,bottom,manual_weak_bottom_label,123,"{""balanced_bagging"": true, ""is_unbalance"": false, ""learning_rate"": 0.04, ""max_depth"": 3, ""min_child_samples"": 8, ""n_estimators"": 180, ""negative_sample_ratio"": 3.0, ""num_leaves"": 7}",ok,
2022-09-19,2022-09-23,395,0.0,0.01078652,0.02956024,-0.07003223,1,0,0.11745152771958263,2022,True,lightgbm,bottom,manual_weak_bottom_label,123,"{""balanced_bagging"": true, ""is_unbalance"": false, ""learning_rate"": 0.04, ""max_depth"": 3, ""min_child_samples"": 8, ""n_estimators"": 180, ""negative_sample_ratio"": 3.0, ""num_leaves"": 7}",ok,
2022-09-26,2022-09-30,396,1.0,0.01878703,0.07012482,-0.03377104,1,0,0.19796003085911767,2022,True,lightgbm,bottom,manual_weak_bottom_label,123,"{""balanced_bagging"": true, ""is_unbalance"": false, ""learning_rate"": 0.04, ""max_depth"": 3, ""min_child_samples"": 8, ""n_estimators"": 180, ""negative_sample_ratio"": 3.0, ""num_leaves"": 7}",ok,
2022-10-10,2022-10-14,397,1.0,0.04732538,0.04886570,-0.03202613,1,0,0.4065962467837341,2022,True,lightgbm,bottom,manual_weak_bottom_label,123,"{""balanced_bagging"": true, ""is_unbalance"": false, ""learning_rate"": 0.04, ""max_depth"": 3, ""min_child_samples"": 8, ""n_estimators"": 180, ""negative_sample_ratio"": 3.0, ""num_leaves"": 7}",ok,
2022-10-24,2022-10-28,399,0.0,0.06706307,0.08602818,-0.00619382,1,0,0.055385258430099914,2022,True,lightgbm,bottom,manual_weak_bottom_label,123,"{""balanced_bagging"": true, ""is_unbalance"": false, ""learning_rate"": 0.04, ""max_depth"": 3, ""min_child_samples"": 8, ""n_estimators"": 180, ""negative_sample_ratio"": 3.0, ""num_leaves"": 7}",ok,
2022-12-19,2022-12-23,407,1.0,0.05790988,0.06518790,0.00019348,1,0,0.09033866548842949,2022,True,lightgbm,bottom,manual_weak_bottom_label,123,"{""balanced_bagging"": true, ""is_unbalance"": false, ""learning_rate"": 0.04, ""max_depth"": 3, ""min_child_samples"": 8, ""n_estimators"": 180, ""negative_sample_ratio"": 3.0, ""num_leaves"": 7}",ok,
2022-01-17,2022-01-21,361,0.0,-0.01853522,0.00998586,-0.07136125,1,0,0.1762339025735855,2022,True,bp,bottom,manual_weak_bottom_label,123,"{""dropout"": 0.1, ""focal_alpha"": 0.75, ""focal_gamma"": 2.0, ""hidden_layers"": [48, 24], ""learning_rate"": 0.001, ""max_epochs"": 160, ""patience"": 18}",ok,
2022-01-24,2022-01-28,362,0.0,0.05577892,0.07287154,-0.00632553,1,0,0.6668182015419006,2022,True,bp,bottom,manual_weak_bottom_label,123,"{""dropout"": 0.1, ""focal_alpha"": 0.75, ""focal_gamma"": 2.0, ""hidden_layers"": [48, 24], ""learning_rate"": 0.001, ""max_epochs"": 160, ""patience"": 18}",ok,
2022-02-07,2022-02-11,363,0.0,0.02953034,0.06359148,-0.01031441,1,0,0.9317479729652405,2022,True,bp,bottom,manual_weak_bottom_label,123,"{""dropout"": 0.1, ""focal_alpha"": 0.75, ""focal_gamma"": 2.0, ""hidden_layers"": [48, 24], ""learning_rate"": 0.001, ""max_epochs"": 160, ""patience"": 18}",ok,
2022-02-14,2022-02-18,364,0.0,-0.03599303,0.03162694,-0.10202775,1,0,0.9351252913475037,2022,True,bp,bottom,manual_weak_bottom_label,123,"{""dropout"": 0.1, ""focal_alpha"": 0.75, ""focal_gamma"": 2.0, ""hidden_layers"": [48, 24], ""learning_rate"": 0.001, ""max_epochs"": 160, ""patience"": 18}",ok,
2022-03-07,2022-03-11,367,0.0,-0.03120883,-0.00015106,-0.09446345,1,0,0.3773491084575653,2022,True,bp,bottom,manual_weak_bottom_label,123,"{""dropout"": 0.1, ""focal_alpha"": 0.75, ""focal_gamma"": 2.0, ""hidden_layers"": [48, 24], ""learning_rate"": 0.001, ""max_epochs"": 160, ""patience"": 18}",ok,
2022-03-14,2022-03-18,368,0.0,-0.04420218,0.01604159,-0.05570019,1,0,0.6651332378387451,2022,True,bp,bottom,manual_weak_bottom_label,123,"{""dropout"": 0.1, ""focal_alpha"": 0.75, ""focal_gamma"": 2.0, ""hidden_layers"": [48, 24], ""learning_rate"": 0.001, ""max_epochs"": 160, ""patience"": 18}",ok,
2022-03-21,2022-03-25,369,0.0,-0.07987609,0.00658904,-0.08657188,1,0,0.7383988499641418,2022,True,bp,bottom,manual_weak_bottom_label,123,"{""dropout"": 0.1, ""focal_alpha"": 0.75, ""focal_gamma"": 2.0, ""hidden_layers"": [48, 24], ""learning_rate"": 0.001, ""max_epochs"": 160, ""patience"": 18}",ok,
2022-03-28,2022-04-01,370,0.0,-0.13005278,-0.00042303,-0.13604457,1,0,0.8940349817276001,2022,True,bp,bottom,manual_weak_bottom_label,123,"{""dropout"": 0.1, ""focal_alpha"": 0.75, ""focal_gamma"": 2.0, ""hidden_layers"": [48, 24], ""learning_rate"": 0.001, ""max_epochs"": 160, ""patience"": 18}",ok,
2022-04-06,2022-04-08,371,0.0,-0.12787130,-0.00471326,-0.21452065,1,0,0.8042886853218079,2022,True,bp,bottom,manual_weak_bottom_label,123,"{""dropout"": 0.1, ""focal_alpha"": 0.75, ""focal_gamma"": 2.0, ""hidden_layers"": [48, 24], ""learning_rate"": 0.001, ""max_epochs"": 160, ""patience"": 18}",ok,
2022-04-11,2022-04-15,372,0.0,-0.08133467,0.01662977,-0.17694201,1,0,0.31972962617874146,2022,True,bp,bottom,manual_weak_bottom_label,123,"{""dropout"": 0.1, ""focal_alpha"": 0.75, ""focal_gamma"": 2.0, ""hidden_layers"": [48, 24], ""learning_rate"": 0.001, ""max_epochs"": 160, ""patience"": 18}",ok,
2022-04-18,2022-04-22,373,0.0,0.03052696,0.04345865,-0.12340168,1,0,0.28157904744148254,2022,True,bp,bottom,manual_weak_bottom_label,123,"{""dropout"": 0.1, ""focal_alpha"": 0.75, ""focal_gamma"": 2.0, ""hidden_layers"": [48, 24], ""learning_rate"": 0.001, ""max_epochs"": 160, ""patience"": 18}",ok,
2022-04-25,2022-04-29,374,1.0,0.09224006,0.09224006,-0.01195624,1,0,0.22900907695293427,2022,True,bp,bottom,manual_weak_bottom_label,123,"{""dropout"": 0.1, ""focal_alpha"": 0.75, ""focal_gamma"": 2.0, ""hidden_layers"": [48, 24], ""learning_rate"": 0.001, ""max_epochs"": 160, ""patience"": 18}",ok,
2022-05-05,2022-05-06,375,1.0,0.07726380,0.10068725,-0.00311829,1,0,0.9156438708305359,2022,True,bp,bottom,manual_weak_bottom_label,123,"{""dropout"": 0.1, ""focal_alpha"": 0.75, ""focal_gamma"": 2.0, ""hidden_layers"": [48, 24], ""learning_rate"": 0.001, ""max_epochs"": 160, ""patience"": 18}",ok,
2022-05-09,2022-05-13,376,0.0,0.06114746,0.06230711,-0.00954647,1,0,0.16054071485996246,2022,True,bp,bottom,manual_weak_bottom_label,123,"{""dropout"": 0.1, ""focal_alpha"": 0.75, ""focal_gamma"": 2.0, ""hidden_layers"": [48, 24], ""learning_rate"": 0.001, ""max_epochs"": 160, ""patience"": 18}",ok,
2022-05-23,2022-05-27,378,0.0,0.09092358,0.09217187,-0.00617672,1,0,0.29183149337768555,2022,True,bp,bottom,manual_weak_bottom_label,123,"{""dropout"": 0.1, ""focal_alpha"": 0.75, ""focal_gamma"": 2.0, ""hidden_layers"": [48, 24], ""learning_rate"": 0.001, ""max_epochs"": 160, ""patience"": 18}",ok,
2022-08-29,2022-09-02,392,0.0,-0.06096408,0.03142001,-0.06933407,1,0,0.12745530903339386,2022,True,bp,bottom,manual_weak_bottom_label,123,"{""dropout"": 0.1, ""focal_alpha"": 0.75, ""focal_gamma"": 2.0, ""hidden_layers"": [48, 24], ""learning_rate"": 0.001, ""max_epochs"": 160, ""patience"": 18}",ok,
2022-09-13,2022-09-16,394,0.0,-0.01153899,0.01127176,-0.08690045,1,0,0.22960782051086426,2022,True,bp,bottom,manual_weak_bottom_label,123,"{""dropout"": 0.1, ""focal_alpha"": 0.75, ""focal_gamma"": 2.0, ""hidden_layers"": [48, 24], ""learning_rate"": 0.001, ""max_epochs"": 160, ""patience"": 18}",ok,
2022-09-19,2022-09-23,395,0.0,0.01078652,0.02956024,-0.07003223,1,0,0.21686488389968872,2022,True,bp,bottom,manual_weak_bottom_label,123,"{""dropout"": 0.1, ""focal_alpha"": 0.75, ""focal_gamma"": 2.0, ""hidden_layers"": [48, 24], ""learning_rate"": 0.001, ""max_epochs"": 160, ""patience"": 18}",ok,
2022-09-26,2022-09-30,396,1.0,0.01878703,0.07012482,-0.03377104,1,0,0.24328796565532684,2022,True,bp,bottom,manual_weak_bottom_label,123,"{""dropout"": 0.1, ""focal_alpha"": 0.75, ""focal_gamma"": 2.0, ""hidden_layers"": [48, 24], ""learning_rate"": 0.001, ""max_epochs"": 160, ""patience"": 18}",ok,
2022-10-10,2022-10-14,397,1.0,0.04732538,0.04886570,-0.03202613,1,0,0.5664253234863281,2022,True,bp,bottom,manual_weak_bottom_label,123,"{""dropout"": 0.1, ""focal_alpha"": 0.75, ""focal_gamma"": 2.0, ""hidden_layers"": [48, 24], ""learning_rate"": 0.001, ""max_epochs"": 160, ""patience"": 18}",ok,
2022-10-24,2022-10-28,399,0.0,0.06706307,0.08602818,-0.00619382,1,0,0.09841779619455338,2022,True,bp,bottom,manual_weak_bottom_label,123,"{""dropout"": 0.1, ""focal_alpha"": 0.75, ""focal_gamma"": 2.0, ""hidden_layers"": [48, 24], ""learning_rate"": 0.001, ""max_epochs"": 160, ""patience"": 18}",ok,
2022-12-19,2022-12-23,407,1.0,0.05790988,0.06518790,0.00019348,1,0,0.12108452618122101,2022,True,bp,bottom,manual_weak_bottom_label,123,"{""dropout"": 0.1, ""focal_alpha"": 0.75, ""focal_gamma"": 2.0, ""hidden_layers"": [48, 24], ""learning_rate"": 0.001, ""max_epochs"": 160, ""patience"": 18}",ok,
2022-01-17,2022-01-21,361,0.0,-0.01853522,0.00998586,-0.07136125,1,0,0.2737380077306217,2022,True,mlp,bottom,manual_weak_bottom_label,123,"{""alpha"": 0.001, ""hidden_layer_sizes"": [64, 32], ""learning_rate_init"": 0.0007, ""max_iter"": 700, ""negative_sample_ratio"": 5.0}",ok,
2022-01-24,2022-01-28,362,0.0,0.05577892,0.07287154,-0.00632553,1,0,0.29601089325896923,2022,True,mlp,bottom,manual_weak_bottom_label,123,"{""alpha"": 0.001, ""hidden_layer_sizes"": [64, 32], ""learning_rate_init"": 0.0007, ""max_iter"": 700, ""negative_sample_ratio"": 5.0}",ok,
2022-02-07,2022-02-11,363,0.0,0.02953034,0.06359148,-0.01031441,1,0,0.1813595186174272,2022,True,mlp,bottom,manual_weak_bottom_label,123,"{""alpha"": 0.001, ""hidden_layer_sizes"": [64, 32], ""learning_rate_init"": 0.0007, ""max_iter"": 700, ""negative_sample_ratio"": 5.0}",ok,
2022-02-14,2022-02-18,364,0.0,-0.03599303,0.03162694,-0.10202775,1,0,0.34283978649616575,2022,True,mlp,bottom,manual_weak_bottom_label,123,"{""alpha"": 0.001, ""hidden_layer_sizes"": [64, 32], ""learning_rate_init"": 0.0007, ""max_iter"": 700, ""negative_sample_ratio"": 5.0}",ok,
2022-03-07,2022-03-11,367,0.0,-0.03120883,-0.00015106,-0.09446345,1,0,0.11409741137930829,2022,True,mlp,bottom,manual_weak_bottom_label,123,"{""alpha"": 0.001, ""hidden_layer_sizes"": [64, 32], ""learning_rate_init"": 0.0007, ""max_iter"": 700, ""negative_sample_ratio"": 5.0}",ok,
2022-03-14,2022-03-18,368,0.0,-0.04420218,0.01604159,-0.05570019,1,0,0.3113447832676005,2022,True,mlp,bottom,manual_weak_bottom_label,123,"{""alpha"": 0.001, ""hidden_layer_sizes"": [64, 32], ""learning_rate_init"": 0.0007, ""max_iter"": 700, ""negative_sample_ratio"": 5.0}",ok,
2022-03-21,2022-03-25,369,0.0,-0.07987609,0.00658904,-0.08657188,1,0,0.29769406003507265,2022,True,mlp,bottom,manual_weak_bottom_label,123,"{""alpha"": 0.001, ""hidden_layer_sizes"": [64, 32], ""learning_rate_init"": 0.0007, ""max_iter"": 700, ""negative_sample_ratio"": 5.0}",ok,
2022-03-28,2022-04-01,370,0.0,-0.13005278,-0.00042303,-0.13604457,1,0,0.49204265692308374,2022,True,mlp,bottom,manual_weak_bottom_label,123,"{""alpha"": 0.001, ""hidden_layer_sizes"": [64, 32], ""learning_rate_init"": 0.0007, ""max_iter"": 700, ""negative_sample_ratio"": 5.0}",ok,
2022-04-06,2022-04-08,371,0.0,-0.12787130,-0.00471326,-0.21452065,1,0,0.43675247620225854,2022,True,mlp,bottom,manual_weak_bottom_label,123,"{""alpha"": 0.001, ""hidden_layer_sizes"": [64, 32], ""learning_rate_init"": 0.0007, ""max_iter"": 700, ""negative_sample_ratio"": 5.0}",ok,
2022-04-11,2022-04-15,372,0.0,-0.08133467,0.01662977,-0.17694201,1,0,0.2729402737798503,2022,True,mlp,bottom,manual_weak_bottom_label,123,"{""alpha"": 0.001, ""hidden_layer_sizes"": [64, 32], ""learning_rate_init"": 0.0007, ""max_iter"": 700, ""negative_sample_ratio"": 5.0}",ok,
2022-04-18,2022-04-22,373,0.0,0.03052696,0.04345865,-0.12340168,1,0,0.3724940537014311,2022,True,mlp,bottom,manual_weak_bottom_label,123,"{""alpha"": 0.001, ""hidden_layer_sizes"": [64, 32], ""learning_rate_init"": 0.0007, ""max_iter"": 700, ""negative_sample_ratio"": 5.0}",ok,
2022-04-25,2022-04-29,374,1.0,0.09224006,0.09224006,-0.01195624,1,0,0.1821553289240263,2022,True,mlp,bottom,manual_weak_bottom_label,123,"{""alpha"": 0.001, ""hidden_layer_sizes"": [64, 32], ""learning_rate_init"": 0.0007, ""max_iter"": 700, ""negative_sample_ratio"": 5.0}",ok,
2022-05-05,2022-05-06,375,1.0,0.07726380,0.10068725,-0.00311829,1,0,0.40658098122222164,2022,True,mlp,bottom,manual_weak_bottom_label,123,"{""alpha"": 0.001, ""hidden_layer_sizes"": [64, 32], ""learning_rate_init"": 0.0007, ""max_iter"": 700, ""negative_sample_ratio"": 5.0}",ok,
2022-05-09,2022-05-13,376,0.0,0.06114746,0.06230711,-0.00954647,1,0,0.3622822668574063,2022,True,mlp,bottom,manual_weak_bottom_label,123,"{""alpha"": 0.001, ""hidden_layer_sizes"": [64, 32], ""learning_rate_init"": 0.0007, ""max_iter"": 700, ""negative_sample_ratio"": 5.0}",ok,
2022-05-23,2022-05-27,378,0.0,0.09092358,0.09217187,-0.00617672,1,0,0.2624445046197141,2022,True,mlp,bottom,manual_weak_bottom_label,123,"{""alpha"": 0.001, ""hidden_layer_sizes"": [64, 32], ""learning_rate_init"": 0.0007, ""max_iter"": 700, ""negative_sample_ratio"": 5.0}",ok,
2022-08-29,2022-09-02,392,0.0,-0.06096408,0.03142001,-0.06933407,1,0,0.03146517890809301,2022,True,mlp,bottom,manual_weak_bottom_label,123,"{""alpha"": 0.001, ""hidden_layer_sizes"": [64, 32], ""learning_rate_init"": 0.0007, ""max_iter"": 700, ""negative_sample_ratio"": 5.0}",ok,
2022-09-13,2022-09-16,394,0.0,-0.01153899,0.01127176,-0.08690045,1,0,0.05879973288854866,2022,True,mlp,bottom,manual_weak_bottom_label,123,"{""alpha"": 0.001, ""hidden_layer_sizes"": [64, 32], ""learning_rate_init"": 0.0007, ""max_iter"": 700, ""negative_sample_ratio"": 5.0}",ok,
2022-09-19,2022-09-23,395,0.0,0.01078652,0.02956024,-0.07003223,1,0,0.09759724928223816,2022,True,mlp,bottom,manual_weak_bottom_label,123,"{""alpha"": 0.001, ""hidden_layer_sizes"": [64, 32], ""learning_rate_init"": 0.0007, ""max_iter"": 700, ""negative_sample_ratio"": 5.0}",ok,
2022-09-26,2022-09-30,396,1.0,0.01878703,0.07012482,-0.03377104,1,0,0.16843008222616881,2022,True,mlp,bottom,manual_weak_bottom_label,123,"{""alpha"": 0.001, ""hidden_layer_sizes"": [64, 32], ""learning_rate_init"": 0.0007, ""max_iter"": 700, ""negative_sample_ratio"": 5.0}",ok,
2022-10-10,2022-10-14,397,1.0,0.04732538,0.04886570,-0.03202613,1,0,0.23671698507987546,2022,True,mlp,bottom,manual_weak_bottom_label,123,"{""alpha"": 0.001, ""hidden_layer_sizes"": [64, 32], ""learning_rate_init"": 0.0007, ""max_iter"": 700, ""negative_sample_ratio"": 5.0}",ok,
2022-10-24,2022-10-28,399,0.0,0.06706307,0.08602818,-0.00619382,1,0,0.1556586999943867,2022,True,mlp,bottom,manual_weak_bottom_label,123,"{""alpha"": 0.001, ""hidden_layer_sizes"": [64, 32], ""learning_rate_init"": 0.0007, ""max_iter"": 700, ""negative_sample_ratio"": 5.0}",ok,
2022-12-19,2022-12-23,407,1.0,0.05790988,0.06518790,0.00019348,1,0,0.0858468880086449,2022,True,mlp,bottom,manual_weak_bottom_label,123,"{""alpha"": 0.001, ""hidden_layer_sizes"": [64, 32], ""learning_rate_init"": 0.0007, ""max_iter"": 700, ""negative_sample_ratio"": 5.0}",ok,
2022-01-17,2022-01-21,361,0.0,-0.01853522,0.00998586,-0.07136125,1,0,0.1937405197422873,2022,True,svm,bottom,manual_weak_bottom_label,123,"{""C"": 2.0, ""gamma"": ""scale""}",ok,
2022-01-24,2022-01-28,362,0.0,0.05577892,0.07287154,-0.00632553,1,0,0.2701664479289979,2022,True,svm,bottom,manual_weak_bottom_label,123,"{""C"": 2.0, ""gamma"": ""scale""}",ok,
2022-02-07,2022-02-11,363,0.0,0.02953034,0.06359148,-0.01031441,1,0,0.5,2022,True,svm,bottom,manual_weak_bottom_label,123,"{""C"": 2.0, ""gamma"": ""scale""}",ok,
2022-02-14,2022-02-18,364,0.0,-0.03599303,0.03162694,-0.10202775,1,0,0.47500429445526,2022,True,svm,bottom,manual_weak_bottom_label,123,"{""C"": 2.0, ""gamma"": ""scale""}",ok,
2022-03-07,2022-03-11,367,0.0,-0.03120883,-0.00015106,-0.09446345,1,0,0.2106547941445024,2022,True,svm,bottom,manual_weak_bottom_label,123,"{""C"": 2.0, ""gamma"": ""scale""}",ok,
2022-03-14,2022-03-18,368,0.0,-0.04420218,0.01604159,-0.05570019,1,0,0.2836824239397097,2022,True,svm,bottom,manual_weak_bottom_label,123,"{""C"": 2.0, ""gamma"": ""scale""}",ok,
2022-03-21,2022-03-25,369,0.0,-0.07987609,0.00658904,-0.08657188,1,0,0.26373465821007974,2022,True,svm,bottom,manual_weak_bottom_label,123,"{""C"": 2.0, ""gamma"": ""scale""}",ok,
2022-03-28,2022-04-01,370,0.0,-0.13005278,-0.00042303,-0.13604457,1,0,0.22923879867870464,2022,True,svm,bottom,manual_weak_bottom_label,123,"{""C"": 2.0, ""gamma"": ""scale""}",ok,
2022-04-06,2022-04-08,371,0.0,-0.12787130,-0.00471326,-0.21452065,1,0,0.23720067756006588,2022,True,svm,bottom,manual_weak_bottom_label,123,"{""C"": 2.0, ""gamma"": ""scale""}",ok,
2022-04-11,2022-04-15,372,0.0,-0.08133467,0.01662977,-0.17694201,1,0,0.17050881493555747,2022,True,svm,bottom,manual_weak_bottom_label,123,"{""C"": 2.0, ""gamma"": ""scale""}",ok,
2022-04-18,2022-04-22,373,0.0,0.03052696,0.04345865,-0.12340168,1,0,0.19897469780361093,2022,True,svm,bottom,manual_weak_bottom_label,123,"{""C"": 2.0, ""gamma"": ""scale""}",ok,
2022-04-25,2022-04-29,374,1.0,0.09224006,0.09224006,-0.01195624,1,0,0.2184210308599836,2022,True,svm,bottom,manual_weak_bottom_label,123,"{""C"": 2.0, ""gamma"": ""scale""}",ok,
2022-05-05,2022-05-06,375,1.0,0.07726380,0.10068725,-0.00311829,1,0,0.39681883983767785,2022,True,svm,bottom,manual_weak_bottom_label,123,"{""C"": 2.0, ""gamma"": ""scale""}",ok,
2022-05-09,2022-05-13,376,0.0,0.06114746,0.06230711,-0.00954647,1,0,0.30981848168195625,2022,True,svm,bottom,manual_weak_bottom_label,123,"{""C"": 2.0, ""gamma"": ""scale""}",ok,
2022-05-23,2022-05-27,378,0.0,0.09092358,0.09217187,-0.00617672,1,0,0.3442700061770124,2022,True,svm,bottom,manual_weak_bottom_label,123,"{""C"": 2.0, ""gamma"": ""scale""}",ok,
2022-08-29,2022-09-02,392,0.0,-0.06096408,0.03142001,-0.06933407,1,0,0.11943749296345887,2022,True,svm,bottom,manual_weak_bottom_label,123,"{""C"": 2.0, ""gamma"": ""scale""}",ok,
2022-09-13,2022-09-16,394,0.0,-0.01153899,0.01127176,-0.08690045,1,0,0.21282127478285653,2022,True,svm,bottom,manual_weak_bottom_label,123,"{""C"": 2.0, ""gamma"": ""scale""}",ok,
2022-09-19,2022-09-23,395,0.0,0.01078652,0.02956024,-0.07003223,1,0,0.24756465596474034,2022,True,svm,bottom,manual_weak_bottom_label,123,"{""C"": 2.0, ""gamma"": ""scale""}",ok,
2022-09-26,2022-09-30,396,1.0,0.01878703,0.07012482,-0.03377104,1,0,0.26204762246930297,2022,True,svm,bottom,manual_weak_bottom_label,123,"{""C"": 2.0, ""gamma"": ""scale""}",ok,
2022-10-10,2022-10-14,397,1.0,0.04732538,0.04886570,-0.03202613,1,0,0.2709930404728436,2022,True,svm,bottom,manual_weak_bottom_label,123,"{""C"": 2.0, ""gamma"": ""scale""}",ok,
2022-10-24,2022-10-28,399,0.0,0.06706307,0.08602818,-0.00619382,1,0,0.13215697911820223,2022,True,svm,bottom,manual_weak_bottom_label,123,"{""C"": 2.0, ""gamma"": ""scale""}",ok,
2022-12-19,2022-12-23,407,1.0,0.05790988,0.06518790,0.00019348,1,0,0.1071743216465501,2022,True,svm,bottom,manual_weak_bottom_label,123,"{""C"": 2.0, ""gamma"": ""scale""}",ok,
2022-05-30,2022-06-02,379,,0.07585364,0.07939225,-0.00064117,0,1,0.9197590653360447,2022,True,logistic,top,manual_weak_top_label,126,"{""C"": 0.3}",ok,0.0
2022-06-06,2022-06-10,380,,0.05533599,0.06842958,-0.02524462,0,1,0.8020113936406085,2022,True,logistic,top,manual_weak_top_label,126,"{""C"": 0.3}",ok,0.0
2022-06-13,2022-06-17,381,,0.03336616,0.04780037,-0.01842271,0,1,0.07461912995409192,2022,True,logistic,top,manual_weak_top_label,126,"{""C"": 0.3}",ok,0.0
2022-06-20,2022-06-24,382,,-0.01137362,0.02408069,-0.02795552,0,1,0.16635020314548885,2022,True,logistic,top,manual_weak_top_label,126,"{""C"": 0.3}",ok,0.0
2022-06-27,2022-07-01,383,,0.00573265,0.01997526,-0.03668954,0,1,0.6017655666366504,2022,True,logistic,top,manual_weak_top_label,126,"{""C"": 0.3}",ok,0.0
2022-07-04,2022-07-08,384,,0.01666227,0.02798915,-0.03755422,0,1,0.1819836980407476,2022,True,logistic,top,manual_weak_top_label,126,"{""C"": 0.3}",ok,0.0
2022-07-11,2022-07-15,385,,0.03461161,0.05018594,-0.00199684,0,1,0.8522187524578552,2022,True,logistic,top,manual_weak_top_label,126,"{""C"": 0.3}",ok,0.0
2022-07-18,2022-07-22,386,,0.02761167,0.03941888,-0.02571604,0,1,0.7468825400505833,2022,True,logistic,top,manual_weak_top_label,126,"{""C"": 0.3}",ok,0.0
2022-07-25,2022-07-29,387,,0.01643443,0.03544775,-0.03705521,0,1,0.5886331113571434,2022,True,logistic,top,manual_weak_top_label,126,"{""C"": 0.3}",ok,1.0
2022-08-01,2022-08-05,388,,-0.01548984,0.03945386,-0.02244907,0,1,0.3740785721715505,2022,True,logistic,top,manual_weak_top_label,126,"{""C"": 0.3}",ok,1.0
2022-08-08,2022-08-12,389,,-0.06252847,0.01949083,-0.07383361,0,1,0.0374985171720447,2022,True,logistic,top,manual_weak_top_label,126,"{""C"": 0.3}",ok,1.0
2022-08-15,2022-08-19,390,,-0.04434725,0.01115448,-0.07454670,0,1,0.8293711196677961,2022,True,logistic,top,manual_weak_top_label,126,"{""C"": 0.3}",ok,1.0
2022-10-31,2022-11-04,400,,-0.02943270,0.01000008,-0.03840591,0,1,0.39433522978635976,2022,True,logistic,top,manual_weak_top_label,126,"{""C"": 0.3}",ok,0.0
2022-11-14,2022-11-18,402,,0.00330019,0.01109230,-0.03700123,0,1,0.39283353355222506,2022,True,logistic,top,manual_weak_top_label,126,"{""C"": 0.3}",ok,1.0
2022-11-28,2022-12-02,404,,-0.07780761,0.00774129,-0.08376536,0,1,0.6991829093679053,2022,True,logistic,top,manual_weak_top_label,126,"{""C"": 0.3}",ok,1.0
2022-12-05,2022-12-09,405,,-0.05969036,0.00003533,-0.08374245,0,1,0.832376443720931,2022,True,logistic,top,manual_weak_top_label,126,"{""C"": 0.3}",ok,0.0
2022-05-30,2022-06-02,379,,0.07585364,0.07939225,-0.00064117,0,1,0.23173950671421423,2022,True,lda,top,manual_weak_top_label,126,"{""shrinkage"": 0.2, ""solver"": ""lsqr""}",ok,0.0
2022-06-06,2022-06-10,380,,0.05533599,0.06842958,-0.02524462,0,1,0.5876587991765244,2022,True,lda,top,manual_weak_top_label,126,"{""shrinkage"": 0.2, ""solver"": ""lsqr""}",ok,0.0
2022-06-13,2022-06-17,381,,0.03336616,0.04780037,-0.01842271,0,1,0.023240133764824547,2022,True,lda,top,manual_weak_top_label,126,"{""shrinkage"": 0.2, ""solver"": ""lsqr""}",ok,0.0
2022-06-20,2022-06-24,382,,-0.01137362,0.02408069,-0.02795552,0,1,0.0032819798693468657,2022,True,lda,top,manual_weak_top_label,126,"{""shrinkage"": 0.2, ""solver"": ""lsqr""}",ok,0.0
2022-06-27,2022-07-01,383,,0.00573265,0.01997526,-0.03668954,0,1,0.6983571342265722,2022,True,lda,top,manual_weak_top_label,126,"{""shrinkage"": 0.2, ""solver"": ""lsqr""}",ok,0.0
2022-07-04,2022-07-08,384,,0.01666227,0.02798915,-0.03755422,0,1,0.02262320804694029,2022,True,lda,top,manual_weak_top_label,126,"{""shrinkage"": 0.2, ""solver"": ""lsqr""}",ok,0.0
2022-07-11,2022-07-15,385,,0.03461161,0.05018594,-0.00199684,0,1,0.984759124037188,2022,True,lda,top,manual_weak_top_label,126,"{""shrinkage"": 0.2, ""solver"": ""lsqr""}",ok,0.0
2022-07-18,2022-07-22,386,,0.02761167,0.03941888,-0.02571604,0,1,0.8557613323730512,2022,True,lda,top,manual_weak_top_label,126,"{""shrinkage"": 0.2, ""solver"": ""lsqr""}",ok,0.0
2022-07-25,2022-07-29,387,,0.01643443,0.03544775,-0.03705521,0,1,0.526325819756765,2022,True,lda,top,manual_weak_top_label,126,"{""shrinkage"": 0.2, ""solver"": ""lsqr""}",ok,1.0
2022-08-01,2022-08-05,388,,-0.01548984,0.03945386,-0.02244907,0,1,0.05523410277934954,2022,True,lda,top,manual_weak_top_label,126,"{""shrinkage"": 0.2, ""solver"": ""lsqr""}",ok,1.0
2022-08-08,2022-08-12,389,,-0.06252847,0.01949083,-0.07383361,0,1,0.006927546320321732,2022,True,lda,top,manual_weak_top_label,126,"{""shrinkage"": 0.2, ""solver"": ""lsqr""}",ok,1.0
2022-08-15,2022-08-19,390,,-0.04434725,0.01115448,-0.07454670,0,1,0.5168273837917999,2022,True,lda,top,manual_weak_top_label,126,"{""shrinkage"": 0.2, ""solver"": ""lsqr""}",ok,1.0
2022-10-31,2022-11-04,400,,-0.02943270,0.01000008,-0.03840591,0,1,0.050714178235969375,2022,True,lda,top,manual_weak_top_label,126,"{""shrinkage"": 0.2, ""solver"": ""lsqr""}",ok,0.0
2022-11-14,2022-11-18,402,,0.00330019,0.01109230,-0.03700123,0,1,0.0002903361423947061,2022,True,lda,top,manual_weak_top_label,126,"{""shrinkage"": 0.2, ""solver"": ""lsqr""}",ok,1.0
2022-11-28,2022-12-02,404,,-0.07780761,0.00774129,-0.08376536,0,1,0.21407843856482797,2022,True,lda,top,manual_weak_top_label,126,"{""shrinkage"": 0.2, ""solver"": ""lsqr""}",ok,1.0
2022-12-05,2022-12-09,405,,-0.05969036,0.00003533,-0.08374245,0,1,0.2401230994595864,2022,True,lda,top,manual_weak_top_label,126,"{""shrinkage"": 0.2, ""solver"": ""lsqr""}",ok,0.0
2022-05-30,2022-06-02,379,,0.07585364,0.07939225,-0.00064117,0,1,1.0,2022,True,qda,top,manual_weak_top_label,126,"{""reg_param"": 0.2}",ok,0.0
2022-06-06,2022-06-10,380,,0.05533599,0.06842958,-0.02524462,0,1,1.0,2022,True,qda,top,manual_weak_top_label,126,"{""reg_param"": 0.2}",ok,0.0
2022-06-13,2022-06-17,381,,0.03336616,0.04780037,-0.01842271,0,1,1.0,2022,True,qda,top,manual_weak_top_label,126,"{""reg_param"": 0.2}",ok,0.0
2022-06-20,2022-06-24,382,,-0.01137362,0.02408069,-0.02795552,0,1,0.9999999999996478,2022,True,qda,top,manual_weak_top_label,126,"{""reg_param"": 0.2}",ok,0.0
2022-06-27,2022-07-01,383,,0.00573265,0.01997526,-0.03668954,0,1,0.9999999999999996,2022,True,qda,top,manual_weak_top_label,126,"{""reg_param"": 0.2}",ok,0.0
2022-07-04,2022-07-08,384,,0.01666227,0.02798915,-0.03755422,0,1,1.0,2022,True,qda,top,manual_weak_top_label,126,"{""reg_param"": 0.2}",ok,0.0
2022-07-11,2022-07-15,385,,0.03461161,0.05018594,-0.00199684,0,1,1.0,2022,True,qda,top,manual_weak_top_label,126,"{""reg_param"": 0.2}",ok,0.0
2022-07-18,2022-07-22,386,,0.02761167,0.03941888,-0.02571604,0,1,1.0,2022,True,qda,top,manual_weak_top_label,126,"{""reg_param"": 0.2}",ok,0.0
2022-07-25,2022-07-29,387,,0.01643443,0.03544775,-0.03705521,0,1,1.0,2022,True,qda,top,manual_weak_top_label,126,"{""reg_param"": 0.2}",ok,1.0
2022-08-01,2022-08-05,388,,-0.01548984,0.03945386,-0.02244907,0,1,1.0,2022,True,qda,top,manual_weak_top_label,126,"{""reg_param"": 0.2}",ok,1.0
2022-08-08,2022-08-12,389,,-0.06252847,0.01949083,-0.07383361,0,1,1.0,2022,True,qda,top,manual_weak_top_label,126,"{""reg_param"": 0.2}",ok,1.0
2022-08-15,2022-08-19,390,,-0.04434725,0.01115448,-0.07454670,0,1,1.0,2022,True,qda,top,manual_weak_top_label,126,"{""reg_param"": 0.2}",ok,1.0
2022-10-31,2022-11-04,400,,-0.02943270,0.01000008,-0.03840591,0,1,0.9999999999880211,2022,True,qda,top,manual_weak_top_label,126,"{""reg_param"": 0.2}",ok,0.0
2022-11-14,2022-11-18,402,,0.00330019,0.01109230,-0.03700123,0,1,0.9999815298465182,2022,True,qda,top,manual_weak_top_label,126,"{""reg_param"": 0.2}",ok,1.0
2022-11-28,2022-12-02,404,,-0.07780761,0.00774129,-0.08376536,0,1,0.6985082008890215,2022,True,qda,top,manual_weak_top_label,126,"{""reg_param"": 0.2}",ok,1.0
2022-12-05,2022-12-09,405,,-0.05969036,0.00003533,-0.08374245,0,1,0.999995928624627,2022,True,qda,top,manual_weak_top_label,126,"{""reg_param"": 0.2}",ok,0.0
2022-05-30,2022-06-02,379,,0.07585364,0.07939225,-0.00064117,0,1,0.48186232435219384,2022,True,lightgbm,top,manual_weak_top_label,126,"{""balanced_bagging"": true, ""is_unbalance"": false, ""learning_rate"": 0.04, ""max_depth"": 3, ""min_child_samples"": 8, ""n_estimators"": 180, ""negative_sample_ratio"": 3.0, ""num_leaves"": 7}",ok,0.0
2022-06-06,2022-06-10,380,,0.05533599,0.06842958,-0.02524462,0,1,0.24074074706666523,2022,True,lightgbm,top,manual_weak_top_label,126,"{""balanced_bagging"": true, ""is_unbalance"": false, ""learning_rate"": 0.04, ""max_depth"": 3, ""min_child_samples"": 8, ""n_estimators"": 180, ""negative_sample_ratio"": 3.0, ""num_leaves"": 7}",ok,0.0
2022-06-13,2022-06-17,381,,0.03336616,0.04780037,-0.01842271,0,1,0.03907737420982085,2022,True,lightgbm,top,manual_weak_top_label,126,"{""balanced_bagging"": true, ""is_unbalance"": false, ""learning_rate"": 0.04, ""max_depth"": 3, ""min_child_samples"": 8, ""n_estimators"": 180, ""negative_sample_ratio"": 3.0, ""num_leaves"": 7}",ok,0.0
2022-06-20,2022-06-24,382,,-0.01137362,0.02408069,-0.02795552,0,1,0.09902581442128247,2022,True,lightgbm,top,manual_weak_top_label,126,"{""balanced_bagging"": true, ""is_unbalance"": false, ""learning_rate"": 0.04, ""max_depth"": 3, ""min_child_samples"": 8, ""n_estimators"": 180, ""negative_sample_ratio"": 3.0, ""num_leaves"": 7}",ok,0.0
2022-06-27,2022-07-01,383,,0.00573265,0.01997526,-0.03668954,0,1,0.17693943672837134,2022,True,lightgbm,top,manual_weak_top_label,126,"{""balanced_bagging"": true, ""is_unbalance"": false, ""learning_rate"": 0.04, ""max_depth"": 3, ""min_child_samples"": 8, ""n_estimators"": 180, ""negative_sample_ratio"": 3.0, ""num_leaves"": 7}",ok,0.0
2022-07-04,2022-07-08,384,,0.01666227,0.02798915,-0.03755422,0,1,0.34974651370486154,2022,True,lightgbm,top,manual_weak_top_label,126,"{""balanced_bagging"": true, ""is_unbalance"": false, ""learning_rate"": 0.04, ""max_depth"": 3, ""min_child_samples"": 8, ""n_estimators"": 180, ""negative_sample_ratio"": 3.0, ""num_leaves"": 7}",ok,0.0
2022-07-11,2022-07-15,385,,0.03461161,0.05018594,-0.00199684,0,1,0.4933893471256708,2022,True,lightgbm,top,manual_weak_top_label,126,"{""balanced_bagging"": true, ""is_unbalance"": false, ""learning_rate"": 0.04, ""max_depth"": 3, ""min_child_samples"": 8, ""n_estimators"": 180, ""negative_sample_ratio"": 3.0, ""num_leaves"": 7}",ok,0.0
2022-07-18,2022-07-22,386,,0.02761167,0.03941888,-0.02571604,0,1,0.6552101389260402,2022,True,lightgbm,top,manual_weak_top_label,126,"{""balanced_bagging"": true, ""is_unbalance"": false, ""learning_rate"": 0.04, ""max_depth"": 3, ""min_child_samples"": 8, ""n_estimators"": 180, ""negative_sample_ratio"": 3.0, ""num_leaves"": 7}",ok,0.0
2022-07-25,2022-07-29,387,,0.01643443,0.03544775,-0.03705521,0,1,0.6066305628636623,2022,True,lightgbm,top,manual_weak_top_label,126,"{""balanced_bagging"": true, ""is_unbalance"": false, ""learning_rate"": 0.04, ""max_depth"": 3, ""min_child_samples"": 8, ""n_estimators"": 180, ""negative_sample_ratio"": 3.0, ""num_leaves"": 7}",ok,1.0
2022-08-01,2022-08-05,388,,-0.01548984,0.03945386,-0.02244907,0,1,0.5149820987589137,2022,True,lightgbm,top,manual_weak_top_label,126,"{""balanced_bagging"": true, ""is_unbalance"": false, ""learning_rate"": 0.04, ""max_depth"": 3, ""min_child_samples"": 8, ""n_estimators"": 180, ""negative_sample_ratio"": 3.0, ""num_leaves"": 7}",ok,1.0
2022-08-08,2022-08-12,389,,-0.06252847,0.01949083,-0.07383361,0,1,0.33792446081018007,2022,True,lightgbm,top,manual_weak_top_label,126,"{""balanced_bagging"": true, ""is_unbalance"": false, ""learning_rate"": 0.04, ""max_depth"": 3, ""min_child_samples"": 8, ""n_estimators"": 180, ""negative_sample_ratio"": 3.0, ""num_leaves"": 7}",ok,1.0
2022-08-15,2022-08-19,390,,-0.04434725,0.01115448,-0.07454670,0,1,0.7393370229724108,2022,True,lightgbm,top,manual_weak_top_label,126,"{""balanced_bagging"": true, ""is_unbalance"": false, ""learning_rate"": 0.04, ""max_depth"": 3, ""min_child_samples"": 8, ""n_estimators"": 180, ""negative_sample_ratio"": 3.0, ""num_leaves"": 7}",ok,1.0
2022-10-31,2022-11-04,400,,-0.02943270,0.01000008,-0.03840591,0,1,0.02568398715741345,2022,True,lightgbm,top,manual_weak_top_label,126,"{""balanced_bagging"": true, ""is_unbalance"": false, ""learning_rate"": 0.04, ""max_depth"": 3, ""min_child_samples"": 8, ""n_estimators"": 180, ""negative_sample_ratio"": 3.0, ""num_leaves"": 7}",ok,0.0
2022-11-14,2022-11-18,402,,0.00330019,0.01109230,-0.03700123,0,1,0.14820115965566275,2022,True,lightgbm,top,manual_weak_top_label,126,"{""balanced_bagging"": true, ""is_unbalance"": false, ""learning_rate"": 0.04, ""max_depth"": 3, ""min_child_samples"": 8, ""n_estimators"": 180, ""negative_sample_ratio"": 3.0, ""num_leaves"": 7}",ok,1.0
2022-11-28,2022-12-02,404,,-0.07780761,0.00774129,-0.08376536,0,1,0.43235981783485194,2022,True,lightgbm,top,manual_weak_top_label,126,"{""balanced_bagging"": true, ""is_unbalance"": false, ""learning_rate"": 0.04, ""max_depth"": 3, ""min_child_samples"": 8, ""n_estimators"": 180, ""negative_sample_ratio"": 3.0, ""num_leaves"": 7}",ok,1.0
2022-12-05,2022-12-09,405,,-0.05969036,0.00003533,-0.08374245,0,1,0.591760984536568,2022,True,lightgbm,top,manual_weak_top_label,126,"{""balanced_bagging"": true, ""is_unbalance"": false, ""learning_rate"": 0.04, ""max_depth"": 3, ""min_child_samples"": 8, ""n_estimators"": 180, ""negative_sample_ratio"": 3.0, ""num_leaves"": 7}",ok,0.0
2022-05-30,2022-06-02,379,,0.07585364,0.07939225,-0.00064117,0,1,0.8268161416053772,2022,True,bp,top,manual_weak_top_label,126,"{""dropout"": 0.05, ""focal_alpha"": 0.7, ""focal_gamma"": 1.5, ""hidden_layers"": [32], ""learning_rate"": 0.001, ""max_epochs"": 130, ""patience"": 15}",ok,0.0
2022-06-06,2022-06-10,380,,0.05533599,0.06842958,-0.02524462,0,1,0.573979377746582,2022,True,bp,top,manual_weak_top_label,126,"{""dropout"": 0.05, ""focal_alpha"": 0.7, ""focal_gamma"": 1.5, ""hidden_layers"": [32], ""learning_rate"": 0.001, ""max_epochs"": 130, ""patience"": 15}",ok,0.0
2022-06-13,2022-06-17,381,,0.03336616,0.04780037,-0.01842271,0,1,0.22298681735992432,2022,True,bp,top,manual_weak_top_label,126,"{""dropout"": 0.05, ""focal_alpha"": 0.7, ""focal_gamma"": 1.5, ""hidden_layers"": [32], ""learning_rate"": 0.001, ""max_epochs"": 130, ""patience"": 15}",ok,0.0
2022-06-20,2022-06-24,382,,-0.01137362,0.02408069,-0.02795552,0,1,0.2405133694410324,2022,True,bp,top,manual_weak_top_label,126,"{""dropout"": 0.05, ""focal_alpha"": 0.7, ""focal_gamma"": 1.5, ""hidden_layers"": [32], ""learning_rate"": 0.001, ""max_epochs"": 130, ""patience"": 15}",ok,0.0
2022-06-27,2022-07-01,383,,0.00573265,0.01997526,-0.03668954,0,1,0.48023390769958496,2022,True,bp,top,manual_weak_top_label,126,"{""dropout"": 0.05, ""focal_alpha"": 0.7, ""focal_gamma"": 1.5, ""hidden_layers"": [32], ""learning_rate"": 0.001, ""max_epochs"": 130, ""patience"": 15}",ok,0.0
2022-07-04,2022-07-08,384,,0.01666227,0.02798915,-0.03755422,0,1,0.211035817861557,2022,True,bp,top,manual_weak_top_label,126,"{""dropout"": 0.05, ""focal_alpha"": 0.7, ""focal_gamma"": 1.5, ""hidden_layers"": [32], ""learning_rate"": 0.001, ""max_epochs"": 130, ""patience"": 15}",ok,0.0
2022-07-11,2022-07-15,385,,0.03461161,0.05018594,-0.00199684,0,1,0.6215990781784058,2022,True,bp,top,manual_weak_top_label,126,"{""dropout"": 0.05, ""focal_alpha"": 0.7, ""focal_gamma"": 1.5, ""hidden_layers"": [32], ""learning_rate"": 0.001, ""max_epochs"": 130, ""patience"": 15}",ok,0.0
2022-07-18,2022-07-22,386,,0.02761167,0.03941888,-0.02571604,0,1,0.6220288872718811,2022,True,bp,top,manual_weak_top_label,126,"{""dropout"": 0.05, ""focal_alpha"": 0.7, ""focal_gamma"": 1.5, ""hidden_layers"": [32], ""learning_rate"": 0.001, ""max_epochs"": 130, ""patience"": 15}",ok,0.0
2022-07-25,2022-07-29,387,,0.01643443,0.03544775,-0.03705521,0,1,0.3239502012729645,2022,True,bp,top,manual_weak_top_label,126,"{""dropout"": 0.05, ""focal_alpha"": 0.7, ""focal_gamma"": 1.5, ""hidden_layers"": [32], ""learning_rate"": 0.001, ""max_epochs"": 130, ""patience"": 15}",ok,1.0
2022-08-01,2022-08-05,388,,-0.01548984,0.03945386,-0.02244907,0,1,0.33261215686798096,2022,True,bp,top,manual_weak_top_label,126,"{""dropout"": 0.05, ""focal_alpha"": 0.7, ""focal_gamma"": 1.5, ""hidden_layers"": [32], ""learning_rate"": 0.001, ""max_epochs"": 130, ""patience"": 15}",ok,1.0
2022-08-08,2022-08-12,389,,-0.06252847,0.01949083,-0.07383361,0,1,0.12964528799057007,2022,True,bp,top,manual_weak_top_label,126,"{""dropout"": 0.05, ""focal_alpha"": 0.7, ""focal_gamma"": 1.5, ""hidden_layers"": [32], ""learning_rate"": 0.001, ""max_epochs"": 130, ""patience"": 15}",ok,1.0
2022-08-15,2022-08-19,390,,-0.04434725,0.01115448,-0.07454670,0,1,0.47951239347457886,2022,True,bp,top,manual_weak_top_label,126,"{""dropout"": 0.05, ""focal_alpha"": 0.7, ""focal_gamma"": 1.5, ""hidden_layers"": [32], ""learning_rate"": 0.001, ""max_epochs"": 130, ""patience"": 15}",ok,1.0
2022-10-31,2022-11-04,400,,-0.02943270,0.01000008,-0.03840591,0,1,0.3749251365661621,2022,True,bp,top,manual_weak_top_label,126,"{""dropout"": 0.05, ""focal_alpha"": 0.7, ""focal_gamma"": 1.5, ""hidden_layers"": [32], ""learning_rate"": 0.001, ""max_epochs"": 130, ""patience"": 15}",ok,0.0
2022-11-14,2022-11-18,402,,0.00330019,0.01109230,-0.03700123,0,1,0.5507714748382568,2022,True,bp,top,manual_weak_top_label,126,"{""dropout"": 0.05, ""focal_alpha"": 0.7, ""focal_gamma"": 1.5, ""hidden_layers"": [32], ""learning_rate"": 0.001, ""max_epochs"": 130, ""patience"": 15}",ok,1.0
2022-11-28,2022-12-02,404,,-0.07780761,0.00774129,-0.08376536,0,1,0.8282184600830078,2022,True,bp,top,manual_weak_top_label,126,"{""dropout"": 0.05, ""focal_alpha"": 0.7, ""focal_gamma"": 1.5, ""hidden_layers"": [32], ""learning_rate"": 0.001, ""max_epochs"": 130, ""patience"": 15}",ok,1.0
2022-12-05,2022-12-09,405,,-0.05969036,0.00003533,-0.08374245,0,1,0.8676964640617371,2022,True,bp,top,manual_weak_top_label,126,"{""dropout"": 0.05, ""focal_alpha"": 0.7, ""focal_gamma"": 1.5, ""hidden_layers"": [32], ""learning_rate"": 0.001, ""max_epochs"": 130, ""patience"": 15}",ok,0.0
2022-05-30,2022-06-02,379,,0.07585364,0.07939225,-0.00064117,0,1,0.6984293666633162,2022,True,mlp,top,manual_weak_top_label,126,"{""alpha"": 0.001, ""hidden_layer_sizes"": [64, 32], ""learning_rate_init"": 0.0007, ""max_iter"": 700, ""negative_sample_ratio"": 5.0}",ok,0.0
2022-06-06,2022-06-10,380,,0.05533599,0.06842958,-0.02524462,0,1,0.5363715751139079,2022,True,mlp,top,manual_weak_top_label,126,"{""alpha"": 0.001, ""hidden_layer_sizes"": [64, 32], ""learning_rate_init"": 0.0007, ""max_iter"": 700, ""negative_sample_ratio"": 5.0}",ok,0.0
2022-06-13,2022-06-17,381,,0.03336616,0.04780037,-0.01842271,0,1,0.5367848424579804,2022,True,mlp,top,manual_weak_top_label,126,"{""alpha"": 0.001, ""hidden_layer_sizes"": [64, 32], ""learning_rate_init"": 0.0007, ""max_iter"": 700, ""negative_sample_ratio"": 5.0}",ok,0.0
2022-06-20,2022-06-24,382,,-0.01137362,0.02408069,-0.02795552,0,1,0.4349518214582136,2022,True,mlp,top,manual_weak_top_label,126,"{""alpha"": 0.001, ""hidden_layer_sizes"": [64, 32], ""learning_rate_init"": 0.0007, ""max_iter"": 700, ""negative_sample_ratio"": 5.0}",ok,0.0
2022-06-27,2022-07-01,383,,0.00573265,0.01997526,-0.03668954,0,1,0.5252773445985526,2022,True,mlp,top,manual_weak_top_label,126,"{""alpha"": 0.001, ""hidden_layer_sizes"": [64, 32], ""learning_rate_init"": 0.0007, ""max_iter"": 700, ""negative_sample_ratio"": 5.0}",ok,0.0
2022-07-04,2022-07-08,384,,0.01666227,0.02798915,-0.03755422,0,1,0.529518740595862,2022,True,mlp,top,manual_weak_top_label,126,"{""alpha"": 0.001, ""hidden_layer_sizes"": [64, 32], ""learning_rate_init"": 0.0007, ""max_iter"": 700, ""negative_sample_ratio"": 5.0}",ok,0.0
2022-07-11,2022-07-15,385,,0.03461161,0.05018594,-0.00199684,0,1,0.6888902899265181,2022,True,mlp,top,manual_weak_top_label,126,"{""alpha"": 0.001, ""hidden_layer_sizes"": [64, 32], ""learning_rate_init"": 0.0007, ""max_iter"": 700, ""negative_sample_ratio"": 5.0}",ok,0.0
2022-07-18,2022-07-22,386,,0.02761167,0.03941888,-0.02571604,0,1,0.364222442303406,2022,True,mlp,top,manual_weak_top_label,126,"{""alpha"": 0.001, ""hidden_layer_sizes"": [64, 32], ""learning_rate_init"": 0.0007, ""max_iter"": 700, ""negative_sample_ratio"": 5.0}",ok,0.0
2022-07-25,2022-07-29,387,,0.01643443,0.03544775,-0.03705521,0,1,0.29459674912986855,2022,True,mlp,top,manual_weak_top_label,126,"{""alpha"": 0.001, ""hidden_layer_sizes"": [64, 32], ""learning_rate_init"": 0.0007, ""max_iter"": 700, ""negative_sample_ratio"": 5.0}",ok,1.0
2022-08-01,2022-08-05,388,,-0.01548984,0.03945386,-0.02244907,0,1,0.24619866517280503,2022,True,mlp,top,manual_weak_top_label,126,"{""alpha"": 0.001, ""hidden_layer_sizes"": [64, 32], ""learning_rate_init"": 0.0007, ""max_iter"": 700, ""negative_sample_ratio"": 5.0}",ok,1.0
2022-08-08,2022-08-12,389,,-0.06252847,0.01949083,-0.07383361,0,1,0.03466942935880681,2022,True,mlp,top,manual_weak_top_label,126,"{""alpha"": 0.001, ""hidden_layer_sizes"": [64, 32], ""learning_rate_init"": 0.0007, ""max_iter"": 700, ""negative_sample_ratio"": 5.0}",ok,1.0
2022-08-15,2022-08-19,390,,-0.04434725,0.01115448,-0.07454670,0,1,0.4154951120135936,2022,True,mlp,top,manual_weak_top_label,126,"{""alpha"": 0.001, ""hidden_layer_sizes"": [64, 32], ""learning_rate_init"": 0.0007, ""max_iter"": 700, ""negative_sample_ratio"": 5.0}",ok,1.0
2022-10-31,2022-11-04,400,,-0.02943270,0.01000008,-0.03840591,0,1,0.4113673988124622,2022,True,mlp,top,manual_weak_top_label,126,"{""alpha"": 0.001, ""hidden_layer_sizes"": [64, 32], ""learning_rate_init"": 0.0007, ""max_iter"": 700, ""negative_sample_ratio"": 5.0}",ok,0.0
2022-11-14,2022-11-18,402,,0.00330019,0.01109230,-0.03700123,0,1,0.325423955799848,2022,True,mlp,top,manual_weak_top_label,126,"{""alpha"": 0.001, ""hidden_layer_sizes"": [64, 32], ""learning_rate_init"": 0.0007, ""max_iter"": 700, ""negative_sample_ratio"": 5.0}",ok,1.0
2022-11-28,2022-12-02,404,,-0.07780761,0.00774129,-0.08376536,0,1,0.5193393889236179,2022,True,mlp,top,manual_weak_top_label,126,"{""alpha"": 0.001, ""hidden_layer_sizes"": [64, 32], ""learning_rate_init"": 0.0007, ""max_iter"": 700, ""negative_sample_ratio"": 5.0}",ok,1.0
2022-12-05,2022-12-09,405,,-0.05969036,0.00003533,-0.08374245,0,1,0.6654460593226033,2022,True,mlp,top,manual_weak_top_label,126,"{""alpha"": 0.001, ""hidden_layer_sizes"": [64, 32], ""learning_rate_init"": 0.0007, ""max_iter"": 700, ""negative_sample_ratio"": 5.0}",ok,0.0
2022-05-30,2022-06-02,379,,0.07585364,0.07939225,-0.00064117,0,1,0.38253940810743925,2022,True,svm,top,manual_weak_top_label,126,"{""C"": 0.5, ""gamma"": ""scale""}",ok,0.0
2022-06-06,2022-06-10,380,,0.05533599,0.06842958,-0.02524462,0,1,0.3774865027083905,2022,True,svm,top,manual_weak_top_label,126,"{""C"": 0.5, ""gamma"": ""scale""}",ok,0.0
2022-06-13,2022-06-17,381,,0.03336616,0.04780037,-0.01842271,0,1,0.27646216756770287,2022,True,svm,top,manual_weak_top_label,126,"{""C"": 0.5, ""gamma"": ""scale""}",ok,0.0
2022-06-20,2022-06-24,382,,-0.01137362,0.02408069,-0.02795552,0,1,0.37078544131059743,2022,True,svm,top,manual_weak_top_label,126,"{""C"": 0.5, ""gamma"": ""scale""}",ok,0.0
2022-06-27,2022-07-01,383,,0.00573265,0.01997526,-0.03668954,0,1,0.4226870440887415,2022,True,svm,top,manual_weak_top_label,126,"{""C"": 0.5, ""gamma"": ""scale""}",ok,0.0
2022-07-04,2022-07-08,384,,0.01666227,0.02798915,-0.03755422,0,1,0.39329671014223444,2022,True,svm,top,manual_weak_top_label,126,"{""C"": 0.5, ""gamma"": ""scale""}",ok,0.0
2022-07-11,2022-07-15,385,,0.03461161,0.05018594,-0.00199684,0,1,0.46896593807121817,2022,True,svm,top,manual_weak_top_label,126,"{""C"": 0.5, ""gamma"": ""scale""}",ok,0.0
2022-07-18,2022-07-22,386,,0.02761167,0.03941888,-0.02571604,0,1,0.41012931257506835,2022,True,svm,top,manual_weak_top_label,126,"{""C"": 0.5, ""gamma"": ""scale""}",ok,0.0
2022-07-25,2022-07-29,387,,0.01643443,0.03544775,-0.03705521,0,1,0.3623158781371897,2022,True,svm,top,manual_weak_top_label,126,"{""C"": 0.5, ""gamma"": ""scale""}",ok,1.0
2022-08-01,2022-08-05,388,,-0.01548984,0.03945386,-0.02244907,0,1,0.33096220819462996,2022,True,svm,top,manual_weak_top_label,126,"{""C"": 0.5, ""gamma"": ""scale""}",ok,1.0
2022-08-08,2022-08-12,389,,-0.06252847,0.01949083,-0.07383361,0,1,0.23274005090235791,2022,True,svm,top,manual_weak_top_label,126,"{""C"": 0.5, ""gamma"": ""scale""}",ok,1.0
2022-08-15,2022-08-19,390,,-0.04434725,0.01115448,-0.07454670,0,1,0.45315742550991056,2022,True,svm,top,manual_weak_top_label,126,"{""C"": 0.5, ""gamma"": ""scale""}",ok,1.0
2022-10-31,2022-11-04,400,,-0.02943270,0.01000008,-0.03840591,0,1,0.3038959283795952,2022,True,svm,top,manual_weak_top_label,126,"{""C"": 0.5, ""gamma"": ""scale""}",ok,0.0
2022-11-14,2022-11-18,402,,0.00330019,0.01109230,-0.03700123,0,1,0.3653346823837439,2022,True,svm,top,manual_weak_top_label,126,"{""C"": 0.5, ""gamma"": ""scale""}",ok,1.0
2022-11-28,2022-12-02,404,,-0.07780761,0.00774129,-0.08376536,0,1,0.5,2022,True,svm,top,manual_weak_top_label,126,"{""C"": 0.5, ""gamma"": ""scale""}",ok,1.0
2022-12-05,2022-12-09,405,,-0.05969036,0.00003533,-0.08374245,0,1,0.6114245798336425,2022,True,svm,top,manual_weak_top_label,126,"{""C"": 0.5, ""gamma"": ""scale""}",ok,0.0
2023-05-08,2023-05-12,426,0.0,0.01382126,0.01600167,-0.01705905,1,0,2.486652690282001e-07,2023,True,logistic,bottom,manual_weak_bottom_label,144,"{""C"": 0.3}",ok,
2023-05-15,2023-05-19,427,0.0,-0.01616902,0.00679867,-0.03067635,1,0,5.987897126040937e-10,2023,True,logistic,bottom,manual_weak_bottom_label,144,"{""C"": 0.3}",ok,
2023-05-22,2023-05-26,428,0.0,0.01872737,0.01958540,-0.02239793,1,0,1.8092939045656987e-08,2023,True,logistic,bottom,manual_weak_bottom_label,144,"{""C"": 0.3}",ok,
2023-05-29,2023-06-02,429,0.0,-0.01175200,0.01379869,-0.03418163,1,0,1.788819635578723e-08,2023,True,logistic,bottom,manual_weak_bottom_label,144,"{""C"": 0.3}",ok,
2023-06-05,2023-06-09,430,0.0,0.01639165,0.03420011,-0.01973824,1,0,4.756021822376288e-09,2023,True,logistic,bottom,manual_weak_bottom_label,144,"{""C"": 0.3}",ok,
2023-07-17,2023-07-21,436,0.0,-0.01511884,0.02504477,-0.01511884,1,0,6.232658385580223e-09,2023,True,logistic,bottom,manual_weak_bottom_label,144,"{""C"": 0.3}",ok,
2023-08-07,2023-08-11,439,0.0,-0.03131585,0.00332121,-0.07117890,1,0,7.273375982120384e-06,2023,True,logistic,bottom,manual_weak_bottom_label,144,"{""C"": 0.3}",ok,
2023-08-14,2023-08-18,440,0.0,-0.00238986,0.01458843,-0.04270466,1,0,1.5765044500865213e-08,2023,True,logistic,bottom,manual_weak_bottom_label,144,"{""C"": 0.3}",ok,
2023-08-21,2023-08-25,441,0.0,0.03402536,0.05668166,0.00491816,1,0,2.061954929663634e-08,2023,True,logistic,bottom,manual_weak_bottom_label,144,"{""C"": 0.3}",ok,
2023-08-28,2023-09-01,442,0.0,-0.00855908,0.01720265,-0.03012133,1,0,3.574195572552142e-08,2023,True,logistic,bottom,manual_weak_bottom_label,144,"{""C"": 0.3}",ok,
2023-09-04,2023-09-08,443,0.0,-0.00385793,0.01798807,-0.02937245,1,0,3.8081827865784294e-07,2023,True,logistic,bottom,manual_weak_bottom_label,144,"{""C"": 0.3}",ok,
2023-09-11,2023-09-15,444,0.0,0.00046109,0.00458738,-0.02563224,1,0,3.282105238367062e-05,2023,True,logistic,bottom,manual_weak_bottom_label,144,"{""C"": 0.3}",ok,
2023-09-18,2023-09-22,445,0.0,-0.04634374,0.00859168,-0.04754920,1,0,0.00019172143640836057,2023,True,logistic,bottom,manual_weak_bottom_label,144,"{""C"": 0.3}",ok,
2023-09-25,2023-09-28,446,0.0,-0.02669328,0.00460688,-0.07652890,1,0,0.0003271544803013481,2023,True,logistic,bottom,manual_weak_bottom_label,144,"{""C"": 0.3}",ok,
2023-10-16,2023-10-20,448,0.0,0.05441991,0.06696182,-0.02781107,1,0,4.78778462286818e-07,2023,True,logistic,bottom,manual_weak_bottom_label,144,"{""C"": 0.3}",ok,
2023-10-23,2023-10-27,449,0.0,0.04775484,0.05372238,-0.00531227,1,0,3.9790031098641046e-06,2023,True,logistic,bottom,manual_weak_bottom_label,144,"{""C"": 0.3}",ok,
2023-12-18,2023-12-22,457,0.0,-0.02780232,0.02750619,-0.04735809,1,0,9.627996836230795e-07,2023,True,logistic,bottom,manual_weak_bottom_label,144,"{""C"": 0.3}",ok,
2023-05-08,2023-05-12,426,0.0,0.01382126,0.01600167,-0.01705905,1,0,9.408028541306512e-18,2023,True,lda,bottom,manual_weak_bottom_label,144,"{""shrinkage"": ""auto"", ""solver"": ""lsqr""}",ok,
2023-05-15,2023-05-19,427,0.0,-0.01616902,0.00679867,-0.03067635,1,0,5.349314941599017e-25,2023,True,lda,bottom,manual_weak_bottom_label,144,"{""shrinkage"": ""auto"", ""solver"": ""lsqr""}",ok,
2023-05-22,2023-05-26,428,0.0,0.01872737,0.01958540,-0.02239793,1,0,4.626872328920675e-20,2023,True,lda,bottom,manual_weak_bottom_label,144,"{""shrinkage"": ""auto"", ""solver"": ""lsqr""}",ok,
2023-05-29,2023-06-02,429,0.0,-0.01175200,0.01379869,-0.03418163,1,0,3.286310463245579e-19,2023,True,lda,bottom,manual_weak_bottom_label,144,"{""shrinkage"": ""auto"", ""solver"": ""lsqr""}",ok,
2023-06-05,2023-06-09,430,0.0,0.01639165,0.03420011,-0.01973824,1,0,9.83529216034741e-22,2023,True,lda,bottom,manual_weak_bottom_label,144,"{""shrinkage"": ""auto"", ""solver"": ""lsqr""}",ok,
2023-07-17,2023-07-21,436,0.0,-0.01511884,0.02504477,-0.01511884,1,0,7.981657770157192e-22,2023,True,lda,bottom,manual_weak_bottom_label,144,"{""shrinkage"": ""auto"", ""solver"": ""lsqr""}",ok,
2023-08-07,2023-08-11,439,0.0,-0.03131585,0.00332121,-0.07117890,1,0,3.2036502368337275e-13,2023,True,lda,bottom,manual_weak_bottom_label,144,"{""shrinkage"": ""auto"", ""solver"": ""lsqr""}",ok,
2023-08-14,2023-08-18,440,0.0,-0.00238986,0.01458843,-0.04270466,1,0,3.7645938965853416e-19,2023,True,lda,bottom,manual_weak_bottom_label,144,"{""shrinkage"": ""auto"", ""solver"": ""lsqr""}",ok,
2023-08-21,2023-08-25,441,0.0,0.03402536,0.05668166,0.00491816,1,0,1.589018844297255e-19,2023,True,lda,bottom,manual_weak_bottom_label,144,"{""shrinkage"": ""auto"", ""solver"": ""lsqr""}",ok,
2023-08-28,2023-09-01,442,0.0,-0.00855908,0.01720265,-0.03012133,1,0,2.532909603188519e-18,2023,True,lda,bottom,manual_weak_bottom_label,144,"{""shrinkage"": ""auto"", ""solver"": ""lsqr""}",ok,
2023-09-04,2023-09-08,443,0.0,-0.00385793,0.01798807,-0.02937245,1,0,6.934633548106381e-18,2023,True,lda,bottom,manual_weak_bottom_label,144,"{""shrinkage"": ""auto"", ""solver"": ""lsqr""}",ok,
2023-09-11,2023-09-15,444,0.0,0.00046109,0.00458738,-0.02563224,1,0,6.505788471999657e-14,2023,True,lda,bottom,manual_weak_bottom_label,144,"{""shrinkage"": ""auto"", ""solver"": ""lsqr""}",ok,
2023-09-18,2023-09-22,445,0.0,-0.04634374,0.00859168,-0.04754920,1,0,3.9682001905333994e-12,2023,True,lda,bottom,manual_weak_bottom_label,144,"{""shrinkage"": ""auto"", ""solver"": ""lsqr""}",ok,
2023-09-25,2023-09-28,446,0.0,-0.02669328,0.00460688,-0.07652890,1,0,4.320616183657233e-12,2023,True,lda,bottom,manual_weak_bottom_label,144,"{""shrinkage"": ""auto"", ""solver"": ""lsqr""}",ok,
2023-10-16,2023-10-20,448,0.0,0.05441991,0.06696182,-0.02781107,1,0,8.6765698760468e-19,2023,True,lda,bottom,manual_weak_bottom_label,144,"{""shrinkage"": ""auto"", ""solver"": ""lsqr""}",ok,
2023-10-23,2023-10-27,449,0.0,0.04775484,0.05372238,-0.00531227,1,0,1.2959382409785569e-14,2023,True,lda,bottom,manual_weak_bottom_label,144,"{""shrinkage"": ""auto"", ""solver"": ""lsqr""}",ok,
2023-12-18,2023-12-22,457,0.0,-0.02780232,0.02750619,-0.04735809,1,0,4.1737087849715347e-16,2023,True,lda,bottom,manual_weak_bottom_label,144,"{""shrinkage"": ""auto"", ""solver"": ""lsqr""}",ok,
2023-05-08,2023-05-12,426,0.0,0.01382126,0.01600167,-0.01705905,1,0,1.0,2023,True,qda,bottom,manual_weak_bottom_label,144,"{""reg_param"": 0.2}",ok,
2023-05-15,2023-05-19,427,0.0,-0.01616902,0.00679867,-0.03067635,1,0,1.0,2023,True,qda,bottom,manual_weak_bottom_label,144,"{""reg_param"": 0.2}",ok,
2023-05-22,2023-05-26,428,0.0,0.01872737,0.01958540,-0.02239793,1,0,1.0,2023,True,qda,bottom,manual_weak_bottom_label,144,"{""reg_param"": 0.2}",ok,
2023-05-29,2023-06-02,429,0.0,-0.01175200,0.01379869,-0.03418163,1,0,1.0,2023,True,qda,bottom,manual_weak_bottom_label,144,"{""reg_param"": 0.2}",ok,
2023-06-05,2023-06-09,430,0.0,0.01639165,0.03420011,-0.01973824,1,0,1.0,2023,True,qda,bottom,manual_weak_bottom_label,144,"{""reg_param"": 0.2}",ok,
2023-07-17,2023-07-21,436,0.0,-0.01511884,0.02504477,-0.01511884,1,0,1.0,2023,True,qda,bottom,manual_weak_bottom_label,144,"{""reg_param"": 0.2}",ok,
2023-08-07,2023-08-11,439,0.0,-0.03131585,0.00332121,-0.07117890,1,0,1.0,2023,True,qda,bottom,manual_weak_bottom_label,144,"{""reg_param"": 0.2}",ok,
2023-08-14,2023-08-18,440,0.0,-0.00238986,0.01458843,-0.04270466,1,0,1.0,2023,True,qda,bottom,manual_weak_bottom_label,144,"{""reg_param"": 0.2}",ok,
2023-08-21,2023-08-25,441,0.0,0.03402536,0.05668166,0.00491816,1,0,1.0,2023,True,qda,bottom,manual_weak_bottom_label,144,"{""reg_param"": 0.2}",ok,
2023-08-28,2023-09-01,442,0.0,-0.00855908,0.01720265,-0.03012133,1,0,1.0,2023,True,qda,bottom,manual_weak_bottom_label,144,"{""reg_param"": 0.2}",ok,
2023-09-04,2023-09-08,443,0.0,-0.00385793,0.01798807,-0.02937245,1,0,1.0,2023,True,qda,bottom,manual_weak_bottom_label,144,"{""reg_param"": 0.2}",ok,
2023-09-11,2023-09-15,444,0.0,0.00046109,0.00458738,-0.02563224,1,0,1.0,2023,True,qda,bottom,manual_weak_bottom_label,144,"{""reg_param"": 0.2}",ok,
2023-09-18,2023-09-22,445,0.0,-0.04634374,0.00859168,-0.04754920,1,0,1.0,2023,True,qda,bottom,manual_weak_bottom_label,144,"{""reg_param"": 0.2}",ok,
2023-09-25,2023-09-28,446,0.0,-0.02669328,0.00460688,-0.07652890,1,0,1.0,2023,True,qda,bottom,manual_weak_bottom_label,144,"{""reg_param"": 0.2}",ok,
2023-10-16,2023-10-20,448,0.0,0.05441991,0.06696182,-0.02781107,1,0,1.0,2023,True,qda,bottom,manual_weak_bottom_label,144,"{""reg_param"": 0.2}",ok,
2023-10-23,2023-10-27,449,0.0,0.04775484,0.05372238,-0.00531227,1,0,1.0,2023,True,qda,bottom,manual_weak_bottom_label,144,"{""reg_param"": 0.2}",ok,
2023-12-18,2023-12-22,457,0.0,-0.02780232,0.02750619,-0.04735809,1,0,1.0,2023,True,qda,bottom,manual_weak_bottom_label,144,"{""reg_param"": 0.2}",ok,
2023-05-08,2023-05-12,426,0.0,0.01382126,0.01600167,-0.01705905,1,0,0.026832562075489622,2023,True,lightgbm,bottom,manual_weak_bottom_label,144,"{""balanced_bagging"": true, ""is_unbalance"": true, ""learning_rate"": 0.025, ""max_depth"": 5, ""min_child_samples"": 12, ""n_estimators"": 320, ""negative_sample_ratio"": 3.0, ""num_leaves"": 15}",ok,
2023-05-15,2023-05-19,427,0.0,-0.01616902,0.00679867,-0.03067635,1,0,0.08814120987049763,2023,True,lightgbm,bottom,manual_weak_bottom_label,144,"{""balanced_bagging"": true, ""is_unbalance"": true, ""learning_rate"": 0.025, ""max_depth"": 5, ""min_child_samples"": 12, ""n_estimators"": 320, ""negative_sample_ratio"": 3.0, ""num_leaves"": 15}",ok,
2023-05-22,2023-05-26,428,0.0,0.01872737,0.01958540,-0.02239793,1,0,0.03948110309247191,2023,True,lightgbm,bottom,manual_weak_bottom_label,144,"{""balanced_bagging"": true, ""is_unbalance"": true, ""learning_rate"": 0.025, ""max_depth"": 5, ""min_child_samples"": 12, ""n_estimators"": 320, ""negative_sample_ratio"": 3.0, ""num_leaves"": 15}",ok,
2023-05-29,2023-06-02,429,0.0,-0.01175200,0.01379869,-0.03418163,1,0,0.03462417840422857,2023,True,lightgbm,bottom,manual_weak_bottom_label,144,"{""balanced_bagging"": true, ""is_unbalance"": true, ""learning_rate"": 0.025, ""max_depth"": 5, ""min_child_samples"": 12, ""n_estimators"": 320, ""negative_sample_ratio"": 3.0, ""num_leaves"": 15}",ok,
2023-06-05,2023-06-09,430,0.0,0.01639165,0.03420011,-0.01973824,1,0,0.06423343350447773,2023,True,lightgbm,bottom,manual_weak_bottom_label,144,"{""balanced_bagging"": true, ""is_unbalance"": true, ""learning_rate"": 0.025, ""max_depth"": 5, ""min_child_samples"": 12, ""n_estimators"": 320, ""negative_sample_ratio"": 3.0, ""num_leaves"": 15}",ok,
2023-07-17,2023-07-21,436,0.0,-0.01511884,0.02504477,-0.01511884,1,0,0.043772055190857286,2023,True,lightgbm,bottom,manual_weak_bottom_label,144,"{""balanced_bagging"": true, ""is_unbalance"": true, ""learning_rate"": 0.025, ""max_depth"": 5, ""min_child_samples"": 12, ""n_estimators"": 320, ""negative_sample_ratio"": 3.0, ""num_leaves"": 15}",ok,
2023-08-07,2023-08-11,439,0.0,-0.03131585,0.00332121,-0.07117890,1,0,0.07527376566863207,2023,True,lightgbm,bottom,manual_weak_bottom_label,144,"{""balanced_bagging"": true, ""is_unbalance"": true, ""learning_rate"": 0.025, ""max_depth"": 5, ""min_child_samples"": 12, ""n_estimators"": 320, ""negative_sample_ratio"": 3.0, ""num_leaves"": 15}",ok,
2023-08-14,2023-08-18,440,0.0,-0.00238986,0.01458843,-0.04270466,1,0,0.0520041779319872,2023,True,lightgbm,bottom,manual_weak_bottom_label,144,"{""balanced_bagging"": true, ""is_unbalance"": true, ""learning_rate"": 0.025, ""max_depth"": 5, ""min_child_samples"": 12, ""n_estimators"": 320, ""negative_sample_ratio"": 3.0, ""num_leaves"": 15}",ok,
2023-08-21,2023-08-25,441,0.0,0.03402536,0.05668166,0.00491816,1,0,0.05857405251542679,2023,True,lightgbm,bottom,manual_weak_bottom_label,144,"{""balanced_bagging"": true, ""is_unbalance"": true, ""learning_rate"": 0.025, ""max_depth"": 5, ""min_child_samples"": 12, ""n_estimators"": 320, ""negative_sample_ratio"": 3.0, ""num_leaves"": 15}",ok,
2023-08-28,2023-09-01,442,0.0,-0.00855908,0.01720265,-0.03012133,1,0,0.1638491814785066,2023,True,lightgbm,bottom,manual_weak_bottom_label,144,"{""balanced_bagging"": true, ""is_unbalance"": true, ""learning_rate"": 0.025, ""max_depth"": 5, ""min_child_samples"": 12, ""n_estimators"": 320, ""negative_sample_ratio"": 3.0, ""num_leaves"": 15}",ok,
2023-09-04,2023-09-08,443,0.0,-0.00385793,0.01798807,-0.02937245,1,0,0.08668601975386701,2023,True,lightgbm,bottom,manual_weak_bottom_label,144,"{""balanced_bagging"": true, ""is_unbalance"": true, ""learning_rate"": 0.025, ""max_depth"": 5, ""min_child_samples"": 12, ""n_estimators"": 320, ""negative_sample_ratio"": 3.0, ""num_leaves"": 15}",ok,
2023-09-11,2023-09-15,444,0.0,0.00046109,0.00458738,-0.02563224,1,0,0.050762631762420705,2023,True,lightgbm,bottom,manual_weak_bottom_label,144,"{""balanced_bagging"": true, ""is_unbalance"": true, ""learning_rate"": 0.025, ""max_depth"": 5, ""min_child_samples"": 12, ""n_estimators"": 320, ""negative_sample_ratio"": 3.0, ""num_leaves"": 15}",ok,
2023-09-18,2023-09-22,445,0.0,-0.04634374,0.00859168,-0.04754920,1,0,0.053958809587305846,2023,True,lightgbm,bottom,manual_weak_bottom_label,144,"{""balanced_bagging"": true, ""is_unbalance"": true, ""learning_rate"": 0.025, ""max_depth"": 5, ""min_child_samples"": 12, ""n_estimators"": 320, ""negative_sample_ratio"": 3.0, ""num_leaves"": 15}",ok,
2023-09-25,2023-09-28,446,0.0,-0.02669328,0.00460688,-0.07652890,1,0,0.10211025818342791,2023,True,lightgbm,bottom,manual_weak_bottom_label,144,"{""balanced_bagging"": true, ""is_unbalance"": true, ""learning_rate"": 0.025, ""max_depth"": 5, ""min_child_samples"": 12, ""n_estimators"": 320, ""negative_sample_ratio"": 3.0, ""num_leaves"": 15}",ok,
2023-10-16,2023-10-20,448,0.0,0.05441991,0.06696182,-0.02781107,1,0,0.04464795436739445,2023,True,lightgbm,bottom,manual_weak_bottom_label,144,"{""balanced_bagging"": true, ""is_unbalance"": true, ""learning_rate"": 0.025, ""max_depth"": 5, ""min_child_samples"": 12, ""n_estimators"": 320, ""negative_sample_ratio"": 3.0, ""num_leaves"": 15}",ok,
2023-10-23,2023-10-27,449,0.0,0.04775484,0.05372238,-0.00531227,1,0,0.032660809021168725,2023,True,lightgbm,bottom,manual_weak_bottom_label,144,"{""balanced_bagging"": true, ""is_unbalance"": true, ""learning_rate"": 0.025, ""max_depth"": 5, ""min_child_samples"": 12, ""n_estimators"": 320, ""negative_sample_ratio"": 3.0, ""num_leaves"": 15}",ok,
2023-12-18,2023-12-22,457,0.0,-0.02780232,0.02750619,-0.04735809,1,0,0.19539728343034585,2023,True,lightgbm,bottom,manual_weak_bottom_label,144,"{""balanced_bagging"": true, ""is_unbalance"": true, ""learning_rate"": 0.025, ""max_depth"": 5, ""min_child_samples"": 12, ""n_estimators"": 320, ""negative_sample_ratio"": 3.0, ""num_leaves"": 15}",ok,
2023-05-08,2023-05-12,426,0.0,0.01382126,0.01600167,-0.01705905,1,0,0.1470477432012558,2023,True,bp,bottom,manual_weak_bottom_label,144,"{""dropout"": 0.1, ""focal_alpha"": 0.75, ""focal_gamma"": 2.0, ""hidden_layers"": [48, 24], ""learning_rate"": 0.001, ""max_epochs"": 160, ""patience"": 18}",ok,
2023-05-15,2023-05-19,427,0.0,-0.01616902,0.00679867,-0.03067635,1,0,0.09836103022098541,2023,True,bp,bottom,manual_weak_bottom_label,144,"{""dropout"": 0.1, ""focal_alpha"": 0.75, ""focal_gamma"": 2.0, ""hidden_layers"": [48, 24], ""learning_rate"": 0.001, ""max_epochs"": 160, ""patience"": 18}",ok,
2023-05-22,2023-05-26,428,0.0,0.01872737,0.01958540,-0.02239793,1,0,0.10045573115348816,2023,True,bp,bottom,manual_weak_bottom_label,144,"{""dropout"": 0.1, ""focal_alpha"": 0.75, ""focal_gamma"": 2.0, ""hidden_layers"": [48, 24], ""learning_rate"": 0.001, ""max_epochs"": 160, ""patience"": 18}",ok,
2023-05-29,2023-06-02,429,0.0,-0.01175200,0.01379869,-0.03418163,1,0,0.10495798289775848,2023,True,bp,bottom,manual_weak_bottom_label,144,"{""dropout"": 0.1, ""focal_alpha"": 0.75, ""focal_gamma"": 2.0, ""hidden_layers"": [48, 24], ""learning_rate"": 0.001, ""max_epochs"": 160, ""patience"": 18}",ok,
2023-06-05,2023-06-09,430,0.0,0.01639165,0.03420011,-0.01973824,1,0,0.11761008203029633,2023,True,bp,bottom,manual_weak_bottom_label,144,"{""dropout"": 0.1, ""focal_alpha"": 0.75, ""focal_gamma"": 2.0, ""hidden_layers"": [48, 24], ""learning_rate"": 0.001, ""max_epochs"": 160, ""patience"": 18}",ok,
2023-07-17,2023-07-21,436,0.0,-0.01511884,0.02504477,-0.01511884,1,0,0.10015801340341568,2023,True,bp,bottom,manual_weak_bottom_label,144,"{""dropout"": 0.1, ""focal_alpha"": 0.75, ""focal_gamma"": 2.0, ""hidden_layers"": [48, 24], ""learning_rate"": 0.001, ""max_epochs"": 160, ""patience"": 18}",ok,
2023-08-07,2023-08-11,439,0.0,-0.03131585,0.00332121,-0.07117890,1,0,0.14296983182430267,2023,True,bp,bottom,manual_weak_bottom_label,144,"{""dropout"": 0.1, ""focal_alpha"": 0.75, ""focal_gamma"": 2.0, ""hidden_layers"": [48, 24], ""learning_rate"": 0.001, ""max_epochs"": 160, ""patience"": 18}",ok,
2023-08-14,2023-08-18,440,0.0,-0.00238986,0.01458843,-0.04270466,1,0,0.10105840116739273,2023,True,bp,bottom,manual_weak_bottom_label,144,"{""dropout"": 0.1, ""focal_alpha"": 0.75, ""focal_gamma"": 2.0, ""hidden_layers"": [48, 24], ""learning_rate"": 0.001, ""max_epochs"": 160, ""patience"": 18}",ok,
2023-08-21,2023-08-25,441,0.0,0.03402536,0.05668166,0.00491816,1,0,0.0973767563700676,2023,True,bp,bottom,manual_weak_bottom_label,144,"{""dropout"": 0.1, ""focal_alpha"": 0.75, ""focal_gamma"": 2.0, ""hidden_layers"": [48, 24], ""learning_rate"": 0.001, ""max_epochs"": 160, ""patience"": 18}",ok,
2023-08-28,2023-09-01,442,0.0,-0.00855908,0.01720265,-0.03012133,1,0,0.09299489855766296,2023,True,bp,bottom,manual_weak_bottom_label,144,"{""dropout"": 0.1, ""focal_alpha"": 0.75, ""focal_gamma"": 2.0, ""hidden_layers"": [48, 24], ""learning_rate"": 0.001, ""max_epochs"": 160, ""patience"": 18}",ok,
2023-09-04,2023-09-08,443,0.0,-0.00385793,0.01798807,-0.02937245,1,0,0.09399297833442688,2023,True,bp,bottom,manual_weak_bottom_label,144,"{""dropout"": 0.1, ""focal_alpha"": 0.75, ""focal_gamma"": 2.0, ""hidden_layers"": [48, 24], ""learning_rate"": 0.001, ""max_epochs"": 160, ""patience"": 18}",ok,
2023-09-11,2023-09-15,444,0.0,0.00046109,0.00458738,-0.02563224,1,0,0.1573657989501953,2023,True,bp,bottom,manual_weak_bottom_label,144,"{""dropout"": 0.1, ""focal_alpha"": 0.75, ""focal_gamma"": 2.0, ""hidden_layers"": [48, 24], ""learning_rate"": 0.001, ""max_epochs"": 160, ""patience"": 18}",ok,
2023-09-18,2023-09-22,445,0.0,-0.04634374,0.00859168,-0.04754920,1,0,0.10893812775611877,2023,True,bp,bottom,manual_weak_bottom_label,144,"{""dropout"": 0.1, ""focal_alpha"": 0.75, ""focal_gamma"": 2.0, ""hidden_layers"": [48, 24], ""learning_rate"": 0.001, ""max_epochs"": 160, ""patience"": 18}",ok,
2023-09-25,2023-09-28,446,0.0,-0.02669328,0.00460688,-0.07652890,1,0,0.16730225086212158,2023,True,bp,bottom,manual_weak_bottom_label,144,"{""dropout"": 0.1, ""focal_alpha"": 0.75, ""focal_gamma"": 2.0, ""hidden_layers"": [48, 24], ""learning_rate"": 0.001, ""max_epochs"": 160, ""patience"": 18}",ok,
2023-10-16,2023-10-20,448,0.0,0.05441991,0.06696182,-0.02781107,1,0,0.105815090239048,2023,True,bp,bottom,manual_weak_bottom_label,144,"{""dropout"": 0.1, ""focal_alpha"": 0.75, ""focal_gamma"": 2.0, ""hidden_layers"": [48, 24], ""learning_rate"": 0.001, ""max_epochs"": 160, ""patience"": 18}",ok,
2023-10-23,2023-10-27,449,0.0,0.04775484,0.05372238,-0.00531227,1,0,0.11721145361661911,2023,True,bp,bottom,manual_weak_bottom_label,144,"{""dropout"": 0.1, ""focal_alpha"": 0.75, ""focal_gamma"": 2.0, ""hidden_layers"": [48, 24], ""learning_rate"": 0.001, ""max_epochs"": 160, ""patience"": 18}",ok,
2023-12-18,2023-12-22,457,0.0,-0.02780232,0.02750619,-0.04735809,1,0,0.1072283461689949,2023,True,bp,bottom,manual_weak_bottom_label,144,"{""dropout"": 0.1, ""focal_alpha"": 0.75, ""focal_gamma"": 2.0, ""hidden_layers"": [48, 24], ""learning_rate"": 0.001, ""max_epochs"": 160, ""patience"": 18}",ok,
2023-05-08,2023-05-12,426,0.0,0.01382126,0.01600167,-0.01705905,1,0,0.09287789757986825,2023,True,mlp,bottom,manual_weak_bottom_label,144,"{""alpha"": 0.0001, ""hidden_layer_sizes"": [48, 24], ""learning_rate_init"": 0.001, ""max_iter"": 600, ""negative_sample_ratio"": 3.0}",ok,
2023-05-15,2023-05-19,427,0.0,-0.01616902,0.00679867,-0.03067635,1,0,0.06130547480619807,2023,True,mlp,bottom,manual_weak_bottom_label,144,"{""alpha"": 0.0001, ""hidden_layer_sizes"": [48, 24], ""learning_rate_init"": 0.001, ""max_iter"": 600, ""negative_sample_ratio"": 3.0}",ok,
2023-05-22,2023-05-26,428,0.0,0.01872737,0.01958540,-0.02239793,1,0,0.030201559936134423,2023,True,mlp,bottom,manual_weak_bottom_label,144,"{""alpha"": 0.0001, ""hidden_layer_sizes"": [48, 24], ""learning_rate_init"": 0.001, ""max_iter"": 600, ""negative_sample_ratio"": 3.0}",ok,
2023-05-29,2023-06-02,429,0.0,-0.01175200,0.01379869,-0.03418163,1,0,0.03206396378200374,2023,True,mlp,bottom,manual_weak_bottom_label,144,"{""alpha"": 0.0001, ""hidden_layer_sizes"": [48, 24], ""learning_rate_init"": 0.001, ""max_iter"": 600, ""negative_sample_ratio"": 3.0}",ok,
2023-06-05,2023-06-09,430,0.0,0.01639165,0.03420011,-0.01973824,1,0,0.15326740658372687,2023,True,mlp,bottom,manual_weak_bottom_label,144,"{""alpha"": 0.0001, ""hidden_layer_sizes"": [48, 24], ""learning_rate_init"": 0.001, ""max_iter"": 600, ""negative_sample_ratio"": 3.0}",ok,
2023-07-17,2023-07-21,436,0.0,-0.01511884,0.02504477,-0.01511884,1,0,0.06635586778106649,2023,True,mlp,bottom,manual_weak_bottom_label,144,"{""alpha"": 0.0001, ""hidden_layer_sizes"": [48, 24], ""learning_rate_init"": 0.001, ""max_iter"": 600, ""negative_sample_ratio"": 3.0}",ok,
2023-08-07,2023-08-11,439,0.0,-0.03131585,0.00332121,-0.07117890,1,0,0.030635726073234604,2023,True,mlp,bottom,manual_weak_bottom_label,144,"{""alpha"": 0.0001, ""hidden_layer_sizes"": [48, 24], ""learning_rate_init"": 0.001, ""max_iter"": 600, ""negative_sample_ratio"": 3.0}",ok,
2023-08-14,2023-08-18,440,0.0,-0.00238986,0.01458843,-0.04270466,1,0,0.030485681180828686,2023,True,mlp,bottom,manual_weak_bottom_label,144,"{""alpha"": 0.0001, ""hidden_layer_sizes"": [48, 24], ""learning_rate_init"": 0.001, ""max_iter"": 600, ""negative_sample_ratio"": 3.0}",ok,
2023-08-21,2023-08-25,441,0.0,0.03402536,0.05668166,0.00491816,1,0,0.05660696473949617,2023,True,mlp,bottom,manual_weak_bottom_label,144,"{""alpha"": 0.0001, ""hidden_layer_sizes"": [48, 24], ""learning_rate_init"": 0.001, ""max_iter"": 600, ""negative_sample_ratio"": 3.0}",ok,
2023-08-28,2023-09-01,442,0.0,-0.00855908,0.01720265,-0.03012133,1,0,0.03146655146568258,2023,True,mlp,bottom,manual_weak_bottom_label,144,"{""alpha"": 0.0001, ""hidden_layer_sizes"": [48, 24], ""learning_rate_init"": 0.001, ""max_iter"": 600, ""negative_sample_ratio"": 3.0}",ok,
2023-09-04,2023-09-08,443,0.0,-0.00385793,0.01798807,-0.02937245,1,0,0.09744211718697121,2023,True,mlp,bottom,manual_weak_bottom_label,144,"{""alpha"": 0.0001, ""hidden_layer_sizes"": [48, 24], ""learning_rate_init"": 0.001, ""max_iter"": 600, ""negative_sample_ratio"": 3.0}",ok,
2023-09-11,2023-09-15,444,0.0,0.00046109,0.00458738,-0.02563224,1,0,0.1676365439830949,2023,True,mlp,bottom,manual_weak_bottom_label,144,"{""alpha"": 0.0001, ""hidden_layer_sizes"": [48, 24], ""learning_rate_init"": 0.001, ""max_iter"": 600, ""negative_sample_ratio"": 3.0}",ok,
2023-09-18,2023-09-22,445,0.0,-0.04634374,0.00859168,-0.04754920,1,0,0.07146157024344231,2023,True,mlp,bottom,manual_weak_bottom_label,144,"{""alpha"": 0.0001, ""hidden_layer_sizes"": [48, 24], ""learning_rate_init"": 0.001, ""max_iter"": 600, ""negative_sample_ratio"": 3.0}",ok,
2023-09-25,2023-09-28,446,0.0,-0.02669328,0.00460688,-0.07652890,1,0,0.1874276461813079,2023,True,mlp,bottom,manual_weak_bottom_label,144,"{""alpha"": 0.0001, ""hidden_layer_sizes"": [48, 24], ""learning_rate_init"": 0.001, ""max_iter"": 600, ""negative_sample_ratio"": 3.0}",ok,
2023-10-16,2023-10-20,448,0.0,0.05441991,0.06696182,-0.02781107,1,0,0.17295710179245427,2023,True,mlp,bottom,manual_weak_bottom_label,144,"{""alpha"": 0.0001, ""hidden_layer_sizes"": [48, 24], ""learning_rate_init"": 0.001, ""max_iter"": 600, ""negative_sample_ratio"": 3.0}",ok,
2023-10-23,2023-10-27,449,0.0,0.04775484,0.05372238,-0.00531227,1,0,0.0454097060378875,2023,True,mlp,bottom,manual_weak_bottom_label,144,"{""alpha"": 0.0001, ""hidden_layer_sizes"": [48, 24], ""learning_rate_init"": 0.001, ""max_iter"": 600, ""negative_sample_ratio"": 3.0}",ok,
2023-12-18,2023-12-22,457,0.0,-0.02780232,0.02750619,-0.04735809,1,0,0.12272283103599108,2023,True,mlp,bottom,manual_weak_bottom_label,144,"{""alpha"": 0.0001, ""hidden_layer_sizes"": [48, 24], ""learning_rate_init"": 0.001, ""max_iter"": 600, ""negative_sample_ratio"": 3.0}",ok,
2023-05-08,2023-05-12,426,0.0,0.01382126,0.01600167,-0.01705905,1,0,0.3473276307693931,2023,True,svm,bottom,manual_weak_bottom_label,144,"{""C"": 1.0, ""gamma"": ""scale""}",ok,
2023-05-15,2023-05-19,427,0.0,-0.01616902,0.00679867,-0.03067635,1,0,0.3469315155760596,2023,True,svm,bottom,manual_weak_bottom_label,144,"{""C"": 1.0, ""gamma"": ""scale""}",ok,
2023-05-22,2023-05-26,428,0.0,0.01872737,0.01958540,-0.02239793,1,0,0.34619681930081125,2023,True,svm,bottom,manual_weak_bottom_label,144,"{""C"": 1.0, ""gamma"": ""scale""}",ok,
2023-05-29,2023-06-02,429,0.0,-0.01175200,0.01379869,-0.03418163,1,0,0.34667284638287166,2023,True,svm,bottom,manual_weak_bottom_label,144,"{""C"": 1.0, ""gamma"": ""scale""}",ok,
2023-06-05,2023-06-09,430,0.0,0.01639165,0.03420011,-0.01973824,1,0,0.3466598523558423,2023,True,svm,bottom,manual_weak_bottom_label,144,"{""C"": 1.0, ""gamma"": ""scale""}",ok,
2023-07-17,2023-07-21,436,0.0,-0.01511884,0.02504477,-0.01511884,1,0,0.347042254911374,2023,True,svm,bottom,manual_weak_bottom_label,144,"{""C"": 1.0, ""gamma"": ""scale""}",ok,
2023-08-07,2023-08-11,439,0.0,-0.03131585,0.00332121,-0.07117890,1,0,0.34747581253934967,2023,True,svm,bottom,manual_weak_bottom_label,144,"{""C"": 1.0, ""gamma"": ""scale""}",ok,
2023-08-14,2023-08-18,440,0.0,-0.00238986,0.01458843,-0.04270466,1,0,0.34747186360760673,2023,True,svm,bottom,manual_weak_bottom_label,144,"{""C"": 1.0, ""gamma"": ""scale""}",ok,
2023-08-21,2023-08-25,441,0.0,0.03402536,0.05668166,0.00491816,1,0,0.3474076367234385,2023,True,svm,bottom,manual_weak_bottom_label,144,"{""C"": 1.0, ""gamma"": ""scale""}",ok,
2023-08-28,2023-09-01,442,0.0,-0.00855908,0.01720265,-0.03012133,1,0,0.34744779329305464,2023,True,svm,bottom,manual_weak_bottom_label,144,"{""C"": 1.0, ""gamma"": ""scale""}",ok,
2023-09-04,2023-09-08,443,0.0,-0.00385793,0.01798807,-0.02937245,1,0,0.3473578025185032,2023,True,svm,bottom,manual_weak_bottom_label,144,"{""C"": 1.0, ""gamma"": ""scale""}",ok,
2023-09-11,2023-09-15,444,0.0,0.00046109,0.00458738,-0.02563224,1,0,0.3474531434308859,2023,True,svm,bottom,manual_weak_bottom_label,144,"{""C"": 1.0, ""gamma"": ""scale""}",ok,
2023-09-18,2023-09-22,445,0.0,-0.04634374,0.00859168,-0.04754920,1,0,0.3473409577548113,2023,True,svm,bottom,manual_weak_bottom_label,144,"{""C"": 1.0, ""gamma"": ""scale""}",ok,
2023-09-25,2023-09-28,446,0.0,-0.02669328,0.00460688,-0.07652890,1,0,0.3466923852829341,2023,True,svm,bottom,manual_weak_bottom_label,144,"{""C"": 1.0, ""gamma"": ""scale""}",ok,
2023-10-16,2023-10-20,448,0.0,0.05441991,0.06696182,-0.02781107,1,0,0.34590937627632423,2023,True,svm,bottom,manual_weak_bottom_label,144,"{""C"": 1.0, ""gamma"": ""scale""}",ok,
2023-10-23,2023-10-27,449,0.0,0.04775484,0.05372238,-0.00531227,1,0,0.34540020296361457,2023,True,svm,bottom,manual_weak_bottom_label,144,"{""C"": 1.0, ""gamma"": ""scale""}",ok,
2023-12-18,2023-12-22,457,0.0,-0.02780232,0.02750619,-0.04735809,1,0,0.34686309897336387,2023,True,svm,bottom,manual_weak_bottom_label,144,"{""C"": 1.0, ""gamma"": ""scale""}",ok,
2023-01-30,2023-02-03,412,,0.00285167,0.02510326,-0.01432504,0,1,0.6321927969209228,2023,True,logistic,top,manual_weak_top_label,143,"{""C"": 0.3}",ok,0.0
2023-02-06,2023-02-10,413,,-0.00106876,0.01770839,-0.02143549,0,1,0.9889588971160413,2023,True,logistic,top,manual_weak_top_label,143,"{""C"": 0.3}",ok,0.0
2023-02-13,2023-02-17,414,,-0.01022763,0.02221154,-0.01067547,0,1,0.9562145222395886,2023,True,logistic,top,manual_weak_top_label,143,"{""C"": 0.3}",ok,1.0
2023-02-20,2023-02-24,415,,-0.03001617,0.01098444,-0.03846649,0,1,0.9861140696086007,2023,True,logistic,top,manual_weak_top_label,143,"{""C"": 0.3}",ok,1.0
2023-02-27,2023-03-03,416,,-0.01434972,0.00527703,-0.04165636,0,1,0.9144438252872058,2023,True,logistic,top,manual_weak_top_label,143,"{""C"": 0.3}",ok,1.0
2023-04-03,2023-04-07,421,,-0.04537697,0.00139872,-0.07463087,0,1,0.34088714046172786,2023,True,logistic,top,manual_weak_top_label,143,"{""C"": 0.3}",ok,1.0
2023-01-30,2023-02-03,412,,0.00285167,0.02510326,-0.01432504,0,1,0.999998877093207,2023,True,lda,top,manual_weak_top_label,143,"{""shrinkage"": ""auto"", ""solver"": ""lsqr""}",ok,0.0
2023-02-06,2023-02-10,413,,-0.00106876,0.01770839,-0.02143549,0,1,0.9999999999499627,2023,True,lda,top,manual_weak_top_label,143,"{""shrinkage"": ""auto"", ""solver"": ""lsqr""}",ok,0.0
2023-02-13,2023-02-17,414,,-0.01022763,0.02221154,-0.01067547,0,1,0.9999999876315427,2023,True,lda,top,manual_weak_top_label,143,"{""shrinkage"": ""auto"", ""solver"": ""lsqr""}",ok,1.0
2023-02-20,2023-02-24,415,,-0.03001617,0.01098444,-0.03846649,0,1,0.9999908480842128,2023,True,lda,top,manual_weak_top_label,143,"{""shrinkage"": ""auto"", ""solver"": ""lsqr""}",ok,1.0
2023-02-27,2023-03-03,416,,-0.01434972,0.00527703,-0.04165636,0,1,0.9996118217432561,2023,True,lda,top,manual_weak_top_label,143,"{""shrinkage"": ""auto"", ""solver"": ""lsqr""}",ok,1.0
2023-04-03,2023-04-07,421,,-0.04537697,0.00139872,-0.07463087,0,1,0.7804159046867583,2023,True,lda,top,manual_weak_top_label,143,"{""shrinkage"": ""auto"", ""solver"": ""lsqr""}",ok,1.0
2023-01-30,2023-02-03,412,,0.00285167,0.02510326,-0.01432504,0,1,1.0,2023,True,qda,top,manual_weak_top_label,143,"{""reg_param"": 0.2}",ok,0.0
2023-02-06,2023-02-10,413,,-0.00106876,0.01770839,-0.02143549,0,1,1.0,2023,True,qda,top,manual_weak_top_label,143,"{""reg_param"": 0.2}",ok,0.0
2023-02-13,2023-02-17,414,,-0.01022763,0.02221154,-0.01067547,0,1,1.0,2023,True,qda,top,manual_weak_top_label,143,"{""reg_param"": 0.2}",ok,1.0
2023-02-20,2023-02-24,415,,-0.03001617,0.01098444,-0.03846649,0,1,1.0,2023,True,qda,top,manual_weak_top_label,143,"{""reg_param"": 0.2}",ok,1.0
2023-02-27,2023-03-03,416,,-0.01434972,0.00527703,-0.04165636,0,1,1.0,2023,True,qda,top,manual_weak_top_label,143,"{""reg_param"": 0.2}",ok,1.0
2023-04-03,2023-04-07,421,,-0.04537697,0.00139872,-0.07463087,0,1,1.0,2023,True,qda,top,manual_weak_top_label,143,"{""reg_param"": 0.2}",ok,1.0
2023-01-30,2023-02-03,412,,0.00285167,0.02510326,-0.01432504,0,1,0.02130166762749568,2023,True,lightgbm,top,manual_weak_top_label,143,"{""balanced_bagging"": true, ""is_unbalance"": true, ""learning_rate"": 0.025, ""max_depth"": 5, ""min_child_samples"": 12, ""n_estimators"": 320, ""negative_sample_ratio"": 3.0, ""num_leaves"": 15}",ok,0.0
2023-02-06,2023-02-10,413,,-0.00106876,0.01770839,-0.02143549,0,1,0.06037316045455008,2023,True,lightgbm,top,manual_weak_top_label,143,"{""balanced_bagging"": true, ""is_unbalance"": true, ""learning_rate"": 0.025, ""max_depth"": 5, ""min_child_samples"": 12, ""n_estimators"": 320, ""negative_sample_ratio"": 3.0, ""num_leaves"": 15}",ok,0.0
2023-02-13,2023-02-17,414,,-0.01022763,0.02221154,-0.01067547,0,1,0.3441042443119396,2023,True,lightgbm,top,manual_weak_top_label,143,"{""balanced_bagging"": true, ""is_unbalance"": true, ""learning_rate"": 0.025, ""max_depth"": 5, ""min_child_samples"": 12, ""n_estimators"": 320, ""negative_sample_ratio"": 3.0, ""num_leaves"": 15}",ok,1.0
2023-02-20,2023-02-24,415,,-0.03001617,0.01098444,-0.03846649,0,1,0.7400369420315028,2023,True,lightgbm,top,manual_weak_top_label,143,"{""balanced_bagging"": true, ""is_unbalance"": true, ""learning_rate"": 0.025, ""max_depth"": 5, ""min_child_samples"": 12, ""n_estimators"": 320, ""negative_sample_ratio"": 3.0, ""num_leaves"": 15}",ok,1.0
2023-02-27,2023-03-03,416,,-0.01434972,0.00527703,-0.04165636,0,1,0.8105043767872908,2023,True,lightgbm,top,manual_weak_top_label,143,"{""balanced_bagging"": true, ""is_unbalance"": true, ""learning_rate"": 0.025, ""max_depth"": 5, ""min_child_samples"": 12, ""n_estimators"": 320, ""negative_sample_ratio"": 3.0, ""num_leaves"": 15}",ok,1.0
2023-04-03,2023-04-07,421,,-0.04537697,0.00139872,-0.07463087,0,1,0.196804655126639,2023,True,lightgbm,top,manual_weak_top_label,143,"{""balanced_bagging"": true, ""is_unbalance"": true, ""learning_rate"": 0.025, ""max_depth"": 5, ""min_child_samples"": 12, ""n_estimators"": 320, ""negative_sample_ratio"": 3.0, ""num_leaves"": 15}",ok,1.0
2023-01-30,2023-02-03,412,,0.00285167,0.02510326,-0.01432504,0,1,0.2805249094963074,2023,True,bp,top,manual_weak_top_label,143,"{""dropout"": 0.15, ""focal_alpha"": 0.8, ""focal_gamma"": 2.5, ""hidden_layers"": [64, 32], ""learning_rate"": 0.0007, ""max_epochs"": 180, ""patience"": 20}",ok,0.0
2023-02-06,2023-02-10,413,,-0.00106876,0.01770839,-0.02143549,0,1,0.8105311393737793,2023,True,bp,top,manual_weak_top_label,143,"{""dropout"": 0.15, ""focal_alpha"": 0.8, ""focal_gamma"": 2.5, ""hidden_layers"": [64, 32], ""learning_rate"": 0.0007, ""max_epochs"": 180, ""patience"": 20}",ok,0.0
2023-02-13,2023-02-17,414,,-0.01022763,0.02221154,-0.01067547,0,1,0.6990351676940918,2023,True,bp,top,manual_weak_top_label,143,"{""dropout"": 0.15, ""focal_alpha"": 0.8, ""focal_gamma"": 2.5, ""hidden_layers"": [64, 32], ""learning_rate"": 0.0007, ""max_epochs"": 180, ""patience"": 20}",ok,1.0
2023-02-20,2023-02-24,415,,-0.03001617,0.01098444,-0.03846649,0,1,0.7570198178291321,2023,True,bp,top,manual_weak_top_label,143,"{""dropout"": 0.15, ""focal_alpha"": 0.8, ""focal_gamma"": 2.5, ""hidden_layers"": [64, 32], ""learning_rate"": 0.0007, ""max_epochs"": 180, ""patience"": 20}",ok,1.0
2023-02-27,2023-03-03,416,,-0.01434972,0.00527703,-0.04165636,0,1,0.6497946977615356,2023,True,bp,top,manual_weak_top_label,143,"{""dropout"": 0.15, ""focal_alpha"": 0.8, ""focal_gamma"": 2.5, ""hidden_layers"": [64, 32], ""learning_rate"": 0.0007, ""max_epochs"": 180, ""patience"": 20}",ok,1.0
2023-04-03,2023-04-07,421,,-0.04537697,0.00139872,-0.07463087,0,1,0.36295461654663086,2023,True,bp,top,manual_weak_top_label,143,"{""dropout"": 0.15, ""focal_alpha"": 0.8, ""focal_gamma"": 2.5, ""hidden_layers"": [64, 32], ""learning_rate"": 0.0007, ""max_epochs"": 180, ""patience"": 20}",ok,1.0
2023-01-30,2023-02-03,412,,0.00285167,0.02510326,-0.01432504,0,1,0.8891870764446196,2023,True,mlp,top,manual_weak_top_label,143,"{""alpha"": 0.0001, ""hidden_layer_sizes"": [32], ""learning_rate_init"": 0.001, ""max_iter"": 500, ""negative_sample_ratio"": 2.0}",ok,0.0
2023-02-06,2023-02-10,413,,-0.00106876,0.01770839,-0.02143549,0,1,0.998395717387951,2023,True,mlp,top,manual_weak_top_label,143,"{""alpha"": 0.0001, ""hidden_layer_sizes"": [32], ""learning_rate_init"": 0.001, ""max_iter"": 500, ""negative_sample_ratio"": 2.0}",ok,0.0
2023-02-13,2023-02-17,414,,-0.01022763,0.02221154,-0.01067547,0,1,0.999830863276498,2023,True,mlp,top,manual_weak_top_label,143,"{""alpha"": 0.0001, ""hidden_layer_sizes"": [32], ""learning_rate_init"": 0.001, ""max_iter"": 500, ""negative_sample_ratio"": 2.0}",ok,1.0
2023-02-20,2023-02-24,415,,-0.03001617,0.01098444,-0.03846649,0,1,0.9967740283269949,2023,True,mlp,top,manual_weak_top_label,143,"{""alpha"": 0.0001, ""hidden_layer_sizes"": [32], ""learning_rate_init"": 0.001, ""max_iter"": 500, ""negative_sample_ratio"": 2.0}",ok,1.0
2023-02-27,2023-03-03,416,,-0.01434972,0.00527703,-0.04165636,0,1,0.9863920938138944,2023,True,mlp,top,manual_weak_top_label,143,"{""alpha"": 0.0001, ""hidden_layer_sizes"": [32], ""learning_rate_init"": 0.001, ""max_iter"": 500, ""negative_sample_ratio"": 2.0}",ok,1.0
2023-04-03,2023-04-07,421,,-0.04537697,0.00139872,-0.07463087,0,1,0.9634894282640137,2023,True,mlp,top,manual_weak_top_label,143,"{""alpha"": 0.0001, ""hidden_layer_sizes"": [32], ""learning_rate_init"": 0.001, ""max_iter"": 500, ""negative_sample_ratio"": 2.0}",ok,1.0
2023-01-30,2023-02-03,412,,0.00285167,0.02510326,-0.01432504,0,1,0.23284646075391907,2023,True,svm,top,manual_weak_top_label,143,"{""C"": 0.5, ""gamma"": ""scale""}",ok,0.0
2023-02-06,2023-02-10,413,,-0.00106876,0.01770839,-0.02143549,0,1,0.24669220007447168,2023,True,svm,top,manual_weak_top_label,143,"{""C"": 0.5, ""gamma"": ""scale""}",ok,0.0
2023-02-13,2023-02-17,414,,-0.01022763,0.02221154,-0.01067547,0,1,0.2350225153014613,2023,True,svm,top,manual_weak_top_label,143,"{""C"": 0.5, ""gamma"": ""scale""}",ok,1.0
2023-02-20,2023-02-24,415,,-0.03001617,0.01098444,-0.03846649,0,1,0.25112880181028746,2023,True,svm,top,manual_weak_top_label,143,"{""C"": 0.5, ""gamma"": ""scale""}",ok,1.0
2023-02-27,2023-03-03,416,,-0.01434972,0.00527703,-0.04165636,0,1,0.2318356095114707,2023,True,svm,top,manual_weak_top_label,143,"{""C"": 0.5, ""gamma"": ""scale""}",ok,1.0
2023-04-03,2023-04-07,421,,-0.04537697,0.00139872,-0.07463087,0,1,0.23367794222393437,2023,True,svm,top,manual_weak_top_label,143,"{""C"": 0.5, ""gamma"": ""scale""}",ok,1.0
2024-01-02,2024-01-05,459,0.0,-0.07153941,-0.00200077,-0.12972406,1,0,0.0002690558622684494,2024,True,logistic,bottom,manual_weak_bottom_label,161,"{""C"": 1.0}",ok,
2024-01-08,2024-01-12,460,0.0,-0.17935694,0.00585542,-0.20498331,1,0,5.978761043825714e-06,2024,True,logistic,bottom,manual_weak_bottom_label,161,"{""C"": 1.0}",ok,
2024-01-15,2024-01-19,461,0.0,-0.05914487,0.00864144,-0.21274656,1,0,1.5600516100450367e-05,2024,True,logistic,bottom,manual_weak_bottom_label,161,"{""C"": 1.0}",ok,
2024-01-22,2024-01-26,462,0.0,-0.00836755,0.00609249,-0.20718609,1,0,0.00017287165825099327,2024,True,logistic,bottom,manual_weak_bottom_label,161,"{""C"": 1.0}",ok,
2024-01-29,2024-02-02,463,0.0,0.18083713,0.19748248,-0.08672234,1,0,0.41185201368115404,2024,True,logistic,bottom,manual_weak_bottom_label,161,"{""C"": 1.0}",ok,
2024-02-05,2024-02-08,464,0.0,0.07555759,0.09713014,-0.00856721,1,1,0.005981122199567467,2024,True,logistic,bottom,manual_weak_bottom_label,161,"{""C"": 1.0}",ok,
2024-03-04,2024-03-08,467,0.0,0.01319983,0.05960164,-0.02013864,1,0,1.8397168132829573e-06,2024,True,logistic,bottom,manual_weak_bottom_label,161,"{""C"": 1.0}",ok,
2024-06-03,2024-06-07,480,0.0,-0.04998460,0.01714922,-0.06626200,1,0,0.053295722136804086,2024,True,logistic,bottom,manual_weak_bottom_label,161,"{""C"": 1.0}",ok,
2024-06-11,2024-06-14,481,0.0,-0.07139199,0.01183558,-0.09048728,1,0,0.0009438121435668658,2024,True,logistic,bottom,manual_weak_bottom_label,161,"{""C"": 1.0}",ok,
2024-06-17,2024-06-21,482,0.0,-0.03507445,-0.00506435,-0.08112937,1,0,0.9690204535711622,2024,True,logistic,bottom,manual_weak_bottom_label,161,"{""C"": 1.0}",ok,
2024-06-24,2024-06-28,483,0.0,-0.01522962,0.01188484,-0.05122358,1,0,0.5867931910493357,2024,True,logistic,bottom,manual_weak_bottom_label,161,"{""C"": 1.0}",ok,
2024-07-01,2024-07-05,484,0.0,-0.02259793,0.01795442,-0.04637218,1,0,0.9998306873968071,2024,True,logistic,bottom,manual_weak_bottom_label,161,"{""C"": 1.0}",ok,
2024-07-08,2024-07-12,485,0.0,-0.01396694,0.01128347,-0.05951452,1,0,0.9961641864466847,2024,True,logistic,bottom,manual_weak_bottom_label,161,"{""C"": 1.0}",ok,
2024-07-15,2024-07-19,486,0.0,-0.02461472,0.02315457,-0.04847449,1,0,0.9917449768894657,2024,True,logistic,bottom,manual_weak_bottom_label,161,"{""C"": 1.0}",ok,
2024-07-22,2024-07-26,487,0.0,-0.00987414,0.04912315,-0.01733807,1,0,0.5450344141854326,2024,True,logistic,bottom,manual_weak_bottom_label,161,"{""C"": 1.0}",ok,
2024-07-29,2024-08-02,488,0.0,-0.06539548,0.00929356,-0.07216986,1,0,0.005392501789852264,2024,True,logistic,bottom,manual_weak_bottom_label,161,"{""C"": 1.0}",ok,
2024-08-05,2024-08-09,489,0.0,-0.01561322,0.00871470,-0.05639834,1,0,0.002684577287847658,2024,True,logistic,bottom,manual_weak_bottom_label,161,"{""C"": 1.0}",ok,
2024-08-12,2024-08-16,490,0.0,-0.03166539,0.01254561,-0.04685338,1,0,0.03956774236637101,2024,True,logistic,bottom,manual_weak_bottom_label,161,"{""C"": 1.0}",ok,
2024-08-19,2024-08-23,491,1.0,-0.01827602,0.04352748,-0.02103688,1,0,0.005283066021748673,2024,True,logistic,bottom,manual_weak_bottom_label,161,"{""C"": 1.0}",ok,
2024-08-26,2024-08-30,492,1.0,-0.03585062,0.00139221,-0.06202012,1,0,0.008919052149775829,2024,True,logistic,bottom,manual_weak_bottom_label,161,"{""C"": 1.0}",ok,
2024-09-02,2024-09-06,493,1.0,0.13934810,0.14558137,-0.03682578,1,0,0.45627435694263346,2024,True,logistic,bottom,manual_weak_bottom_label,161,"{""C"": 1.0}",ok,
2024-09-09,2024-09-13,494,1.0,0.29358353,0.29896331,-0.01608316,1,0,0.7252335229841858,2024,True,logistic,bottom,manual_weak_bottom_label,161,"{""C"": 1.0}",ok,
2024-09-18,2024-09-20,495,1.0,0.21360653,0.44221366,-0.00389079,1,0,0.5893665340484578,2024,True,logistic,bottom,manual_weak_bottom_label,161,"{""C"": 1.0}",ok,
2024-10-08,2024-10-11,498,0.0,0.09479360,0.13749867,-0.01298452,1,1,0.00024287561096223808,2024,True,logistic,bottom,manual_weak_bottom_label,161,"{""C"": 1.0}",ok,
2024-01-02,2024-01-05,459,0.0,-0.07153941,-0.00200077,-0.12972406,1,0,8.532305337783288e-05,2024,True,lda,bottom,manual_weak_bottom_label,161,"{""shrinkage"": 0.5, ""solver"": ""lsqr""}",ok,
2024-01-08,2024-01-12,460,0.0,-0.17935694,0.00585542,-0.20498331,1,0,7.896962146413435e-05,2024,True,lda,bottom,manual_weak_bottom_label,161,"{""shrinkage"": 0.5, ""solver"": ""lsqr""}",ok,
2024-01-15,2024-01-19,461,0.0,-0.05914487,0.00864144,-0.21274656,1,0,7.863436118736369e-05,2024,True,lda,bottom,manual_weak_bottom_label,161,"{""shrinkage"": 0.5, ""solver"": ""lsqr""}",ok,
2024-01-22,2024-01-26,462,0.0,-0.00836755,0.00609249,-0.20718609,1,0,0.0007887272302699119,2024,True,lda,bottom,manual_weak_bottom_label,161,"{""shrinkage"": 0.5, ""solver"": ""lsqr""}",ok,
2024-01-29,2024-02-02,463,0.0,0.18083713,0.19748248,-0.08672234,1,0,0.9117163767158746,2024,True,lda,bottom,manual_weak_bottom_label,161,"{""shrinkage"": 0.5, ""solver"": ""lsqr""}",ok,
2024-02-05,2024-02-08,464,0.0,0.07555759,0.09713014,-0.00856721,1,1,0.3099972949150599,2024,True,lda,bottom,manual_weak_bottom_label,161,"{""shrinkage"": 0.5, ""solver"": ""lsqr""}",ok,
2024-03-04,2024-03-08,467,0.0,0.01319983,0.05960164,-0.02013864,1,0,9.804873118440697e-05,2024,True,lda,bottom,manual_weak_bottom_label,161,"{""shrinkage"": 0.5, ""solver"": ""lsqr""}",ok,
2024-06-03,2024-06-07,480,0.0,-0.04998460,0.01714922,-0.06626200,1,0,0.04053677596906918,2024,True,lda,bottom,manual_weak_bottom_label,161,"{""shrinkage"": 0.5, ""solver"": ""lsqr""}",ok,
2024-06-11,2024-06-14,481,0.0,-0.07139199,0.01183558,-0.09048728,1,0,9.557461770435306e-05,2024,True,lda,bottom,manual_weak_bottom_label,161,"{""shrinkage"": 0.5, ""solver"": ""lsqr""}",ok,
2024-06-17,2024-06-21,482,0.0,-0.03507445,-0.00506435,-0.08112937,1,0,0.5392078424550388,2024,True,lda,bottom,manual_weak_bottom_label,161,"{""shrinkage"": 0.5, ""solver"": ""lsqr""}",ok,
2024-06-24,2024-06-28,483,0.0,-0.01522962,0.01188484,-0.05122358,1,0,0.03768142981048768,2024,True,lda,bottom,manual_weak_bottom_label,161,"{""shrinkage"": 0.5, ""solver"": ""lsqr""}",ok,
2024-07-01,2024-07-05,484,0.0,-0.02259793,0.01795442,-0.04637218,1,0,0.9981019196327758,2024,True,lda,bottom,manual_weak_bottom_label,161,"{""shrinkage"": 0.5, ""solver"": ""lsqr""}",ok,
2024-07-08,2024-07-12,485,0.0,-0.01396694,0.01128347,-0.05951452,1,0,0.905555411956435,2024,True,lda,bottom,manual_weak_bottom_label,161,"{""shrinkage"": 0.5, ""solver"": ""lsqr""}",ok,
2024-07-15,2024-07-19,486,0.0,-0.02461472,0.02315457,-0.04847449,1,0,0.8638797905410724,2024,True,lda,bottom,manual_weak_bottom_label,161,"{""shrinkage"": 0.5, ""solver"": ""lsqr""}",ok,
2024-07-22,2024-07-26,487,0.0,-0.00987414,0.04912315,-0.01733807,1,0,0.2010459368255627,2024,True,lda,bottom,manual_weak_bottom_label,161,"{""shrinkage"": 0.5, ""solver"": ""lsqr""}",ok,
2024-07-29,2024-08-02,488,0.0,-0.06539548,0.00929356,-0.07216986,1,0,0.0008564240932944744,2024,True,lda,bottom,manual_weak_bottom_label,161,"{""shrinkage"": 0.5, ""solver"": ""lsqr""}",ok,
2024-08-05,2024-08-09,489,0.0,-0.01561322,0.00871470,-0.05639834,1,0,0.004138067078138769,2024,True,lda,bottom,manual_weak_bottom_label,161,"{""shrinkage"": 0.5, ""solver"": ""lsqr""}",ok,
2024-08-12,2024-08-16,490,0.0,-0.03166539,0.01254561,-0.04685338,1,0,0.04799171553372064,2024,True,lda,bottom,manual_weak_bottom_label,161,"{""shrinkage"": 0.5, ""solver"": ""lsqr""}",ok,
2024-08-19,2024-08-23,491,1.0,-0.01827602,0.04352748,-0.02103688,1,0,0.005999982465078554,2024,True,lda,bottom,manual_weak_bottom_label,161,"{""shrinkage"": 0.5, ""solver"": ""lsqr""}",ok,
2024-08-26,2024-08-30,492,1.0,-0.03585062,0.00139221,-0.06202012,1,0,0.004582238204350118,2024,True,lda,bottom,manual_weak_bottom_label,161,"{""shrinkage"": 0.5, ""solver"": ""lsqr""}",ok,
2024-09-02,2024-09-06,493,1.0,0.13934810,0.14558137,-0.03682578,1,0,0.29258964979433777,2024,True,lda,bottom,manual_weak_bottom_label,161,"{""shrinkage"": 0.5, ""solver"": ""lsqr""}",ok,
2024-09-09,2024-09-13,494,1.0,0.29358353,0.29896331,-0.01608316,1,0,0.5044102262390684,2024,True,lda,bottom,manual_weak_bottom_label,161,"{""shrinkage"": 0.5, ""solver"": ""lsqr""}",ok,
2024-09-18,2024-09-20,495,1.0,0.21360653,0.44221366,-0.00389079,1,0,0.0770330475683522,2024,True,lda,bottom,manual_weak_bottom_label,161,"{""shrinkage"": 0.5, ""solver"": ""lsqr""}",ok,
2024-10-08,2024-10-11,498,0.0,0.09479360,0.13749867,-0.01298452,1,1,0.0011359500882215934,2024,True,lda,bottom,manual_weak_bottom_label,161,"{""shrinkage"": 0.5, ""solver"": ""lsqr""}",ok,
2024-01-02,2024-01-05,459,0.0,-0.07153941,-0.00200077,-0.12972406,1,0,1.0,2024,True,qda,bottom,manual_weak_bottom_label,161,"{""reg_param"": 0.2}",ok,
2024-01-08,2024-01-12,460,0.0,-0.17935694,0.00585542,-0.20498331,1,0,1.0,2024,True,qda,bottom,manual_weak_bottom_label,161,"{""reg_param"": 0.2}",ok,
2024-01-15,2024-01-19,461,0.0,-0.05914487,0.00864144,-0.21274656,1,0,0.9999999983307297,2024,True,qda,bottom,manual_weak_bottom_label,161,"{""reg_param"": 0.2}",ok,
2024-01-22,2024-01-26,462,0.0,-0.00836755,0.00609249,-0.20718609,1,0,1.0,2024,True,qda,bottom,manual_weak_bottom_label,161,"{""reg_param"": 0.2}",ok,
2024-01-29,2024-02-02,463,0.0,0.18083713,0.19748248,-0.08672234,1,0,1.0,2024,True,qda,bottom,manual_weak_bottom_label,161,"{""reg_param"": 0.2}",ok,
2024-02-05,2024-02-08,464,0.0,0.07555759,0.09713014,-0.00856721,1,1,1.0,2024,True,qda,bottom,manual_weak_bottom_label,161,"{""reg_param"": 0.2}",ok,
2024-03-04,2024-03-08,467,0.0,0.01319983,0.05960164,-0.02013864,1,0,1.0,2024,True,qda,bottom,manual_weak_bottom_label,161,"{""reg_param"": 0.2}",ok,
2024-06-03,2024-06-07,480,0.0,-0.04998460,0.01714922,-0.06626200,1,0,1.0,2024,True,qda,bottom,manual_weak_bottom_label,161,"{""reg_param"": 0.2}",ok,
2024-06-11,2024-06-14,481,0.0,-0.07139199,0.01183558,-0.09048728,1,0,1.0,2024,True,qda,bottom,manual_weak_bottom_label,161,"{""reg_param"": 0.2}",ok,
2024-06-17,2024-06-21,482,0.0,-0.03507445,-0.00506435,-0.08112937,1,0,1.0,2024,True,qda,bottom,manual_weak_bottom_label,161,"{""reg_param"": 0.2}",ok,
2024-06-24,2024-06-28,483,0.0,-0.01522962,0.01188484,-0.05122358,1,0,1.0,2024,True,qda,bottom,manual_weak_bottom_label,161,"{""reg_param"": 0.2}",ok,
2024-07-01,2024-07-05,484,0.0,-0.02259793,0.01795442,-0.04637218,1,0,1.0,2024,True,qda,bottom,manual_weak_bottom_label,161,"{""reg_param"": 0.2}",ok,
2024-07-08,2024-07-12,485,0.0,-0.01396694,0.01128347,-0.05951452,1,0,1.0,2024,True,qda,bottom,manual_weak_bottom_label,161,"{""reg_param"": 0.2}",ok,
2024-07-15,2024-07-19,486,0.0,-0.02461472,0.02315457,-0.04847449,1,0,1.0,2024,True,qda,bottom,manual_weak_bottom_label,161,"{""reg_param"": 0.2}",ok,
2024-07-22,2024-07-26,487,0.0,-0.00987414,0.04912315,-0.01733807,1,0,1.0,2024,True,qda,bottom,manual_weak_bottom_label,161,"{""reg_param"": 0.2}",ok,
2024-07-29,2024-08-02,488,0.0,-0.06539548,0.00929356,-0.07216986,1,0,1.0,2024,True,qda,bottom,manual_weak_bottom_label,161,"{""reg_param"": 0.2}",ok,
2024-08-05,2024-08-09,489,0.0,-0.01561322,0.00871470,-0.05639834,1,0,1.0,2024,True,qda,bottom,manual_weak_bottom_label,161,"{""reg_param"": 0.2}",ok,
2024-08-12,2024-08-16,490,0.0,-0.03166539,0.01254561,-0.04685338,1,0,1.0,2024,True,qda,bottom,manual_weak_bottom_label,161,"{""reg_param"": 0.2}",ok,
2024-08-19,2024-08-23,491,1.0,-0.01827602,0.04352748,-0.02103688,1,0,1.0,2024,True,qda,bottom,manual_weak_bottom_label,161,"{""reg_param"": 0.2}",ok,
2024-08-26,2024-08-30,492,1.0,-0.03585062,0.00139221,-0.06202012,1,0,1.0,2024,True,qda,bottom,manual_weak_bottom_label,161,"{""reg_param"": 0.2}",ok,
2024-09-02,2024-09-06,493,1.0,0.13934810,0.14558137,-0.03682578,1,0,1.0,2024,True,qda,bottom,manual_weak_bottom_label,161,"{""reg_param"": 0.2}",ok,
2024-09-09,2024-09-13,494,1.0,0.29358353,0.29896331,-0.01608316,1,0,1.0,2024,True,qda,bottom,manual_weak_bottom_label,161,"{""reg_param"": 0.2}",ok,
2024-09-18,2024-09-20,495,1.0,0.21360653,0.44221366,-0.00389079,1,0,1.0,2024,True,qda,bottom,manual_weak_bottom_label,161,"{""reg_param"": 0.2}",ok,
2024-10-08,2024-10-11,498,0.0,0.09479360,0.13749867,-0.01298452,1,1,1.0,2024,True,qda,bottom,manual_weak_bottom_label,161,"{""reg_param"": 0.2}",ok,
2024-01-02,2024-01-05,459,0.0,-0.07153941,-0.00200077,-0.12972406,1,0,0.010840433786981359,2024,True,lightgbm,bottom,manual_weak_bottom_label,161,"{""balanced_bagging"": true, ""is_unbalance"": false, ""learning_rate"": 0.04, ""max_depth"": 3, ""min_child_samples"": 8, ""n_estimators"": 180, ""negative_sample_ratio"": 3.0, ""num_leaves"": 7}",ok,
2024-01-08,2024-01-12,460,0.0,-0.17935694,0.00585542,-0.20498331,1,0,0.009554151084144785,2024,True,lightgbm,bottom,manual_weak_bottom_label,161,"{""balanced_bagging"": true, ""is_unbalance"": false, ""learning_rate"": 0.04, ""max_depth"": 3, ""min_child_samples"": 8, ""n_estimators"": 180, ""negative_sample_ratio"": 3.0, ""num_leaves"": 7}",ok,
2024-01-15,2024-01-19,461,0.0,-0.05914487,0.00864144,-0.21274656,1,0,0.05166631370926886,2024,True,lightgbm,bottom,manual_weak_bottom_label,161,"{""balanced_bagging"": true, ""is_unbalance"": false, ""learning_rate"": 0.04, ""max_depth"": 3, ""min_child_samples"": 8, ""n_estimators"": 180, ""negative_sample_ratio"": 3.0, ""num_leaves"": 7}",ok,
2024-01-22,2024-01-26,462,0.0,-0.00836755,0.00609249,-0.20718609,1,0,0.33766491108253066,2024,True,lightgbm,bottom,manual_weak_bottom_label,161,"{""balanced_bagging"": true, ""is_unbalance"": false, ""learning_rate"": 0.04, ""max_depth"": 3, ""min_child_samples"": 8, ""n_estimators"": 180, ""negative_sample_ratio"": 3.0, ""num_leaves"": 7}",ok,
2024-01-29,2024-02-02,463,0.0,0.18083713,0.19748248,-0.08672234,1,0,0.5354039709788965,2024,True,lightgbm,bottom,manual_weak_bottom_label,161,"{""balanced_bagging"": true, ""is_unbalance"": false, ""learning_rate"": 0.04, ""max_depth"": 3, ""min_child_samples"": 8, ""n_estimators"": 180, ""negative_sample_ratio"": 3.0, ""num_leaves"": 7}",ok,
2024-02-05,2024-02-08,464,0.0,0.07555759,0.09713014,-0.00856721,1,1,0.8440425676717958,2024,True,lightgbm,bottom,manual_weak_bottom_label,161,"{""balanced_bagging"": true, ""is_unbalance"": false, ""learning_rate"": 0.04, ""max_depth"": 3, ""min_child_samples"": 8, ""n_estimators"": 180, ""negative_sample_ratio"": 3.0, ""num_leaves"": 7}",ok,
2024-03-04,2024-03-08,467,0.0,0.01319983,0.05960164,-0.02013864,1,0,0.006166829188180128,2024,True,lightgbm,bottom,manual_weak_bottom_label,161,"{""balanced_bagging"": true, ""is_unbalance"": false, ""learning_rate"": 0.04, ""max_depth"": 3, ""min_child_samples"": 8, ""n_estimators"": 180, ""negative_sample_ratio"": 3.0, ""num_leaves"": 7}",ok,
2024-06-03,2024-06-07,480,0.0,-0.04998460,0.01714922,-0.06626200,1,0,0.07011121076386702,2024,True,lightgbm,bottom,manual_weak_bottom_label,161,"{""balanced_bagging"": true, ""is_unbalance"": false, ""learning_rate"": 0.04, ""max_depth"": 3, ""min_child_samples"": 8, ""n_estimators"": 180, ""negative_sample_ratio"": 3.0, ""num_leaves"": 7}",ok,
2024-06-11,2024-06-14,481,0.0,-0.07139199,0.01183558,-0.09048728,1,0,0.1624367346539444,2024,True,lightgbm,bottom,manual_weak_bottom_label,161,"{""balanced_bagging"": true, ""is_unbalance"": false, ""learning_rate"": 0.04, ""max_depth"": 3, ""min_child_samples"": 8, ""n_estimators"": 180, ""negative_sample_ratio"": 3.0, ""num_leaves"": 7}",ok,
2024-06-17,2024-06-21,482,0.0,-0.03507445,-0.00506435,-0.08112937,1,0,0.032076508139406344,2024,True,lightgbm,bottom,manual_weak_bottom_label,161,"{""balanced_bagging"": true, ""is_unbalance"": false, ""learning_rate"": 0.04, ""max_depth"": 3, ""min_child_samples"": 8, ""n_estimators"": 180, ""negative_sample_ratio"": 3.0, ""num_leaves"": 7}",ok,
2024-06-24,2024-06-28,483,0.0,-0.01522962,0.01188484,-0.05122358,1,0,0.12426596631768604,2024,True,lightgbm,bottom,manual_weak_bottom_label,161,"{""balanced_bagging"": true, ""is_unbalance"": false, ""learning_rate"": 0.04, ""max_depth"": 3, ""min_child_samples"": 8, ""n_estimators"": 180, ""negative_sample_ratio"": 3.0, ""num_leaves"": 7}",ok,
2024-07-01,2024-07-05,484,0.0,-0.02259793,0.01795442,-0.04637218,1,0,0.20838239690364807,2024,True,lightgbm,bottom,manual_weak_bottom_label,161,"{""balanced_bagging"": true, ""is_unbalance"": false, ""learning_rate"": 0.04, ""max_depth"": 3, ""min_child_samples"": 8, ""n_estimators"": 180, ""negative_sample_ratio"": 3.0, ""num_leaves"": 7}",ok,
2024-07-08,2024-07-12,485,0.0,-0.01396694,0.01128347,-0.05951452,1,0,0.394904174900828,2024,True,lightgbm,bottom,manual_weak_bottom_label,161,"{""balanced_bagging"": true, ""is_unbalance"": false, ""learning_rate"": 0.04, ""max_depth"": 3, ""min_child_samples"": 8, ""n_estimators"": 180, ""negative_sample_ratio"": 3.0, ""num_leaves"": 7}",ok,
2024-07-15,2024-07-19,486,0.0,-0.02461472,0.02315457,-0.04847449,1,0,0.7933918003124435,2024,True,lightgbm,bottom,manual_weak_bottom_label,161,"{""balanced_bagging"": true, ""is_unbalance"": false, ""learning_rate"": 0.04, ""max_depth"": 3, ""min_child_samples"": 8, ""n_estimators"": 180, ""negative_sample_ratio"": 3.0, ""num_leaves"": 7}",ok,
2024-07-22,2024-07-26,487,0.0,-0.00987414,0.04912315,-0.01733807,1,0,0.26512976313661285,2024,True,lightgbm,bottom,manual_weak_bottom_label,161,"{""balanced_bagging"": true, ""is_unbalance"": false, ""learning_rate"": 0.04, ""max_depth"": 3, ""min_child_samples"": 8, ""n_estimators"": 180, ""negative_sample_ratio"": 3.0, ""num_leaves"": 7}",ok,
2024-07-29,2024-08-02,488,0.0,-0.06539548,0.00929356,-0.07216986,1,0,0.08151289212392647,2024,True,lightgbm,bottom,manual_weak_bottom_label,161,"{""balanced_bagging"": true, ""is_unbalance"": false, ""learning_rate"": 0.04, ""max_depth"": 3, ""min_child_samples"": 8, ""n_estimators"": 180, ""negative_sample_ratio"": 3.0, ""num_leaves"": 7}",ok,
2024-08-05,2024-08-09,489,0.0,-0.01561322,0.00871470,-0.05639834,1,0,0.1116890461773603,2024,True,lightgbm,bottom,manual_weak_bottom_label,161,"{""balanced_bagging"": true, ""is_unbalance"": false, ""learning_rate"": 0.04, ""max_depth"": 3, ""min_child_samples"": 8, ""n_estimators"": 180, ""negative_sample_ratio"": 3.0, ""num_leaves"": 7}",ok,
2024-08-12,2024-08-16,490,0.0,-0.03166539,0.01254561,-0.04685338,1,0,0.04816385195235177,2024,True,lightgbm,bottom,manual_weak_bottom_label,161,"{""balanced_bagging"": true, ""is_unbalance"": false, ""learning_rate"": 0.04, ""max_depth"": 3, ""min_child_samples"": 8, ""n_estimators"": 180, ""negative_sample_ratio"": 3.0, ""num_leaves"": 7}",ok,
2024-08-19,2024-08-23,491,1.0,-0.01827602,0.04352748,-0.02103688,1,0,0.20554383203080615,2024,True,lightgbm,bottom,manual_weak_bottom_label,161,"{""balanced_bagging"": true, ""is_unbalance"": false, ""learning_rate"": 0.04, ""max_depth"": 3, ""min_child_samples"": 8, ""n_estimators"": 180, ""negative_sample_ratio"": 3.0, ""num_leaves"": 7}",ok,
2024-08-26,2024-08-30,492,1.0,-0.03585062,0.00139221,-0.06202012,1,0,0.0366535367218329,2024,True,lightgbm,bottom,manual_weak_bottom_label,161,"{""balanced_bagging"": true, ""is_unbalance"": false, ""learning_rate"": 0.04, ""max_depth"": 3, ""min_child_samples"": 8, ""n_estimators"": 180, ""negative_sample_ratio"": 3.0, ""num_leaves"": 7}",ok,
2024-09-02,2024-09-06,493,1.0,0.13934810,0.14558137,-0.03682578,1,0,0.1630088552493221,2024,True,lightgbm,bottom,manual_weak_bottom_label,161,"{""balanced_bagging"": true, ""is_unbalance"": false, ""learning_rate"": 0.04, ""max_depth"": 3, ""min_child_samples"": 8, ""n_estimators"": 180, ""negative_sample_ratio"": 3.0, ""num_leaves"": 7}",ok,
2024-09-09,2024-09-13,494,1.0,0.29358353,0.29896331,-0.01608316,1,0,0.320724821388816,2024,True,lightgbm,bottom,manual_weak_bottom_label,161,"{""balanced_bagging"": true, ""is_unbalance"": false, ""learning_rate"": 0.04, ""max_depth"": 3, ""min_child_samples"": 8, ""n_estimators"": 180, ""negative_sample_ratio"": 3.0, ""num_leaves"": 7}",ok,
2024-09-18,2024-09-20,495,1.0,0.21360653,0.44221366,-0.00389079,1,0,0.04994138069336196,2024,True,lightgbm,bottom,manual_weak_bottom_label,161,"{""balanced_bagging"": true, ""is_unbalance"": false, ""learning_rate"": 0.04, ""max_depth"": 3, ""min_child_samples"": 8, ""n_estimators"": 180, ""negative_sample_ratio"": 3.0, ""num_leaves"": 7}",ok,
2024-10-08,2024-10-11,498,0.0,0.09479360,0.13749867,-0.01298452,1,1,0.19126094497591914,2024,True,lightgbm,bottom,manual_weak_bottom_label,161,"{""balanced_bagging"": true, ""is_unbalance"": false, ""learning_rate"": 0.04, ""max_depth"": 3, ""min_child_samples"": 8, ""n_estimators"": 180, ""negative_sample_ratio"": 3.0, ""num_leaves"": 7}",ok,
2024-01-02,2024-01-05,459,0.0,-0.07153941,-0.00200077,-0.12972406,1,0,0.09739913791418076,2024,True,bp,bottom,manual_weak_bottom_label,161,"{""dropout"": 0.1, ""focal_alpha"": 0.75, ""focal_gamma"": 2.0, ""hidden_layers"": [48, 24], ""learning_rate"": 0.001, ""max_epochs"": 160, ""patience"": 18}",ok,
2024-01-08,2024-01-12,460,0.0,-0.17935694,0.00585542,-0.20498331,1,0,0.09523534774780273,2024,True,bp,bottom,manual_weak_bottom_label,161,"{""dropout"": 0.1, ""focal_alpha"": 0.75, ""focal_gamma"": 2.0, ""hidden_layers"": [48, 24], ""learning_rate"": 0.001, ""max_epochs"": 160, ""patience"": 18}",ok,
2024-01-15,2024-01-19,461,0.0,-0.05914487,0.00864144,-0.21274656,1,0,0.09662900865077972,2024,True,bp,bottom,manual_weak_bottom_label,161,"{""dropout"": 0.1, ""focal_alpha"": 0.75, ""focal_gamma"": 2.0, ""hidden_layers"": [48, 24], ""learning_rate"": 0.001, ""max_epochs"": 160, ""patience"": 18}",ok,
2024-01-22,2024-01-26,462,0.0,-0.00836755,0.00609249,-0.20718609,1,0,0.11531474441289902,2024,True,bp,bottom,manual_weak_bottom_label,161,"{""dropout"": 0.1, ""focal_alpha"": 0.75, ""focal_gamma"": 2.0, ""hidden_layers"": [48, 24], ""learning_rate"": 0.001, ""max_epochs"": 160, ""patience"": 18}",ok,
2024-01-29,2024-02-02,463,0.0,0.18083713,0.19748248,-0.08672234,1,0,0.13684019446372986,2024,True,bp,bottom,manual_weak_bottom_label,161,"{""dropout"": 0.1, ""focal_alpha"": 0.75, ""focal_gamma"": 2.0, ""hidden_layers"": [48, 24], ""learning_rate"": 0.001, ""max_epochs"": 160, ""patience"": 18}",ok,
2024-02-05,2024-02-08,464,0.0,0.07555759,0.09713014,-0.00856721,1,1,0.1709555983543396,2024,True,bp,bottom,manual_weak_bottom_label,161,"{""dropout"": 0.1, ""focal_alpha"": 0.75, ""focal_gamma"": 2.0, ""hidden_layers"": [48, 24], ""learning_rate"": 0.001, ""max_epochs"": 160, ""patience"": 18}",ok,
2024-03-04,2024-03-08,467,0.0,0.01319983,0.05960164,-0.02013864,1,0,0.11732813715934753,2024,True,bp,bottom,manual_weak_bottom_label,161,"{""dropout"": 0.1, ""focal_alpha"": 0.75, ""focal_gamma"": 2.0, ""hidden_layers"": [48, 24], ""learning_rate"": 0.001, ""max_epochs"": 160, ""patience"": 18}",ok,
2024-06-03,2024-06-07,480,0.0,-0.04998460,0.01714922,-0.06626200,1,0,0.13645075261592865,2024,True,bp,bottom,manual_weak_bottom_label,161,"{""dropout"": 0.1, ""focal_alpha"": 0.75, ""focal_gamma"": 2.0, ""hidden_layers"": [48, 24], ""learning_rate"": 0.001, ""max_epochs"": 160, ""patience"": 18}",ok,
2024-06-11,2024-06-14,481,0.0,-0.07139199,0.01183558,-0.09048728,1,0,0.11832470446825027,2024,True,bp,bottom,manual_weak_bottom_label,161,"{""dropout"": 0.1, ""focal_alpha"": 0.75, ""focal_gamma"": 2.0, ""hidden_layers"": [48, 24], ""learning_rate"": 0.001, ""max_epochs"": 160, ""patience"": 18}",ok,
2024-06-17,2024-06-21,482,0.0,-0.03507445,-0.00506435,-0.08112937,1,0,0.16367116570472717,2024,True,bp,bottom,manual_weak_bottom_label,161,"{""dropout"": 0.1, ""focal_alpha"": 0.75, ""focal_gamma"": 2.0, ""hidden_layers"": [48, 24], ""learning_rate"": 0.001, ""max_epochs"": 160, ""patience"": 18}",ok,
2024-06-24,2024-06-28,483,0.0,-0.01522962,0.01188484,-0.05122358,1,0,0.13908495008945465,2024,True,bp,bottom,manual_weak_bottom_label,161,"{""dropout"": 0.1, ""focal_alpha"": 0.75, ""focal_gamma"": 2.0, ""hidden_layers"": [48, 24], ""learning_rate"": 0.001, ""max_epochs"": 160, ""patience"": 18}",ok,
2024-07-01,2024-07-05,484,0.0,-0.02259793,0.01795442,-0.04637218,1,0,0.45715153217315674,2024,True,bp,bottom,manual_weak_bottom_label,161,"{""dropout"": 0.1, ""focal_alpha"": 0.75, ""focal_gamma"": 2.0, ""hidden_layers"": [48, 24], ""learning_rate"": 0.001, ""max_epochs"": 160, ""patience"": 18}",ok,
2024-07-08,2024-07-12,485,0.0,-0.01396694,0.01128347,-0.05951452,1,0,0.23742349445819855,2024,True,bp,bottom,manual_weak_bottom_label,161,"{""dropout"": 0.1, ""focal_alpha"": 0.75, ""focal_gamma"": 2.0, ""hidden_layers"": [48, 24], ""learning_rate"": 0.001, ""max_epochs"": 160, ""patience"": 18}",ok,
2024-07-15,2024-07-19,486,0.0,-0.02461472,0.02315457,-0.04847449,1,0,0.16403909027576447,2024,True,bp,bottom,manual_weak_bottom_label,161,"{""dropout"": 0.1, ""focal_alpha"": 0.75, ""focal_gamma"": 2.0, ""hidden_layers"": [48, 24], ""learning_rate"": 0.001, ""max_epochs"": 160, ""patience"": 18}",ok,
2024-07-22,2024-07-26,487,0.0,-0.00987414,0.04912315,-0.01733807,1,0,0.1663101315498352,2024,True,bp,bottom,manual_weak_bottom_label,161,"{""dropout"": 0.1, ""focal_alpha"": 0.75, ""focal_gamma"": 2.0, ""hidden_layers"": [48, 24], ""learning_rate"": 0.001, ""max_epochs"": 160, ""patience"": 18}",ok,
2024-07-29,2024-08-02,488,0.0,-0.06539548,0.00929356,-0.07216986,1,0,0.09452682733535767,2024,True,bp,bottom,manual_weak_bottom_label,161,"{""dropout"": 0.1, ""focal_alpha"": 0.75, ""focal_gamma"": 2.0, ""hidden_layers"": [48, 24], ""learning_rate"": 0.001, ""max_epochs"": 160, ""patience"": 18}",ok,
2024-08-05,2024-08-09,489,0.0,-0.01561322,0.00871470,-0.05639834,1,0,0.10806144028902054,2024,True,bp,bottom,manual_weak_bottom_label,161,"{""dropout"": 0.1, ""focal_alpha"": 0.75, ""focal_gamma"": 2.0, ""hidden_layers"": [48, 24], ""learning_rate"": 0.001, ""max_epochs"": 160, ""patience"": 18}",ok,
2024-08-12,2024-08-16,490,0.0,-0.03166539,0.01254561,-0.04685338,1,0,0.13228633999824524,2024,True,bp,bottom,manual_weak_bottom_label,161,"{""dropout"": 0.1, ""focal_alpha"": 0.75, ""focal_gamma"": 2.0, ""hidden_layers"": [48, 24], ""learning_rate"": 0.001, ""max_epochs"": 160, ""patience"": 18}",ok,
2024-08-19,2024-08-23,491,1.0,-0.01827602,0.04352748,-0.02103688,1,0,0.09610134363174438,2024,True,bp,bottom,manual_weak_bottom_label,161,"{""dropout"": 0.1, ""focal_alpha"": 0.75, ""focal_gamma"": 2.0, ""hidden_layers"": [48, 24], ""learning_rate"": 0.001, ""max_epochs"": 160, ""patience"": 18}",ok,
2024-08-26,2024-08-30,492,1.0,-0.03585062,0.00139221,-0.06202012,1,0,0.09541887789964676,2024,True,bp,bottom,manual_weak_bottom_label,161,"{""dropout"": 0.1, ""focal_alpha"": 0.75, ""focal_gamma"": 2.0, ""hidden_layers"": [48, 24], ""learning_rate"": 0.001, ""max_epochs"": 160, ""patience"": 18}",ok,
2024-09-02,2024-09-06,493,1.0,0.13934810,0.14558137,-0.03682578,1,0,0.12054947763681412,2024,True,bp,bottom,manual_weak_bottom_label,161,"{""dropout"": 0.1, ""focal_alpha"": 0.75, ""focal_gamma"": 2.0, ""hidden_layers"": [48, 24], ""learning_rate"": 0.001, ""max_epochs"": 160, ""patience"": 18}",ok,
2024-09-09,2024-09-13,494,1.0,0.29358353,0.29896331,-0.01608316,1,0,0.14248652756214142,2024,True,bp,bottom,manual_weak_bottom_label,161,"{""dropout"": 0.1, ""focal_alpha"": 0.75, ""focal_gamma"": 2.0, ""hidden_layers"": [48, 24], ""learning_rate"": 0.001, ""max_epochs"": 160, ""patience"": 18}",ok,
2024-09-18,2024-09-20,495,1.0,0.21360653,0.44221366,-0.00389079,1,0,0.15831874310970306,2024,True,bp,bottom,manual_weak_bottom_label,161,"{""dropout"": 0.1, ""focal_alpha"": 0.75, ""focal_gamma"": 2.0, ""hidden_layers"": [48, 24], ""learning_rate"": 0.001, ""max_epochs"": 160, ""patience"": 18}",ok,
2024-10-08,2024-10-11,498,0.0,0.09479360,0.13749867,-0.01298452,1,1,0.11244765669107437,2024,True,bp,bottom,manual_weak_bottom_label,161,"{""dropout"": 0.1, ""focal_alpha"": 0.75, ""focal_gamma"": 2.0, ""hidden_layers"": [48, 24], ""learning_rate"": 0.001, ""max_epochs"": 160, ""patience"": 18}",ok,
2024-01-02,2024-01-05,459,0.0,-0.07153941,-0.00200077,-0.12972406,1,0,0.284359988736557,2024,True,mlp,bottom,manual_weak_bottom_label,161,"{""alpha"": 0.0001, ""hidden_layer_sizes"": [48, 24], ""learning_rate_init"": 0.001, ""max_iter"": 600, ""negative_sample_ratio"": 3.0}",ok,
2024-01-08,2024-01-12,460,0.0,-0.17935694,0.00585542,-0.20498331,1,0,0.16187601138581864,2024,True,mlp,bottom,manual_weak_bottom_label,161,"{""alpha"": 0.0001, ""hidden_layer_sizes"": [48, 24], ""learning_rate_init"": 0.001, ""max_iter"": 600, ""negative_sample_ratio"": 3.0}",ok,
2024-01-15,2024-01-19,461,0.0,-0.05914487,0.00864144,-0.21274656,1,0,0.29648870185080095,2024,True,mlp,bottom,manual_weak_bottom_label,161,"{""alpha"": 0.0001, ""hidden_layer_sizes"": [48, 24], ""learning_rate_init"": 0.001, ""max_iter"": 600, ""negative_sample_ratio"": 3.0}",ok,
2024-01-22,2024-01-26,462,0.0,-0.00836755,0.00609249,-0.20718609,1,0,0.3473801905373615,2024,True,mlp,bottom,manual_weak_bottom_label,161,"{""alpha"": 0.0001, ""hidden_layer_sizes"": [48, 24], ""learning_rate_init"": 0.001, ""max_iter"": 600, ""negative_sample_ratio"": 3.0}",ok,
2024-01-29,2024-02-02,463,0.0,0.18083713,0.19748248,-0.08672234,1,0,0.2996107661721736,2024,True,mlp,bottom,manual_weak_bottom_label,161,"{""alpha"": 0.0001, ""hidden_layer_sizes"": [48, 24], ""learning_rate_init"": 0.001, ""max_iter"": 600, ""negative_sample_ratio"": 3.0}",ok,
2024-02-05,2024-02-08,464,0.0,0.07555759,0.09713014,-0.00856721,1,1,0.2964358118256015,2024,True,mlp,bottom,manual_weak_bottom_label,161,"{""alpha"": 0.0001, ""hidden_layer_sizes"": [48, 24], ""learning_rate_init"": 0.001, ""max_iter"": 600, ""negative_sample_ratio"": 3.0}",ok,
2024-03-04,2024-03-08,467,0.0,0.01319983,0.05960164,-0.02013864,1,0,0.08865921785968162,2024,True,mlp,bottom,manual_weak_bottom_label,161,"{""alpha"": 0.0001, ""hidden_layer_sizes"": [48, 24], ""learning_rate_init"": 0.001, ""max_iter"": 600, ""negative_sample_ratio"": 3.0}",ok,
2024-06-03,2024-06-07,480,0.0,-0.04998460,0.01714922,-0.06626200,1,0,0.055080320768759065,2024,True,mlp,bottom,manual_weak_bottom_label,161,"{""alpha"": 0.0001, ""hidden_layer_sizes"": [48, 24], ""learning_rate_init"": 0.001, ""max_iter"": 600, ""negative_sample_ratio"": 3.0}",ok,
2024-06-11,2024-06-14,481,0.0,-0.07139199,0.01183558,-0.09048728,1,0,0.0523882350035911,2024,True,mlp,bottom,manual_weak_bottom_label,161,"{""alpha"": 0.0001, ""hidden_layer_sizes"": [48, 24], ""learning_rate_init"": 0.001, ""max_iter"": 600, ""negative_sample_ratio"": 3.0}",ok,
2024-06-17,2024-06-21,482,0.0,-0.03507445,-0.00506435,-0.08112937,1,0,0.015297091903900955,2024,True,mlp,bottom,manual_weak_bottom_label,161,"{""alpha"": 0.0001, ""hidden_layer_sizes"": [48, 24], ""learning_rate_init"": 0.001, ""max_iter"": 600, ""negative_sample_ratio"": 3.0}",ok,
2024-06-24,2024-06-28,483,0.0,-0.01522962,0.01188484,-0.05122358,1,0,0.08195510985948558,2024,True,mlp,bottom,manual_weak_bottom_label,161,"{""alpha"": 0.0001, ""hidden_layer_sizes"": [48, 24], ""learning_rate_init"": 0.001, ""max_iter"": 600, ""negative_sample_ratio"": 3.0}",ok,
2024-07-01,2024-07-05,484,0.0,-0.02259793,0.01795442,-0.04637218,1,0,0.022647970109263692,2024,True,mlp,bottom,manual_weak_bottom_label,161,"{""alpha"": 0.0001, ""hidden_layer_sizes"": [48, 24], ""learning_rate_init"": 0.001, ""max_iter"": 600, ""negative_sample_ratio"": 3.0}",ok,
2024-07-08,2024-07-12,485,0.0,-0.01396694,0.01128347,-0.05951452,1,0,0.04982674391888648,2024,True,mlp,bottom,manual_weak_bottom_label,161,"{""alpha"": 0.0001, ""hidden_layer_sizes"": [48, 24], ""learning_rate_init"": 0.001, ""max_iter"": 600, ""negative_sample_ratio"": 3.0}",ok,
2024-07-15,2024-07-19,486,0.0,-0.02461472,0.02315457,-0.04847449,1,0,0.09057800257807935,2024,True,mlp,bottom,manual_weak_bottom_label,161,"{""alpha"": 0.0001, ""hidden_layer_sizes"": [48, 24], ""learning_rate_init"": 0.001, ""max_iter"": 600, ""negative_sample_ratio"": 3.0}",ok,
2024-07-22,2024-07-26,487,0.0,-0.00987414,0.04912315,-0.01733807,1,0,0.17003969742354025,2024,True,mlp,bottom,manual_weak_bottom_label,161,"{""alpha"": 0.0001, ""hidden_layer_sizes"": [48, 24], ""learning_rate_init"": 0.001, ""max_iter"": 600, ""negative_sample_ratio"": 3.0}",ok,
2024-07-29,2024-08-02,488,0.0,-0.06539548,0.00929356,-0.07216986,1,0,0.2364691547631424,2024,True,mlp,bottom,manual_weak_bottom_label,161,"{""alpha"": 0.0001, ""hidden_layer_sizes"": [48, 24], ""learning_rate_init"": 0.001, ""max_iter"": 600, ""negative_sample_ratio"": 3.0}",ok,
2024-08-05,2024-08-09,489,0.0,-0.01561322,0.00871470,-0.05639834,1,0,0.21266216936906798,2024,True,mlp,bottom,manual_weak_bottom_label,161,"{""alpha"": 0.0001, ""hidden_layer_sizes"": [48, 24], ""learning_rate_init"": 0.001, ""max_iter"": 600, ""negative_sample_ratio"": 3.0}",ok,
2024-08-12,2024-08-16,490,0.0,-0.03166539,0.01254561,-0.04685338,1,0,0.11733970779298025,2024,True,mlp,bottom,manual_weak_bottom_label,161,"{""alpha"": 0.0001, ""hidden_layer_sizes"": [48, 24], ""learning_rate_init"": 0.001, ""max_iter"": 600, ""negative_sample_ratio"": 3.0}",ok,
2024-08-19,2024-08-23,491,1.0,-0.01827602,0.04352748,-0.02103688,1,0,0.27625238129286583,2024,True,mlp,bottom,manual_weak_bottom_label,161,"{""alpha"": 0.0001, ""hidden_layer_sizes"": [48, 24], ""learning_rate_init"": 0.001, ""max_iter"": 600, ""negative_sample_ratio"": 3.0}",ok,
2024-08-26,2024-08-30,492,1.0,-0.03585062,0.00139221,-0.06202012,1,0,0.23478917139782385,2024,True,mlp,bottom,manual_weak_bottom_label,161,"{""alpha"": 0.0001, ""hidden_layer_sizes"": [48, 24], ""learning_rate_init"": 0.001, ""max_iter"": 600, ""negative_sample_ratio"": 3.0}",ok,
2024-09-02,2024-09-06,493,1.0,0.13934810,0.14558137,-0.03682578,1,0,0.11508373025478141,2024,True,mlp,bottom,manual_weak_bottom_label,161,"{""alpha"": 0.0001, ""hidden_layer_sizes"": [48, 24], ""learning_rate_init"": 0.001, ""max_iter"": 600, ""negative_sample_ratio"": 3.0}",ok,
2024-09-09,2024-09-13,494,1.0,0.29358353,0.29896331,-0.01608316,1,0,0.16564735915943068,2024,True,mlp,bottom,manual_weak_bottom_label,161,"{""alpha"": 0.0001, ""hidden_layer_sizes"": [48, 24], ""learning_rate_init"": 0.001, ""max_iter"": 600, ""negative_sample_ratio"": 3.0}",ok,
2024-09-18,2024-09-20,495,1.0,0.21360653,0.44221366,-0.00389079,1,0,0.24008299269482952,2024,True,mlp,bottom,manual_weak_bottom_label,161,"{""alpha"": 0.0001, ""hidden_layer_sizes"": [48, 24], ""learning_rate_init"": 0.001, ""max_iter"": 600, ""negative_sample_ratio"": 3.0}",ok,
2024-10-08,2024-10-11,498,0.0,0.09479360,0.13749867,-0.01298452,1,1,0.30993789248543685,2024,True,mlp,bottom,manual_weak_bottom_label,161,"{""alpha"": 0.0001, ""hidden_layer_sizes"": [48, 24], ""learning_rate_init"": 0.001, ""max_iter"": 600, ""negative_sample_ratio"": 3.0}",ok,
2024-01-02,2024-01-05,459,0.0,-0.07153941,-0.00200077,-0.12972406,1,0,0.10928231659968492,2024,True,svm,bottom,manual_weak_bottom_label,161,"{""C"": 1.0, ""gamma"": ""scale""}",ok,
2024-01-08,2024-01-12,460,0.0,-0.17935694,0.00585542,-0.20498331,1,0,0.09919400939298476,2024,True,svm,bottom,manual_weak_bottom_label,161,"{""C"": 1.0, ""gamma"": ""scale""}",ok,
2024-01-15,2024-01-19,461,0.0,-0.05914487,0.00864144,-0.21274656,1,0,0.10674695656716975,2024,True,svm,bottom,manual_weak_bottom_label,161,"{""C"": 1.0, ""gamma"": ""scale""}",ok,
2024-01-22,2024-01-26,462,0.0,-0.00836755,0.00609249,-0.20718609,1,0,0.2343585662590685,2024,True,svm,bottom,manual_weak_bottom_label,161,"{""C"": 1.0, ""gamma"": ""scale""}",ok,
2024-01-29,2024-02-02,463,0.0,0.18083713,0.19748248,-0.08672234,1,0,0.25707770580244943,2024,True,svm,bottom,manual_weak_bottom_label,161,"{""C"": 1.0, ""gamma"": ""scale""}",ok,
2024-02-05,2024-02-08,464,0.0,0.07555759,0.09713014,-0.00856721,1,1,0.2582265077496845,2024,True,svm,bottom,manual_weak_bottom_label,161,"{""C"": 1.0, ""gamma"": ""scale""}",ok,
2024-03-04,2024-03-08,467,0.0,0.01319983,0.05960164,-0.02013864,1,0,0.19384722038982372,2024,True,svm,bottom,manual_weak_bottom_label,161,"{""C"": 1.0, ""gamma"": ""scale""}",ok,
2024-06-03,2024-06-07,480,0.0,-0.04998460,0.01714922,-0.06626200,1,0,0.19277089490005678,2024,True,svm,bottom,manual_weak_bottom_label,161,"{""C"": 1.0, ""gamma"": ""scale""}",ok,
2024-06-11,2024-06-14,481,0.0,-0.07139199,0.01183558,-0.09048728,1,0,0.20708144532880168,2024,True,svm,bottom,manual_weak_bottom_label,161,"{""C"": 1.0, ""gamma"": ""scale""}",ok,
2024-06-17,2024-06-21,482,0.0,-0.03507445,-0.00506435,-0.08112937,1,0,0.2498589163453556,2024,True,svm,bottom,manual_weak_bottom_label,161,"{""C"": 1.0, ""gamma"": ""scale""}",ok,
2024-06-24,2024-06-28,483,0.0,-0.01522962,0.01188484,-0.05122358,1,0,0.23226456651473096,2024,True,svm,bottom,manual_weak_bottom_label,161,"{""C"": 1.0, ""gamma"": ""scale""}",ok,
2024-07-01,2024-07-05,484,0.0,-0.02259793,0.01795442,-0.04637218,1,0,0.24445675299111333,2024,True,svm,bottom,manual_weak_bottom_label,161,"{""C"": 1.0, ""gamma"": ""scale""}",ok,
2024-07-08,2024-07-12,485,0.0,-0.01396694,0.01128347,-0.05951452,1,0,0.23355163801058387,2024,True,svm,bottom,manual_weak_bottom_label,161,"{""C"": 1.0, ""gamma"": ""scale""}",ok,
2024-07-15,2024-07-19,486,0.0,-0.02461472,0.02315457,-0.04847449,1,0,0.20515789092384124,2024,True,svm,bottom,manual_weak_bottom_label,161,"{""C"": 1.0, ""gamma"": ""scale""}",ok,
2024-07-22,2024-07-26,487,0.0,-0.00987414,0.04912315,-0.01733807,1,0,0.19649049117342676,2024,True,svm,bottom,manual_weak_bottom_label,161,"{""C"": 1.0, ""gamma"": ""scale""}",ok,
2024-07-29,2024-08-02,488,0.0,-0.06539548,0.00929356,-0.07216986,1,0,0.15256447961937766,2024,True,svm,bottom,manual_weak_bottom_label,161,"{""C"": 1.0, ""gamma"": ""scale""}",ok,
2024-08-05,2024-08-09,489,0.0,-0.01561322,0.00871470,-0.05639834,1,0,0.17373640264376788,2024,True,svm,bottom,manual_weak_bottom_label,161,"{""C"": 1.0, ""gamma"": ""scale""}",ok,
2024-08-12,2024-08-16,490,0.0,-0.03166539,0.01254561,-0.04685338,1,0,0.18698563927601658,2024,True,svm,bottom,manual_weak_bottom_label,161,"{""C"": 1.0, ""gamma"": ""scale""}",ok,
2024-08-19,2024-08-23,491,1.0,-0.01827602,0.04352748,-0.02103688,1,0,0.1461511182973997,2024,True,svm,bottom,manual_weak_bottom_label,161,"{""C"": 1.0, ""gamma"": ""scale""}",ok,
2024-08-26,2024-08-30,492,1.0,-0.03585062,0.00139221,-0.06202012,1,0,0.16697660877904366,2024,True,svm,bottom,manual_weak_bottom_label,161,"{""C"": 1.0, ""gamma"": ""scale""}",ok,
2024-09-02,2024-09-06,493,1.0,0.13934810,0.14558137,-0.03682578,1,0,0.1634845650467024,2024,True,svm,bottom,manual_weak_bottom_label,161,"{""C"": 1.0, ""gamma"": ""scale""}",ok,
2024-09-09,2024-09-13,494,1.0,0.29358353,0.29896331,-0.01608316,1,0,0.19565563589282395,2024,True,svm,bottom,manual_weak_bottom_label,161,"{""C"": 1.0, ""gamma"": ""scale""}",ok,
2024-09-18,2024-09-20,495,1.0,0.21360653,0.44221366,-0.00389079,1,0,0.17990607618169072,2024,True,svm,bottom,manual_weak_bottom_label,161,"{""C"": 1.0, ""gamma"": ""scale""}",ok,
2024-10-08,2024-10-11,498,0.0,0.09479360,0.13749867,-0.01298452,1,1,0.24773806863745698,2024,True,svm,bottom,manual_weak_bottom_label,161,"{""C"": 1.0, ""gamma"": ""scale""}",ok,
2024-02-05,2024-02-08,464,,0.07555759,0.09713014,-0.00856721,1,1,0.6296910897074672,2024,True,logistic,top,manual_weak_top_label,149,"{""C"": 0.3}",ok,1.0
2024-02-26,2024-03-01,466,,0.03590303,0.05340971,-0.02199081,0,1,0.22061640395647114,2024,True,logistic,top,manual_weak_top_label,149,"{""C"": 0.3}",ok,0.0
2024-03-11,2024-03-15,468,,-0.00984908,0.02426559,-0.05281548,0,1,0.007108067488450433,2024,True,logistic,top,manual_weak_top_label,149,"{""C"": 0.3}",ok,0.0
2024-03-18,2024-03-22,469,,-0.04594733,0.00282511,-0.05962685,0,1,0.07987069661646383,2024,True,logistic,top,manual_weak_top_label,149,"{""C"": 0.3}",ok,1.0
2024-03-25,2024-03-29,470,,-0.03250552,0.02179789,-0.06934423,0,1,0.9188425110865106,2024,True,logistic,top,manual_weak_top_label,149,"{""C"": 0.3}",ok,1.0
2024-04-01,2024-04-03,471,,-0.01544976,-0.00155047,-0.07943863,0,1,0.6003793172412898,2024,True,logistic,top,manual_weak_top_label,149,"{""C"": 0.3}",ok,1.0
2024-04-08,2024-04-12,472,,0.02971865,0.03960557,-0.05147797,0,1,0.000432017183727909,2024,True,logistic,top,manual_weak_top_label,149,"{""C"": 0.3}",ok,0.0
2024-04-29,2024-04-30,475,,-0.02679852,0.02628355,-0.02679870,0,1,0.011656765335809961,2024,True,logistic,top,manual_weak_top_label,149,"{""C"": 0.3}",ok,0.0
2024-05-06,2024-05-10,476,,-0.03929187,0.00683753,-0.05007757,0,1,0.9909700817715044,2024,True,logistic,top,manual_weak_top_label,149,"{""C"": 0.3}",ok,0.0
2024-09-23,2024-09-27,496,,0.11934197,0.25322436,0.03331256,0,1,0.6651376615083554,2024,True,logistic,top,manual_weak_top_label,149,"{""C"": 0.3}",ok,0.0
2024-09-30,2024-09-30,497,,0.04660906,0.12757211,-0.06348100,0,1,3.450798478594518e-05,2024,True,logistic,top,manual_weak_top_label,149,"{""C"": 0.3}",ok,0.0
2024-10-08,2024-10-11,498,,0.09479360,0.13749867,-0.01298452,1,1,0.007452504750372677,2024,True,logistic,top,manual_weak_top_label,149,"{""C"": 0.3}",ok,0.0
2024-10-14,2024-10-18,499,,0.11717466,0.13518131,0.00319266,0,1,0.12199600985788438,2024,True,logistic,top,manual_weak_top_label,149,"{""C"": 0.3}",ok,0.0
2024-10-21,2024-10-25,500,,0.02520607,0.10732348,-0.01047631,0,1,0.458049591804139,2024,True,logistic,top,manual_weak_top_label,149,"{""C"": 0.3}",ok,0.0
2024-10-28,2024-11-01,501,,0.01690592,0.11566580,-0.00302147,0,1,0.9798247423764445,2024,True,logistic,top,manual_weak_top_label,149,"{""C"": 0.3}",ok,0.0
2024-11-04,2024-11-08,502,,-0.03642995,0.03005314,-0.08813860,0,1,0.6924042123861684,2024,True,logistic,top,manual_weak_top_label,149,"{""C"": 0.3}",ok,0.0
2024-11-11,2024-11-15,503,,0.03658600,0.04230568,-0.04383568,0,1,0.8912401237042373,2024,True,logistic,top,manual_weak_top_label,149,"{""C"": 0.3}",ok,0.0
2024-11-18,2024-11-22,504,,0.05380991,0.07750633,-0.02876898,0,1,0.9903679026295751,2024,True,logistic,top,manual_weak_top_label,149,"{""C"": 0.3}",ok,0.0
2024-11-25,2024-11-29,505,,0.01335002,0.04988764,-0.01304449,0,1,0.9406234441214747,2024,True,logistic,top,manual_weak_top_label,149,"{""C"": 0.3}",ok,1.0
2024-12-02,2024-12-06,506,,-0.02804199,0.02335069,-0.04911868,0,1,0.9988974421939171,2024,True,logistic,top,manual_weak_top_label,149,"{""C"": 0.3}",ok,1.0
2024-12-09,2024-12-13,507,,-0.11483562,0.00201747,-0.11726568,0,1,0.9999988408308272,2024,True,logistic,top,manual_weak_top_label,149,"{""C"": 0.3}",ok,1.0
2024-02-05,2024-02-08,464,,0.07555759,0.09713014,-0.00856721,1,1,0.2256151392538982,2024,True,lda,top,manual_weak_top_label,149,"{""shrinkage"": 0.5, ""solver"": ""lsqr""}",ok,1.0
2024-02-26,2024-03-01,466,,0.03590303,0.05340971,-0.02199081,0,1,0.2317486518520964,2024,True,lda,top,manual_weak_top_label,149,"{""shrinkage"": 0.5, ""solver"": ""lsqr""}",ok,0.0
2024-03-11,2024-03-15,468,,-0.00984908,0.02426559,-0.05281548,0,1,0.055469568066261805,2024,True,lda,top,manual_weak_top_label,149,"{""shrinkage"": 0.5, ""solver"": ""lsqr""}",ok,0.0
2024-03-18,2024-03-22,469,,-0.04594733,0.00282511,-0.05962685,0,1,0.5556598359415555,2024,True,lda,top,manual_weak_top_label,149,"{""shrinkage"": 0.5, ""solver"": ""lsqr""}",ok,1.0
2024-03-25,2024-03-29,470,,-0.03250552,0.02179789,-0.06934423,0,1,0.9998174336611654,2024,True,lda,top,manual_weak_top_label,149,"{""shrinkage"": 0.5, ""solver"": ""lsqr""}",ok,1.0
2024-04-01,2024-04-03,471,,-0.01544976,-0.00155047,-0.07943863,0,1,0.9934669219830193,2024,True,lda,top,manual_weak_top_label,149,"{""shrinkage"": 0.5, ""solver"": ""lsqr""}",ok,1.0
2024-04-08,2024-04-12,472,,0.02971865,0.03960557,-0.05147797,0,1,0.16049149148066064,2024,True,lda,top,manual_weak_top_label,149,"{""shrinkage"": 0.5, ""solver"": ""lsqr""}",ok,0.0
2024-04-29,2024-04-30,475,,-0.02679852,0.02628355,-0.02679870,0,1,0.23614646489226024,2024,True,lda,top,manual_weak_top_label,149,"{""shrinkage"": 0.5, ""solver"": ""lsqr""}",ok,0.0
2024-05-06,2024-05-10,476,,-0.03929187,0.00683753,-0.05007757,0,1,0.9999725045094872,2024,True,lda,top,manual_weak_top_label,149,"{""shrinkage"": 0.5, ""solver"": ""lsqr""}",ok,0.0
2024-09-23,2024-09-27,496,,0.11934197,0.25322436,0.03331256,0,1,0.8268964866396287,2024,True,lda,top,manual_weak_top_label,149,"{""shrinkage"": 0.5, ""solver"": ""lsqr""}",ok,0.0
2024-09-30,2024-09-30,497,,0.04660906,0.12757211,-0.06348100,0,1,2.844864025457138e-07,2024,True,lda,top,manual_weak_top_label,149,"{""shrinkage"": 0.5, ""solver"": ""lsqr""}",ok,0.0
2024-10-08,2024-10-11,498,,0.09479360,0.13749867,-0.01298452,1,1,0.018449572100246992,2024,True,lda,top,manual_weak_top_label,149,"{""shrinkage"": 0.5, ""solver"": ""lsqr""}",ok,0.0
2024-10-14,2024-10-18,499,,0.11717466,0.13518131,0.00319266,0,1,0.48839425868625513,2024,True,lda,top,manual_weak_top_label,149,"{""shrinkage"": 0.5, ""solver"": ""lsqr""}",ok,0.0
2024-10-21,2024-10-25,500,,0.02520607,0.10732348,-0.01047631,0,1,0.9487690622900994,2024,True,lda,top,manual_weak_top_label,149,"{""shrinkage"": 0.5, ""solver"": ""lsqr""}",ok,0.0
2024-10-28,2024-11-01,501,,0.01690592,0.11566580,-0.00302147,0,1,0.9999268941054333,2024,True,lda,top,manual_weak_top_label,149,"{""shrinkage"": 0.5, ""solver"": ""lsqr""}",ok,0.0
2024-11-04,2024-11-08,502,,-0.03642995,0.03005314,-0.08813860,0,1,0.9929696737464638,2024,True,lda,top,manual_weak_top_label,149,"{""shrinkage"": 0.5, ""solver"": ""lsqr""}",ok,0.0
2024-11-11,2024-11-15,503,,0.03658600,0.04230568,-0.04383568,0,1,0.99985462865442,2024,True,lda,top,manual_weak_top_label,149,"{""shrinkage"": 0.5, ""solver"": ""lsqr""}",ok,0.0
2024-11-18,2024-11-22,504,,0.05380991,0.07750633,-0.02876898,0,1,0.9999939496365609,2024,True,lda,top,manual_weak_top_label,149,"{""shrinkage"": 0.5, ""solver"": ""lsqr""}",ok,0.0
2024-11-25,2024-11-29,505,,0.01335002,0.04988764,-0.01304449,0,1,0.9996459114116162,2024,True,lda,top,manual_weak_top_label,149,"{""shrinkage"": 0.5, ""solver"": ""lsqr""}",ok,1.0
2024-12-02,2024-12-06,506,,-0.02804199,0.02335069,-0.04911868,0,1,0.9999991609717228,2024,True,lda,top,manual_weak_top_label,149,"{""shrinkage"": 0.5, ""solver"": ""lsqr""}",ok,1.0
2024-12-09,2024-12-13,507,,-0.11483562,0.00201747,-0.11726568,0,1,0.9999999999887519,2024,True,lda,top,manual_weak_top_label,149,"{""shrinkage"": 0.5, ""solver"": ""lsqr""}",ok,1.0
2024-02-05,2024-02-08,464,,0.07555759,0.09713014,-0.00856721,1,1,1.0,2024,True,qda,top,manual_weak_top_label,149,"{""reg_param"": 0.2}",ok,1.0
2024-02-26,2024-03-01,466,,0.03590303,0.05340971,-0.02199081,0,1,1.0,2024,True,qda,top,manual_weak_top_label,149,"{""reg_param"": 0.2}",ok,0.0
2024-03-11,2024-03-15,468,,-0.00984908,0.02426559,-0.05281548,0,1,1.0,2024,True,qda,top,manual_weak_top_label,149,"{""reg_param"": 0.2}",ok,0.0
2024-03-18,2024-03-22,469,,-0.04594733,0.00282511,-0.05962685,0,1,1.0,2024,True,qda,top,manual_weak_top_label,149,"{""reg_param"": 0.2}",ok,1.0
2024-03-25,2024-03-29,470,,-0.03250552,0.02179789,-0.06934423,0,1,1.0,2024,True,qda,top,manual_weak_top_label,149,"{""reg_param"": 0.2}",ok,1.0
2024-04-01,2024-04-03,471,,-0.01544976,-0.00155047,-0.07943863,0,1,1.0,2024,True,qda,top,manual_weak_top_label,149,"{""reg_param"": 0.2}",ok,1.0
2024-04-08,2024-04-12,472,,0.02971865,0.03960557,-0.05147797,0,1,1.0,2024,True,qda,top,manual_weak_top_label,149,"{""reg_param"": 0.2}",ok,0.0
2024-04-29,2024-04-30,475,,-0.02679852,0.02628355,-0.02679870,0,1,1.0,2024,True,qda,top,manual_weak_top_label,149,"{""reg_param"": 0.2}",ok,0.0
2024-05-06,2024-05-10,476,,-0.03929187,0.00683753,-0.05007757,0,1,1.0,2024,True,qda,top,manual_weak_top_label,149,"{""reg_param"": 0.2}",ok,0.0
2024-09-23,2024-09-27,496,,0.11934197,0.25322436,0.03331256,0,1,1.0,2024,True,qda,top,manual_weak_top_label,149,"{""reg_param"": 0.2}",ok,0.0
2024-09-30,2024-09-30,497,,0.04660906,0.12757211,-0.06348100,0,1,1.0,2024,True,qda,top,manual_weak_top_label,149,"{""reg_param"": 0.2}",ok,0.0
2024-10-08,2024-10-11,498,,0.09479360,0.13749867,-0.01298452,1,1,1.0,2024,True,qda,top,manual_weak_top_label,149,"{""reg_param"": 0.2}",ok,0.0
2024-10-14,2024-10-18,499,,0.11717466,0.13518131,0.00319266,0,1,1.0,2024,True,qda,top,manual_weak_top_label,149,"{""reg_param"": 0.2}",ok,0.0
2024-10-21,2024-10-25,500,,0.02520607,0.10732348,-0.01047631,0,1,1.0,2024,True,qda,top,manual_weak_top_label,149,"{""reg_param"": 0.2}",ok,0.0
2024-10-28,2024-11-01,501,,0.01690592,0.11566580,-0.00302147,0,1,1.0,2024,True,qda,top,manual_weak_top_label,149,"{""reg_param"": 0.2}",ok,0.0
2024-11-04,2024-11-08,502,,-0.03642995,0.03005314,-0.08813860,0,1,1.0,2024,True,qda,top,manual_weak_top_label,149,"{""reg_param"": 0.2}",ok,0.0
2024-11-11,2024-11-15,503,,0.03658600,0.04230568,-0.04383568,0,1,1.0,2024,True,qda,top,manual_weak_top_label,149,"{""reg_param"": 0.2}",ok,0.0
2024-11-18,2024-11-22,504,,0.05380991,0.07750633,-0.02876898,0,1,1.0,2024,True,qda,top,manual_weak_top_label,149,"{""reg_param"": 0.2}",ok,0.0
2024-11-25,2024-11-29,505,,0.01335002,0.04988764,-0.01304449,0,1,1.0,2024,True,qda,top,manual_weak_top_label,149,"{""reg_param"": 0.2}",ok,1.0
2024-12-02,2024-12-06,506,,-0.02804199,0.02335069,-0.04911868,0,1,1.0,2024,True,qda,top,manual_weak_top_label,149,"{""reg_param"": 0.2}",ok,1.0
2024-12-09,2024-12-13,507,,-0.11483562,0.00201747,-0.11726568,0,1,1.0,2024,True,qda,top,manual_weak_top_label,149,"{""reg_param"": 0.2}",ok,1.0
2024-02-05,2024-02-08,464,,0.07555759,0.09713014,-0.00856721,1,1,0.28019838986745293,2024,True,lightgbm,top,manual_weak_top_label,149,"{""balanced_bagging"": true, ""is_unbalance"": false, ""learning_rate"": 0.03, ""max_depth"": 4, ""min_child_samples"": 10, ""n_estimators"": 250, ""negative_sample_ratio"": 5.0, ""num_leaves"": 15}",ok,1.0
2024-02-26,2024-03-01,466,,0.03590303,0.05340971,-0.02199081,0,1,0.21433521119480636,2024,True,lightgbm,top,manual_weak_top_label,149,"{""balanced_bagging"": true, ""is_unbalance"": false, ""learning_rate"": 0.03, ""max_depth"": 4, ""min_child_samples"": 10, ""n_estimators"": 250, ""negative_sample_ratio"": 5.0, ""num_leaves"": 15}",ok,0.0
2024-03-11,2024-03-15,468,,-0.00984908,0.02426559,-0.05281548,0,1,0.13715219431041126,2024,True,lightgbm,top,manual_weak_top_label,149,"{""balanced_bagging"": true, ""is_unbalance"": false, ""learning_rate"": 0.03, ""max_depth"": 4, ""min_child_samples"": 10, ""n_estimators"": 250, ""negative_sample_ratio"": 5.0, ""num_leaves"": 15}",ok,0.0
2024-03-18,2024-03-22,469,,-0.04594733,0.00282511,-0.05962685,0,1,0.11361390589463691,2024,True,lightgbm,top,manual_weak_top_label,149,"{""balanced_bagging"": true, ""is_unbalance"": false, ""learning_rate"": 0.03, ""max_depth"": 4, ""min_child_samples"": 10, ""n_estimators"": 250, ""negative_sample_ratio"": 5.0, ""num_leaves"": 15}",ok,1.0
2024-03-25,2024-03-29,470,,-0.03250552,0.02179789,-0.06934423,0,1,0.2668170582200687,2024,True,lightgbm,top,manual_weak_top_label,149,"{""balanced_bagging"": true, ""is_unbalance"": false, ""learning_rate"": 0.03, ""max_depth"": 4, ""min_child_samples"": 10, ""n_estimators"": 250, ""negative_sample_ratio"": 5.0, ""num_leaves"": 15}",ok,1.0
2024-04-01,2024-04-03,471,,-0.01544976,-0.00155047,-0.07943863,0,1,0.29311351730177676,2024,True,lightgbm,top,manual_weak_top_label,149,"{""balanced_bagging"": true, ""is_unbalance"": false, ""learning_rate"": 0.03, ""max_depth"": 4, ""min_child_samples"": 10, ""n_estimators"": 250, ""negative_sample_ratio"": 5.0, ""num_leaves"": 15}",ok,1.0
2024-04-08,2024-04-12,472,,0.02971865,0.03960557,-0.05147797,0,1,0.7681777930664077,2024,True,lightgbm,top,manual_weak_top_label,149,"{""balanced_bagging"": true, ""is_unbalance"": false, ""learning_rate"": 0.03, ""max_depth"": 4, ""min_child_samples"": 10, ""n_estimators"": 250, ""negative_sample_ratio"": 5.0, ""num_leaves"": 15}",ok,0.0
2024-04-29,2024-04-30,475,,-0.02679852,0.02628355,-0.02679870,0,1,0.26118931530681044,2024,True,lightgbm,top,manual_weak_top_label,149,"{""balanced_bagging"": true, ""is_unbalance"": false, ""learning_rate"": 0.03, ""max_depth"": 4, ""min_child_samples"": 10, ""n_estimators"": 250, ""negative_sample_ratio"": 5.0, ""num_leaves"": 15}",ok,0.0
2024-05-06,2024-05-10,476,,-0.03929187,0.00683753,-0.05007757,0,1,0.2672014223756367,2024,True,lightgbm,top,manual_weak_top_label,149,"{""balanced_bagging"": true, ""is_unbalance"": false, ""learning_rate"": 0.03, ""max_depth"": 4, ""min_child_samples"": 10, ""n_estimators"": 250, ""negative_sample_ratio"": 5.0, ""num_leaves"": 15}",ok,0.0
2024-09-23,2024-09-27,496,,0.11934197,0.25322436,0.03331256,0,1,0.367457630171308,2024,True,lightgbm,top,manual_weak_top_label,149,"{""balanced_bagging"": true, ""is_unbalance"": false, ""learning_rate"": 0.03, ""max_depth"": 4, ""min_child_samples"": 10, ""n_estimators"": 250, ""negative_sample_ratio"": 5.0, ""num_leaves"": 15}",ok,0.0
2024-09-30,2024-09-30,497,,0.04660906,0.12757211,-0.06348100,0,1,0.22026799941791428,2024,True,lightgbm,top,manual_weak_top_label,149,"{""balanced_bagging"": true, ""is_unbalance"": false, ""learning_rate"": 0.03, ""max_depth"": 4, ""min_child_samples"": 10, ""n_estimators"": 250, ""negative_sample_ratio"": 5.0, ""num_leaves"": 15}",ok,0.0
2024-10-08,2024-10-11,498,,0.09479360,0.13749867,-0.01298452,1,1,0.17392974965429708,2024,True,lightgbm,top,manual_weak_top_label,149,"{""balanced_bagging"": true, ""is_unbalance"": false, ""learning_rate"": 0.03, ""max_depth"": 4, ""min_child_samples"": 10, ""n_estimators"": 250, ""negative_sample_ratio"": 5.0, ""num_leaves"": 15}",ok,0.0
2024-10-14,2024-10-18,499,,0.11717466,0.13518131,0.00319266,0,1,0.16695116194310264,2024,True,lightgbm,top,manual_weak_top_label,149,"{""balanced_bagging"": true, ""is_unbalance"": false, ""learning_rate"": 0.03, ""max_depth"": 4, ""min_child_samples"": 10, ""n_estimators"": 250, ""negative_sample_ratio"": 5.0, ""num_leaves"": 15}",ok,0.0
2024-10-21,2024-10-25,500,,0.02520607,0.10732348,-0.01047631,0,1,0.4323786539101242,2024,True,lightgbm,top,manual_weak_top_label,149,"{""balanced_bagging"": true, ""is_unbalance"": false, ""learning_rate"": 0.03, ""max_depth"": 4, ""min_child_samples"": 10, ""n_estimators"": 250, ""negative_sample_ratio"": 5.0, ""num_leaves"": 15}",ok,0.0
2024-10-28,2024-11-01,501,,0.01690592,0.11566580,-0.00302147,0,1,0.873151796943772,2024,True,lightgbm,top,manual_weak_top_label,149,"{""balanced_bagging"": true, ""is_unbalance"": false, ""learning_rate"": 0.03, ""max_depth"": 4, ""min_child_samples"": 10, ""n_estimators"": 250, ""negative_sample_ratio"": 5.0, ""num_leaves"": 15}",ok,0.0
2024-11-04,2024-11-08,502,,-0.03642995,0.03005314,-0.08813860,0,1,0.908499372445132,2024,True,lightgbm,top,manual_weak_top_label,149,"{""balanced_bagging"": true, ""is_unbalance"": false, ""learning_rate"": 0.03, ""max_depth"": 4, ""min_child_samples"": 10, ""n_estimators"": 250, ""negative_sample_ratio"": 5.0, ""num_leaves"": 15}",ok,0.0
2024-11-11,2024-11-15,503,,0.03658600,0.04230568,-0.04383568,0,1,0.9770918755173219,2024,True,lightgbm,top,manual_weak_top_label,149,"{""balanced_bagging"": true, ""is_unbalance"": false, ""learning_rate"": 0.03, ""max_depth"": 4, ""min_child_samples"": 10, ""n_estimators"": 250, ""negative_sample_ratio"": 5.0, ""num_leaves"": 15}",ok,0.0
2024-11-18,2024-11-22,504,,0.05380991,0.07750633,-0.02876898,0,1,0.9636477630640672,2024,True,lightgbm,top,manual_weak_top_label,149,"{""balanced_bagging"": true, ""is_unbalance"": false, ""learning_rate"": 0.03, ""max_depth"": 4, ""min_child_samples"": 10, ""n_estimators"": 250, ""negative_sample_ratio"": 5.0, ""num_leaves"": 15}",ok,0.0
2024-11-25,2024-11-29,505,,0.01335002,0.04988764,-0.01304449,0,1,0.935566545422534,2024,True,lightgbm,top,manual_weak_top_label,149,"{""balanced_bagging"": true, ""is_unbalance"": false, ""learning_rate"": 0.03, ""max_depth"": 4, ""min_child_samples"": 10, ""n_estimators"": 250, ""negative_sample_ratio"": 5.0, ""num_leaves"": 15}",ok,1.0
2024-12-02,2024-12-06,506,,-0.02804199,0.02335069,-0.04911868,0,1,0.9509488983249178,2024,True,lightgbm,top,manual_weak_top_label,149,"{""balanced_bagging"": true, ""is_unbalance"": false, ""learning_rate"": 0.03, ""max_depth"": 4, ""min_child_samples"": 10, ""n_estimators"": 250, ""negative_sample_ratio"": 5.0, ""num_leaves"": 15}",ok,1.0
2024-12-09,2024-12-13,507,,-0.11483562,0.00201747,-0.11726568,0,1,0.965590559036731,2024,True,lightgbm,top,manual_weak_top_label,149,"{""balanced_bagging"": true, ""is_unbalance"": false, ""learning_rate"": 0.03, ""max_depth"": 4, ""min_child_samples"": 10, ""n_estimators"": 250, ""negative_sample_ratio"": 5.0, ""num_leaves"": 15}",ok,1.0
2024-02-05,2024-02-08,464,,0.07555759,0.09713014,-0.00856721,1,1,0.49583700299263,2024,True,bp,top,manual_weak_top_label,149,"{""dropout"": 0.15, ""focal_alpha"": 0.8, ""focal_gamma"": 2.5, ""hidden_layers"": [64, 32], ""learning_rate"": 0.0007, ""max_epochs"": 180, ""patience"": 20}",ok,1.0
2024-02-26,2024-03-01,466,,0.03590303,0.05340971,-0.02199081,0,1,0.20346981287002563,2024,True,bp,top,manual_weak_top_label,149,"{""dropout"": 0.15, ""focal_alpha"": 0.8, ""focal_gamma"": 2.5, ""hidden_layers"": [64, 32], ""learning_rate"": 0.0007, ""max_epochs"": 180, ""patience"": 20}",ok,0.0
2024-03-11,2024-03-15,468,,-0.00984908,0.02426559,-0.05281548,0,1,0.18254537880420685,2024,True,bp,top,manual_weak_top_label,149,"{""dropout"": 0.15, ""focal_alpha"": 0.8, ""focal_gamma"": 2.5, ""hidden_layers"": [64, 32], ""learning_rate"": 0.0007, ""max_epochs"": 180, ""patience"": 20}",ok,0.0
2024-03-18,2024-03-22,469,,-0.04594733,0.00282511,-0.05962685,0,1,0.27579593658447266,2024,True,bp,top,manual_weak_top_label,149,"{""dropout"": 0.15, ""focal_alpha"": 0.8, ""focal_gamma"": 2.5, ""hidden_layers"": [64, 32], ""learning_rate"": 0.0007, ""max_epochs"": 180, ""patience"": 20}",ok,1.0
2024-03-25,2024-03-29,470,,-0.03250552,0.02179789,-0.06934423,0,1,0.9166907668113708,2024,True,bp,top,manual_weak_top_label,149,"{""dropout"": 0.15, ""focal_alpha"": 0.8, ""focal_gamma"": 2.5, ""hidden_layers"": [64, 32], ""learning_rate"": 0.0007, ""max_epochs"": 180, ""patience"": 20}",ok,1.0
2024-04-01,2024-04-03,471,,-0.01544976,-0.00155047,-0.07943863,0,1,0.6820287108421326,2024,True,bp,top,manual_weak_top_label,149,"{""dropout"": 0.15, ""focal_alpha"": 0.8, ""focal_gamma"": 2.5, ""hidden_layers"": [64, 32], ""learning_rate"": 0.0007, ""max_epochs"": 180, ""patience"": 20}",ok,1.0
2024-04-08,2024-04-12,472,,0.02971865,0.03960557,-0.05147797,0,1,0.18429408967494965,2024,True,bp,top,manual_weak_top_label,149,"{""dropout"": 0.15, ""focal_alpha"": 0.8, ""focal_gamma"": 2.5, ""hidden_layers"": [64, 32], ""learning_rate"": 0.0007, ""max_epochs"": 180, ""patience"": 20}",ok,0.0
2024-04-29,2024-04-30,475,,-0.02679852,0.02628355,-0.02679870,0,1,0.4490765333175659,2024,True,bp,top,manual_weak_top_label,149,"{""dropout"": 0.15, ""focal_alpha"": 0.8, ""focal_gamma"": 2.5, ""hidden_layers"": [64, 32], ""learning_rate"": 0.0007, ""max_epochs"": 180, ""patience"": 20}",ok,0.0
2024-05-06,2024-05-10,476,,-0.03929187,0.00683753,-0.05007757,0,1,0.9421386122703552,2024,True,bp,top,manual_weak_top_label,149,"{""dropout"": 0.15, ""focal_alpha"": 0.8, ""focal_gamma"": 2.5, ""hidden_layers"": [64, 32], ""learning_rate"": 0.0007, ""max_epochs"": 180, ""patience"": 20}",ok,0.0
2024-09-23,2024-09-27,496,,0.11934197,0.25322436,0.03331256,0,1,0.7295228242874146,2024,True,bp,top,manual_weak_top_label,149,"{""dropout"": 0.15, ""focal_alpha"": 0.8, ""focal_gamma"": 2.5, ""hidden_layers"": [64, 32], ""learning_rate"": 0.0007, ""max_epochs"": 180, ""patience"": 20}",ok,0.0
2024-09-30,2024-09-30,497,,0.04660906,0.12757211,-0.06348100,0,1,0.09082794189453125,2024,True,bp,top,manual_weak_top_label,149,"{""dropout"": 0.15, ""focal_alpha"": 0.8, ""focal_gamma"": 2.5, ""hidden_layers"": [64, 32], ""learning_rate"": 0.0007, ""max_epochs"": 180, ""patience"": 20}",ok,0.0
2024-10-08,2024-10-11,498,,0.09479360,0.13749867,-0.01298452,1,1,0.2853873074054718,2024,True,bp,top,manual_weak_top_label,149,"{""dropout"": 0.15, ""focal_alpha"": 0.8, ""focal_gamma"": 2.5, ""hidden_layers"": [64, 32], ""learning_rate"": 0.0007, ""max_epochs"": 180, ""patience"": 20}",ok,0.0
2024-10-14,2024-10-18,499,,0.11717466,0.13518131,0.00319266,0,1,0.43684878945350647,2024,True,bp,top,manual_weak_top_label,149,"{""dropout"": 0.15, ""focal_alpha"": 0.8, ""focal_gamma"": 2.5, ""hidden_layers"": [64, 32], ""learning_rate"": 0.0007, ""max_epochs"": 180, ""patience"": 20}",ok,0.0
2024-10-21,2024-10-25,500,,0.02520607,0.10732348,-0.01047631,0,1,0.7376729249954224,2024,True,bp,top,manual_weak_top_label,149,"{""dropout"": 0.15, ""focal_alpha"": 0.8, ""focal_gamma"": 2.5, ""hidden_layers"": [64, 32], ""learning_rate"": 0.0007, ""max_epochs"": 180, ""patience"": 20}",ok,0.0
2024-10-28,2024-11-01,501,,0.01690592,0.11566580,-0.00302147,0,1,0.9425169229507446,2024,True,bp,top,manual_weak_top_label,149,"{""dropout"": 0.15, ""focal_alpha"": 0.8, ""focal_gamma"": 2.5, ""hidden_layers"": [64, 32], ""learning_rate"": 0.0007, ""max_epochs"": 180, ""patience"": 20}",ok,0.0
2024-11-04,2024-11-08,502,,-0.03642995,0.03005314,-0.08813860,0,1,0.8946233987808228,2024,True,bp,top,manual_weak_top_label,149,"{""dropout"": 0.15, ""focal_alpha"": 0.8, ""focal_gamma"": 2.5, ""hidden_layers"": [64, 32], ""learning_rate"": 0.0007, ""max_epochs"": 180, ""patience"": 20}",ok,0.0
2024-11-11,2024-11-15,503,,0.03658600,0.04230568,-0.04383568,0,1,0.8072007894515991,2024,True,bp,top,manual_weak_top_label,149,"{""dropout"": 0.15, ""focal_alpha"": 0.8, ""focal_gamma"": 2.5, ""hidden_layers"": [64, 32], ""learning_rate"": 0.0007, ""max_epochs"": 180, ""patience"": 20}",ok,0.0
2024-11-18,2024-11-22,504,,0.05380991,0.07750633,-0.02876898,0,1,0.8161572813987732,2024,True,bp,top,manual_weak_top_label,149,"{""dropout"": 0.15, ""focal_alpha"": 0.8, ""focal_gamma"": 2.5, ""hidden_layers"": [64, 32], ""learning_rate"": 0.0007, ""max_epochs"": 180, ""patience"": 20}",ok,0.0
2024-11-25,2024-11-29,505,,0.01335002,0.04988764,-0.01304449,0,1,0.8380120396614075,2024,True,bp,top,manual_weak_top_label,149,"{""dropout"": 0.15, ""focal_alpha"": 0.8, ""focal_gamma"": 2.5, ""hidden_layers"": [64, 32], ""learning_rate"": 0.0007, ""max_epochs"": 180, ""patience"": 20}",ok,1.0
2024-12-02,2024-12-06,506,,-0.02804199,0.02335069,-0.04911868,0,1,0.9429488778114319,2024,True,bp,top,manual_weak_top_label,149,"{""dropout"": 0.15, ""focal_alpha"": 0.8, ""focal_gamma"": 2.5, ""hidden_layers"": [64, 32], ""learning_rate"": 0.0007, ""max_epochs"": 180, ""patience"": 20}",ok,1.0
2024-12-09,2024-12-13,507,,-0.11483562,0.00201747,-0.11726568,0,1,0.9391740560531616,2024,True,bp,top,manual_weak_top_label,149,"{""dropout"": 0.15, ""focal_alpha"": 0.8, ""focal_gamma"": 2.5, ""hidden_layers"": [64, 32], ""learning_rate"": 0.0007, ""max_epochs"": 180, ""patience"": 20}",ok,1.0
2024-02-05,2024-02-08,464,,0.07555759,0.09713014,-0.00856721,1,1,0.6970430267452125,2024,True,mlp,top,manual_weak_top_label,149,"{""alpha"": 0.0001, ""hidden_layer_sizes"": [32], ""learning_rate_init"": 0.001, ""max_iter"": 500, ""negative_sample_ratio"": 2.0}",ok,1.0
2024-02-26,2024-03-01,466,,0.03590303,0.05340971,-0.02199081,0,1,0.5907150732400243,2024,True,mlp,top,manual_weak_top_label,149,"{""alpha"": 0.0001, ""hidden_layer_sizes"": [32], ""learning_rate_init"": 0.001, ""max_iter"": 500, ""negative_sample_ratio"": 2.0}",ok,0.0
2024-03-11,2024-03-15,468,,-0.00984908,0.02426559,-0.05281548,0,1,0.8865928567898329,2024,True,mlp,top,manual_weak_top_label,149,"{""alpha"": 0.0001, ""hidden_layer_sizes"": [32], ""learning_rate_init"": 0.001, ""max_iter"": 500, ""negative_sample_ratio"": 2.0}",ok,0.0
2024-03-18,2024-03-22,469,,-0.04594733,0.00282511,-0.05962685,0,1,0.9180769038317795,2024,True,mlp,top,manual_weak_top_label,149,"{""alpha"": 0.0001, ""hidden_layer_sizes"": [32], ""learning_rate_init"": 0.001, ""max_iter"": 500, ""negative_sample_ratio"": 2.0}",ok,1.0
2024-03-25,2024-03-29,470,,-0.03250552,0.02179789,-0.06934423,0,1,0.8706465834102667,2024,True,mlp,top,manual_weak_top_label,149,"{""alpha"": 0.0001, ""hidden_layer_sizes"": [32], ""learning_rate_init"": 0.001, ""max_iter"": 500, ""negative_sample_ratio"": 2.0}",ok,1.0
2024-04-01,2024-04-03,471,,-0.01544976,-0.00155047,-0.07943863,0,1,0.9050165095735703,2024,True,mlp,top,manual_weak_top_label,149,"{""alpha"": 0.0001, ""hidden_layer_sizes"": [32], ""learning_rate_init"": 0.001, ""max_iter"": 500, ""negative_sample_ratio"": 2.0}",ok,1.0
2024-04-08,2024-04-12,472,,0.02971865,0.03960557,-0.05147797,0,1,0.994636519091491,2024,True,mlp,top,manual_weak_top_label,149,"{""alpha"": 0.0001, ""hidden_layer_sizes"": [32], ""learning_rate_init"": 0.001, ""max_iter"": 500, ""negative_sample_ratio"": 2.0}",ok,0.0
2024-04-29,2024-04-30,475,,-0.02679852,0.02628355,-0.02679870,0,1,0.983408577291563,2024,True,mlp,top,manual_weak_top_label,149,"{""alpha"": 0.0001, ""hidden_layer_sizes"": [32], ""learning_rate_init"": 0.001, ""max_iter"": 500, ""negative_sample_ratio"": 2.0}",ok,0.0
2024-05-06,2024-05-10,476,,-0.03929187,0.00683753,-0.05007757,0,1,0.9791431309424438,2024,True,mlp,top,manual_weak_top_label,149,"{""alpha"": 0.0001, ""hidden_layer_sizes"": [32], ""learning_rate_init"": 0.001, ""max_iter"": 500, ""negative_sample_ratio"": 2.0}",ok,0.0
2024-09-23,2024-09-27,496,,0.11934197,0.25322436,0.03331256,0,1,0.8937829126539035,2024,True,mlp,top,manual_weak_top_label,149,"{""alpha"": 0.0001, ""hidden_layer_sizes"": [32], ""learning_rate_init"": 0.001, ""max_iter"": 500, ""negative_sample_ratio"": 2.0}",ok,0.0
2024-09-30,2024-09-30,497,,0.04660906,0.12757211,-0.06348100,0,1,0.7196555953797785,2024,True,mlp,top,manual_weak_top_label,149,"{""alpha"": 0.0001, ""hidden_layer_sizes"": [32], ""learning_rate_init"": 0.001, ""max_iter"": 500, ""negative_sample_ratio"": 2.0}",ok,0.0
2024-10-08,2024-10-11,498,,0.09479360,0.13749867,-0.01298452,1,1,0.9848727293359989,2024,True,mlp,top,manual_weak_top_label,149,"{""alpha"": 0.0001, ""hidden_layer_sizes"": [32], ""learning_rate_init"": 0.001, ""max_iter"": 500, ""negative_sample_ratio"": 2.0}",ok,0.0
2024-10-14,2024-10-18,499,,0.11717466,0.13518131,0.00319266,0,1,0.9099806173512803,2024,True,mlp,top,manual_weak_top_label,149,"{""alpha"": 0.0001, ""hidden_layer_sizes"": [32], ""learning_rate_init"": 0.001, ""max_iter"": 500, ""negative_sample_ratio"": 2.0}",ok,0.0
2024-10-21,2024-10-25,500,,0.02520607,0.10732348,-0.01047631,0,1,0.7075518779709953,2024,True,mlp,top,manual_weak_top_label,149,"{""alpha"": 0.0001, ""hidden_layer_sizes"": [32], ""learning_rate_init"": 0.001, ""max_iter"": 500, ""negative_sample_ratio"": 2.0}",ok,0.0
2024-10-28,2024-11-01,501,,0.01690592,0.11566580,-0.00302147,0,1,0.8942187650424994,2024,True,mlp,top,manual_weak_top_label,149,"{""alpha"": 0.0001, ""hidden_layer_sizes"": [32], ""learning_rate_init"": 0.001, ""max_iter"": 500, ""negative_sample_ratio"": 2.0}",ok,0.0
2024-11-04,2024-11-08,502,,-0.03642995,0.03005314,-0.08813860,0,1,0.786486051161772,2024,True,mlp,top,manual_weak_top_label,149,"{""alpha"": 0.0001, ""hidden_layer_sizes"": [32], ""learning_rate_init"": 0.001, ""max_iter"": 500, ""negative_sample_ratio"": 2.0}",ok,0.0
2024-11-11,2024-11-15,503,,0.03658600,0.04230568,-0.04383568,0,1,0.9930396186624749,2024,True,mlp,top,manual_weak_top_label,149,"{""alpha"": 0.0001, ""hidden_layer_sizes"": [32], ""learning_rate_init"": 0.001, ""max_iter"": 500, ""negative_sample_ratio"": 2.0}",ok,0.0
2024-11-18,2024-11-22,504,,0.05380991,0.07750633,-0.02876898,0,1,0.9856772261963924,2024,True,mlp,top,manual_weak_top_label,149,"{""alpha"": 0.0001, ""hidden_layer_sizes"": [32], ""learning_rate_init"": 0.001, ""max_iter"": 500, ""negative_sample_ratio"": 2.0}",ok,0.0
2024-11-25,2024-11-29,505,,0.01335002,0.04988764,-0.01304449,0,1,0.7881745665199057,2024,True,mlp,top,manual_weak_top_label,149,"{""alpha"": 0.0001, ""hidden_layer_sizes"": [32], ""learning_rate_init"": 0.001, ""max_iter"": 500, ""negative_sample_ratio"": 2.0}",ok,1.0
2024-12-02,2024-12-06,506,,-0.02804199,0.02335069,-0.04911868,0,1,0.7973512531147495,2024,True,mlp,top,manual_weak_top_label,149,"{""alpha"": 0.0001, ""hidden_layer_sizes"": [32], ""learning_rate_init"": 0.001, ""max_iter"": 500, ""negative_sample_ratio"": 2.0}",ok,1.0
2024-12-09,2024-12-13,507,,-0.11483562,0.00201747,-0.11726568,0,1,0.36062826391663105,2024,True,mlp,top,manual_weak_top_label,149,"{""alpha"": 0.0001, ""hidden_layer_sizes"": [32], ""learning_rate_init"": 0.001, ""max_iter"": 500, ""negative_sample_ratio"": 2.0}",ok,1.0
2024-02-05,2024-02-08,464,,0.07555759,0.09713014,-0.00856721,1,1,0.3751977127032528,2024,True,svm,top,manual_weak_top_label,149,"{""C"": 0.5, ""gamma"": ""scale""}",ok,1.0
2024-02-26,2024-03-01,466,,0.03590303,0.05340971,-0.02199081,0,1,0.4287113459698227,2024,True,svm,top,manual_weak_top_label,149,"{""C"": 0.5, ""gamma"": ""scale""}",ok,0.0
2024-03-11,2024-03-15,468,,-0.00984908,0.02426559,-0.05281548,0,1,0.4097904967118559,2024,True,svm,top,manual_weak_top_label,149,"{""C"": 0.5, ""gamma"": ""scale""}",ok,0.0
2024-03-18,2024-03-22,469,,-0.04594733,0.00282511,-0.05962685,0,1,0.4161524163252255,2024,True,svm,top,manual_weak_top_label,149,"{""C"": 0.5, ""gamma"": ""scale""}",ok,1.0
2024-03-25,2024-03-29,470,,-0.03250552,0.02179789,-0.06934423,0,1,0.47295328351444615,2024,True,svm,top,manual_weak_top_label,149,"{""C"": 0.5, ""gamma"": ""scale""}",ok,1.0
2024-04-01,2024-04-03,471,,-0.01544976,-0.00155047,-0.07943863,0,1,0.5070794888004692,2024,True,svm,top,manual_weak_top_label,149,"{""C"": 0.5, ""gamma"": ""scale""}",ok,1.0
2024-04-08,2024-04-12,472,,0.02971865,0.03960557,-0.05147797,0,1,0.3558029075802749,2024,True,svm,top,manual_weak_top_label,149,"{""C"": 0.5, ""gamma"": ""scale""}",ok,0.0
2024-04-29,2024-04-30,475,,-0.02679852,0.02628355,-0.02679870,0,1,0.3996570717109544,2024,True,svm,top,manual_weak_top_label,149,"{""C"": 0.5, ""gamma"": ""scale""}",ok,0.0
2024-05-06,2024-05-10,476,,-0.03929187,0.00683753,-0.05007757,0,1,0.40807303710961573,2024,True,svm,top,manual_weak_top_label,149,"{""C"": 0.5, ""gamma"": ""scale""}",ok,0.0
2024-09-23,2024-09-27,496,,0.11934197,0.25322436,0.03331256,0,1,0.3550887262950237,2024,True,svm,top,manual_weak_top_label,149,"{""C"": 0.5, ""gamma"": ""scale""}",ok,0.0
2024-09-30,2024-09-30,497,,0.04660906,0.12757211,-0.06348100,0,1,0.3489150155338092,2024,True,svm,top,manual_weak_top_label,149,"{""C"": 0.5, ""gamma"": ""scale""}",ok,0.0
2024-10-08,2024-10-11,498,,0.09479360,0.13749867,-0.01298452,1,1,0.356072315739981,2024,True,svm,top,manual_weak_top_label,149,"{""C"": 0.5, ""gamma"": ""scale""}",ok,0.0
2024-10-14,2024-10-18,499,,0.11717466,0.13518131,0.00319266,0,1,0.3579851045824432,2024,True,svm,top,manual_weak_top_label,149,"{""C"": 0.5, ""gamma"": ""scale""}",ok,0.0
2024-10-21,2024-10-25,500,,0.02520607,0.10732348,-0.01047631,0,1,0.3789921362802952,2024,True,svm,top,manual_weak_top_label,149,"{""C"": 0.5, ""gamma"": ""scale""}",ok,0.0
2024-10-28,2024-11-01,501,,0.01690592,0.11566580,-0.00302147,0,1,0.4330655364492921,2024,True,svm,top,manual_weak_top_label,149,"{""C"": 0.5, ""gamma"": ""scale""}",ok,0.0
2024-11-04,2024-11-08,502,,-0.03642995,0.03005314,-0.08813860,0,1,0.4297734629746955,2024,True,svm,top,manual_weak_top_label,149,"{""C"": 0.5, ""gamma"": ""scale""}",ok,0.0
2024-11-11,2024-11-15,503,,0.03658600,0.04230568,-0.04383568,0,1,0.396927799488159,2024,True,svm,top,manual_weak_top_label,149,"{""C"": 0.5, ""gamma"": ""scale""}",ok,0.0
2024-11-18,2024-11-22,504,,0.05380991,0.07750633,-0.02876898,0,1,0.4345763702232457,2024,True,svm,top,manual_weak_top_label,149,"{""C"": 0.5, ""gamma"": ""scale""}",ok,0.0
2024-11-25,2024-11-29,505,,0.01335002,0.04988764,-0.01304449,0,1,0.44970367366387204,2024,True,svm,top,manual_weak_top_label,149,"{""C"": 0.5, ""gamma"": ""scale""}",ok,1.0
2024-12-02,2024-12-06,506,,-0.02804199,0.02335069,-0.04911868,0,1,0.5543958029419365,2024,True,svm,top,manual_weak_top_label,149,"{""C"": 0.5, ""gamma"": ""scale""}",ok,1.0
2024-12-09,2024-12-13,507,,-0.11483562,0.00201747,-0.11726568,0,1,0.3549189256591019,2024,True,svm,top,manual_weak_top_label,149,"{""C"": 0.5, ""gamma"": ""scale""}",ok,1.0
2024-12-30,2025-01-03,510,1.0,0.05562833,0.06517731,-0.02981205,1,0,0.001298220936496402,2025,True,logistic,bottom,manual_weak_bottom_label,186,"{""C"": 0.3}",ok,
2025-01-06,2025-01-10,511,1.0,0.05431155,0.08060158,-0.01576327,1,0,0.0017027124051531722,2025,True,logistic,bottom,manual_weak_bottom_label,186,"{""C"": 0.3}",ok,
2025-01-13,2025-01-17,512,0.0,0.05006923,0.06114382,-0.00447037,1,0,1.2365311211455574e-06,2025,True,logistic,bottom,manual_weak_bottom_label,186,"{""C"": 0.3}",ok,
2025-04-07,2025-04-11,524,1.0,0.01499935,0.02577314,-0.01765928,1,0,0.002500231364537888,2025,True,logistic,bottom,manual_weak_bottom_label,186,"{""C"": 0.3}",ok,
2025-04-14,2025-04-18,525,1.0,0.04293698,0.06232365,-0.00494745,1,0,0.09557649768907589,2025,True,logistic,bottom,manual_weak_bottom_label,186,"{""C"": 0.3}",ok,
2025-04-28,2025-04-30,527,0.0,0.00664827,0.04543238,0.00664827,1,0,0.03717991982053095,2025,True,logistic,bottom,manual_weak_bottom_label,186,"{""C"": 0.3}",ok,
2024-12-30,2025-01-03,510,1.0,0.05562833,0.06517731,-0.02981205,1,0,1.2968461532736737e-05,2025,True,lda,bottom,manual_weak_bottom_label,186,"{""shrinkage"": ""auto"", ""solver"": ""lsqr""}",ok,
2025-01-06,2025-01-10,511,1.0,0.05431155,0.08060158,-0.01576327,1,0,0.17402014213715933,2025,True,lda,bottom,manual_weak_bottom_label,186,"{""shrinkage"": ""auto"", ""solver"": ""lsqr""}",ok,
2025-01-13,2025-01-17,512,0.0,0.05006923,0.06114382,-0.00447037,1,0,2.3368984161201405e-08,2025,True,lda,bottom,manual_weak_bottom_label,186,"{""shrinkage"": ""auto"", ""solver"": ""lsqr""}",ok,
2025-04-07,2025-04-11,524,1.0,0.01499935,0.02577314,-0.01765928,1,0,0.09943343228345831,2025,True,lda,bottom,manual_weak_bottom_label,186,"{""shrinkage"": ""auto"", ""solver"": ""lsqr""}",ok,
2025-04-14,2025-04-18,525,1.0,0.04293698,0.06232365,-0.00494745,1,0,0.9907586675902189,2025,True,lda,bottom,manual_weak_bottom_label,186,"{""shrinkage"": ""auto"", ""solver"": ""lsqr""}",ok,
2025-04-28,2025-04-30,527,0.0,0.00664827,0.04543238,0.00664827,1,0,0.16495295291735734,2025,True,lda,bottom,manual_weak_bottom_label,186,"{""shrinkage"": ""auto"", ""solver"": ""lsqr""}",ok,
2024-12-30,2025-01-03,510,1.0,0.05562833,0.06517731,-0.02981205,1,0,0.9999999999711813,2025,True,qda,bottom,manual_weak_bottom_label,186,"{""reg_param"": 0.2}",ok,
2025-01-06,2025-01-10,511,1.0,0.05431155,0.08060158,-0.01576327,1,0,1.0,2025,True,qda,bottom,manual_weak_bottom_label,186,"{""reg_param"": 0.2}",ok,
2025-01-13,2025-01-17,512,0.0,0.05006923,0.06114382,-0.00447037,1,0,1.0,2025,True,qda,bottom,manual_weak_bottom_label,186,"{""reg_param"": 0.2}",ok,
2025-04-07,2025-04-11,524,1.0,0.01499935,0.02577314,-0.01765928,1,0,1.0,2025,True,qda,bottom,manual_weak_bottom_label,186,"{""reg_param"": 0.2}",ok,
2025-04-14,2025-04-18,525,1.0,0.04293698,0.06232365,-0.00494745,1,0,1.0,2025,True,qda,bottom,manual_weak_bottom_label,186,"{""reg_param"": 0.2}",ok,
2025-04-28,2025-04-30,527,0.0,0.00664827,0.04543238,0.00664827,1,0,1.0,2025,True,qda,bottom,manual_weak_bottom_label,186,"{""reg_param"": 0.2}",ok,
2024-12-30,2025-01-03,510,1.0,0.05562833,0.06517731,-0.02981205,1,0,0.05244318515413699,2025,True,lightgbm,bottom,manual_weak_bottom_label,186,"{""balanced_bagging"": true, ""is_unbalance"": false, ""learning_rate"": 0.04, ""max_depth"": 3, ""min_child_samples"": 8, ""n_estimators"": 180, ""negative_sample_ratio"": 3.0, ""num_leaves"": 7}",ok,
2025-01-06,2025-01-10,511,1.0,0.05431155,0.08060158,-0.01576327,1,0,0.014027719491278264,2025,True,lightgbm,bottom,manual_weak_bottom_label,186,"{""balanced_bagging"": true, ""is_unbalance"": false, ""learning_rate"": 0.04, ""max_depth"": 3, ""min_child_samples"": 8, ""n_estimators"": 180, ""negative_sample_ratio"": 3.0, ""num_leaves"": 7}",ok,
2025-01-13,2025-01-17,512,0.0,0.05006923,0.06114382,-0.00447037,1,0,0.01499019944183927,2025,True,lightgbm,bottom,manual_weak_bottom_label,186,"{""balanced_bagging"": true, ""is_unbalance"": false, ""learning_rate"": 0.04, ""max_depth"": 3, ""min_child_samples"": 8, ""n_estimators"": 180, ""negative_sample_ratio"": 3.0, ""num_leaves"": 7}",ok,
2025-04-07,2025-04-11,524,1.0,0.01499935,0.02577314,-0.01765928,1,0,0.03177005187620036,2025,True,lightgbm,bottom,manual_weak_bottom_label,186,"{""balanced_bagging"": true, ""is_unbalance"": false, ""learning_rate"": 0.04, ""max_depth"": 3, ""min_child_samples"": 8, ""n_estimators"": 180, ""negative_sample_ratio"": 3.0, ""num_leaves"": 7}",ok,
2025-04-14,2025-04-18,525,1.0,0.04293698,0.06232365,-0.00494745,1,0,0.08509839415073774,2025,True,lightgbm,bottom,manual_weak_bottom_label,186,"{""balanced_bagging"": true, ""is_unbalance"": false, ""learning_rate"": 0.04, ""max_depth"": 3, ""min_child_samples"": 8, ""n_estimators"": 180, ""negative_sample_ratio"": 3.0, ""num_leaves"": 7}",ok,
2025-04-28,2025-04-30,527,0.0,0.00664827,0.04543238,0.00664827,1,0,0.032779921538902204,2025,True,lightgbm,bottom,manual_weak_bottom_label,186,"{""balanced_bagging"": true, ""is_unbalance"": false, ""learning_rate"": 0.04, ""max_depth"": 3, ""min_child_samples"": 8, ""n_estimators"": 180, ""negative_sample_ratio"": 3.0, ""num_leaves"": 7}",ok,
2024-12-30,2025-01-03,510,1.0,0.05562833,0.06517731,-0.02981205,1,0,0.06785441190004349,2025,True,bp,bottom,manual_weak_bottom_label,186,"{""dropout"": 0.15, ""focal_alpha"": 0.8, ""focal_gamma"": 2.5, ""hidden_layers"": [64, 32], ""learning_rate"": 0.0007, ""max_epochs"": 180, ""patience"": 20}",ok,
2025-01-06,2025-01-10,511,1.0,0.05431155,0.08060158,-0.01576327,1,0,0.0657987967133522,2025,True,bp,bottom,manual_weak_bottom_label,186,"{""dropout"": 0.15, ""focal_alpha"": 0.8, ""focal_gamma"": 2.5, ""hidden_layers"": [64, 32], ""learning_rate"": 0.0007, ""max_epochs"": 180, ""patience"": 20}",ok,
2025-01-13,2025-01-17,512,0.0,0.05006923,0.06114382,-0.00447037,1,0,0.06557400524616241,2025,True,bp,bottom,manual_weak_bottom_label,186,"{""dropout"": 0.15, ""focal_alpha"": 0.8, ""focal_gamma"": 2.5, ""hidden_layers"": [64, 32], ""learning_rate"": 0.0007, ""max_epochs"": 180, ""patience"": 20}",ok,
2025-04-07,2025-04-11,524,1.0,0.01499935,0.02577314,-0.01765928,1,0,0.06913268566131592,2025,True,bp,bottom,manual_weak_bottom_label,186,"{""dropout"": 0.15, ""focal_alpha"": 0.8, ""focal_gamma"": 2.5, ""hidden_layers"": [64, 32], ""learning_rate"": 0.0007, ""max_epochs"": 180, ""patience"": 20}",ok,
2025-04-14,2025-04-18,525,1.0,0.04293698,0.06232365,-0.00494745,1,0,0.1287974715232849,2025,True,bp,bottom,manual_weak_bottom_label,186,"{""dropout"": 0.15, ""focal_alpha"": 0.8, ""focal_gamma"": 2.5, ""hidden_layers"": [64, 32], ""learning_rate"": 0.0007, ""max_epochs"": 180, ""patience"": 20}",ok,
2025-04-28,2025-04-30,527,0.0,0.00664827,0.04543238,0.00664827,1,0,0.07173676043748856,2025,True,bp,bottom,manual_weak_bottom_label,186,"{""dropout"": 0.15, ""focal_alpha"": 0.8, ""focal_gamma"": 2.5, ""hidden_layers"": [64, 32], ""learning_rate"": 0.0007, ""max_epochs"": 180, ""patience"": 20}",ok,
2024-12-30,2025-01-03,510,1.0,0.05562833,0.06517731,-0.02981205,1,0,0.06252979635073788,2025,True,mlp,bottom,manual_weak_bottom_label,186,"{""alpha"": 0.0001, ""hidden_layer_sizes"": [32], ""learning_rate_init"": 0.001, ""max_iter"": 500, ""negative_sample_ratio"": 2.0}",ok,
2025-01-06,2025-01-10,511,1.0,0.05431155,0.08060158,-0.01576327,1,0,0.20379611190372263,2025,True,mlp,bottom,manual_weak_bottom_label,186,"{""alpha"": 0.0001, ""hidden_layer_sizes"": [32], ""learning_rate_init"": 0.001, ""max_iter"": 500, ""negative_sample_ratio"": 2.0}",ok,
2025-01-13,2025-01-17,512,0.0,0.05006923,0.06114382,-0.00447037,1,0,0.0014596098344053822,2025,True,mlp,bottom,manual_weak_bottom_label,186,"{""alpha"": 0.0001, ""hidden_layer_sizes"": [32], ""learning_rate_init"": 0.001, ""max_iter"": 500, ""negative_sample_ratio"": 2.0}",ok,
2025-04-07,2025-04-11,524,1.0,0.01499935,0.02577314,-0.01765928,1,0,0.011903504272535097,2025,True,mlp,bottom,manual_weak_bottom_label,186,"{""alpha"": 0.0001, ""hidden_layer_sizes"": [32], ""learning_rate_init"": 0.001, ""max_iter"": 500, ""negative_sample_ratio"": 2.0}",ok,
2025-04-14,2025-04-18,525,1.0,0.04293698,0.06232365,-0.00494745,1,0,0.022744235323025993,2025,True,mlp,bottom,manual_weak_bottom_label,186,"{""alpha"": 0.0001, ""hidden_layer_sizes"": [32], ""learning_rate_init"": 0.001, ""max_iter"": 500, ""negative_sample_ratio"": 2.0}",ok,
2025-04-28,2025-04-30,527,0.0,0.00664827,0.04543238,0.00664827,1,0,0.007990368364410421,2025,True,mlp,bottom,manual_weak_bottom_label,186,"{""alpha"": 0.0001, ""hidden_layer_sizes"": [32], ""learning_rate_init"": 0.001, ""max_iter"": 500, ""negative_sample_ratio"": 2.0}",ok,
2024-12-30,2025-01-03,510,1.0,0.05562833,0.06517731,-0.02981205,1,0,0.22100730208530767,2025,True,svm,bottom,manual_weak_bottom_label,186,"{""C"": 0.5, ""gamma"": ""scale""}",ok,
2025-01-06,2025-01-10,511,1.0,0.05431155,0.08060158,-0.01576327,1,0,0.22521410801319433,2025,True,svm,bottom,manual_weak_bottom_label,186,"{""C"": 0.5, ""gamma"": ""scale""}",ok,
2025-01-13,2025-01-17,512,0.0,0.05006923,0.06114382,-0.00447037,1,0,0.2000190953528547,2025,True,svm,bottom,manual_weak_bottom_label,186,"{""C"": 0.5, ""gamma"": ""scale""}",ok,
2025-04-07,2025-04-11,524,1.0,0.01499935,0.02577314,-0.01765928,1,0,0.233680055905986,2025,True,svm,bottom,manual_weak_bottom_label,186,"{""C"": 0.5, ""gamma"": ""scale""}",ok,
2025-04-14,2025-04-18,525,1.0,0.04293698,0.06232365,-0.00494745,1,0,0.19703398368708666,2025,True,svm,bottom,manual_weak_bottom_label,186,"{""C"": 0.5, ""gamma"": ""scale""}",ok,
2025-04-28,2025-04-30,527,0.0,0.00664827,0.04543238,0.00664827,1,0,0.21618330132359595,2025,True,svm,bottom,manual_weak_bottom_label,186,"{""C"": 0.5, ""gamma"": ""scale""}",ok,
2025-02-05,2025-02-07,515,,0.02223065,0.06782544,-0.00350013,0,1,0.9996321851790175,2025,True,logistic,top,manual_weak_top_label,169,"{""C"": 0.3}",ok,0.0
2025-02-10,2025-02-14,516,,0.04143652,0.05266838,-0.02180406,0,1,0.6373911782259405,2025,True,logistic,top,manual_weak_top_label,169,"{""C"": 0.3}",ok,0.0
2025-02-17,2025-02-21,517,,0.01890815,0.02840030,-0.03588305,0,1,0.9753234563321913,2025,True,logistic,top,manual_weak_top_label,169,"{""C"": 0.3}",ok,0.0
2025-02-24,2025-02-28,518,,0.02156028,0.05939603,-0.00839003,0,1,0.8200575833110102,2025,True,logistic,top,manual_weak_top_label,169,"{""C"": 0.3}",ok,1.0
2025-03-03,2025-03-07,519,,-0.03679358,0.02075859,-0.04039743,0,1,0.9991454309928195,2025,True,logistic,top,manual_weak_top_label,169,"{""C"": 0.3}",ok,1.0
2025-03-10,2025-03-14,520,,-0.05598911,0.01090917,-0.06506009,0,1,0.9999927118314889,2025,True,logistic,top,manual_weak_top_label,169,"{""C"": 0.3}",ok,1.0
2025-03-17,2025-03-21,521,,-0.08483547,0.00107827,-0.18431310,0,1,0.9999977196455649,2025,True,logistic,top,manual_weak_top_label,169,"{""C"": 0.3}",ok,1.0
2025-03-31,2025-04-03,523,,-0.04251879,-0.03062617,-0.15770490,0,1,0.9999992022489137,2025,True,logistic,top,manual_weak_top_label,169,"{""C"": 0.3}",ok,0.0
2025-05-06,2025-05-09,528,,-0.00912878,0.02274928,-0.01820676,0,1,0.2742869527354285,2025,True,logistic,top,manual_weak_top_label,169,"{""C"": 0.3}",ok,0.0
2025-05-12,2025-05-16,529,,0.01396282,0.01758915,-0.01594729,0,1,0.41557405857154245,2025,True,logistic,top,manual_weak_top_label,169,"{""C"": 0.3}",ok,0.0
2025-05-19,2025-05-23,530,,0.01942226,0.03951934,-0.00305993,0,1,0.627086947929576,2025,True,logistic,top,manual_weak_top_label,169,"{""C"": 0.3}",ok,0.0
2025-05-26,2025-05-30,531,,-0.00447502,0.03315706,-0.00480705,0,1,0.14269932193669302,2025,True,logistic,top,manual_weak_top_label,169,"{""C"": 0.3}",ok,0.0
2025-06-03,2025-06-06,532,,0.02016823,0.02703075,-0.03042202,0,1,0.0172684970011062,2025,True,logistic,top,manual_weak_top_label,169,"{""C"": 0.3}",ok,0.0
2025-06-09,2025-06-13,533,,0.03376822,0.04406463,-0.02298474,0,1,0.05635229495705087,2025,True,logistic,top,manual_weak_top_label,169,"{""C"": 0.3}",ok,0.0
2025-06-16,2025-06-20,534,,0.07692341,0.08131371,-0.00565505,0,1,0.010122068090051319,2025,True,logistic,top,manual_weak_top_label,169,"{""C"": 0.3}",ok,0.0
2025-06-23,2025-06-27,535,,0.04383300,0.04570382,0.00128454,0,1,0.37398379651637437,2025,True,logistic,top,manual_weak_top_label,169,"{""C"": 0.3}",ok,0.0
2025-06-30,2025-07-04,536,,0.06248427,0.06408323,-0.00132046,0,1,0.934496968279459,2025,True,logistic,top,manual_weak_top_label,169,"{""C"": 0.3}",ok,0.0
2025-07-07,2025-07-11,537,,0.03240501,0.04841033,-0.01231106,0,1,0.6162568701459842,2025,True,logistic,top,manual_weak_top_label,169,"{""C"": 0.3}",ok,0.0
2025-07-14,2025-07-18,538,,0.04365885,0.04951455,0.00045314,0,1,0.8683353198236489,2025,True,logistic,top,manual_weak_top_label,169,"{""C"": 0.3}",ok,0.0
2025-07-21,2025-07-25,539,,0.06126657,0.06126791,-0.01203022,0,1,0.9640443253050176,2025,True,logistic,top,manual_weak_top_label,169,"{""C"": 0.3}",ok,0.0
2025-07-28,2025-08-01,540,,0.10381094,0.10381094,-0.00589883,0,1,0.9574789898881773,2025,True,logistic,top,manual_weak_top_label,169,"{""C"": 0.3}",ok,0.0
2025-08-04,2025-08-08,541,,0.08782328,0.10634823,0.00181950,0,1,0.997000135835311,2025,True,logistic,top,manual_weak_top_label,169,"{""C"": 0.3}",ok,0.0
2025-08-11,2025-08-15,542,,0.01800716,0.06292265,-0.02498574,0,1,0.9248221819055973,2025,True,logistic,top,manual_weak_top_label,169,"{""C"": 0.3}",ok,0.0
2025-08-18,2025-08-22,543,,0.00814131,0.02749078,-0.05748723,0,1,0.9986436140655384,2025,True,logistic,top,manual_weak_top_label,169,"{""C"": 0.3}",ok,0.0
2025-08-25,2025-08-29,544,,-0.00006560,0.03055557,-0.06708343,0,1,0.9980288462972652,2025,True,logistic,top,manual_weak_top_label,169,"{""C"": 0.3}",ok,1.0
2025-09-01,2025-09-05,545,,0.02096729,0.05800750,-0.01164641,0,1,0.9976477643370101,2025,True,logistic,top,manual_weak_top_label,169,"{""C"": 0.3}",ok,1.0
2025-09-08,2025-09-12,546,,0.02048786,0.03274819,-0.02171905,0,1,0.9869179096830921,2025,True,logistic,top,manual_weak_top_label,169,"{""C"": 0.3}",ok,1.0
2025-09-15,2025-09-19,547,,0.01285676,0.03132241,-0.02373199,0,1,0.9956668770728206,2025,True,logistic,top,manual_weak_top_label,169,"{""C"": 0.3}",ok,1.0
2025-09-22,2025-09-26,548,,-0.02867299,0.03698259,-0.02982458,0,1,0.9998210903051786,2025,True,logistic,top,manual_weak_top_label,169,"{""C"": 0.3}",ok,1.0
2025-09-29,2025-09-30,549,,-0.02055825,0.01270079,-0.05254204,0,1,0.9995748438665529,2025,True,logistic,top,manual_weak_top_label,169,"{""C"": 0.3}",ok,0.0
2025-10-09,2025-10-10,550,,-0.00360309,0.01035411,-0.04736787,0,1,0.9970516300765829,2025,True,logistic,top,manual_weak_top_label,169,"{""C"": 0.3}",ok,0.0
2025-10-27,2025-10-31,553,,-0.05847755,0.01308382,-0.05847755,0,1,0.9992328812190996,2025,True,logistic,top,manual_weak_top_label,169,"{""C"": 0.3}",ok,0.0
2025-12-29,2025-12-31,562,,0.11526348,0.11629202,0.00374759,0,1,0.9395699980271881,2025,True,logistic,top,manual_weak_top_label,169,"{""C"": 0.3}",ok,0.0
2025-02-05,2025-02-07,515,,0.02223065,0.06782544,-0.00350013,0,1,0.9999998487563124,2025,True,lda,top,manual_weak_top_label,169,"{""shrinkage"": 0.5, ""solver"": ""lsqr""}",ok,0.0
2025-02-10,2025-02-14,516,,0.04143652,0.05266838,-0.02180406,0,1,0.9993502224173122,2025,True,lda,top,manual_weak_top_label,169,"{""shrinkage"": 0.5, ""solver"": ""lsqr""}",ok,0.0
2025-02-17,2025-02-21,517,,0.01890815,0.02840030,-0.03588305,0,1,0.9998446280952237,2025,True,lda,top,manual_weak_top_label,169,"{""shrinkage"": 0.5, ""solver"": ""lsqr""}",ok,0.0
2025-02-24,2025-02-28,518,,0.02156028,0.05939603,-0.00839003,0,1,0.99998698191808,2025,True,lda,top,manual_weak_top_label,169,"{""shrinkage"": 0.5, ""solver"": ""lsqr""}",ok,1.0
2025-03-03,2025-03-07,519,,-0.03679358,0.02075859,-0.04039743,0,1,0.9999999733656113,2025,True,lda,top,manual_weak_top_label,169,"{""shrinkage"": 0.5, ""solver"": ""lsqr""}",ok,1.0
2025-03-10,2025-03-14,520,,-0.05598911,0.01090917,-0.06506009,0,1,0.9999999995897111,2025,True,lda,top,manual_weak_top_label,169,"{""shrinkage"": 0.5, ""solver"": ""lsqr""}",ok,1.0
2025-03-17,2025-03-21,521,,-0.08483547,0.00107827,-0.18431310,0,1,0.9999999998988787,2025,True,lda,top,manual_weak_top_label,169,"{""shrinkage"": 0.5, ""solver"": ""lsqr""}",ok,1.0
2025-03-31,2025-04-03,523,,-0.04251879,-0.03062617,-0.15770490,0,1,0.9999999999218536,2025,True,lda,top,manual_weak_top_label,169,"{""shrinkage"": 0.5, ""solver"": ""lsqr""}",ok,0.0
2025-05-06,2025-05-09,528,,-0.00912878,0.02274928,-0.01820676,0,1,0.6756489995598459,2025,True,lda,top,manual_weak_top_label,169,"{""shrinkage"": 0.5, ""solver"": ""lsqr""}",ok,0.0
2025-05-12,2025-05-16,529,,0.01396282,0.01758915,-0.01594729,0,1,0.4808983436152975,2025,True,lda,top,manual_weak_top_label,169,"{""shrinkage"": 0.5, ""solver"": ""lsqr""}",ok,0.0
2025-05-19,2025-05-23,530,,0.01942226,0.03951934,-0.00305993,0,1,0.5478236661502862,2025,True,lda,top,manual_weak_top_label,169,"{""shrinkage"": 0.5, ""solver"": ""lsqr""}",ok,0.0
2025-05-26,2025-05-30,531,,-0.00447502,0.03315706,-0.00480705,0,1,0.3514611178816906,2025,True,lda,top,manual_weak_top_label,169,"{""shrinkage"": 0.5, ""solver"": ""lsqr""}",ok,0.0
2025-06-03,2025-06-06,532,,0.02016823,0.02703075,-0.03042202,0,1,0.24154402085634202,2025,True,lda,top,manual_weak_top_label,169,"{""shrinkage"": 0.5, ""solver"": ""lsqr""}",ok,0.0
2025-06-09,2025-06-13,533,,0.03376822,0.04406463,-0.02298474,0,1,0.29014312117329333,2025,True,lda,top,manual_weak_top_label,169,"{""shrinkage"": 0.5, ""solver"": ""lsqr""}",ok,0.0
2025-06-16,2025-06-20,534,,0.07692341,0.08131371,-0.00565505,0,1,0.6656008449522524,2025,True,lda,top,manual_weak_top_label,169,"{""shrinkage"": 0.5, ""solver"": ""lsqr""}",ok,0.0
2025-06-23,2025-06-27,535,,0.04383300,0.04570382,0.00128454,0,1,0.9867637987708161,2025,True,lda,top,manual_weak_top_label,169,"{""shrinkage"": 0.5, ""solver"": ""lsqr""}",ok,0.0
2025-06-30,2025-07-04,536,,0.06248427,0.06408323,-0.00132046,0,1,0.9995642919865394,2025,True,lda,top,manual_weak_top_label,169,"{""shrinkage"": 0.5, ""solver"": ""lsqr""}",ok,0.0
2025-07-07,2025-07-11,537,,0.03240501,0.04841033,-0.01231106,0,1,0.9907750359927325,2025,True,lda,top,manual_weak_top_label,169,"{""shrinkage"": 0.5, ""solver"": ""lsqr""}",ok,0.0
2025-07-14,2025-07-18,538,,0.04365885,0.04951455,0.00045314,0,1,0.984425158792133,2025,True,lda,top,manual_weak_top_label,169,"{""shrinkage"": 0.5, ""solver"": ""lsqr""}",ok,0.0
2025-07-21,2025-07-25,539,,0.06126657,0.06126791,-0.01203022,0,1,0.9954064224968476,2025,True,lda,top,manual_weak_top_label,169,"{""shrinkage"": 0.5, ""solver"": ""lsqr""}",ok,0.0
2025-07-28,2025-08-01,540,,0.10381094,0.10381094,-0.00589883,0,1,0.9961954789509533,2025,True,lda,top,manual_weak_top_label,169,"{""shrinkage"": 0.5, ""solver"": ""lsqr""}",ok,0.0
2025-08-04,2025-08-08,541,,0.08782328,0.10634823,0.00181950,0,1,0.9998105509200982,2025,True,lda,top,manual_weak_top_label,169,"{""shrinkage"": 0.5, ""solver"": ""lsqr""}",ok,0.0
2025-08-11,2025-08-15,542,,0.01800716,0.06292265,-0.02498574,0,1,0.9885828970242363,2025,True,lda,top,manual_weak_top_label,169,"{""shrinkage"": 0.5, ""solver"": ""lsqr""}",ok,0.0
2025-08-18,2025-08-22,543,,0.00814131,0.02749078,-0.05748723,0,1,0.9999757824291126,2025,True,lda,top,manual_weak_top_label,169,"{""shrinkage"": 0.5, ""solver"": ""lsqr""}",ok,0.0
2025-08-25,2025-08-29,544,,-0.00006560,0.03055557,-0.06708343,0,1,0.9999685287927677,2025,True,lda,top,manual_weak_top_label,169,"{""shrinkage"": 0.5, ""solver"": ""lsqr""}",ok,1.0
2025-09-01,2025-09-05,545,,0.02096729,0.05800750,-0.01164641,0,1,0.9999694006416561,2025,True,lda,top,manual_weak_top_label,169,"{""shrinkage"": 0.5, ""solver"": ""lsqr""}",ok,1.0
2025-09-08,2025-09-12,546,,0.02048786,0.03274819,-0.02171905,0,1,0.9980028950987249,2025,True,lda,top,manual_weak_top_label,169,"{""shrinkage"": 0.5, ""solver"": ""lsqr""}",ok,1.0
2025-09-15,2025-09-19,547,,0.01285676,0.03132241,-0.02373199,0,1,0.9993288194692064,2025,True,lda,top,manual_weak_top_label,169,"{""shrinkage"": 0.5, ""solver"": ""lsqr""}",ok,1.0
2025-09-22,2025-09-26,548,,-0.02867299,0.03698259,-0.02982458,0,1,0.999998914203431,2025,True,lda,top,manual_weak_top_label,169,"{""shrinkage"": 0.5, ""solver"": ""lsqr""}",ok,1.0
2025-09-29,2025-09-30,549,,-0.02055825,0.01270079,-0.05254204,0,1,0.9999974107262585,2025,True,lda,top,manual_weak_top_label,169,"{""shrinkage"": 0.5, ""solver"": ""lsqr""}",ok,0.0
2025-10-09,2025-10-10,550,,-0.00360309,0.01035411,-0.04736787,0,1,0.9999907261558159,2025,True,lda,top,manual_weak_top_label,169,"{""shrinkage"": 0.5, ""solver"": ""lsqr""}",ok,0.0
2025-10-27,2025-10-31,553,,-0.05847755,0.01308382,-0.05847755,0,1,0.9999867595266152,2025,True,lda,top,manual_weak_top_label,169,"{""shrinkage"": 0.5, ""solver"": ""lsqr""}",ok,0.0
2025-12-29,2025-12-31,562,,0.11526348,0.11629202,0.00374759,0,1,0.9998143078116125,2025,True,lda,top,manual_weak_top_label,169,"{""shrinkage"": 0.5, ""solver"": ""lsqr""}",ok,0.0
2025-02-05,2025-02-07,515,,0.02223065,0.06782544,-0.00350013,0,1,3.224398762754656e-86,2025,True,qda,top,manual_weak_top_label,169,"{""reg_param"": 0.5}",ok,0.0
2025-02-10,2025-02-14,516,,0.04143652,0.05266838,-0.02180406,0,1,1.2001919821824629e-32,2025,True,qda,top,manual_weak_top_label,169,"{""reg_param"": 0.5}",ok,0.0
2025-02-17,2025-02-21,517,,0.01890815,0.02840030,-0.03588305,0,1,4.2691645676066894e-09,2025,True,qda,top,manual_weak_top_label,169,"{""reg_param"": 0.5}",ok,0.0
2025-02-24,2025-02-28,518,,0.02156028,0.05939603,-0.00839003,0,1,1.0,2025,True,qda,top,manual_weak_top_label,169,"{""reg_param"": 0.5}",ok,1.0
2025-03-03,2025-03-07,519,,-0.03679358,0.02075859,-0.04039743,0,1,1.0,2025,True,qda,top,manual_weak_top_label,169,"{""reg_param"": 0.5}",ok,1.0
2025-03-10,2025-03-14,520,,-0.05598911,0.01090917,-0.06506009,0,1,0.9999978917430942,2025,True,qda,top,manual_weak_top_label,169,"{""reg_param"": 0.5}",ok,1.0
2025-03-17,2025-03-21,521,,-0.08483547,0.00107827,-0.18431310,0,1,1.0,2025,True,qda,top,manual_weak_top_label,169,"{""reg_param"": 0.5}",ok,1.0
2025-03-31,2025-04-03,523,,-0.04251879,-0.03062617,-0.15770490,0,1,1.0,2025,True,qda,top,manual_weak_top_label,169,"{""reg_param"": 0.5}",ok,0.0
2025-05-06,2025-05-09,528,,-0.00912878,0.02274928,-0.01820676,0,1,1.0,2025,True,qda,top,manual_weak_top_label,169,"{""reg_param"": 0.5}",ok,0.0
2025-05-12,2025-05-16,529,,0.01396282,0.01758915,-0.01594729,0,1,1.0,2025,True,qda,top,manual_weak_top_label,169,"{""reg_param"": 0.5}",ok,0.0
2025-05-19,2025-05-23,530,,0.01942226,0.03951934,-0.00305993,0,1,1.0,2025,True,qda,top,manual_weak_top_label,169,"{""reg_param"": 0.5}",ok,0.0
2025-05-26,2025-05-30,531,,-0.00447502,0.03315706,-0.00480705,0,1,1.0,2025,True,qda,top,manual_weak_top_label,169,"{""reg_param"": 0.5}",ok,0.0
2025-06-03,2025-06-06,532,,0.02016823,0.02703075,-0.03042202,0,1,1.0,2025,True,qda,top,manual_weak_top_label,169,"{""reg_param"": 0.5}",ok,0.0
2025-06-09,2025-06-13,533,,0.03376822,0.04406463,-0.02298474,0,1,1.0,2025,True,qda,top,manual_weak_top_label,169,"{""reg_param"": 0.5}",ok,0.0
2025-06-16,2025-06-20,534,,0.07692341,0.08131371,-0.00565505,0,1,1.0,2025,True,qda,top,manual_weak_top_label,169,"{""reg_param"": 0.5}",ok,0.0
2025-06-23,2025-06-27,535,,0.04383300,0.04570382,0.00128454,0,1,1.0,2025,True,qda,top,manual_weak_top_label,169,"{""reg_param"": 0.5}",ok,0.0
2025-06-30,2025-07-04,536,,0.06248427,0.06408323,-0.00132046,0,1,1.0,2025,True,qda,top,manual_weak_top_label,169,"{""reg_param"": 0.5}",ok,0.0
2025-07-07,2025-07-11,537,,0.03240501,0.04841033,-0.01231106,0,1,1.0,2025,True,qda,top,manual_weak_top_label,169,"{""reg_param"": 0.5}",ok,0.0
2025-07-14,2025-07-18,538,,0.04365885,0.04951455,0.00045314,0,1,1.0,2025,True,qda,top,manual_weak_top_label,169,"{""reg_param"": 0.5}",ok,0.0
2025-07-21,2025-07-25,539,,0.06126657,0.06126791,-0.01203022,0,1,1.0,2025,True,qda,top,manual_weak_top_label,169,"{""reg_param"": 0.5}",ok,0.0
2025-07-28,2025-08-01,540,,0.10381094,0.10381094,-0.00589883,0,1,0.9999999999999993,2025,True,qda,top,manual_weak_top_label,169,"{""reg_param"": 0.5}",ok,0.0
2025-08-04,2025-08-08,541,,0.08782328,0.10634823,0.00181950,0,1,1.0,2025,True,qda,top,manual_weak_top_label,169,"{""reg_param"": 0.5}",ok,0.0
2025-08-11,2025-08-15,542,,0.01800716,0.06292265,-0.02498574,0,1,1.0,2025,True,qda,top,manual_weak_top_label,169,"{""reg_param"": 0.5}",ok,0.0
2025-08-18,2025-08-22,543,,0.00814131,0.02749078,-0.05748723,0,1,1.0,2025,True,qda,top,manual_weak_top_label,169,"{""reg_param"": 0.5}",ok,0.0
2025-08-25,2025-08-29,544,,-0.00006560,0.03055557,-0.06708343,0,1,1.0,2025,True,qda,top,manual_weak_top_label,169,"{""reg_param"": 0.5}",ok,1.0
2025-09-01,2025-09-05,545,,0.02096729,0.05800750,-0.01164641,0,1,1.0,2025,True,qda,top,manual_weak_top_label,169,"{""reg_param"": 0.5}",ok,1.0
2025-09-08,2025-09-12,546,,0.02048786,0.03274819,-0.02171905,0,1,1.0,2025,True,qda,top,manual_weak_top_label,169,"{""reg_param"": 0.5}",ok,1.0
2025-09-15,2025-09-19,547,,0.01285676,0.03132241,-0.02373199,0,1,1.0,2025,True,qda,top,manual_weak_top_label,169,"{""reg_param"": 0.5}",ok,1.0
2025-09-22,2025-09-26,548,,-0.02867299,0.03698259,-0.02982458,0,1,1.0,2025,True,qda,top,manual_weak_top_label,169,"{""reg_param"": 0.5}",ok,1.0
2025-09-29,2025-09-30,549,,-0.02055825,0.01270079,-0.05254204,0,1,1.0,2025,True,qda,top,manual_weak_top_label,169,"{""reg_param"": 0.5}",ok,0.0
2025-10-09,2025-10-10,550,,-0.00360309,0.01035411,-0.04736787,0,1,1.0,2025,True,qda,top,manual_weak_top_label,169,"{""reg_param"": 0.5}",ok,0.0
2025-10-27,2025-10-31,553,,-0.05847755,0.01308382,-0.05847755,0,1,1.0,2025,True,qda,top,manual_weak_top_label,169,"{""reg_param"": 0.5}",ok,0.0
2025-12-29,2025-12-31,562,,0.11526348,0.11629202,0.00374759,0,1,1.0,2025,True,qda,top,manual_weak_top_label,169,"{""reg_param"": 0.5}",ok,0.0
2025-02-05,2025-02-07,515,,0.02223065,0.06782544,-0.00350013,0,1,0.11783541811805578,2025,True,lightgbm,top,manual_weak_top_label,169,"{""balanced_bagging"": true, ""is_unbalance"": true, ""learning_rate"": 0.025, ""max_depth"": 5, ""min_child_samples"": 12, ""n_estimators"": 320, ""negative_sample_ratio"": 3.0, ""num_leaves"": 15}",ok,0.0
2025-02-10,2025-02-14,516,,0.04143652,0.05266838,-0.02180406,0,1,0.06651419040793834,2025,True,lightgbm,top,manual_weak_top_label,169,"{""balanced_bagging"": true, ""is_unbalance"": true, ""learning_rate"": 0.025, ""max_depth"": 5, ""min_child_samples"": 12, ""n_estimators"": 320, ""negative_sample_ratio"": 3.0, ""num_leaves"": 15}",ok,0.0
2025-02-17,2025-02-21,517,,0.01890815,0.02840030,-0.03588305,0,1,0.12553177457595602,2025,True,lightgbm,top,manual_weak_top_label,169,"{""balanced_bagging"": true, ""is_unbalance"": true, ""learning_rate"": 0.025, ""max_depth"": 5, ""min_child_samples"": 12, ""n_estimators"": 320, ""negative_sample_ratio"": 3.0, ""num_leaves"": 15}",ok,0.0
2025-02-24,2025-02-28,518,,0.02156028,0.05939603,-0.00839003,0,1,0.3397376582552718,2025,True,lightgbm,top,manual_weak_top_label,169,"{""balanced_bagging"": true, ""is_unbalance"": true, ""learning_rate"": 0.025, ""max_depth"": 5, ""min_child_samples"": 12, ""n_estimators"": 320, ""negative_sample_ratio"": 3.0, ""num_leaves"": 15}",ok,1.0
2025-03-03,2025-03-07,519,,-0.03679358,0.02075859,-0.04039743,0,1,0.4510763703802189,2025,True,lightgbm,top,manual_weak_top_label,169,"{""balanced_bagging"": true, ""is_unbalance"": true, ""learning_rate"": 0.025, ""max_depth"": 5, ""min_child_samples"": 12, ""n_estimators"": 320, ""negative_sample_ratio"": 3.0, ""num_leaves"": 15}",ok,1.0
2025-03-10,2025-03-14,520,,-0.05598911,0.01090917,-0.06506009,0,1,0.6773226889621214,2025,True,lightgbm,top,manual_weak_top_label,169,"{""balanced_bagging"": true, ""is_unbalance"": true, ""learning_rate"": 0.025, ""max_depth"": 5, ""min_child_samples"": 12, ""n_estimators"": 320, ""negative_sample_ratio"": 3.0, ""num_leaves"": 15}",ok,1.0
2025-03-17,2025-03-21,521,,-0.08483547,0.00107827,-0.18431310,0,1,0.7952959645760926,2025,True,lightgbm,top,manual_weak_top_label,169,"{""balanced_bagging"": true, ""is_unbalance"": true, ""learning_rate"": 0.025, ""max_depth"": 5, ""min_child_samples"": 12, ""n_estimators"": 320, ""negative_sample_ratio"": 3.0, ""num_leaves"": 15}",ok,1.0
2025-03-31,2025-04-03,523,,-0.04251879,-0.03062617,-0.15770490,0,1,0.7212102118743284,2025,True,lightgbm,top,manual_weak_top_label,169,"{""balanced_bagging"": true, ""is_unbalance"": true, ""learning_rate"": 0.025, ""max_depth"": 5, ""min_child_samples"": 12, ""n_estimators"": 320, ""negative_sample_ratio"": 3.0, ""num_leaves"": 15}",ok,0.0
2025-05-06,2025-05-09,528,,-0.00912878,0.02274928,-0.01820676,0,1,0.1741611804184595,2025,True,lightgbm,top,manual_weak_top_label,169,"{""balanced_bagging"": true, ""is_unbalance"": true, ""learning_rate"": 0.025, ""max_depth"": 5, ""min_child_samples"": 12, ""n_estimators"": 320, ""negative_sample_ratio"": 3.0, ""num_leaves"": 15}",ok,0.0
2025-05-12,2025-05-16,529,,0.01396282,0.01758915,-0.01594729,0,1,0.09703424894334126,2025,True,lightgbm,top,manual_weak_top_label,169,"{""balanced_bagging"": true, ""is_unbalance"": true, ""learning_rate"": 0.025, ""max_depth"": 5, ""min_child_samples"": 12, ""n_estimators"": 320, ""negative_sample_ratio"": 3.0, ""num_leaves"": 15}",ok,0.0
2025-05-19,2025-05-23,530,,0.01942226,0.03951934,-0.00305993,0,1,0.19880083858725775,2025,True,lightgbm,top,manual_weak_top_label,169,"{""balanced_bagging"": true, ""is_unbalance"": true, ""learning_rate"": 0.025, ""max_depth"": 5, ""min_child_samples"": 12, ""n_estimators"": 320, ""negative_sample_ratio"": 3.0, ""num_leaves"": 15}",ok,0.0
2025-05-26,2025-05-30,531,,-0.00447502,0.03315706,-0.00480705,0,1,0.22543393796508357,2025,True,lightgbm,top,manual_weak_top_label,169,"{""balanced_bagging"": true, ""is_unbalance"": true, ""learning_rate"": 0.025, ""max_depth"": 5, ""min_child_samples"": 12, ""n_estimators"": 320, ""negative_sample_ratio"": 3.0, ""num_leaves"": 15}",ok,0.0
2025-06-03,2025-06-06,532,,0.02016823,0.02703075,-0.03042202,0,1,0.5299736855957028,2025,True,lightgbm,top,manual_weak_top_label,169,"{""balanced_bagging"": true, ""is_unbalance"": true, ""learning_rate"": 0.025, ""max_depth"": 5, ""min_child_samples"": 12, ""n_estimators"": 320, ""negative_sample_ratio"": 3.0, ""num_leaves"": 15}",ok,0.0
2025-06-09,2025-06-13,533,,0.03376822,0.04406463,-0.02298474,0,1,0.4715593226660272,2025,True,lightgbm,top,manual_weak_top_label,169,"{""balanced_bagging"": true, ""is_unbalance"": true, ""learning_rate"": 0.025, ""max_depth"": 5, ""min_child_samples"": 12, ""n_estimators"": 320, ""negative_sample_ratio"": 3.0, ""num_leaves"": 15}",ok,0.0
2025-06-16,2025-06-20,534,,0.07692341,0.08131371,-0.00565505,0,1,0.42150944944186003,2025,True,lightgbm,top,manual_weak_top_label,169,"{""balanced_bagging"": true, ""is_unbalance"": true, ""learning_rate"": 0.025, ""max_depth"": 5, ""min_child_samples"": 12, ""n_estimators"": 320, ""negative_sample_ratio"": 3.0, ""num_leaves"": 15}",ok,0.0
2025-06-23,2025-06-27,535,,0.04383300,0.04570382,0.00128454,0,1,0.11047330321944114,2025,True,lightgbm,top,manual_weak_top_label,169,"{""balanced_bagging"": true, ""is_unbalance"": true, ""learning_rate"": 0.025, ""max_depth"": 5, ""min_child_samples"": 12, ""n_estimators"": 320, ""negative_sample_ratio"": 3.0, ""num_leaves"": 15}",ok,0.0
2025-06-30,2025-07-04,536,,0.06248427,0.06408323,-0.00132046,0,1,0.3131647777852415,2025,True,lightgbm,top,manual_weak_top_label,169,"{""balanced_bagging"": true, ""is_unbalance"": true, ""learning_rate"": 0.025, ""max_depth"": 5, ""min_child_samples"": 12, ""n_estimators"": 320, ""negative_sample_ratio"": 3.0, ""num_leaves"": 15}",ok,0.0
2025-07-07,2025-07-11,537,,0.03240501,0.04841033,-0.01231106,0,1,0.1384379513397088,2025,True,lightgbm,top,manual_weak_top_label,169,"{""balanced_bagging"": true, ""is_unbalance"": true, ""learning_rate"": 0.025, ""max_depth"": 5, ""min_child_samples"": 12, ""n_estimators"": 320, ""negative_sample_ratio"": 3.0, ""num_leaves"": 15}",ok,0.0
2025-07-14,2025-07-18,538,,0.04365885,0.04951455,0.00045314,0,1,0.4649930360591682,2025,True,lightgbm,top,manual_weak_top_label,169,"{""balanced_bagging"": true, ""is_unbalance"": true, ""learning_rate"": 0.025, ""max_depth"": 5, ""min_child_samples"": 12, ""n_estimators"": 320, ""negative_sample_ratio"": 3.0, ""num_leaves"": 15}",ok,0.0
2025-07-21,2025-07-25,539,,0.06126657,0.06126791,-0.01203022,0,1,0.17800134515922808,2025,True,lightgbm,top,manual_weak_top_label,169,"{""balanced_bagging"": true, ""is_unbalance"": true, ""learning_rate"": 0.025, ""max_depth"": 5, ""min_child_samples"": 12, ""n_estimators"": 320, ""negative_sample_ratio"": 3.0, ""num_leaves"": 15}",ok,0.0
2025-07-28,2025-08-01,540,,0.10381094,0.10381094,-0.00589883,0,1,0.5375221584032184,2025,True,lightgbm,top,manual_weak_top_label,169,"{""balanced_bagging"": true, ""is_unbalance"": true, ""learning_rate"": 0.025, ""max_depth"": 5, ""min_child_samples"": 12, ""n_estimators"": 320, ""negative_sample_ratio"": 3.0, ""num_leaves"": 15}",ok,0.0
2025-08-04,2025-08-08,541,,0.08782328,0.10634823,0.00181950,0,1,0.8428578602828929,2025,True,lightgbm,top,manual_weak_top_label,169,"{""balanced_bagging"": true, ""is_unbalance"": true, ""learning_rate"": 0.025, ""max_depth"": 5, ""min_child_samples"": 12, ""n_estimators"": 320, ""negative_sample_ratio"": 3.0, ""num_leaves"": 15}",ok,0.0
2025-08-11,2025-08-15,542,,0.01800716,0.06292265,-0.02498574,0,1,0.664117084171781,2025,True,lightgbm,top,manual_weak_top_label,169,"{""balanced_bagging"": true, ""is_unbalance"": true, ""learning_rate"": 0.025, ""max_depth"": 5, ""min_child_samples"": 12, ""n_estimators"": 320, ""negative_sample_ratio"": 3.0, ""num_leaves"": 15}",ok,0.0
2025-08-18,2025-08-22,543,,0.00814131,0.02749078,-0.05748723,0,1,0.7205588496870112,2025,True,lightgbm,top,manual_weak_top_label,169,"{""balanced_bagging"": true, ""is_unbalance"": true, ""learning_rate"": 0.025, ""max_depth"": 5, ""min_child_samples"": 12, ""n_estimators"": 320, ""negative_sample_ratio"": 3.0, ""num_leaves"": 15}",ok,0.0
2025-08-25,2025-08-29,544,,-0.00006560,0.03055557,-0.06708343,0,1,0.8532951884545616,2025,True,lightgbm,top,manual_weak_top_label,169,"{""balanced_bagging"": true, ""is_unbalance"": true, ""learning_rate"": 0.025, ""max_depth"": 5, ""min_child_samples"": 12, ""n_estimators"": 320, ""negative_sample_ratio"": 3.0, ""num_leaves"": 15}",ok,1.0
2025-09-01,2025-09-05,545,,0.02096729,0.05800750,-0.01164641,0,1,0.8465813857232892,2025,True,lightgbm,top,manual_weak_top_label,169,"{""balanced_bagging"": true, ""is_unbalance"": true, ""learning_rate"": 0.025, ""max_depth"": 5, ""min_child_samples"": 12, ""n_estimators"": 320, ""negative_sample_ratio"": 3.0, ""num_leaves"": 15}",ok,1.0
2025-09-08,2025-09-12,546,,0.02048786,0.03274819,-0.02171905,0,1,0.9201522560194445,2025,True,lightgbm,top,manual_weak_top_label,169,"{""balanced_bagging"": true, ""is_unbalance"": true, ""learning_rate"": 0.025, ""max_depth"": 5, ""min_child_samples"": 12, ""n_estimators"": 320, ""negative_sample_ratio"": 3.0, ""num_leaves"": 15}",ok,1.0
2025-09-15,2025-09-19,547,,0.01285676,0.03132241,-0.02373199,0,1,0.8713316321566513,2025,True,lightgbm,top,manual_weak_top_label,169,"{""balanced_bagging"": true, ""is_unbalance"": true, ""learning_rate"": 0.025, ""max_depth"": 5, ""min_child_samples"": 12, ""n_estimators"": 320, ""negative_sample_ratio"": 3.0, ""num_leaves"": 15}",ok,1.0
2025-09-22,2025-09-26,548,,-0.02867299,0.03698259,-0.02982458,0,1,0.8831741506664121,2025,True,lightgbm,top,manual_weak_top_label,169,"{""balanced_bagging"": true, ""is_unbalance"": true, ""learning_rate"": 0.025, ""max_depth"": 5, ""min_child_samples"": 12, ""n_estimators"": 320, ""negative_sample_ratio"": 3.0, ""num_leaves"": 15}",ok,1.0
2025-09-29,2025-09-30,549,,-0.02055825,0.01270079,-0.05254204,0,1,0.9638168187476469,2025,True,lightgbm,top,manual_weak_top_label,169,"{""balanced_bagging"": true, ""is_unbalance"": true, ""learning_rate"": 0.025, ""max_depth"": 5, ""min_child_samples"": 12, ""n_estimators"": 320, ""negative_sample_ratio"": 3.0, ""num_leaves"": 15}",ok,0.0
2025-10-09,2025-10-10,550,,-0.00360309,0.01035411,-0.04736787,0,1,0.9351146488852246,2025,True,lightgbm,top,manual_weak_top_label,169,"{""balanced_bagging"": true, ""is_unbalance"": true, ""learning_rate"": 0.025, ""max_depth"": 5, ""min_child_samples"": 12, ""n_estimators"": 320, ""negative_sample_ratio"": 3.0, ""num_leaves"": 15}",ok,0.0
2025-10-27,2025-10-31,553,,-0.05847755,0.01308382,-0.05847755,0,1,0.8355180025643373,2025,True,lightgbm,top,manual_weak_top_label,169,"{""balanced_bagging"": true, ""is_unbalance"": true, ""learning_rate"": 0.025, ""max_depth"": 5, ""min_child_samples"": 12, ""n_estimators"": 320, ""negative_sample_ratio"": 3.0, ""num_leaves"": 15}",ok,0.0
2025-12-29,2025-12-31,562,,0.11526348,0.11629202,0.00374759,0,1,0.2919254351983029,2025,True,lightgbm,top,manual_weak_top_label,169,"{""balanced_bagging"": true, ""is_unbalance"": true, ""learning_rate"": 0.025, ""max_depth"": 5, ""min_child_samples"": 12, ""n_estimators"": 320, ""negative_sample_ratio"": 3.0, ""num_leaves"": 15}",ok,0.0
2025-02-05,2025-02-07,515,,0.02223065,0.06782544,-0.00350013,0,1,0.9361786246299744,2025,True,bp,top,manual_weak_top_label,169,"{""dropout"": 0.05, ""focal_alpha"": 0.7, ""focal_gamma"": 1.5, ""hidden_layers"": [32], ""learning_rate"": 0.001, ""max_epochs"": 130, ""patience"": 15}",ok,0.0
2025-02-10,2025-02-14,516,,0.04143652,0.05266838,-0.02180406,0,1,0.8592019081115723,2025,True,bp,top,manual_weak_top_label,169,"{""dropout"": 0.05, ""focal_alpha"": 0.7, ""focal_gamma"": 1.5, ""hidden_layers"": [32], ""learning_rate"": 0.001, ""max_epochs"": 130, ""patience"": 15}",ok,0.0
2025-02-17,2025-02-21,517,,0.01890815,0.02840030,-0.03588305,0,1,0.630869448184967,2025,True,bp,top,manual_weak_top_label,169,"{""dropout"": 0.05, ""focal_alpha"": 0.7, ""focal_gamma"": 1.5, ""hidden_layers"": [32], ""learning_rate"": 0.001, ""max_epochs"": 130, ""patience"": 15}",ok,0.0
2025-02-24,2025-02-28,518,,0.02156028,0.05939603,-0.00839003,0,1,0.8252419829368591,2025,True,bp,top,manual_weak_top_label,169,"{""dropout"": 0.05, ""focal_alpha"": 0.7, ""focal_gamma"": 1.5, ""hidden_layers"": [32], ""learning_rate"": 0.001, ""max_epochs"": 130, ""patience"": 15}",ok,1.0
2025-03-03,2025-03-07,519,,-0.03679358,0.02075859,-0.04039743,0,1,0.8843970894813538,2025,True,bp,top,manual_weak_top_label,169,"{""dropout"": 0.05, ""focal_alpha"": 0.7, ""focal_gamma"": 1.5, ""hidden_layers"": [32], ""learning_rate"": 0.001, ""max_epochs"": 130, ""patience"": 15}",ok,1.0
2025-03-10,2025-03-14,520,,-0.05598911,0.01090917,-0.06506009,0,1,0.9284375905990601,2025,True,bp,top,manual_weak_top_label,169,"{""dropout"": 0.05, ""focal_alpha"": 0.7, ""focal_gamma"": 1.5, ""hidden_layers"": [32], ""learning_rate"": 0.001, ""max_epochs"": 130, ""patience"": 15}",ok,1.0
2025-03-17,2025-03-21,521,,-0.08483547,0.00107827,-0.18431310,0,1,0.9272777438163757,2025,True,bp,top,manual_weak_top_label,169,"{""dropout"": 0.05, ""focal_alpha"": 0.7, ""focal_gamma"": 1.5, ""hidden_layers"": [32], ""learning_rate"": 0.001, ""max_epochs"": 130, ""patience"": 15}",ok,1.0
2025-03-31,2025-04-03,523,,-0.04251879,-0.03062617,-0.15770490,0,1,0.9358009696006775,2025,True,bp,top,manual_weak_top_label,169,"{""dropout"": 0.05, ""focal_alpha"": 0.7, ""focal_gamma"": 1.5, ""hidden_layers"": [32], ""learning_rate"": 0.001, ""max_epochs"": 130, ""patience"": 15}",ok,0.0
2025-05-06,2025-05-09,528,,-0.00912878,0.02274928,-0.01820676,0,1,0.16563765704631805,2025,True,bp,top,manual_weak_top_label,169,"{""dropout"": 0.05, ""focal_alpha"": 0.7, ""focal_gamma"": 1.5, ""hidden_layers"": [32], ""learning_rate"": 0.001, ""max_epochs"": 130, ""patience"": 15}",ok,0.0
2025-05-12,2025-05-16,529,,0.01396282,0.01758915,-0.01594729,0,1,0.11647877842187881,2025,True,bp,top,manual_weak_top_label,169,"{""dropout"": 0.05, ""focal_alpha"": 0.7, ""focal_gamma"": 1.5, ""hidden_layers"": [32], ""learning_rate"": 0.001, ""max_epochs"": 130, ""patience"": 15}",ok,0.0
2025-05-19,2025-05-23,530,,0.01942226,0.03951934,-0.00305993,0,1,0.21729718148708344,2025,True,bp,top,manual_weak_top_label,169,"{""dropout"": 0.05, ""focal_alpha"": 0.7, ""focal_gamma"": 1.5, ""hidden_layers"": [32], ""learning_rate"": 0.001, ""max_epochs"": 130, ""patience"": 15}",ok,0.0
2025-05-26,2025-05-30,531,,-0.00447502,0.03315706,-0.00480705,0,1,0.5597781538963318,2025,True,bp,top,manual_weak_top_label,169,"{""dropout"": 0.05, ""focal_alpha"": 0.7, ""focal_gamma"": 1.5, ""hidden_layers"": [32], ""learning_rate"": 0.001, ""max_epochs"": 130, ""patience"": 15}",ok,0.0
2025-06-03,2025-06-06,532,,0.02016823,0.02703075,-0.03042202,0,1,0.21121975779533386,2025,True,bp,top,manual_weak_top_label,169,"{""dropout"": 0.05, ""focal_alpha"": 0.7, ""focal_gamma"": 1.5, ""hidden_layers"": [32], ""learning_rate"": 0.001, ""max_epochs"": 130, ""patience"": 15}",ok,0.0
2025-06-09,2025-06-13,533,,0.03376822,0.04406463,-0.02298474,0,1,0.11770769953727722,2025,True,bp,top,manual_weak_top_label,169,"{""dropout"": 0.05, ""focal_alpha"": 0.7, ""focal_gamma"": 1.5, ""hidden_layers"": [32], ""learning_rate"": 0.001, ""max_epochs"": 130, ""patience"": 15}",ok,0.0
2025-06-16,2025-06-20,534,,0.07692341,0.08131371,-0.00565505,0,1,0.190702423453331,2025,True,bp,top,manual_weak_top_label,169,"{""dropout"": 0.05, ""focal_alpha"": 0.7, ""focal_gamma"": 1.5, ""hidden_layers"": [32], ""learning_rate"": 0.001, ""max_epochs"": 130, ""patience"": 15}",ok,0.0
2025-06-23,2025-06-27,535,,0.04383300,0.04570382,0.00128454,0,1,0.24579575657844543,2025,True,bp,top,manual_weak_top_label,169,"{""dropout"": 0.05, ""focal_alpha"": 0.7, ""focal_gamma"": 1.5, ""hidden_layers"": [32], ""learning_rate"": 0.001, ""max_epochs"": 130, ""patience"": 15}",ok,0.0
2025-06-30,2025-07-04,536,,0.06248427,0.06408323,-0.00132046,0,1,0.7923313975334167,2025,True,bp,top,manual_weak_top_label,169,"{""dropout"": 0.05, ""focal_alpha"": 0.7, ""focal_gamma"": 1.5, ""hidden_layers"": [32], ""learning_rate"": 0.001, ""max_epochs"": 130, ""patience"": 15}",ok,0.0
2025-07-07,2025-07-11,537,,0.03240501,0.04841033,-0.01231106,0,1,0.6324918866157532,2025,True,bp,top,manual_weak_top_label,169,"{""dropout"": 0.05, ""focal_alpha"": 0.7, ""focal_gamma"": 1.5, ""hidden_layers"": [32], ""learning_rate"": 0.001, ""max_epochs"": 130, ""patience"": 15}",ok,0.0
2025-07-14,2025-07-18,538,,0.04365885,0.04951455,0.00045314,0,1,0.8005790114402771,2025,True,bp,top,manual_weak_top_label,169,"{""dropout"": 0.05, ""focal_alpha"": 0.7, ""focal_gamma"": 1.5, ""hidden_layers"": [32], ""learning_rate"": 0.001, ""max_epochs"": 130, ""patience"": 15}",ok,0.0
2025-07-21,2025-07-25,539,,0.06126657,0.06126791,-0.01203022,0,1,0.850074052810669,2025,True,bp,top,manual_weak_top_label,169,"{""dropout"": 0.05, ""focal_alpha"": 0.7, ""focal_gamma"": 1.5, ""hidden_layers"": [32], ""learning_rate"": 0.001, ""max_epochs"": 130, ""patience"": 15}",ok,0.0
2025-07-28,2025-08-01,540,,0.10381094,0.10381094,-0.00589883,0,1,0.7593805193901062,2025,True,bp,top,manual_weak_top_label,169,"{""dropout"": 0.05, ""focal_alpha"": 0.7, ""focal_gamma"": 1.5, ""hidden_layers"": [32], ""learning_rate"": 0.001, ""max_epochs"": 130, ""patience"": 15}",ok,0.0
2025-08-04,2025-08-08,541,,0.08782328,0.10634823,0.00181950,0,1,0.8984906673431396,2025,True,bp,top,manual_weak_top_label,169,"{""dropout"": 0.05, ""focal_alpha"": 0.7, ""focal_gamma"": 1.5, ""hidden_layers"": [32], ""learning_rate"": 0.001, ""max_epochs"": 130, ""patience"": 15}",ok,0.0
2025-08-11,2025-08-15,542,,0.01800716,0.06292265,-0.02498574,0,1,0.4124402701854706,2025,True,bp,top,manual_weak_top_label,169,"{""dropout"": 0.05, ""focal_alpha"": 0.7, ""focal_gamma"": 1.5, ""hidden_layers"": [32], ""learning_rate"": 0.001, ""max_epochs"": 130, ""patience"": 15}",ok,0.0
2025-08-18,2025-08-22,543,,0.00814131,0.02749078,-0.05748723,0,1,0.9145737886428833,2025,True,bp,top,manual_weak_top_label,169,"{""dropout"": 0.05, ""focal_alpha"": 0.7, ""focal_gamma"": 1.5, ""hidden_layers"": [32], ""learning_rate"": 0.001, ""max_epochs"": 130, ""patience"": 15}",ok,0.0
2025-08-25,2025-08-29,544,,-0.00006560,0.03055557,-0.06708343,0,1,0.9153836965560913,2025,True,bp,top,manual_weak_top_label,169,"{""dropout"": 0.05, ""focal_alpha"": 0.7, ""focal_gamma"": 1.5, ""hidden_layers"": [32], ""learning_rate"": 0.001, ""max_epochs"": 130, ""patience"": 15}",ok,1.0
2025-09-01,2025-09-05,545,,0.02096729,0.05800750,-0.01164641,0,1,0.9336031079292297,2025,True,bp,top,manual_weak_top_label,169,"{""dropout"": 0.05, ""focal_alpha"": 0.7, ""focal_gamma"": 1.5, ""hidden_layers"": [32], ""learning_rate"": 0.001, ""max_epochs"": 130, ""patience"": 15}",ok,1.0
2025-09-08,2025-09-12,546,,0.02048786,0.03274819,-0.02171905,0,1,0.8376219868659973,2025,True,bp,top,manual_weak_top_label,169,"{""dropout"": 0.05, ""focal_alpha"": 0.7, ""focal_gamma"": 1.5, ""hidden_layers"": [32], ""learning_rate"": 0.001, ""max_epochs"": 130, ""patience"": 15}",ok,1.0
2025-09-15,2025-09-19,547,,0.01285676,0.03132241,-0.02373199,0,1,0.8792445659637451,2025,True,bp,top,manual_weak_top_label,169,"{""dropout"": 0.05, ""focal_alpha"": 0.7, ""focal_gamma"": 1.5, ""hidden_layers"": [32], ""learning_rate"": 0.001, ""max_epochs"": 130, ""patience"": 15}",ok,1.0
2025-09-22,2025-09-26,548,,-0.02867299,0.03698259,-0.02982458,0,1,0.9358007907867432,2025,True,bp,top,manual_weak_top_label,169,"{""dropout"": 0.05, ""focal_alpha"": 0.7, ""focal_gamma"": 1.5, ""hidden_layers"": [32], ""learning_rate"": 0.001, ""max_epochs"": 130, ""patience"": 15}",ok,1.0
2025-09-29,2025-09-30,549,,-0.02055825,0.01270079,-0.05254204,0,1,0.9210859537124634,2025,True,bp,top,manual_weak_top_label,169,"{""dropout"": 0.05, ""focal_alpha"": 0.7, ""focal_gamma"": 1.5, ""hidden_layers"": [32], ""learning_rate"": 0.001, ""max_epochs"": 130, ""patience"": 15}",ok,0.0
2025-10-09,2025-10-10,550,,-0.00360309,0.01035411,-0.04736787,0,1,0.916320264339447,2025,True,bp,top,manual_weak_top_label,169,"{""dropout"": 0.05, ""focal_alpha"": 0.7, ""focal_gamma"": 1.5, ""hidden_layers"": [32], ""learning_rate"": 0.001, ""max_epochs"": 130, ""patience"": 15}",ok,0.0
2025-10-27,2025-10-31,553,,-0.05847755,0.01308382,-0.05847755,0,1,0.8033676743507385,2025,True,bp,top,manual_weak_top_label,169,"{""dropout"": 0.05, ""focal_alpha"": 0.7, ""focal_gamma"": 1.5, ""hidden_layers"": [32], ""learning_rate"": 0.001, ""max_epochs"": 130, ""patience"": 15}",ok,0.0
2025-12-29,2025-12-31,562,,0.11526348,0.11629202,0.00374759,0,1,0.7764247059822083,2025,True,bp,top,manual_weak_top_label,169,"{""dropout"": 0.05, ""focal_alpha"": 0.7, ""focal_gamma"": 1.5, ""hidden_layers"": [32], ""learning_rate"": 0.001, ""max_epochs"": 130, ""patience"": 15}",ok,0.0
2025-02-05,2025-02-07,515,,0.02223065,0.06782544,-0.00350013,0,1,0.9531601892306606,2025,True,mlp,top,manual_weak_top_label,169,"{""alpha"": 0.0001, ""hidden_layer_sizes"": [48, 24], ""learning_rate_init"": 0.001, ""max_iter"": 600, ""negative_sample_ratio"": 3.0}",ok,0.0
2025-02-10,2025-02-14,516,,0.04143652,0.05266838,-0.02180406,0,1,0.4643842897992564,2025,True,mlp,top,manual_weak_top_label,169,"{""alpha"": 0.0001, ""hidden_layer_sizes"": [48, 24], ""learning_rate_init"": 0.001, ""max_iter"": 600, ""negative_sample_ratio"": 3.0}",ok,0.0
2025-02-17,2025-02-21,517,,0.01890815,0.02840030,-0.03588305,0,1,0.9654235191318221,2025,True,mlp,top,manual_weak_top_label,169,"{""alpha"": 0.0001, ""hidden_layer_sizes"": [48, 24], ""learning_rate_init"": 0.001, ""max_iter"": 600, ""negative_sample_ratio"": 3.0}",ok,0.0
2025-02-24,2025-02-28,518,,0.02156028,0.05939603,-0.00839003,0,1,0.8959173844888938,2025,True,mlp,top,manual_weak_top_label,169,"{""alpha"": 0.0001, ""hidden_layer_sizes"": [48, 24], ""learning_rate_init"": 0.001, ""max_iter"": 600, ""negative_sample_ratio"": 3.0}",ok,1.0
2025-03-03,2025-03-07,519,,-0.03679358,0.02075859,-0.04039743,0,1,0.9784537677220654,2025,True,mlp,top,manual_weak_top_label,169,"{""alpha"": 0.0001, ""hidden_layer_sizes"": [48, 24], ""learning_rate_init"": 0.001, ""max_iter"": 600, ""negative_sample_ratio"": 3.0}",ok,1.0
2025-03-10,2025-03-14,520,,-0.05598911,0.01090917,-0.06506009,0,1,0.9877719927727213,2025,True,mlp,top,manual_weak_top_label,169,"{""alpha"": 0.0001, ""hidden_layer_sizes"": [48, 24], ""learning_rate_init"": 0.001, ""max_iter"": 600, ""negative_sample_ratio"": 3.0}",ok,1.0
2025-03-17,2025-03-21,521,,-0.08483547,0.00107827,-0.18431310,0,1,0.9395866899877491,2025,True,mlp,top,manual_weak_top_label,169,"{""alpha"": 0.0001, ""hidden_layer_sizes"": [48, 24], ""learning_rate_init"": 0.001, ""max_iter"": 600, ""negative_sample_ratio"": 3.0}",ok,1.0
2025-03-31,2025-04-03,523,,-0.04251879,-0.03062617,-0.15770490,0,1,0.9936350258311494,2025,True,mlp,top,manual_weak_top_label,169,"{""alpha"": 0.0001, ""hidden_layer_sizes"": [48, 24], ""learning_rate_init"": 0.001, ""max_iter"": 600, ""negative_sample_ratio"": 3.0}",ok,0.0
2025-05-06,2025-05-09,528,,-0.00912878,0.02274928,-0.01820676,0,1,0.9381251150137762,2025,True,mlp,top,manual_weak_top_label,169,"{""alpha"": 0.0001, ""hidden_layer_sizes"": [48, 24], ""learning_rate_init"": 0.001, ""max_iter"": 600, ""negative_sample_ratio"": 3.0}",ok,0.0
2025-05-12,2025-05-16,529,,0.01396282,0.01758915,-0.01594729,0,1,0.8583447950771864,2025,True,mlp,top,manual_weak_top_label,169,"{""alpha"": 0.0001, ""hidden_layer_sizes"": [48, 24], ""learning_rate_init"": 0.001, ""max_iter"": 600, ""negative_sample_ratio"": 3.0}",ok,0.0
2025-05-19,2025-05-23,530,,0.01942226,0.03951934,-0.00305993,0,1,0.8213897667571772,2025,True,mlp,top,manual_weak_top_label,169,"{""alpha"": 0.0001, ""hidden_layer_sizes"": [48, 24], ""learning_rate_init"": 0.001, ""max_iter"": 600, ""negative_sample_ratio"": 3.0}",ok,0.0
2025-05-26,2025-05-30,531,,-0.00447502,0.03315706,-0.00480705,0,1,0.6897544270476291,2025,True,mlp,top,manual_weak_top_label,169,"{""alpha"": 0.0001, ""hidden_layer_sizes"": [48, 24], ""learning_rate_init"": 0.001, ""max_iter"": 600, ""negative_sample_ratio"": 3.0}",ok,0.0
2025-06-03,2025-06-06,532,,0.02016823,0.02703075,-0.03042202,0,1,0.4606683359375988,2025,True,mlp,top,manual_weak_top_label,169,"{""alpha"": 0.0001, ""hidden_layer_sizes"": [48, 24], ""learning_rate_init"": 0.001, ""max_iter"": 600, ""negative_sample_ratio"": 3.0}",ok,0.0
2025-06-09,2025-06-13,533,,0.03376822,0.04406463,-0.02298474,0,1,0.8206068559333316,2025,True,mlp,top,manual_weak_top_label,169,"{""alpha"": 0.0001, ""hidden_layer_sizes"": [48, 24], ""learning_rate_init"": 0.001, ""max_iter"": 600, ""negative_sample_ratio"": 3.0}",ok,0.0
2025-06-16,2025-06-20,534,,0.07692341,0.08131371,-0.00565505,0,1,0.7199909765509489,2025,True,mlp,top,manual_weak_top_label,169,"{""alpha"": 0.0001, ""hidden_layer_sizes"": [48, 24], ""learning_rate_init"": 0.001, ""max_iter"": 600, ""negative_sample_ratio"": 3.0}",ok,0.0
2025-06-23,2025-06-27,535,,0.04383300,0.04570382,0.00128454,0,1,0.5979970899575526,2025,True,mlp,top,manual_weak_top_label,169,"{""alpha"": 0.0001, ""hidden_layer_sizes"": [48, 24], ""learning_rate_init"": 0.001, ""max_iter"": 600, ""negative_sample_ratio"": 3.0}",ok,0.0
2025-06-30,2025-07-04,536,,0.06248427,0.06408323,-0.00132046,0,1,0.9555095113927711,2025,True,mlp,top,manual_weak_top_label,169,"{""alpha"": 0.0001, ""hidden_layer_sizes"": [48, 24], ""learning_rate_init"": 0.001, ""max_iter"": 600, ""negative_sample_ratio"": 3.0}",ok,0.0
2025-07-07,2025-07-11,537,,0.03240501,0.04841033,-0.01231106,0,1,0.852233580269012,2025,True,mlp,top,manual_weak_top_label,169,"{""alpha"": 0.0001, ""hidden_layer_sizes"": [48, 24], ""learning_rate_init"": 0.001, ""max_iter"": 600, ""negative_sample_ratio"": 3.0}",ok,0.0
2025-07-14,2025-07-18,538,,0.04365885,0.04951455,0.00045314,0,1,0.8322176538047089,2025,True,mlp,top,manual_weak_top_label,169,"{""alpha"": 0.0001, ""hidden_layer_sizes"": [48, 24], ""learning_rate_init"": 0.001, ""max_iter"": 600, ""negative_sample_ratio"": 3.0}",ok,0.0
2025-07-21,2025-07-25,539,,0.06126657,0.06126791,-0.01203022,0,1,0.6800032328288856,2025,True,mlp,top,manual_weak_top_label,169,"{""alpha"": 0.0001, ""hidden_layer_sizes"": [48, 24], ""learning_rate_init"": 0.001, ""max_iter"": 600, ""negative_sample_ratio"": 3.0}",ok,0.0
2025-07-28,2025-08-01,540,,0.10381094,0.10381094,-0.00589883,0,1,0.8252176274945482,2025,True,mlp,top,manual_weak_top_label,169,"{""alpha"": 0.0001, ""hidden_layer_sizes"": [48, 24], ""learning_rate_init"": 0.001, ""max_iter"": 600, ""negative_sample_ratio"": 3.0}",ok,0.0
2025-08-04,2025-08-08,541,,0.08782328,0.10634823,0.00181950,0,1,0.8635445151390091,2025,True,mlp,top,manual_weak_top_label,169,"{""alpha"": 0.0001, ""hidden_layer_sizes"": [48, 24], ""learning_rate_init"": 0.001, ""max_iter"": 600, ""negative_sample_ratio"": 3.0}",ok,0.0
2025-08-11,2025-08-15,542,,0.01800716,0.06292265,-0.02498574,0,1,0.2810531293702107,2025,True,mlp,top,manual_weak_top_label,169,"{""alpha"": 0.0001, ""hidden_layer_sizes"": [48, 24], ""learning_rate_init"": 0.001, ""max_iter"": 600, ""negative_sample_ratio"": 3.0}",ok,0.0
2025-08-18,2025-08-22,543,,0.00814131,0.02749078,-0.05748723,0,1,0.8285290246469081,2025,True,mlp,top,manual_weak_top_label,169,"{""alpha"": 0.0001, ""hidden_layer_sizes"": [48, 24], ""learning_rate_init"": 0.001, ""max_iter"": 600, ""negative_sample_ratio"": 3.0}",ok,0.0
2025-08-25,2025-08-29,544,,-0.00006560,0.03055557,-0.06708343,0,1,0.9185081593116629,2025,True,mlp,top,manual_weak_top_label,169,"{""alpha"": 0.0001, ""hidden_layer_sizes"": [48, 24], ""learning_rate_init"": 0.001, ""max_iter"": 600, ""negative_sample_ratio"": 3.0}",ok,1.0
2025-09-01,2025-09-05,545,,0.02096729,0.05800750,-0.01164641,0,1,0.9402581837737509,2025,True,mlp,top,manual_weak_top_label,169,"{""alpha"": 0.0001, ""hidden_layer_sizes"": [48, 24], ""learning_rate_init"": 0.001, ""max_iter"": 600, ""negative_sample_ratio"": 3.0}",ok,1.0
2025-09-08,2025-09-12,546,,0.02048786,0.03274819,-0.02171905,0,1,0.6897697293534656,2025,True,mlp,top,manual_weak_top_label,169,"{""alpha"": 0.0001, ""hidden_layer_sizes"": [48, 24], ""learning_rate_init"": 0.001, ""max_iter"": 600, ""negative_sample_ratio"": 3.0}",ok,1.0
2025-09-15,2025-09-19,547,,0.01285676,0.03132241,-0.02373199,0,1,0.3408235161505912,2025,True,mlp,top,manual_weak_top_label,169,"{""alpha"": 0.0001, ""hidden_layer_sizes"": [48, 24], ""learning_rate_init"": 0.001, ""max_iter"": 600, ""negative_sample_ratio"": 3.0}",ok,1.0
2025-09-22,2025-09-26,548,,-0.02867299,0.03698259,-0.02982458,0,1,0.8641702442993042,2025,True,mlp,top,manual_weak_top_label,169,"{""alpha"": 0.0001, ""hidden_layer_sizes"": [48, 24], ""learning_rate_init"": 0.001, ""max_iter"": 600, ""negative_sample_ratio"": 3.0}",ok,1.0
2025-09-29,2025-09-30,549,,-0.02055825,0.01270079,-0.05254204,0,1,0.581764055758784,2025,True,mlp,top,manual_weak_top_label,169,"{""alpha"": 0.0001, ""hidden_layer_sizes"": [48, 24], ""learning_rate_init"": 0.001, ""max_iter"": 600, ""negative_sample_ratio"": 3.0}",ok,0.0
2025-10-09,2025-10-10,550,,-0.00360309,0.01035411,-0.04736787,0,1,0.7939684738117107,2025,True,mlp,top,manual_weak_top_label,169,"{""alpha"": 0.0001, ""hidden_layer_sizes"": [48, 24], ""learning_rate_init"": 0.001, ""max_iter"": 600, ""negative_sample_ratio"": 3.0}",ok,0.0
2025-10-27,2025-10-31,553,,-0.05847755,0.01308382,-0.05847755,0,1,0.8927215031376051,2025,True,mlp,top,manual_weak_top_label,169,"{""alpha"": 0.0001, ""hidden_layer_sizes"": [48, 24], ""learning_rate_init"": 0.001, ""max_iter"": 600, ""negative_sample_ratio"": 3.0}",ok,0.0
2025-12-29,2025-12-31,562,,0.11526348,0.11629202,0.00374759,0,1,0.9752518163882434,2025,True,mlp,top,manual_weak_top_label,169,"{""alpha"": 0.0001, ""hidden_layer_sizes"": [48, 24], ""learning_rate_init"": 0.001, ""max_iter"": 600, ""negative_sample_ratio"": 3.0}",ok,0.0
2025-02-05,2025-02-07,515,,0.02223065,0.06782544,-0.00350013,0,1,0.2839854135315217,2025,True,svm,top,manual_weak_top_label,169,"{""C"": 1.0, ""gamma"": ""scale""}",ok,0.0
2025-02-10,2025-02-14,516,,0.04143652,0.05266838,-0.02180406,0,1,0.2515260979516461,2025,True,svm,top,manual_weak_top_label,169,"{""C"": 1.0, ""gamma"": ""scale""}",ok,0.0
2025-02-17,2025-02-21,517,,0.01890815,0.02840030,-0.03588305,0,1,0.2534251167623167,2025,True,svm,top,manual_weak_top_label,169,"{""C"": 1.0, ""gamma"": ""scale""}",ok,0.0
2025-02-24,2025-02-28,518,,0.02156028,0.05939603,-0.00839003,0,1,0.24650838775566958,2025,True,svm,top,manual_weak_top_label,169,"{""C"": 1.0, ""gamma"": ""scale""}",ok,1.0
2025-03-03,2025-03-07,519,,-0.03679358,0.02075859,-0.04039743,0,1,0.2502631743895043,2025,True,svm,top,manual_weak_top_label,169,"{""C"": 1.0, ""gamma"": ""scale""}",ok,1.0
2025-03-10,2025-03-14,520,,-0.05598911,0.01090917,-0.06506009,0,1,0.24672872572731774,2025,True,svm,top,manual_weak_top_label,169,"{""C"": 1.0, ""gamma"": ""scale""}",ok,1.0
2025-03-17,2025-03-21,521,,-0.08483547,0.00107827,-0.18431310,0,1,0.2618663285881541,2025,True,svm,top,manual_weak_top_label,169,"{""C"": 1.0, ""gamma"": ""scale""}",ok,1.0
2025-03-31,2025-04-03,523,,-0.04251879,-0.03062617,-0.15770490,0,1,0.2741332521014636,2025,True,svm,top,manual_weak_top_label,169,"{""C"": 1.0, ""gamma"": ""scale""}",ok,0.0
2025-05-06,2025-05-09,528,,-0.00912878,0.02274928,-0.01820676,0,1,0.31673185755783606,2025,True,svm,top,manual_weak_top_label,169,"{""C"": 1.0, ""gamma"": ""scale""}",ok,0.0
2025-05-12,2025-05-16,529,,0.01396282,0.01758915,-0.01594729,0,1,0.37680223275364194,2025,True,svm,top,manual_weak_top_label,169,"{""C"": 1.0, ""gamma"": ""scale""}",ok,0.0
2025-05-19,2025-05-23,530,,0.01942226,0.03951934,-0.00305993,0,1,0.40453454824784374,2025,True,svm,top,manual_weak_top_label,169,"{""C"": 1.0, ""gamma"": ""scale""}",ok,0.0
2025-05-26,2025-05-30,531,,-0.00447502,0.03315706,-0.00480705,0,1,0.31843344691157316,2025,True,svm,top,manual_weak_top_label,169,"{""C"": 1.0, ""gamma"": ""scale""}",ok,0.0
2025-06-03,2025-06-06,532,,0.02016823,0.02703075,-0.03042202,0,1,0.34096358686918554,2025,True,svm,top,manual_weak_top_label,169,"{""C"": 1.0, ""gamma"": ""scale""}",ok,0.0
2025-06-09,2025-06-13,533,,0.03376822,0.04406463,-0.02298474,0,1,0.3356745553836221,2025,True,svm,top,manual_weak_top_label,169,"{""C"": 1.0, ""gamma"": ""scale""}",ok,0.0
2025-06-16,2025-06-20,534,,0.07692341,0.08131371,-0.00565505,0,1,0.3028885016303075,2025,True,svm,top,manual_weak_top_label,169,"{""C"": 1.0, ""gamma"": ""scale""}",ok,0.0
2025-06-23,2025-06-27,535,,0.04383300,0.04570382,0.00128454,0,1,0.2837984726133064,2025,True,svm,top,manual_weak_top_label,169,"{""C"": 1.0, ""gamma"": ""scale""}",ok,0.0
2025-06-30,2025-07-04,536,,0.06248427,0.06408323,-0.00132046,0,1,0.4514753968712229,2025,True,svm,top,manual_weak_top_label,169,"{""C"": 1.0, ""gamma"": ""scale""}",ok,0.0
2025-07-07,2025-07-11,537,,0.03240501,0.04841033,-0.01231106,0,1,0.494952599293599,2025,True,svm,top,manual_weak_top_label,169,"{""C"": 1.0, ""gamma"": ""scale""}",ok,0.0
2025-07-14,2025-07-18,538,,0.04365885,0.04951455,0.00045314,0,1,0.42765371912780753,2025,True,svm,top,manual_weak_top_label,169,"{""C"": 1.0, ""gamma"": ""scale""}",ok,0.0
2025-07-21,2025-07-25,539,,0.06126657,0.06126791,-0.01203022,0,1,0.48729329120751563,2025,True,svm,top,manual_weak_top_label,169,"{""C"": 1.0, ""gamma"": ""scale""}",ok,0.0
2025-07-28,2025-08-01,540,,0.10381094,0.10381094,-0.00589883,0,1,0.5211173573378325,2025,True,svm,top,manual_weak_top_label,169,"{""C"": 1.0, ""gamma"": ""scale""}",ok,0.0
2025-08-04,2025-08-08,541,,0.08782328,0.10634823,0.00181950,0,1,0.4803748576174009,2025,True,svm,top,manual_weak_top_label,169,"{""C"": 1.0, ""gamma"": ""scale""}",ok,0.0
2025-08-11,2025-08-15,542,,0.01800716,0.06292265,-0.02498574,0,1,0.2915936072095752,2025,True,svm,top,manual_weak_top_label,169,"{""C"": 1.0, ""gamma"": ""scale""}",ok,0.0
2025-08-18,2025-08-22,543,,0.00814131,0.02749078,-0.05748723,0,1,0.4565371180063874,2025,True,svm,top,manual_weak_top_label,169,"{""C"": 1.0, ""gamma"": ""scale""}",ok,0.0
2025-08-25,2025-08-29,544,,-0.00006560,0.03055557,-0.06708343,0,1,0.5329678071804199,2025,True,svm,top,manual_weak_top_label,169,"{""C"": 1.0, ""gamma"": ""scale""}",ok,1.0
2025-09-01,2025-09-05,545,,0.02096729,0.05800750,-0.01164641,0,1,0.5820349596284865,2025,True,svm,top,manual_weak_top_label,169,"{""C"": 1.0, ""gamma"": ""scale""}",ok,1.0
2025-09-08,2025-09-12,546,,0.02048786,0.03274819,-0.02171905,0,1,0.5493923286825244,2025,True,svm,top,manual_weak_top_label,169,"{""C"": 1.0, ""gamma"": ""scale""}",ok,1.0
2025-09-15,2025-09-19,547,,0.01285676,0.03132241,-0.02373199,0,1,0.3904020737015045,2025,True,svm,top,manual_weak_top_label,169,"{""C"": 1.0, ""gamma"": ""scale""}",ok,1.0
2025-09-22,2025-09-26,548,,-0.02867299,0.03698259,-0.02982458,0,1,0.5945189894593754,2025,True,svm,top,manual_weak_top_label,169,"{""C"": 1.0, ""gamma"": ""scale""}",ok,1.0
2025-09-29,2025-09-30,549,,-0.02055825,0.01270079,-0.05254204,0,1,0.5711313185735634,2025,True,svm,top,manual_weak_top_label,169,"{""C"": 1.0, ""gamma"": ""scale""}",ok,0.0
2025-10-09,2025-10-10,550,,-0.00360309,0.01035411,-0.04736787,0,1,0.605614073318494,2025,True,svm,top,manual_weak_top_label,169,"{""C"": 1.0, ""gamma"": ""scale""}",ok,0.0
2025-10-27,2025-10-31,553,,-0.05847755,0.01308382,-0.05847755,0,1,0.29530906731137485,2025,True,svm,top,manual_weak_top_label,169,"{""C"": 1.0, ""gamma"": ""scale""}",ok,0.0
2025-12-29,2025-12-31,562,,0.11526348,0.11629202,0.00374759,0,1,0.5453458920001419,2025,True,svm,top,manual_weak_top_label,169,"{""C"": 1.0, ""gamma"": ""scale""}",ok,0.0
2026-03-16,2026-03-20,572,0.0,0.02759668,0.03550104,-0.05469809,1,0,0.025173726899450934,2026,False,logistic,bottom,manual_weak_bottom_label,192,"{""C"": 0.3}",ok,
2026-03-23,2026-03-27,573,1.0,0.07243743,0.07576624,-0.02896462,1,0,0.1277721754659071,2026,False,logistic,bottom,manual_weak_bottom_label,192,"{""C"": 0.3}",ok,
2026-03-30,2026-04-03,574,1.0,0.10184181,0.12788764,0.00236287,1,0,0.00932252535853588,2026,False,logistic,bottom,manual_weak_bottom_label,192,"{""C"": 0.3}",ok,
2026-03-16,2026-03-20,572,0.0,0.02759668,0.03550104,-0.05469809,1,0,0.0010880518628269963,2026,False,lda,bottom,manual_weak_bottom_label,192,"{""shrinkage"": 0.5, ""solver"": ""lsqr""}",ok,
2026-03-23,2026-03-27,573,1.0,0.07243743,0.07576624,-0.02896462,1,0,0.008090744806199599,2026,False,lda,bottom,manual_weak_bottom_label,192,"{""shrinkage"": 0.5, ""solver"": ""lsqr""}",ok,
2026-03-30,2026-04-03,574,1.0,0.10184181,0.12788764,0.00236287,1,0,0.0012429206253338164,2026,False,lda,bottom,manual_weak_bottom_label,192,"{""shrinkage"": 0.5, ""solver"": ""lsqr""}",ok,
2026-03-16,2026-03-20,572,0.0,0.02759668,0.03550104,-0.05469809,1,0,1.0,2026,False,qda,bottom,manual_weak_bottom_label,192,"{""reg_param"": 0.2}",ok,
2026-03-23,2026-03-27,573,1.0,0.07243743,0.07576624,-0.02896462,1,0,1.0,2026,False,qda,bottom,manual_weak_bottom_label,192,"{""reg_param"": 0.2}",ok,
2026-03-30,2026-04-03,574,1.0,0.10184181,0.12788764,0.00236287,1,0,1.0,2026,False,qda,bottom,manual_weak_bottom_label,192,"{""reg_param"": 0.2}",ok,
2026-03-16,2026-03-20,572,0.0,0.02759668,0.03550104,-0.05469809,1,0,0.10990405454630174,2026,False,lightgbm,bottom,manual_weak_bottom_label,192,"{""balanced_bagging"": true, ""is_unbalance"": false, ""learning_rate"": 0.04, ""max_depth"": 3, ""min_child_samples"": 8, ""n_estimators"": 180, ""negative_sample_ratio"": 3.0, ""num_leaves"": 7}",ok,
2026-03-23,2026-03-27,573,1.0,0.07243743,0.07576624,-0.02896462,1,0,0.7706578289551159,2026,False,lightgbm,bottom,manual_weak_bottom_label,192,"{""balanced_bagging"": true, ""is_unbalance"": false, ""learning_rate"": 0.04, ""max_depth"": 3, ""min_child_samples"": 8, ""n_estimators"": 180, ""negative_sample_ratio"": 3.0, ""num_leaves"": 7}",ok,
2026-03-30,2026-04-03,574,1.0,0.10184181,0.12788764,0.00236287,1,0,0.20197518482267726,2026,False,lightgbm,bottom,manual_weak_bottom_label,192,"{""balanced_bagging"": true, ""is_unbalance"": false, ""learning_rate"": 0.04, ""max_depth"": 3, ""min_child_samples"": 8, ""n_estimators"": 180, ""negative_sample_ratio"": 3.0, ""num_leaves"": 7}",ok,
2026-03-16,2026-03-20,572,0.0,0.02759668,0.03550104,-0.05469809,1,0,0.12380431592464447,2026,False,bp,bottom,manual_weak_bottom_label,192,"{""dropout"": 0.1, ""focal_alpha"": 0.75, ""focal_gamma"": 2.0, ""hidden_layers"": [48, 24], ""learning_rate"": 0.001, ""max_epochs"": 160, ""patience"": 18}",ok,
2026-03-23,2026-03-27,573,1.0,0.07243743,0.07576624,-0.02896462,1,0,0.1097513809800148,2026,False,bp,bottom,manual_weak_bottom_label,192,"{""dropout"": 0.1, ""focal_alpha"": 0.75, ""focal_gamma"": 2.0, ""hidden_layers"": [48, 24], ""learning_rate"": 0.001, ""max_epochs"": 160, ""patience"": 18}",ok,
2026-03-30,2026-04-03,574,1.0,0.10184181,0.12788764,0.00236287,1,0,0.16299211978912354,2026,False,bp,bottom,manual_weak_bottom_label,192,"{""dropout"": 0.1, ""focal_alpha"": 0.75, ""focal_gamma"": 2.0, ""hidden_layers"": [48, 24], ""learning_rate"": 0.001, ""max_epochs"": 160, ""patience"": 18}",ok,
2026-03-16,2026-03-20,572,0.0,0.02759668,0.03550104,-0.05469809,1,0,0.0887355438074745,2026,False,mlp,bottom,manual_weak_bottom_label,192,"{""alpha"": 0.0001, ""hidden_layer_sizes"": [32], ""learning_rate_init"": 0.001, ""max_iter"": 500, ""negative_sample_ratio"": 2.0}",ok,
2026-03-23,2026-03-27,573,1.0,0.07243743,0.07576624,-0.02896462,1,0,0.35441611547509533,2026,False,mlp,bottom,manual_weak_bottom_label,192,"{""alpha"": 0.0001, ""hidden_layer_sizes"": [32], ""learning_rate_init"": 0.001, ""max_iter"": 500, ""negative_sample_ratio"": 2.0}",ok,
2026-03-30,2026-04-03,574,1.0,0.10184181,0.12788764,0.00236287,1,0,0.025267500477841688,2026,False,mlp,bottom,manual_weak_bottom_label,192,"{""alpha"": 0.0001, ""hidden_layer_sizes"": [32], ""learning_rate_init"": 0.001, ""max_iter"": 500, ""negative_sample_ratio"": 2.0}",ok,
2026-03-16,2026-03-20,572,0.0,0.02759668,0.03550104,-0.05469809,1,0,0.27062560226709864,2026,False,svm,bottom,manual_weak_bottom_label,192,"{""C"": 0.5, ""gamma"": ""scale""}",ok,
2026-03-23,2026-03-27,573,1.0,0.07243743,0.07576624,-0.02896462,1,0,0.24262406058208796,2026,False,svm,bottom,manual_weak_bottom_label,192,"{""C"": 0.5, ""gamma"": ""scale""}",ok,
2026-03-30,2026-04-03,574,1.0,0.10184181,0.12788764,0.00236287,1,0,0.30482628146347945,2026,False,svm,bottom,manual_weak_bottom_label,192,"{""C"": 0.5, ""gamma"": ""scale""}",ok,
2026-01-05,2026-01-09,563,,0.01545998,0.04935724,-0.00556181,0,1,0.4164528586608541,2026,False,logistic,top,manual_weak_top_label,202,"{""C"": 0.3}",ok,0.0
2026-01-12,2026-01-16,564,,-0.02200425,0.03615909,-0.03434086,0,1,0.6075944509164447,2026,False,logistic,top,manual_weak_top_label,202,"{""C"": 0.3}",ok,0.0
2026-01-19,2026-01-23,565,,-0.03139217,0.00704460,-0.06147441,0,1,0.9344237099527734,2026,False,logistic,top,manual_weak_top_label,202,"{""C"": 0.3}",ok,1.0
2026-01-26,2026-01-30,566,,0.03706701,0.03712177,-0.03692976,0,1,0.9996832039090021,2026,False,logistic,top,manual_weak_top_label,202,"{""C"": 0.3}",ok,1.0
2026-02-09,2026-02-13,568,,0.00115347,0.04344588,-0.02696705,0,1,0.9771246101947583,2026,False,logistic,top,manual_weak_top_label,202,"{""C"": 0.3}",ok,0.0
2026-02-24,2026-02-27,569,,-0.09080975,-0.00292448,-0.09102655,0,1,0.9486771508749069,2026,False,logistic,top,manual_weak_top_label,202,"{""C"": 0.3}",ok,1.0
2026-04-20,2026-04-24,577,,0.04558123,0.08281519,-0.01695455,0,1,0.14052950238539957,2026,False,logistic,top,manual_weak_top_label,202,"{""C"": 0.3}",ok,0.0
2026-04-27,2026-04-30,578,,0.03707003,0.07276388,0.00955339,0,1,0.029080209183247118,2026,False,logistic,top,manual_weak_top_label,202,"{""C"": 0.3}",ok,0.0
2026-05-06,2026-05-08,579,,-0.03802874,0.02868032,-0.04385578,0,1,0.032115675290433104,2026,False,logistic,top,manual_weak_top_label,202,"{""C"": 0.3}",ok,0.0
2026-05-11,2026-05-15,580,,-0.03935329,0.02464062,-0.05338241,0,1,0.24031287857085365,2026,False,logistic,top,manual_weak_top_label,202,"{""C"": 0.3}",ok,1.0
2026-05-18,2026-05-22,581,,-0.05635406,0.01268656,-0.08113391,0,1,9.48533663761967e-10,2026,False,logistic,top,manual_weak_top_label,202,"{""C"": 0.3}",ok,1.0
2026-06-01,2026-06-05,583,,0.03122481,0.06368090,-0.04238923,0,1,0.8143904958713373,2026,False,logistic,top,manual_weak_top_label,202,"{""C"": 0.3}",ok,0.0
2026-01-05,2026-01-09,563,,0.01545998,0.04935724,-0.00556181,0,1,0.0017901099998327667,2026,False,lda,top,manual_weak_top_label,202,"{""shrinkage"": ""auto"", ""solver"": ""lsqr""}",ok,0.0
2026-01-12,2026-01-16,564,,-0.02200425,0.03615909,-0.03434086,0,1,0.07462119215350538,2026,False,lda,top,manual_weak_top_label,202,"{""shrinkage"": ""auto"", ""solver"": ""lsqr""}",ok,0.0
2026-01-19,2026-01-23,565,,-0.03139217,0.00704460,-0.06147441,0,1,0.7740982846469477,2026,False,lda,top,manual_weak_top_label,202,"{""shrinkage"": ""auto"", ""solver"": ""lsqr""}",ok,1.0
2026-01-26,2026-01-30,566,,0.03706701,0.03712177,-0.03692976,0,1,0.9999995231396877,2026,False,lda,top,manual_weak_top_label,202,"{""shrinkage"": ""auto"", ""solver"": ""lsqr""}",ok,1.0
2026-02-09,2026-02-13,568,,0.00115347,0.04344588,-0.02696705,0,1,0.8905250573108563,2026,False,lda,top,manual_weak_top_label,202,"{""shrinkage"": ""auto"", ""solver"": ""lsqr""}",ok,0.0
2026-02-24,2026-02-27,569,,-0.09080975,-0.00292448,-0.09102655,0,1,0.7669286708417549,2026,False,lda,top,manual_weak_top_label,202,"{""shrinkage"": ""auto"", ""solver"": ""lsqr""}",ok,1.0
2026-04-20,2026-04-24,577,,0.04558123,0.08281519,-0.01695455,0,1,1.9069044190449948e-05,2026,False,lda,top,manual_weak_top_label,202,"{""shrinkage"": ""auto"", ""solver"": ""lsqr""}",ok,0.0
2026-04-27,2026-04-30,578,,0.03707003,0.07276388,0.00955339,0,1,2.221149460188843e-06,2026,False,lda,top,manual_weak_top_label,202,"{""shrinkage"": ""auto"", ""solver"": ""lsqr""}",ok,0.0
2026-05-06,2026-05-08,579,,-0.03802874,0.02868032,-0.04385578,0,1,2.2158890762648467e-05,2026,False,lda,top,manual_weak_top_label,202,"{""shrinkage"": ""auto"", ""solver"": ""lsqr""}",ok,0.0
2026-05-11,2026-05-15,580,,-0.03935329,0.02464062,-0.05338241,0,1,0.003126818346576824,2026,False,lda,top,manual_weak_top_label,202,"{""shrinkage"": ""auto"", ""solver"": ""lsqr""}",ok,1.0
2026-05-18,2026-05-22,581,,-0.05635406,0.01268656,-0.08113391,0,1,1.1687888376837007e-16,2026,False,lda,top,manual_weak_top_label,202,"{""shrinkage"": ""auto"", ""solver"": ""lsqr""}",ok,1.0
2026-06-01,2026-06-05,583,,0.03122481,0.06368090,-0.04238923,0,1,0.44336471275569417,2026,False,lda,top,manual_weak_top_label,202,"{""shrinkage"": ""auto"", ""solver"": ""lsqr""}",ok,0.0
2026-01-05,2026-01-09,563,,0.01545998,0.04935724,-0.00556181,0,1,0.9997566730234259,2026,False,qda,top,manual_weak_top_label,202,"{""reg_param"": 0.5}",ok,0.0
2026-01-12,2026-01-16,564,,-0.02200425,0.03615909,-0.03434086,0,1,1.0,2026,False,qda,top,manual_weak_top_label,202,"{""reg_param"": 0.5}",ok,0.0
2026-01-19,2026-01-23,565,,-0.03139217,0.00704460,-0.06147441,0,1,0.9999999998437112,2026,False,qda,top,manual_weak_top_label,202,"{""reg_param"": 0.5}",ok,1.0
2026-01-26,2026-01-30,566,,0.03706701,0.03712177,-0.03692976,0,1,0.9999999999993006,2026,False,qda,top,manual_weak_top_label,202,"{""reg_param"": 0.5}",ok,1.0
2026-02-09,2026-02-13,568,,0.00115347,0.04344588,-0.02696705,0,1,0.9999998275572066,2026,False,qda,top,manual_weak_top_label,202,"{""reg_param"": 0.5}",ok,0.0
2026-02-24,2026-02-27,569,,-0.09080975,-0.00292448,-0.09102655,0,1,0.9999987381369766,2026,False,qda,top,manual_weak_top_label,202,"{""reg_param"": 0.5}",ok,1.0
2026-04-20,2026-04-24,577,,0.04558123,0.08281519,-0.01695455,0,1,0.999999999683709,2026,False,qda,top,manual_weak_top_label,202,"{""reg_param"": 0.5}",ok,0.0
2026-04-27,2026-04-30,578,,0.03707003,0.07276388,0.00955339,0,1,0.9909957148361853,2026,False,qda,top,manual_weak_top_label,202,"{""reg_param"": 0.5}",ok,0.0
2026-05-06,2026-05-08,579,,-0.03802874,0.02868032,-0.04385578,0,1,0.9999999999512199,2026,False,qda,top,manual_weak_top_label,202,"{""reg_param"": 0.5}",ok,0.0
2026-05-11,2026-05-15,580,,-0.03935329,0.02464062,-0.05338241,0,1,0.9999999999999998,2026,False,qda,top,manual_weak_top_label,202,"{""reg_param"": 0.5}",ok,1.0
2026-05-18,2026-05-22,581,,-0.05635406,0.01268656,-0.08113391,0,1,1.0,2026,False,qda,top,manual_weak_top_label,202,"{""reg_param"": 0.5}",ok,1.0
2026-06-01,2026-06-05,583,,0.03122481,0.06368090,-0.04238923,0,1,1.0,2026,False,qda,top,manual_weak_top_label,202,"{""reg_param"": 0.5}",ok,0.0
2026-01-05,2026-01-09,563,,0.01545998,0.04935724,-0.00556181,0,1,0.1519962797115701,2026,False,lightgbm,top,manual_weak_top_label,202,"{""balanced_bagging"": true, ""is_unbalance"": false, ""learning_rate"": 0.04, ""max_depth"": 3, ""min_child_samples"": 8, ""n_estimators"": 180, ""negative_sample_ratio"": 3.0, ""num_leaves"": 7}",ok,0.0
2026-01-12,2026-01-16,564,,-0.02200425,0.03615909,-0.03434086,0,1,0.42542366795678566,2026,False,lightgbm,top,manual_weak_top_label,202,"{""balanced_bagging"": true, ""is_unbalance"": false, ""learning_rate"": 0.04, ""max_depth"": 3, ""min_child_samples"": 8, ""n_estimators"": 180, ""negative_sample_ratio"": 3.0, ""num_leaves"": 7}",ok,0.0
2026-01-19,2026-01-23,565,,-0.03139217,0.00704460,-0.06147441,0,1,0.42789346157020747,2026,False,lightgbm,top,manual_weak_top_label,202,"{""balanced_bagging"": true, ""is_unbalance"": false, ""learning_rate"": 0.04, ""max_depth"": 3, ""min_child_samples"": 8, ""n_estimators"": 180, ""negative_sample_ratio"": 3.0, ""num_leaves"": 7}",ok,1.0
2026-01-26,2026-01-30,566,,0.03706701,0.03712177,-0.03692976,0,1,0.9300661025396214,2026,False,lightgbm,top,manual_weak_top_label,202,"{""balanced_bagging"": true, ""is_unbalance"": false, ""learning_rate"": 0.04, ""max_depth"": 3, ""min_child_samples"": 8, ""n_estimators"": 180, ""negative_sample_ratio"": 3.0, ""num_leaves"": 7}",ok,1.0
2026-02-09,2026-02-13,568,,0.00115347,0.04344588,-0.02696705,0,1,0.8787982439818209,2026,False,lightgbm,top,manual_weak_top_label,202,"{""balanced_bagging"": true, ""is_unbalance"": false, ""learning_rate"": 0.04, ""max_depth"": 3, ""min_child_samples"": 8, ""n_estimators"": 180, ""negative_sample_ratio"": 3.0, ""num_leaves"": 7}",ok,0.0
2026-02-24,2026-02-27,569,,-0.09080975,-0.00292448,-0.09102655,0,1,0.617928870653929,2026,False,lightgbm,top,manual_weak_top_label,202,"{""balanced_bagging"": true, ""is_unbalance"": false, ""learning_rate"": 0.04, ""max_depth"": 3, ""min_child_samples"": 8, ""n_estimators"": 180, ""negative_sample_ratio"": 3.0, ""num_leaves"": 7}",ok,1.0
2026-04-20,2026-04-24,577,,0.04558123,0.08281519,-0.01695455,0,1,0.14210618836415664,2026,False,lightgbm,top,manual_weak_top_label,202,"{""balanced_bagging"": true, ""is_unbalance"": false, ""learning_rate"": 0.04, ""max_depth"": 3, ""min_child_samples"": 8, ""n_estimators"": 180, ""negative_sample_ratio"": 3.0, ""num_leaves"": 7}",ok,0.0
2026-04-27,2026-04-30,578,,0.03707003,0.07276388,0.00955339,0,1,0.14334744424599385,2026,False,lightgbm,top,manual_weak_top_label,202,"{""balanced_bagging"": true, ""is_unbalance"": false, ""learning_rate"": 0.04, ""max_depth"": 3, ""min_child_samples"": 8, ""n_estimators"": 180, ""negative_sample_ratio"": 3.0, ""num_leaves"": 7}",ok,0.0
2026-05-06,2026-05-08,579,,-0.03802874,0.02868032,-0.04385578,0,1,0.2671598543218819,2026,False,lightgbm,top,manual_weak_top_label,202,"{""balanced_bagging"": true, ""is_unbalance"": false, ""learning_rate"": 0.04, ""max_depth"": 3, ""min_child_samples"": 8, ""n_estimators"": 180, ""negative_sample_ratio"": 3.0, ""num_leaves"": 7}",ok,0.0
2026-05-11,2026-05-15,580,,-0.03935329,0.02464062,-0.05338241,0,1,0.4323040656869212,2026,False,lightgbm,top,manual_weak_top_label,202,"{""balanced_bagging"": true, ""is_unbalance"": false, ""learning_rate"": 0.04, ""max_depth"": 3, ""min_child_samples"": 8, ""n_estimators"": 180, ""negative_sample_ratio"": 3.0, ""num_leaves"": 7}",ok,1.0
2026-05-18,2026-05-22,581,,-0.05635406,0.01268656,-0.08113391,0,1,0.749155468020505,2026,False,lightgbm,top,manual_weak_top_label,202,"{""balanced_bagging"": true, ""is_unbalance"": false, ""learning_rate"": 0.04, ""max_depth"": 3, ""min_child_samples"": 8, ""n_estimators"": 180, ""negative_sample_ratio"": 3.0, ""num_leaves"": 7}",ok,1.0
2026-06-01,2026-06-05,583,,0.03122481,0.06368090,-0.04238923,0,1,0.5711600909493183,2026,False,lightgbm,top,manual_weak_top_label,202,"{""balanced_bagging"": true, ""is_unbalance"": false, ""learning_rate"": 0.04, ""max_depth"": 3, ""min_child_samples"": 8, ""n_estimators"": 180, ""negative_sample_ratio"": 3.0, ""num_leaves"": 7}",ok,0.0
2026-01-05,2026-01-09,563,,0.01545998,0.04935724,-0.00556181,0,1,0.35043951869010925,2026,False,bp,top,manual_weak_top_label,202,"{""dropout"": 0.05, ""focal_alpha"": 0.7, ""focal_gamma"": 1.5, ""hidden_layers"": [32], ""learning_rate"": 0.001, ""max_epochs"": 130, ""patience"": 15}",ok,0.0
2026-01-12,2026-01-16,564,,-0.02200425,0.03615909,-0.03434086,0,1,0.36499401926994324,2026,False,bp,top,manual_weak_top_label,202,"{""dropout"": 0.05, ""focal_alpha"": 0.7, ""focal_gamma"": 1.5, ""hidden_layers"": [32], ""learning_rate"": 0.001, ""max_epochs"": 130, ""patience"": 15}",ok,0.0
2026-01-19,2026-01-23,565,,-0.03139217,0.00704460,-0.06147441,0,1,0.7549865245819092,2026,False,bp,top,manual_weak_top_label,202,"{""dropout"": 0.05, ""focal_alpha"": 0.7, ""focal_gamma"": 1.5, ""hidden_layers"": [32], ""learning_rate"": 0.001, ""max_epochs"": 130, ""patience"": 15}",ok,1.0
2026-01-26,2026-01-30,566,,0.03706701,0.03712177,-0.03692976,0,1,0.9363813400268555,2026,False,bp,top,manual_weak_top_label,202,"{""dropout"": 0.05, ""focal_alpha"": 0.7, ""focal_gamma"": 1.5, ""hidden_layers"": [32], ""learning_rate"": 0.001, ""max_epochs"": 130, ""patience"": 15}",ok,1.0
2026-02-09,2026-02-13,568,,0.00115347,0.04344588,-0.02696705,0,1,0.7106335759162903,2026,False,bp,top,manual_weak_top_label,202,"{""dropout"": 0.05, ""focal_alpha"": 0.7, ""focal_gamma"": 1.5, ""hidden_layers"": [32], ""learning_rate"": 0.001, ""max_epochs"": 130, ""patience"": 15}",ok,0.0
2026-02-24,2026-02-27,569,,-0.09080975,-0.00292448,-0.09102655,0,1,0.699306845664978,2026,False,bp,top,manual_weak_top_label,202,"{""dropout"": 0.05, ""focal_alpha"": 0.7, ""focal_gamma"": 1.5, ""hidden_layers"": [32], ""learning_rate"": 0.001, ""max_epochs"": 130, ""patience"": 15}",ok,1.0
2026-04-20,2026-04-24,577,,0.04558123,0.08281519,-0.01695455,0,1,0.22079268097877502,2026,False,bp,top,manual_weak_top_label,202,"{""dropout"": 0.05, ""focal_alpha"": 0.7, ""focal_gamma"": 1.5, ""hidden_layers"": [32], ""learning_rate"": 0.001, ""max_epochs"": 130, ""patience"": 15}",ok,0.0
2026-04-27,2026-04-30,578,,0.03707003,0.07276388,0.00955339,0,1,0.13150624930858612,2026,False,bp,top,manual_weak_top_label,202,"{""dropout"": 0.05, ""focal_alpha"": 0.7, ""focal_gamma"": 1.5, ""hidden_layers"": [32], ""learning_rate"": 0.001, ""max_epochs"": 130, ""patience"": 15}",ok,0.0
2026-05-06,2026-05-08,579,,-0.03802874,0.02868032,-0.04385578,0,1,0.14442360401153564,2026,False,bp,top,manual_weak_top_label,202,"{""dropout"": 0.05, ""focal_alpha"": 0.7, ""focal_gamma"": 1.5, ""hidden_layers"": [32], ""learning_rate"": 0.001, ""max_epochs"": 130, ""patience"": 15}",ok,0.0
2026-05-11,2026-05-15,580,,-0.03935329,0.02464062,-0.05338241,0,1,0.29519566893577576,2026,False,bp,top,manual_weak_top_label,202,"{""dropout"": 0.05, ""focal_alpha"": 0.7, ""focal_gamma"": 1.5, ""hidden_layers"": [32], ""learning_rate"": 0.001, ""max_epochs"": 130, ""patience"": 15}",ok,1.0
2026-05-18,2026-05-22,581,,-0.05635406,0.01268656,-0.08113391,0,1,0.19354413449764252,2026,False,bp,top,manual_weak_top_label,202,"{""dropout"": 0.05, ""focal_alpha"": 0.7, ""focal_gamma"": 1.5, ""hidden_layers"": [32], ""learning_rate"": 0.001, ""max_epochs"": 130, ""patience"": 15}",ok,1.0
2026-06-01,2026-06-05,583,,0.03122481,0.06368090,-0.04238923,0,1,0.8490088582038879,2026,False,bp,top,manual_weak_top_label,202,"{""dropout"": 0.05, ""focal_alpha"": 0.7, ""focal_gamma"": 1.5, ""hidden_layers"": [32], ""learning_rate"": 0.001, ""max_epochs"": 130, ""patience"": 15}",ok,0.0
2026-01-05,2026-01-09,563,,0.01545998,0.04935724,-0.00556181,0,1,0.29720843710110906,2026,False,mlp,top,manual_weak_top_label,202,"{""alpha"": 0.001, ""hidden_layer_sizes"": [64, 32], ""learning_rate_init"": 0.0007, ""max_iter"": 700, ""negative_sample_ratio"": 5.0}",ok,0.0
2026-01-12,2026-01-16,564,,-0.02200425,0.03615909,-0.03434086,0,1,0.2780936096765327,2026,False,mlp,top,manual_weak_top_label,202,"{""alpha"": 0.001, ""hidden_layer_sizes"": [64, 32], ""learning_rate_init"": 0.0007, ""max_iter"": 700, ""negative_sample_ratio"": 5.0}",ok,0.0
2026-01-19,2026-01-23,565,,-0.03139217,0.00704460,-0.06147441,0,1,0.46973729307572504,2026,False,mlp,top,manual_weak_top_label,202,"{""alpha"": 0.001, ""hidden_layer_sizes"": [64, 32], ""learning_rate_init"": 0.0007, ""max_iter"": 700, ""negative_sample_ratio"": 5.0}",ok,1.0
2026-01-26,2026-01-30,566,,0.03706701,0.03712177,-0.03692976,0,1,0.44965375194577295,2026,False,mlp,top,manual_weak_top_label,202,"{""alpha"": 0.001, ""hidden_layer_sizes"": [64, 32], ""learning_rate_init"": 0.0007, ""max_iter"": 700, ""negative_sample_ratio"": 5.0}",ok,1.0
2026-02-09,2026-02-13,568,,0.00115347,0.04344588,-0.02696705,0,1,0.21632154703897966,2026,False,mlp,top,manual_weak_top_label,202,"{""alpha"": 0.001, ""hidden_layer_sizes"": [64, 32], ""learning_rate_init"": 0.0007, ""max_iter"": 700, ""negative_sample_ratio"": 5.0}",ok,0.0
2026-02-24,2026-02-27,569,,-0.09080975,-0.00292448,-0.09102655,0,1,0.25538851141976143,2026,False,mlp,top,manual_weak_top_label,202,"{""alpha"": 0.001, ""hidden_layer_sizes"": [64, 32], ""learning_rate_init"": 0.0007, ""max_iter"": 700, ""negative_sample_ratio"": 5.0}",ok,1.0
2026-04-20,2026-04-24,577,,0.04558123,0.08281519,-0.01695455,0,1,0.06286828276757407,2026,False,mlp,top,manual_weak_top_label,202,"{""alpha"": 0.001, ""hidden_layer_sizes"": [64, 32], ""learning_rate_init"": 0.0007, ""max_iter"": 700, ""negative_sample_ratio"": 5.0}",ok,0.0
2026-04-27,2026-04-30,578,,0.03707003,0.07276388,0.00955339,0,1,0.07756609259065475,2026,False,mlp,top,manual_weak_top_label,202,"{""alpha"": 0.001, ""hidden_layer_sizes"": [64, 32], ""learning_rate_init"": 0.0007, ""max_iter"": 700, ""negative_sample_ratio"": 5.0}",ok,0.0
2026-05-06,2026-05-08,579,,-0.03802874,0.02868032,-0.04385578,0,1,0.061205732325525085,2026,False,mlp,top,manual_weak_top_label,202,"{""alpha"": 0.001, ""hidden_layer_sizes"": [64, 32], ""learning_rate_init"": 0.0007, ""max_iter"": 700, ""negative_sample_ratio"": 5.0}",ok,0.0
2026-05-11,2026-05-15,580,,-0.03935329,0.02464062,-0.05338241,0,1,0.07146853440676709,2026,False,mlp,top,manual_weak_top_label,202,"{""alpha"": 0.001, ""hidden_layer_sizes"": [64, 32], ""learning_rate_init"": 0.0007, ""max_iter"": 700, ""negative_sample_ratio"": 5.0}",ok,1.0
2026-05-18,2026-05-22,581,,-0.05635406,0.01268656,-0.08113391,0,1,0.7424784174938034,2026,False,mlp,top,manual_weak_top_label,202,"{""alpha"": 0.001, ""hidden_layer_sizes"": [64, 32], ""learning_rate_init"": 0.0007, ""max_iter"": 700, ""negative_sample_ratio"": 5.0}",ok,1.0
2026-06-01,2026-06-05,583,,0.03122481,0.06368090,-0.04238923,0,1,0.05662714474687183,2026,False,mlp,top,manual_weak_top_label,202,"{""alpha"": 0.001, ""hidden_layer_sizes"": [64, 32], ""learning_rate_init"": 0.0007, ""max_iter"": 700, ""negative_sample_ratio"": 5.0}",ok,0.0
2026-01-05,2026-01-09,563,,0.01545998,0.04935724,-0.00556181,0,1,0.15385613701985096,2026,False,svm,top,manual_weak_top_label,202,"{""C"": 2.0, ""gamma"": ""scale""}",ok,0.0
2026-01-12,2026-01-16,564,,-0.02200425,0.03615909,-0.03434086,0,1,0.2644053337244587,2026,False,svm,top,manual_weak_top_label,202,"{""C"": 2.0, ""gamma"": ""scale""}",ok,0.0
2026-01-19,2026-01-23,565,,-0.03139217,0.00704460,-0.06147441,0,1,0.1982069159554557,2026,False,svm,top,manual_weak_top_label,202,"{""C"": 2.0, ""gamma"": ""scale""}",ok,1.0
2026-01-26,2026-01-30,566,,0.03706701,0.03712177,-0.03692976,0,1,0.35297512596390884,2026,False,svm,top,manual_weak_top_label,202,"{""C"": 2.0, ""gamma"": ""scale""}",ok,1.0
2026-02-09,2026-02-13,568,,0.00115347,0.04344588,-0.02696705,0,1,0.3045249711686769,2026,False,svm,top,manual_weak_top_label,202,"{""C"": 2.0, ""gamma"": ""scale""}",ok,0.0
2026-02-24,2026-02-27,569,,-0.09080975,-0.00292448,-0.09102655,0,1,0.2809779898880091,2026,False,svm,top,manual_weak_top_label,202,"{""C"": 2.0, ""gamma"": ""scale""}",ok,1.0
2026-04-20,2026-04-24,577,,0.04558123,0.08281519,-0.01695455,0,1,0.13877865421238364,2026,False,svm,top,manual_weak_top_label,202,"{""C"": 2.0, ""gamma"": ""scale""}",ok,0.0
2026-04-27,2026-04-30,578,,0.03707003,0.07276388,0.00955339,0,1,0.0828382859216873,2026,False,svm,top,manual_weak_top_label,202,"{""C"": 2.0, ""gamma"": ""scale""}",ok,0.0
2026-05-06,2026-05-08,579,,-0.03802874,0.02868032,-0.04385578,0,1,0.1022285373484507,2026,False,svm,top,manual_weak_top_label,202,"{""C"": 2.0, ""gamma"": ""scale""}",ok,0.0
2026-05-11,2026-05-15,580,,-0.03935329,0.02464062,-0.05338241,0,1,0.1567740386075803,2026,False,svm,top,manual_weak_top_label,202,"{""C"": 2.0, ""gamma"": ""scale""}",ok,1.0
2026-05-18,2026-05-22,581,,-0.05635406,0.01268656,-0.08113391,0,1,0.23816925715338372,2026,False,svm,top,manual_weak_top_label,202,"{""C"": 2.0, ""gamma"": ""scale""}",ok,1.0
2026-06-01,2026-06-05,583,,0.03122481,0.06368090,-0.04238923,0,1,0.23934737014132035,2026,False,svm,top,manual_weak_top_label,202,"{""C"": 2.0, ""gamma"": ""scale""}",ok,0.0
