test_year,year_complete,model,side,label,threshold,sample_mode,train_rows,candidate_rows,signal_count,coverage,precision,natural_precision,precision_lift,actual_up_rate,actual_down_rate,avg_future_ret_3w,median_future_ret_3w,avg_future_mfe_3w,avg_future_mae_3w,natural_avg_future_ret_3w,avg_return_lift
2021,True,bp,bottom,manual_weak_bottom_label,0.3,all_signals,115,8,2,0.25,0.5,0.5,0.0,1.0,0.0,0.04605926,0.046059260000000005,0.04623291,-0.02970813,0.034160525,0.011898735
2021,True,bp,bottom,manual_weak_bottom_label,0.3,non_overlapping,115,8,2,0.25,0.5,0.5,0.0,1.0,0.0,0.04605926,0.046059260000000005,0.04623291,-0.02970813,0.034160525,0.011898735
2021,True,bp,bottom,manual_weak_bottom_label,0.4,all_signals,115,8,1,0.125,0.0,0.5,-0.5,1.0,0.0,0.03545762,0.03545762,0.03549823,-0.04808904,0.034160525,0.001297095000000005
2021,True,bp,bottom,manual_weak_bottom_label,0.4,non_overlapping,115,8,1,0.125,0.0,0.5,-0.5,1.0,0.0,0.03545762,0.03545762,0.03549823,-0.04808904,0.034160525,0.001297095000000005
2021,True,bp,bottom,manual_weak_bottom_label,0.5,all_signals,115,8,0,0.0,,0.5,,,,,,,,0.034160525,
2021,True,bp,bottom,manual_weak_bottom_label,0.5,non_overlapping,115,8,0,0.0,,0.5,,,,,,,,0.034160525,
2021,True,bp,bottom,manual_weak_bottom_label,0.6,all_signals,115,8,0,0.0,,0.5,,,,,,,,0.034160525,
2021,True,bp,bottom,manual_weak_bottom_label,0.6,non_overlapping,115,8,0,0.0,,0.5,,,,,,,,0.034160525,
2021,True,bp,bottom,manual_weak_bottom_label,0.7,all_signals,115,8,0,0.0,,0.5,,,,,,,,0.034160525,
2021,True,bp,bottom,manual_weak_bottom_label,0.7,non_overlapping,115,8,0,0.0,,0.5,,,,,,,,0.034160525,
2021,True,bp,top,manual_weak_top_label,0.3,all_signals,104,23,11,0.4782608695652174,0.45454545454545453,0.2608695652173913,0.19367588932806323,0.5454545454545454,0.45454545454545453,-0.007622857272727273,0.00652936,0.030066558181818182,-0.035351232727272724,0.008074103913043479,-0.015696961185770752
2021,True,bp,top,manual_weak_top_label,0.3,non_overlapping,104,23,6,0.2608695652173913,0.5,0.2608695652173913,0.2391304347826087,0.6666666666666666,0.3333333333333333,-0.004532503333333333,0.013163,0.03227129,-0.03442894666666667,0.008074103913043479,-0.012606607246376812
2021,True,bp,top,manual_weak_top_label,0.4,all_signals,104,23,9,0.391304347826087,0.5555555555555556,0.2608695652173913,0.2946859903381643,0.4444444444444444,0.5555555555555556,-0.01937620888888889,-0.00144937,0.022430652222222222,-0.043423281111111114,0.008074103913043479,-0.027450312801932365
2021,True,bp,top,manual_weak_top_label,0.4,non_overlapping,104,23,5,0.21739130434782608,0.4,0.2608695652173913,0.13913043478260873,0.6,0.4,-0.008846378,0.00769883,0.024915538,-0.033398856,0.008074103913043479,-0.01692048191304348
2021,True,bp,top,manual_weak_top_label,0.5,all_signals,104,23,7,0.30434782608695654,0.5714285714285714,0.2608695652173913,0.3105590062111801,0.42857142857142855,0.5714285714285714,-0.02316939428571429,-0.00144937,0.023625129999999998,-0.048665411428571434,0.008074103913043479,-0.03124349819875777
2021,True,bp,top,manual_weak_top_label,0.5,non_overlapping,104,23,4,0.17391304347826086,0.5,0.2608695652173913,0.2391304347826087,0.5,0.5,-0.015714765,0.00312473,0.022202135,-0.0388704725,0.008074103913043479,-0.02378886891304348
2021,True,bp,top,manual_weak_top_label,0.6,all_signals,104,23,7,0.30434782608695654,0.5714285714285714,0.2608695652173913,0.3105590062111801,0.42857142857142855,0.5714285714285714,-0.02316939428571429,-0.00144937,0.023625129999999998,-0.048665411428571434,0.008074103913043479,-0.03124349819875777
2021,True,bp,top,manual_weak_top_label,0.6,non_overlapping,104,23,4,0.17391304347826086,0.5,0.2608695652173913,0.2391304347826087,0.5,0.5,-0.015714765,0.00312473,0.022202135,-0.0388704725,0.008074103913043479,-0.02378886891304348
2021,True,bp,top,manual_weak_top_label,0.7,all_signals,104,23,7,0.30434782608695654,0.5714285714285714,0.2608695652173913,0.3105590062111801,0.42857142857142855,0.5714285714285714,-0.02316939428571429,-0.00144937,0.023625129999999998,-0.048665411428571434,0.008074103913043479,-0.03124349819875777
2021,True,bp,top,manual_weak_top_label,0.7,non_overlapping,104,23,4,0.17391304347826086,0.5,0.2608695652173913,0.2391304347826087,0.5,0.5,-0.015714765,0.00312473,0.022202135,-0.0388704725,0.008074103913043479,-0.02378886891304348
2021,True,lda,bottom,manual_weak_bottom_label,0.3,all_signals,115,8,0,0.0,,0.5,,,,,,,,0.034160525,
2021,True,lda,bottom,manual_weak_bottom_label,0.3,non_overlapping,115,8,0,0.0,,0.5,,,,,,,,0.034160525,
2021,True,lda,bottom,manual_weak_bottom_label,0.4,all_signals,115,8,0,0.0,,0.5,,,,,,,,0.034160525,
2021,True,lda,bottom,manual_weak_bottom_label,0.4,non_overlapping,115,8,0,0.0,,0.5,,,,,,,,0.034160525,
2021,True,lda,bottom,manual_weak_bottom_label,0.5,all_signals,115,8,0,0.0,,0.5,,,,,,,,0.034160525,
2021,True,lda,bottom,manual_weak_bottom_label,0.5,non_overlapping,115,8,0,0.0,,0.5,,,,,,,,0.034160525,
2021,True,lda,bottom,manual_weak_bottom_label,0.6,all_signals,115,8,0,0.0,,0.5,,,,,,,,0.034160525,
2021,True,lda,bottom,manual_weak_bottom_label,0.6,non_overlapping,115,8,0,0.0,,0.5,,,,,,,,0.034160525,
2021,True,lda,bottom,manual_weak_bottom_label,0.7,all_signals,115,8,0,0.0,,0.5,,,,,,,,0.034160525,
2021,True,lda,bottom,manual_weak_bottom_label,0.7,non_overlapping,115,8,0,0.0,,0.5,,,,,,,,0.034160525,
2021,True,lda,top,manual_weak_top_label,0.3,all_signals,104,23,6,0.2608695652173913,0.6666666666666666,0.2608695652173913,0.40579710144927533,0.5,0.5,-0.026789398333333336,-0.016434295,0.024278135000000003,-0.049986655,0.008074103913043479,-0.03486350224637681
2021,True,lda,top,manual_weak_top_label,0.3,non_overlapping,104,23,4,0.17391304347826086,0.75,0.2608695652173913,0.4891304347826087,0.5,0.5,-0.02569178,-0.016434295,0.0194675625,-0.0493103225,0.008074103913043479,-0.03376588391304348
2021,True,lda,top,manual_weak_top_label,0.4,all_signals,104,23,6,0.2608695652173913,0.6666666666666666,0.2608695652173913,0.40579710144927533,0.5,0.5,-0.026789398333333336,-0.016434295,0.024278135000000003,-0.049986655,0.008074103913043479,-0.03486350224637681
2021,True,lda,top,manual_weak_top_label,0.4,non_overlapping,104,23,4,0.17391304347826086,0.75,0.2608695652173913,0.4891304347826087,0.5,0.5,-0.02569178,-0.016434295,0.0194675625,-0.0493103225,0.008074103913043479,-0.03376588391304348
2021,True,lda,top,manual_weak_top_label,0.5,all_signals,104,23,6,0.2608695652173913,0.6666666666666666,0.2608695652173913,0.40579710144927533,0.5,0.5,-0.026789398333333336,-0.016434295,0.024278135000000003,-0.049986655,0.008074103913043479,-0.03486350224637681
2021,True,lda,top,manual_weak_top_label,0.5,non_overlapping,104,23,4,0.17391304347826086,0.75,0.2608695652173913,0.4891304347826087,0.5,0.5,-0.02569178,-0.016434295,0.0194675625,-0.0493103225,0.008074103913043479,-0.03376588391304348
2021,True,lda,top,manual_weak_top_label,0.6,all_signals,104,23,6,0.2608695652173913,0.6666666666666666,0.2608695652173913,0.40579710144927533,0.5,0.5,-0.026789398333333336,-0.016434295,0.024278135000000003,-0.049986655,0.008074103913043479,-0.03486350224637681
2021,True,lda,top,manual_weak_top_label,0.6,non_overlapping,104,23,4,0.17391304347826086,0.75,0.2608695652173913,0.4891304347826087,0.5,0.5,-0.02569178,-0.016434295,0.0194675625,-0.0493103225,0.008074103913043479,-0.03376588391304348
2021,True,lda,top,manual_weak_top_label,0.7,all_signals,104,23,6,0.2608695652173913,0.6666666666666666,0.2608695652173913,0.40579710144927533,0.5,0.5,-0.026789398333333336,-0.016434295,0.024278135000000003,-0.049986655,0.008074103913043479,-0.03486350224637681
2021,True,lda,top,manual_weak_top_label,0.7,non_overlapping,104,23,4,0.17391304347826086,0.75,0.2608695652173913,0.4891304347826087,0.5,0.5,-0.02569178,-0.016434295,0.0194675625,-0.0493103225,0.008074103913043479,-0.03376588391304348
2021,True,lightgbm,bottom,manual_weak_bottom_label,0.3,all_signals,115,8,3,0.375,0.6666666666666666,0.5,0.16666666666666663,1.0,0.0,0.02904066,0.03545762,0.056247776666666666,-0.023731023333333334,0.034160525,-0.005119864999999998
2021,True,lightgbm,bottom,manual_weak_bottom_label,0.3,non_overlapping,115,8,2,0.25,0.5,0.5,0.0,1.0,0.0,0.02039356,0.02039356,0.03357904,-0.031929385,0.034160525,-0.013766964999999996
2021,True,lightgbm,bottom,manual_weak_bottom_label,0.4,all_signals,115,8,3,0.375,0.6666666666666666,0.5,0.16666666666666663,1.0,0.0,0.02904066,0.03545762,0.056247776666666666,-0.023731023333333334,0.034160525,-0.005119864999999998
2021,True,lightgbm,bottom,manual_weak_bottom_label,0.4,non_overlapping,115,8,2,0.25,0.5,0.5,0.0,1.0,0.0,0.02039356,0.02039356,0.03357904,-0.031929385,0.034160525,-0.013766964999999996
2021,True,lightgbm,bottom,manual_weak_bottom_label,0.5,all_signals,115,8,1,0.125,1.0,0.5,0.5,1.0,0.0,0.04633486,0.04633486,0.10158525,-0.0073343,0.034160525,0.012174335000000001
2021,True,lightgbm,bottom,manual_weak_bottom_label,0.5,non_overlapping,115,8,1,0.125,1.0,0.5,0.5,1.0,0.0,0.04633486,0.04633486,0.10158525,-0.0073343,0.034160525,0.012174335000000001
2021,True,lightgbm,bottom,manual_weak_bottom_label,0.6,all_signals,115,8,0,0.0,,0.5,,,,,,,,0.034160525,
2021,True,lightgbm,bottom,manual_weak_bottom_label,0.6,non_overlapping,115,8,0,0.0,,0.5,,,,,,,,0.034160525,
2021,True,lightgbm,bottom,manual_weak_bottom_label,0.7,all_signals,115,8,0,0.0,,0.5,,,,,,,,0.034160525,
2021,True,lightgbm,bottom,manual_weak_bottom_label,0.7,non_overlapping,115,8,0,0.0,,0.5,,,,,,,,0.034160525,
2021,True,lightgbm,top,manual_weak_top_label,0.3,all_signals,104,23,15,0.6521739130434783,0.3333333333333333,0.2608695652173913,0.07246376811594202,0.6666666666666666,0.3333333333333333,0.004537089333333333,0.00848884,0.037201168,-0.03415472666666666,0.008074103913043479,-0.003537014579710145
2021,True,lightgbm,top,manual_weak_top_label,0.3,non_overlapping,104,23,7,0.30434782608695654,0.42857142857142855,0.2608695652173913,0.16770186335403725,0.7142857142857143,0.2857142857142857,0.0016543814285714285,0.01672766,0.03544496142857143,-0.036343985714285716,0.008074103913043479,-0.00641972248447205
2021,True,lightgbm,top,manual_weak_top_label,0.4,all_signals,104,23,12,0.5217391304347826,0.4166666666666667,0.2608695652173913,0.1557971014492754,0.5833333333333334,0.4166666666666667,-0.0013163825,0.007114095,0.03575378,-0.03605970083333333,0.008074103913043479,-0.009390486413043478
2021,True,lightgbm,top,manual_weak_top_label,0.4,non_overlapping,104,23,6,0.2608695652173913,0.5,0.2608695652173913,0.2391304347826087,0.6666666666666666,0.3333333333333333,-0.0022103883333333334,0.017961724999999998,0.03435396166666667,-0.03525611833333333,0.008074103913043479,-0.010284492246376812
2021,True,lightgbm,top,manual_weak_top_label,0.5,all_signals,104,23,9,0.391304347826087,0.4444444444444444,0.2608695652173913,0.18357487922705312,0.4444444444444444,0.5555555555555556,-0.009364433333333333,-0.00144937,0.034258861111111115,-0.04310958,0.008074103913043479,-0.017438537246376812
2021,True,lightgbm,top,manual_weak_top_label,0.5,non_overlapping,104,23,5,0.21739130434782608,0.4,0.2608695652173913,0.13913043478260873,0.4,0.6,-0.009452605999999999,-0.00144937,0.033305806,-0.041322769999999995,0.008074103913043479,-0.017526709913043476
2021,True,lightgbm,top,manual_weak_top_label,0.6,all_signals,104,23,8,0.34782608695652173,0.5,0.2608695652173913,0.2391304347826087,0.375,0.625,-0.01905401375,-0.02042366,0.02833331,-0.04806700625,0.008074103913043479,-0.02712811766304348
2021,True,lightgbm,top,manual_weak_top_label,0.6,non_overlapping,104,23,4,0.17391304347826086,0.5,0.2608695652173913,0.2391304347826087,0.25,0.75,-0.02885381,-0.023153359999999998,0.02121644,-0.05079092,0.008074103913043479,-0.03692791391304348
2021,True,lightgbm,top,manual_weak_top_label,0.7,all_signals,104,23,7,0.30434782608695654,0.5714285714285714,0.2608695652173913,0.3105590062111801,0.42857142857142855,0.5714285714285714,-0.021568962857142857,-0.03939795,0.029565625714285716,-0.04911401428571428,0.008074103913043479,-0.029643066770186334
2021,True,lightgbm,top,manual_weak_top_label,0.7,non_overlapping,104,23,3,0.13043478260869565,0.6666666666666666,0.2608695652173913,0.40579710144927533,0.3333333333333333,0.6666666666666666,-0.027248546666666665,-0.06645811,0.028469386666666666,-0.05560217333333334,0.008074103913043479,-0.035322650579710145
2021,True,logistic,bottom,manual_weak_bottom_label,0.3,all_signals,115,8,0,0.0,,0.5,,,,,,,,0.034160525,
2021,True,logistic,bottom,manual_weak_bottom_label,0.3,non_overlapping,115,8,0,0.0,,0.5,,,,,,,,0.034160525,
2021,True,logistic,bottom,manual_weak_bottom_label,0.4,all_signals,115,8,0,0.0,,0.5,,,,,,,,0.034160525,
2021,True,logistic,bottom,manual_weak_bottom_label,0.4,non_overlapping,115,8,0,0.0,,0.5,,,,,,,,0.034160525,
2021,True,logistic,bottom,manual_weak_bottom_label,0.5,all_signals,115,8,0,0.0,,0.5,,,,,,,,0.034160525,
2021,True,logistic,bottom,manual_weak_bottom_label,0.5,non_overlapping,115,8,0,0.0,,0.5,,,,,,,,0.034160525,
2021,True,logistic,bottom,manual_weak_bottom_label,0.6,all_signals,115,8,0,0.0,,0.5,,,,,,,,0.034160525,
2021,True,logistic,bottom,manual_weak_bottom_label,0.6,non_overlapping,115,8,0,0.0,,0.5,,,,,,,,0.034160525,
2021,True,logistic,bottom,manual_weak_bottom_label,0.7,all_signals,115,8,0,0.0,,0.5,,,,,,,,0.034160525,
2021,True,logistic,bottom,manual_weak_bottom_label,0.7,non_overlapping,115,8,0,0.0,,0.5,,,,,,,,0.034160525,
2021,True,logistic,top,manual_weak_top_label,0.3,all_signals,104,23,7,0.30434782608695654,0.5714285714285714,0.2608695652173913,0.3105590062111801,0.42857142857142855,0.5714285714285714,-0.02316939428571429,-0.00144937,0.023625129999999998,-0.048665411428571434,0.008074103913043479,-0.03124349819875777
2021,True,logistic,top,manual_weak_top_label,0.3,non_overlapping,104,23,4,0.17391304347826086,0.5,0.2608695652173913,0.2391304347826087,0.5,0.5,-0.015714765,0.00312473,0.022202135,-0.0388704725,0.008074103913043479,-0.02378886891304348
2021,True,logistic,top,manual_weak_top_label,0.4,all_signals,104,23,6,0.2608695652173913,0.6666666666666666,0.2608695652173913,0.40579710144927533,0.5,0.5,-0.026789398333333336,-0.016434295,0.024278135000000003,-0.049986655,0.008074103913043479,-0.03486350224637681
2021,True,logistic,top,manual_weak_top_label,0.4,non_overlapping,104,23,4,0.17391304347826086,0.75,0.2608695652173913,0.4891304347826087,0.5,0.5,-0.02569178,-0.016434295,0.0194675625,-0.0493103225,0.008074103913043479,-0.03376588391304348
2021,True,logistic,top,manual_weak_top_label,0.5,all_signals,104,23,6,0.2608695652173913,0.6666666666666666,0.2608695652173913,0.40579710144927533,0.5,0.5,-0.026789398333333336,-0.016434295,0.024278135000000003,-0.049986655,0.008074103913043479,-0.03486350224637681
2021,True,logistic,top,manual_weak_top_label,0.5,non_overlapping,104,23,4,0.17391304347826086,0.75,0.2608695652173913,0.4891304347826087,0.5,0.5,-0.02569178,-0.016434295,0.0194675625,-0.0493103225,0.008074103913043479,-0.03376588391304348
2021,True,logistic,top,manual_weak_top_label,0.6,all_signals,104,23,6,0.2608695652173913,0.6666666666666666,0.2608695652173913,0.40579710144927533,0.5,0.5,-0.026789398333333336,-0.016434295,0.024278135000000003,-0.049986655,0.008074103913043479,-0.03486350224637681
2021,True,logistic,top,manual_weak_top_label,0.6,non_overlapping,104,23,4,0.17391304347826086,0.75,0.2608695652173913,0.4891304347826087,0.5,0.5,-0.02569178,-0.016434295,0.0194675625,-0.0493103225,0.008074103913043479,-0.03376588391304348
2021,True,logistic,top,manual_weak_top_label,0.7,all_signals,104,23,6,0.2608695652173913,0.6666666666666666,0.2608695652173913,0.40579710144927533,0.5,0.5,-0.026789398333333336,-0.016434295,0.024278135000000003,-0.049986655,0.008074103913043479,-0.03486350224637681
2021,True,logistic,top,manual_weak_top_label,0.7,non_overlapping,104,23,4,0.17391304347826086,0.75,0.2608695652173913,0.4891304347826087,0.5,0.5,-0.02569178,-0.016434295,0.0194675625,-0.0493103225,0.008074103913043479,-0.03376588391304348
2021,True,mlp,bottom,manual_weak_bottom_label,0.3,all_signals,115,8,7,0.875,0.5714285714285714,0.5,0.0714285714285714,1.0,0.0,0.03580763714285714,0.03545762,0.05547679,-0.016738494285714285,0.034160525,0.001647112142857142
2021,True,mlp,bottom,manual_weak_bottom_label,0.3,non_overlapping,115,8,5,0.625,0.4,0.5,-0.09999999999999998,1.0,0.0,0.029531540000000002,0.02379002,0.045956938,-0.019701588,0.034160525,-0.004628984999999995
2021,True,mlp,bottom,manual_weak_bottom_label,0.4,all_signals,115,8,7,0.875,0.5714285714285714,0.5,0.0714285714285714,1.0,0.0,0.03580763714285714,0.03545762,0.05547679,-0.016738494285714285,0.034160525,0.001647112142857142
2021,True,mlp,bottom,manual_weak_bottom_label,0.4,non_overlapping,115,8,5,0.625,0.4,0.5,-0.09999999999999998,1.0,0.0,0.029531540000000002,0.02379002,0.045956938,-0.019701588,0.034160525,-0.004628984999999995
2021,True,mlp,bottom,manual_weak_bottom_label,0.5,all_signals,115,8,4,0.5,0.5,0.5,0.0,1.0,0.0,0.04379977,0.046059260000000005,0.05639239,-0.0186943475,0.034160525,0.009639245000000005
2021,True,mlp,bottom,manual_weak_bottom_label,0.5,non_overlapping,115,8,3,0.375,0.3333333333333333,0.5,-0.16666666666666669,1.0,0.0,0.03353578666666667,0.03545762,0.048804886666666665,-0.023207973333333336,0.034160525,-0.0006247383333333259
2021,True,mlp,bottom,manual_weak_bottom_label,0.6,all_signals,115,8,1,0.125,0.0,0.5,-0.5,1.0,0.0,0.03545762,0.03545762,0.03549823,-0.04808904,0.034160525,0.001297095000000005
2021,True,mlp,bottom,manual_weak_bottom_label,0.6,non_overlapping,115,8,1,0.125,0.0,0.5,-0.5,1.0,0.0,0.03545762,0.03545762,0.03549823,-0.04808904,0.034160525,0.001297095000000005
2021,True,mlp,bottom,manual_weak_bottom_label,0.7,all_signals,115,8,0,0.0,,0.5,,,,,,,,0.034160525,
2021,True,mlp,bottom,manual_weak_bottom_label,0.7,non_overlapping,115,8,0,0.0,,0.5,,,,,,,,0.034160525,
2021,True,mlp,top,manual_weak_top_label,0.3,all_signals,104,23,15,0.6521739130434783,0.4,0.2608695652173913,0.13913043478260873,0.5333333333333333,0.4666666666666667,-0.0030400053333333333,0.00769883,0.02733096466666667,-0.04254829066666667,0.008074103913043479,-0.011114109246376812
2021,True,mlp,top,manual_weak_top_label,0.3,non_overlapping,104,23,8,0.34782608695652173,0.375,0.2608695652173913,0.1141304347826087,0.625,0.375,-0.00455944,0.012213245,0.025830335,-0.03906672375,0.008074103913043479,-0.012633543913043478
2021,True,mlp,top,manual_weak_top_label,0.4,all_signals,104,23,10,0.43478260869565216,0.4,0.2608695652173913,0.13913043478260873,0.5,0.5,0.001409511,0.00312473,0.026314536,-0.035094476,0.008074103913043479,-0.006664592913043478
2021,True,mlp,top,manual_weak_top_label,0.4,non_overlapping,104,23,6,0.2608695652173913,0.3333333333333333,0.2608695652173913,0.07246376811594202,0.6666666666666666,0.3333333333333333,0.013155225,0.013163,0.032233446666666665,-0.025788873333333334,0.008074103913043479,0.005081121086956521
2021,True,mlp,top,manual_weak_top_label,0.5,all_signals,104,23,7,0.30434782608695654,0.42857142857142855,0.2608695652173913,0.16770186335403725,0.42857142857142855,0.5714285714285714,0.0016378485714285715,-0.00144937,0.024211217142857143,-0.031912215714285715,0.008074103913043479,-0.006436255341614907
2021,True,mlp,top,manual_weak_top_label,0.5,non_overlapping,104,23,5,0.21739130434782608,0.4,0.2608695652173913,0.13913043478260873,0.6,0.4,0.009634298,0.00769883,0.030170352,-0.031235308,0.008074103913043479,0.001560194086956521
2021,True,mlp,top,manual_weak_top_label,0.6,all_signals,104,23,2,0.08695652173913043,1.0,0.2608695652173913,0.7391304347826086,0.5,0.5,-0.01857926,-0.01857926,0.00685612,-0.050238015,0.008074103913043479,-0.02665336391304348
2021,True,mlp,top,manual_weak_top_label,0.6,non_overlapping,104,23,2,0.08695652173913043,1.0,0.2608695652173913,0.7391304347826086,0.5,0.5,-0.01857926,-0.01857926,0.00685612,-0.050238015,0.008074103913043479,-0.02665336391304348
2021,True,mlp,top,manual_weak_top_label,0.7,all_signals,104,23,1,0.043478260869565216,1.0,0.2608695652173913,0.7391304347826086,1.0,0.0,0.00769883,0.00769883,0.00882751,-0.02639712,0.008074103913043479,-0.00037527391304347825
2021,True,mlp,top,manual_weak_top_label,0.7,non_overlapping,104,23,1,0.043478260869565216,1.0,0.2608695652173913,0.7391304347826086,1.0,0.0,0.00769883,0.00769883,0.00882751,-0.02639712,0.008074103913043479,-0.00037527391304347825
2021,True,qda,bottom,manual_weak_bottom_label,0.3,all_signals,115,8,8,1.0,0.5,0.5,0.0,1.0,0.0,0.034160525,0.029623820000000002,0.05181736125,-0.0164593275,0.034160525,0.0
2021,True,qda,bottom,manual_weak_bottom_label,0.3,non_overlapping,115,8,5,0.625,0.4,0.5,-0.09999999999999998,1.0,0.0,0.029299684,0.02263074,0.045292636,-0.018745012,0.034160525,-0.004860840999999998
2021,True,qda,bottom,manual_weak_bottom_label,0.4,all_signals,115,8,8,1.0,0.5,0.5,0.0,1.0,0.0,0.034160525,0.029623820000000002,0.05181736125,-0.0164593275,0.034160525,0.0
2021,True,qda,bottom,manual_weak_bottom_label,0.4,non_overlapping,115,8,5,0.625,0.4,0.5,-0.09999999999999998,1.0,0.0,0.029299684,0.02263074,0.045292636,-0.018745012,0.034160525,-0.004860840999999998
2021,True,qda,bottom,manual_weak_bottom_label,0.5,all_signals,115,8,8,1.0,0.5,0.5,0.0,1.0,0.0,0.034160525,0.029623820000000002,0.05181736125,-0.0164593275,0.034160525,0.0
2021,True,qda,bottom,manual_weak_bottom_label,0.5,non_overlapping,115,8,5,0.625,0.4,0.5,-0.09999999999999998,1.0,0.0,0.029299684,0.02263074,0.045292636,-0.018745012,0.034160525,-0.004860840999999998
2021,True,qda,bottom,manual_weak_bottom_label,0.6,all_signals,115,8,8,1.0,0.5,0.5,0.0,1.0,0.0,0.034160525,0.029623820000000002,0.05181736125,-0.0164593275,0.034160525,0.0
2021,True,qda,bottom,manual_weak_bottom_label,0.6,non_overlapping,115,8,5,0.625,0.4,0.5,-0.09999999999999998,1.0,0.0,0.029299684,0.02263074,0.045292636,-0.018745012,0.034160525,-0.004860840999999998
2021,True,qda,bottom,manual_weak_bottom_label,0.7,all_signals,115,8,8,1.0,0.5,0.5,0.0,1.0,0.0,0.034160525,0.029623820000000002,0.05181736125,-0.0164593275,0.034160525,0.0
2021,True,qda,bottom,manual_weak_bottom_label,0.7,non_overlapping,115,8,5,0.625,0.4,0.5,-0.09999999999999998,1.0,0.0,0.029299684,0.02263074,0.045292636,-0.018745012,0.034160525,-0.004860840999999998
2021,True,qda,top,manual_weak_top_label,0.3,all_signals,104,23,23,1.0,0.2608695652173913,0.2608695652173913,0.0,0.6956521739130435,0.30434782608695654,0.008074103913043479,0.01672766,0.03496539956521739,-0.034376977391304346,0.008074103913043479,0.0
2021,True,qda,top,manual_weak_top_label,0.3,non_overlapping,104,23,9,0.391304347826087,0.3333333333333333,0.2608695652173913,0.07246376811594202,0.7777777777777778,0.2222222222222222,0.006167588888888889,0.01862717,0.03508798333333333,-0.029983318888888888,0.008074103913043479,-0.00190651502415459
2021,True,qda,top,manual_weak_top_label,0.4,all_signals,104,23,23,1.0,0.2608695652173913,0.2608695652173913,0.0,0.6956521739130435,0.30434782608695654,0.008074103913043479,0.01672766,0.03496539956521739,-0.034376977391304346,0.008074103913043479,0.0
2021,True,qda,top,manual_weak_top_label,0.4,non_overlapping,104,23,9,0.391304347826087,0.3333333333333333,0.2608695652173913,0.07246376811594202,0.7777777777777778,0.2222222222222222,0.006167588888888889,0.01862717,0.03508798333333333,-0.029983318888888888,0.008074103913043479,-0.00190651502415459
2021,True,qda,top,manual_weak_top_label,0.5,all_signals,104,23,23,1.0,0.2608695652173913,0.2608695652173913,0.0,0.6956521739130435,0.30434782608695654,0.008074103913043479,0.01672766,0.03496539956521739,-0.034376977391304346,0.008074103913043479,0.0
2021,True,qda,top,manual_weak_top_label,0.5,non_overlapping,104,23,9,0.391304347826087,0.3333333333333333,0.2608695652173913,0.07246376811594202,0.7777777777777778,0.2222222222222222,0.006167588888888889,0.01862717,0.03508798333333333,-0.029983318888888888,0.008074103913043479,-0.00190651502415459
2021,True,qda,top,manual_weak_top_label,0.6,all_signals,104,23,23,1.0,0.2608695652173913,0.2608695652173913,0.0,0.6956521739130435,0.30434782608695654,0.008074103913043479,0.01672766,0.03496539956521739,-0.034376977391304346,0.008074103913043479,0.0
2021,True,qda,top,manual_weak_top_label,0.6,non_overlapping,104,23,9,0.391304347826087,0.3333333333333333,0.2608695652173913,0.07246376811594202,0.7777777777777778,0.2222222222222222,0.006167588888888889,0.01862717,0.03508798333333333,-0.029983318888888888,0.008074103913043479,-0.00190651502415459
2021,True,qda,top,manual_weak_top_label,0.7,all_signals,104,23,23,1.0,0.2608695652173913,0.2608695652173913,0.0,0.6956521739130435,0.30434782608695654,0.008074103913043479,0.01672766,0.03496539956521739,-0.034376977391304346,0.008074103913043479,0.0
2021,True,qda,top,manual_weak_top_label,0.7,non_overlapping,104,23,9,0.391304347826087,0.3333333333333333,0.2608695652173913,0.07246376811594202,0.7777777777777778,0.2222222222222222,0.006167588888888889,0.01862717,0.03508798333333333,-0.029983318888888888,0.008074103913043479,-0.00190651502415459
2021,True,svm,bottom,manual_weak_bottom_label,0.3,all_signals,115,8,0,0.0,,0.5,,,,,,,,0.034160525,
2021,True,svm,bottom,manual_weak_bottom_label,0.3,non_overlapping,115,8,0,0.0,,0.5,,,,,,,,0.034160525,
2021,True,svm,bottom,manual_weak_bottom_label,0.4,all_signals,115,8,0,0.0,,0.5,,,,,,,,0.034160525,
2021,True,svm,bottom,manual_weak_bottom_label,0.4,non_overlapping,115,8,0,0.0,,0.5,,,,,,,,0.034160525,
2021,True,svm,bottom,manual_weak_bottom_label,0.5,all_signals,115,8,0,0.0,,0.5,,,,,,,,0.034160525,
2021,True,svm,bottom,manual_weak_bottom_label,0.5,non_overlapping,115,8,0,0.0,,0.5,,,,,,,,0.034160525,
2021,True,svm,bottom,manual_weak_bottom_label,0.6,all_signals,115,8,0,0.0,,0.5,,,,,,,,0.034160525,
2021,True,svm,bottom,manual_weak_bottom_label,0.6,non_overlapping,115,8,0,0.0,,0.5,,,,,,,,0.034160525,
2021,True,svm,bottom,manual_weak_bottom_label,0.7,all_signals,115,8,0,0.0,,0.5,,,,,,,,0.034160525,
2021,True,svm,bottom,manual_weak_bottom_label,0.7,non_overlapping,115,8,0,0.0,,0.5,,,,,,,,0.034160525,
2021,True,svm,top,manual_weak_top_label,0.3,all_signals,104,23,10,0.43478260869565216,0.6,0.2608695652173913,0.3391304347826087,0.4,0.6,-0.017556057,-0.01613833,0.02362248,-0.044957243,0.008074103913043479,-0.02563016091304348
2021,True,svm,top,manual_weak_top_label,0.3,non_overlapping,104,23,5,0.21739130434782608,0.6,0.2608695652173913,0.3391304347826087,0.2,0.8,-0.029248506,-0.03082729,0.017119314,-0.048360587999999996,0.008074103913043479,-0.03732260991304348
2021,True,svm,top,manual_weak_top_label,0.4,all_signals,104,23,5,0.21739130434782608,0.8,0.2608695652173913,0.5391304347826087,0.4,0.6,-0.033845046000000004,-0.03939795,0.018343994,-0.057942454,0.008074103913043479,-0.041919149913043484
2021,True,svm,top,manual_weak_top_label,0.4,non_overlapping,104,23,4,0.17391304347826086,0.75,0.2608695652173913,0.4891304347826087,0.5,0.5,-0.02569178,-0.016434295,0.0194675625,-0.0493103225,0.008074103913043479,-0.03376588391304348
2021,True,svm,top,manual_weak_top_label,0.5,all_signals,104,23,2,0.08695652173913043,0.5,0.2608695652173913,0.2391304347826087,1.0,0.0,0.007114095,0.007114095,0.02800974,-0.02519805,0.008074103913043479,-0.0009600089130434785
2021,True,svm,top,manual_weak_top_label,0.5,non_overlapping,104,23,2,0.08695652173913043,0.5,0.2608695652173913,0.2391304347826087,1.0,0.0,0.007114095,0.007114095,0.02800974,-0.02519805,0.008074103913043479,-0.0009600089130434785
2021,True,svm,top,manual_weak_top_label,0.6,all_signals,104,23,0,0.0,,0.2608695652173913,,,,,,,,0.008074103913043479,
2021,True,svm,top,manual_weak_top_label,0.6,non_overlapping,104,23,0,0.0,,0.2608695652173913,,,,,,,,0.008074103913043479,
2021,True,svm,top,manual_weak_top_label,0.7,all_signals,104,23,0,0.0,,0.2608695652173913,,,,,,,,0.008074103913043479,
2021,True,svm,top,manual_weak_top_label,0.7,non_overlapping,104,23,0,0.0,,0.2608695652173913,,,,,,,,0.008074103913043479,
2022,True,bp,bottom,manual_weak_bottom_label,0.3,all_signals,123,22,11,0.5,0.18181818181818182,0.22727272727272727,-0.04545454545454544,0.36363636363636365,0.6363636363636364,-0.029149130909090912,-0.03599303,0.031965087272727274,-0.08345953272727273,0.0008048104545454545,-0.029953941363636365
2022,True,bp,bottom,manual_weak_bottom_label,0.3,non_overlapping,123,22,5,0.22727272727272727,0.4,0.22727272727272727,0.17272727272727276,0.6,0.4,0.003821298,0.04732538,0.04437008,-0.054395594000000005,0.0008048104545454545,0.0030164875454545452
2022,True,bp,bottom,manual_weak_bottom_label,0.4,all_signals,123,22,9,0.4090909090909091,0.2222222222222222,0.22727272727272727,-0.005050505050505055,0.4444444444444444,0.5555555555555556,-0.023121882222222223,-0.03599303,0.03723747222222222,-0.07184993333333334,0.0008048104545454545,-0.023926692676767676
2022,True,bp,bottom,manual_weak_bottom_label,0.4,non_overlapping,123,22,5,0.22727272727272727,0.4,0.22727272727272727,0.17272727272727276,0.6,0.4,0.0016589240000000002,0.04732538,0.046750564,-0.062338158,0.0008048104545454545,0.0008541135454545457
2022,True,bp,bottom,manual_weak_bottom_label,0.5,all_signals,123,22,9,0.4090909090909091,0.2222222222222222,0.22727272727272727,-0.005050505050505055,0.4444444444444444,0.5555555555555556,-0.023121882222222223,-0.03599303,0.03723747222222222,-0.07184993333333334,0.0008048104545454545,-0.023926692676767676
2022,True,bp,bottom,manual_weak_bottom_label,0.5,non_overlapping,123,22,5,0.22727272727272727,0.4,0.22727272727272727,0.17272727272727276,0.6,0.4,0.0016589240000000002,0.04732538,0.046750564,-0.062338158,0.0008048104545454545,0.0008541135454545457
2022,True,bp,bottom,manual_weak_bottom_label,0.6,all_signals,123,22,8,0.36363636363636365,0.125,0.22727272727272727,-0.10227272727272727,0.375,0.625,-0.03192779,-0.040097605,0.03578394375,-0.07682790875,0.0008048104545454545,-0.03273260045454545
2022,True,bp,bottom,manual_weak_bottom_label,0.6,non_overlapping,123,22,4,0.18181818181818182,0.25,0.22727272727272727,0.022727272727272735,0.5,0.5,-0.00975769,0.005788370000000001,0.04622178,-0.069916165,0.0008048104545454545,-0.010562500454545454
2022,True,bp,bottom,manual_weak_bottom_label,0.7,all_signals,123,22,6,0.2727272727272727,0.16666666666666666,0.22727272727272727,-0.06060606060606061,0.3333333333333333,0.6666666666666666,-0.04449984333333334,-0.057934559999999996,0.03289307,-0.09209959166666666,0.0008048104545454545,-0.04530465378787879
2022,True,bp,bottom,manual_weak_bottom_label,0.7,non_overlapping,123,22,3,0.13636363636363635,0.3333333333333333,0.22727272727272727,0.10606060606060605,0.6666666666666666,0.3333333333333333,0.008972683333333334,0.02953034,0.05695592333333333,-0.03333486,0.0008048104545454545,0.008167872878787879
2022,True,bp,top,manual_weak_top_label,0.3,all_signals,126,16,12,0.75,0.4166666666666667,0.375,0.041666666666666685,0.5833333333333334,0.4166666666666667,-0.0006572983333333333,0.00451642,0.031027250000000003,-0.038937845,-0.0019850775,0.0013277791666666669
2022,True,bp,top,manual_weak_top_label,0.3,non_overlapping,126,16,6,0.375,0.3333333333333333,0.375,-0.041666666666666685,0.5,0.5,-0.007064933333333333,-0.011850025,0.027947040000000003,-0.04329412,-0.0019850775,-0.005079855833333332
2022,True,bp,top,manual_weak_top_label,0.4,all_signals,126,16,9,0.5625,0.3333333333333333,0.375,-0.041666666666666685,0.6666666666666666,0.3333333333333333,0.0022889477777777775,0.00573265,0.03193614555555555,-0.04103821666666666,-0.0019850775,0.004274025277777777
2022,True,bp,top,manual_weak_top_label,0.4,non_overlapping,126,16,6,0.375,0.3333333333333333,0.375,-0.041666666666666685,0.6666666666666666,0.3333333333333333,0.0014100900000000001,0.00451642,0.02684475,-0.043056188333333335,-0.0019850775,0.0033951675000000003
2022,True,bp,top,manual_weak_top_label,0.5,all_signals,126,16,7,0.4375,0.2857142857142857,0.375,-0.0892857142857143,0.7142857142857143,0.2857142857142857,0.008459304285714285,0.02761167,0.03661365285714285,-0.03687253,-0.0019850775,0.010444381785714284
2022,True,bp,top,manual_weak_top_label,0.5,non_overlapping,126,16,4,0.25,0.25,0.375,-0.125,0.75,0.25,0.01351877,0.0189559,0.035176455,-0.0308454225,-0.0019850775,0.0155038475
2022,True,bp,top,manual_weak_top_label,0.6,all_signals,126,16,5,0.3125,0.2,0.375,-0.175,0.6,0.4,0.00011578999999999999,0.02761167,0.035354738000000004,-0.039172372,-0.0019850775,0.0021008675000000004
2022,True,bp,top,manual_weak_top_label,0.6,non_overlapping,126,16,3,0.1875,0.3333333333333333,0.375,-0.041666666666666685,0.6666666666666666,0.3333333333333333,0.01088588,0.03461161,0.04577316,-0.02880112333333333,-0.0019850775,0.0128709575
2022,True,bp,top,manual_weak_top_label,0.7,all_signals,126,16,3,0.1875,0.3333333333333333,0.375,-0.041666666666666685,0.3333333333333333,0.6666666666666666,-0.020548109999999998,-0.05969036,0.02905629,-0.05604966,-0.0019850775,-0.018563032499999996
2022,True,bp,top,manual_weak_top_label,0.7,non_overlapping,126,16,2,0.125,0.5,0.375,0.125,0.5,0.5,-0.000976985,-0.0009769849999999997,0.04356677,-0.042203265,-0.0019850775,0.0010080925
2022,True,lda,bottom,manual_weak_bottom_label,0.3,all_signals,123,22,9,0.4090909090909091,0.2222222222222222,0.22727272727272727,-0.005050505050505055,0.5555555555555556,0.4444444444444444,-0.010913682222222222,0.02953034,0.04242829333333334,-0.07935578666666666,0.0008048104545454545,-0.011718492676767677
2022,True,lda,bottom,manual_weak_bottom_label,0.3,non_overlapping,123,22,5,0.22727272727272727,0.2,0.22727272727272727,-0.027272727272727254,0.8,0.2,0.023686034,0.03052696,0.050935348000000005,-0.051698164000000005,0.0008048104545454545,0.02288122354545455
2022,True,lda,bottom,manual_weak_bottom_label,0.4,all_signals,123,22,7,0.3181818181818182,0.2857142857142857,0.22727272727272727,0.05844155844155843,0.42857142857142855,0.5714285714285714,-0.03138195428571429,-0.03599303,0.03517487428571429,-0.08351766857142857,0.0008048104545454545,-0.03218676474025974
2022,True,lda,bottom,manual_weak_bottom_label,0.4,non_overlapping,123,22,4,0.18181818181818182,0.5,0.22727272727272727,0.2727272727272727,0.75,0.25,0.0185608575,0.03842786,0.0549333675,-0.0330076775,0.0008048104545454545,0.017756047045454547
2022,True,lda,bottom,manual_weak_bottom_label,0.5,all_signals,123,22,7,0.3181818181818182,0.2857142857142857,0.22727272727272727,0.05844155844155843,0.42857142857142855,0.5714285714285714,-0.03138195428571429,-0.03599303,0.03517487428571429,-0.08351766857142857,0.0008048104545454545,-0.03218676474025974
2022,True,lda,bottom,manual_weak_bottom_label,0.5,non_overlapping,123,22,4,0.18181818181818182,0.5,0.22727272727272727,0.2727272727272727,0.75,0.25,0.0185608575,0.03842786,0.0549333675,-0.0330076775,0.0008048104545454545,0.017756047045454547
2022,True,lda,bottom,manual_weak_bottom_label,0.6,all_signals,123,22,7,0.3181818181818182,0.2857142857142857,0.22727272727272727,0.05844155844155843,0.42857142857142855,0.5714285714285714,-0.03138195428571429,-0.03599303,0.03517487428571429,-0.08351766857142857,0.0008048104545454545,-0.03218676474025974
2022,True,lda,bottom,manual_weak_bottom_label,0.6,non_overlapping,123,22,4,0.18181818181818182,0.5,0.22727272727272727,0.2727272727272727,0.75,0.25,0.0185608575,0.03842786,0.0549333675,-0.0330076775,0.0008048104545454545,0.017756047045454547
2022,True,lda,bottom,manual_weak_bottom_label,0.7,all_signals,123,22,6,0.2727272727272727,0.16666666666666666,0.22727272727272727,-0.06060606060606061,0.3333333333333333,0.6666666666666666,-0.04449984333333334,-0.057934559999999996,0.03289307,-0.09209959166666666,0.0008048104545454545,-0.04530465378787879
2022,True,lda,bottom,manual_weak_bottom_label,0.7,non_overlapping,123,22,3,0.13636363636363635,0.3333333333333333,0.22727272727272727,0.10606060606060605,0.6666666666666666,0.3333333333333333,0.008972683333333334,0.02953034,0.05695592333333333,-0.03333486,0.0008048104545454545,0.008167872878787879
2022,True,lda,top,manual_weak_top_label,0.3,all_signals,126,16,6,0.375,0.3333333333333333,0.375,-0.041666666666666685,0.8333333333333334,0.16666666666666666,0.015896516666666666,0.022023050000000002,0.037435315000000004,-0.033541491666666666,-0.0019850775,0.017881594166666667
2022,True,lda,top,manual_weak_top_label,0.3,non_overlapping,126,16,4,0.25,0.25,0.375,-0.125,0.75,0.25,0.011083265,0.016672160000000002,0.03474455,-0.040549225,-0.0019850775,0.0130683425
2022,True,lda,top,manual_weak_top_label,0.4,all_signals,126,16,6,0.375,0.3333333333333333,0.375,-0.041666666666666685,0.8333333333333334,0.16666666666666666,0.015896516666666666,0.022023050000000002,0.037435315000000004,-0.033541491666666666,-0.0019850775,0.017881594166666667
2022,True,lda,top,manual_weak_top_label,0.4,non_overlapping,126,16,4,0.25,0.25,0.375,-0.125,0.75,0.25,0.011083265,0.016672160000000002,0.03474455,-0.040549225,-0.0019850775,0.0130683425
2022,True,lda,top,manual_weak_top_label,0.5,all_signals,126,16,6,0.375,0.3333333333333333,0.375,-0.041666666666666685,0.8333333333333334,0.16666666666666666,0.015896516666666666,0.022023050000000002,0.037435315000000004,-0.033541491666666666,-0.0019850775,0.017881594166666667
2022,True,lda,top,manual_weak_top_label,0.5,non_overlapping,126,16,4,0.25,0.25,0.375,-0.125,0.75,0.25,0.011083265,0.016672160000000002,0.03474455,-0.040549225,-0.0019850775,0.0130683425
2022,True,lda,top,manual_weak_top_label,0.6,all_signals,126,16,3,0.1875,0.0,0.375,-0.375,1.0,0.0,0.022651976666666667,0.02761167,0.03652669333333333,-0.021467473333333334,-0.0019850775,0.02463705416666667
2022,True,lda,top,manual_weak_top_label,0.6,non_overlapping,126,16,2,0.125,0.0,0.375,-0.375,1.0,0.0,0.01667216,0.016672160000000002,0.02969707,-0.03120279,-0.0019850775,0.0186572375
2022,True,lda,top,manual_weak_top_label,0.7,all_signals,126,16,2,0.125,0.0,0.375,-0.375,1.0,0.0,0.03111164,0.031111640000000003,0.04480241,-0.01385644,-0.0019850775,0.0330967175
2022,True,lda,top,manual_weak_top_label,0.7,non_overlapping,126,16,1,0.0625,0.0,0.375,-0.375,1.0,0.0,0.03461161,0.03461161,0.05018594,-0.00199684,-0.0019850775,0.0365966875
2022,True,lightgbm,bottom,manual_weak_bottom_label,0.3,all_signals,123,22,12,0.5454545454545454,0.25,0.22727272727272727,0.022727272727272735,0.5,0.5,-0.008135561666666668,-0.0008392450000000006,0.04129298916666667,-0.07160274666666668,0.0008048104545454545,-0.008940372121212122
2022,True,lightgbm,bottom,manual_weak_bottom_label,0.3,non_overlapping,123,22,6,0.2727272727272727,0.16666666666666666,0.22727272727272727,-0.06060606060606061,0.5,0.5,-0.014765738333333334,-0.00034093500000000054,0.032673635,-0.07693257166666666,0.0008048104545454545,-0.015570548787878788
2022,True,lightgbm,bottom,manual_weak_bottom_label,0.4,all_signals,123,22,10,0.45454545454545453,0.3,0.22727272727272727,0.07272727272727272,0.6,0.4,0.006145339,0.030028649999999997,0.050038019,-0.055024885999999995,0.0008048104545454545,0.005340528545454545
2022,True,lightgbm,bottom,manual_weak_bottom_label,0.4,non_overlapping,123,22,5,0.22727272727272727,0.2,0.22727272727272727,-0.027272727272727254,0.6,0.4,0.005693,0.03052696,0.042531498,-0.057357519999999995,0.0008048104545454545,0.0048881895454545455
2022,True,lightgbm,bottom,manual_weak_bottom_label,0.5,all_signals,123,22,6,0.2727272727272727,0.3333333333333333,0.22727272727272727,0.10606060606060605,0.6666666666666666,0.3333333333333333,0.014794551666666668,0.04265463,0.06009904,-0.044964465,0.0008048104545454545,0.013989741212121213
2022,True,lightgbm,bottom,manual_weak_bottom_label,0.5,non_overlapping,123,22,3,0.13636363636363635,0.3333333333333333,0.22727272727272727,0.10606060606060605,0.6666666666666666,0.3333333333333333,0.005988733333333334,0.05577892,0.054896190000000004,-0.05144211333333334,0.0008048104545454545,0.005183922878787879
2022,True,lightgbm,bottom,manual_weak_bottom_label,0.6,all_signals,123,22,6,0.2727272727272727,0.3333333333333333,0.22727272727272727,0.10606060606060605,0.6666666666666666,0.3333333333333333,0.014794551666666668,0.04265463,0.06009904,-0.044964465,0.0008048104545454545,0.013989741212121213
2022,True,lightgbm,bottom,manual_weak_bottom_label,0.6,non_overlapping,123,22,3,0.13636363636363635,0.3333333333333333,0.22727272727272727,0.10606060606060605,0.6666666666666666,0.3333333333333333,0.005988733333333334,0.05577892,0.054896190000000004,-0.05144211333333334,0.0008048104545454545,0.005183922878787879
2022,True,lightgbm,bottom,manual_weak_bottom_label,0.7,all_signals,123,22,4,0.18181818181818182,0.5,0.22727272727272727,0.2727272727272727,0.5,0.5,0.0008645125,0.020635384999999996,0.056032805,-0.0632867125,0.0008048104545454545,5.970204545454542e-05
2022,True,lightgbm,bottom,manual_weak_bottom_label,0.7,non_overlapping,123,22,3,0.13636363636363635,0.3333333333333333,0.22727272727272727,0.10606060606060605,0.3333333333333333,0.6666666666666666,-0.024601916666666668,-0.03599303,0.04114799,-0.08334285333333334,0.0008048104545454545,-0.02540672712121212
2022,True,lightgbm,top,manual_weak_top_label,0.3,all_signals,126,16,10,0.625,0.5,0.375,0.125,0.5,0.5,-0.008868991,0.0004722950000000002,0.031030976,-0.044130067,-0.0019850775,-0.0068839135
2022,True,lightgbm,top,manual_weak_top_label,0.3,non_overlapping,126,16,5,0.3125,0.6,0.375,0.22499999999999998,0.6,0.4,-0.0026409040000000003,0.01643443,0.032344984,-0.046712532,-0.0019850775,-0.0006558265000000001
2022,True,lightgbm,top,manual_weak_top_label,0.4,all_signals,126,16,8,0.5,0.5,0.375,0.125,0.5,0.5,-0.00535296375,0.0004722950000000002,0.0328537225,-0.041239105,-0.0019850775,-0.00336788625
2022,True,lightgbm,top,manual_weak_top_label,0.4,non_overlapping,126,16,4,0.25,0.5,0.375,0.125,0.5,0.5,0.00429195,0.009560885000000002,0.044193335,-0.02721311,-0.0019850775,0.006277027500000001
2022,True,lightgbm,top,manual_weak_top_label,0.5,all_signals,126,16,5,0.3125,0.6,0.375,0.22499999999999998,0.4,0.6,-0.01509627,-0.01548984,0.02510206,-0.048701894,-0.0019850775,-0.0131111925
2022,True,lightgbm,top,manual_weak_top_label,0.5,non_overlapping,126,16,3,0.1875,0.3333333333333333,0.375,-0.041666666666666685,0.3333333333333333,0.6666666666666666,-0.025475313333333333,-0.04434725,0.016869563333333334,-0.061335063333333335,-0.0019850775,-0.02349023583333333
2022,True,lightgbm,top,manual_weak_top_label,0.6,all_signals,126,16,3,0.1875,0.6666666666666666,0.375,0.29166666666666663,0.6666666666666666,0.3333333333333333,-0.00010038333333333332,0.01643443,0.02867370333333333,-0.04577265,-0.0019850775,0.001884694166666667
2022,True,lightgbm,top,manual_weak_top_label,0.6,non_overlapping,126,16,2,0.125,0.5,0.375,0.125,0.5,0.5,-0.00836779,-0.008367789999999998,0.02528668,-0.05013137,-0.0019850775,-0.0063827125
2022,True,lightgbm,top,manual_weak_top_label,0.7,all_signals,126,16,1,0.0625,1.0,0.375,0.625,0.0,1.0,-0.04434725,-0.04434725,0.01115448,-0.0745467,-0.0019850775,-0.042362172499999996
2022,True,lightgbm,top,manual_weak_top_label,0.7,non_overlapping,126,16,1,0.0625,1.0,0.375,0.625,0.0,1.0,-0.04434725,-0.04434725,0.01115448,-0.0745467,-0.0019850775,-0.042362172499999996
2022,True,logistic,bottom,manual_weak_bottom_label,0.3,all_signals,123,22,14,0.6363636363636364,0.21428571428571427,0.22727272727272727,-0.012987012987012991,0.6428571428571429,0.35714285714285715,0.0026241285714285714,0.024158685,0.044856436428571435,-0.06576984285714285,0.0008048104545454545,0.0018193181168831168
2022,True,logistic,bottom,manual_weak_bottom_label,0.3,non_overlapping,123,22,6,0.2727272727272727,0.16666666666666666,0.22727272727272727,-0.06060606060606061,0.6666666666666666,0.3333333333333333,0.017227273333333334,0.038926169999999996,0.04089396666666666,-0.057462023333333334,0.0008048104545454545,0.01642246287878788
2022,True,logistic,bottom,manual_weak_bottom_label,0.4,all_signals,123,22,12,0.5454545454545454,0.25,0.22727272727272727,0.022727272727272735,0.5833333333333334,0.4166666666666667,-0.006682381666666667,0.014786775,0.041067621666666665,-0.07540881666666667,0.0008048104545454545,-0.007487192121212121
2022,True,logistic,bottom,manual_weak_bottom_label,0.4,non_overlapping,123,22,6,0.2727272727272727,0.16666666666666666,0.22727272727272727,-0.06060606060606061,0.6666666666666666,0.3333333333333333,0.017815196666666668,0.030028649999999997,0.044324749999999996,-0.057565211666666664,0.0008048104545454545,0.017010386212121215
2022,True,logistic,bottom,manual_weak_bottom_label,0.5,all_signals,123,22,11,0.5,0.2727272727272727,0.22727272727272727,0.04545454545454544,0.5454545454545454,0.45454545454545453,-0.01006504909090909,0.01078652,0.04085025545454545,-0.07104582909090909,0.0008048104545454545,-0.010869859545454545
2022,True,logistic,bottom,manual_weak_bottom_label,0.5,non_overlapping,123,22,6,0.2727272727272727,0.3333333333333333,0.22727272727272727,0.10606060606060605,0.6666666666666666,0.3333333333333333,0.02560467,0.03842786,0.05386285,-0.03751798,0.0008048104545454545,0.024799859545454547
2022,True,logistic,bottom,manual_weak_bottom_label,0.6,all_signals,123,22,7,0.3181818181818182,0.14285714285714285,0.22727272727272727,-0.08441558441558442,0.42857142857142855,0.5714285714285714,-0.02515364,-0.03599303,0.041361470000000004,-0.07982489571428572,0.0008048104545454545,-0.025958450454545454
2022,True,logistic,bottom,manual_weak_bottom_label,0.6,non_overlapping,123,22,4,0.18181818181818182,0.25,0.22727272727272727,0.022727272727272735,0.75,0.25,0.0294604075,0.05339707,0.06575991,-0.026545325,0.0008048104545454545,0.028655597045454548
2022,True,logistic,bottom,manual_weak_bottom_label,0.7,all_signals,123,22,6,0.2727272727272727,0.16666666666666666,0.22727272727272727,-0.06060606060606061,0.3333333333333333,0.6666666666666666,-0.04449984333333334,-0.057934559999999996,0.03289307,-0.09209959166666666,0.0008048104545454545,-0.04530465378787879
2022,True,logistic,bottom,manual_weak_bottom_label,0.7,non_overlapping,123,22,3,0.13636363636363635,0.3333333333333333,0.22727272727272727,0.10606060606060605,0.6666666666666666,0.3333333333333333,0.008972683333333334,0.02953034,0.05695592333333333,-0.03333486,0.0008048104545454545,0.008167872878787879
2022,True,logistic,top,manual_weak_top_label,0.3,all_signals,126,16,12,0.75,0.4166666666666667,0.375,0.041666666666666685,0.5833333333333334,0.4166666666666667,-0.0006572983333333333,0.00451642,0.031027250000000003,-0.038937845,-0.0019850775,0.0013277791666666669
2022,True,logistic,top,manual_weak_top_label,0.3,non_overlapping,126,16,6,0.375,0.3333333333333333,0.375,-0.041666666666666685,0.5,0.5,-0.007064933333333333,-0.011850025,0.027947040000000003,-0.04329412,-0.0019850775,-0.005079855833333332
2022,True,logistic,top,manual_weak_top_label,0.4,all_signals,126,16,9,0.5625,0.3333333333333333,0.375,-0.041666666666666685,0.6666666666666666,0.3333333333333333,0.0037483077777777773,0.01643443,0.034642306666666664,-0.04104421444444444,-0.0019850775,0.005733385277777777
2022,True,logistic,top,manual_weak_top_label,0.4,non_overlapping,126,16,5,0.3125,0.4,0.375,0.025000000000000022,0.6,0.4,-0.00259138,0.00573265,0.031536431999999996,-0.044271762,-0.0019850775,-0.0006063024999999997
2022,True,logistic,top,manual_weak_top_label,0.5,all_signals,126,16,9,0.5625,0.3333333333333333,0.375,-0.041666666666666685,0.6666666666666666,0.3333333333333333,0.0037483077777777773,0.01643443,0.034642306666666664,-0.04104421444444444,-0.0019850775,0.005733385277777777
2022,True,logistic,top,manual_weak_top_label,0.5,non_overlapping,126,16,5,0.3125,0.4,0.375,0.025000000000000022,0.6,0.4,-0.00259138,0.00573265,0.031536431999999996,-0.044271762,-0.0019850775,-0.0006063024999999997
2022,True,logistic,top,manual_weak_top_label,0.6,all_signals,126,16,8,0.5,0.25,0.375,-0.125,0.625,0.375,0.0021625425,0.016672160000000002,0.03454162625,-0.04154284,-0.0019850775,0.00414762
2022,True,logistic,top,manual_weak_top_label,0.6,non_overlapping,126,16,5,0.3125,0.4,0.375,0.025000000000000022,0.6,0.4,-0.00259138,0.00573265,0.031536431999999996,-0.044271762,-0.0019850775,-0.0006063024999999997
2022,True,logistic,top,manual_weak_top_label,0.7,all_signals,126,16,6,0.375,0.16666666666666666,0.375,-0.20833333333333334,0.6666666666666666,0.3333333333333333,0.014895883333333334,0.031111640000000003,0.04143607666666667,-0.03531463666666667,-0.0019850775,0.016880960833333333
2022,True,logistic,top,manual_weak_top_label,0.7,non_overlapping,126,16,4,0.25,0.25,0.375,-0.125,0.5,0.5,0.00160691,-0.004867819999999998,0.035192,-0.04023179,-0.0019850775,0.0035919875
2022,True,mlp,bottom,manual_weak_bottom_label,0.3,all_signals,123,22,7,0.3181818181818182,0.14285714285714285,0.22727272727272727,-0.08441558441558442,0.42857142857142855,0.5714285714285714,-0.024168724285714285,-0.03599303,0.03556932142857143,-0.09205137142857144,0.0008048104545454545,-0.024973534740259738
2022,True,mlp,bottom,manual_weak_bottom_label,0.3,non_overlapping,123,22,4,0.18181818181818182,0.25,0.22727272727272727,0.022727272727272735,0.25,0.75,-0.0327006775,-0.040097605,0.03591063,-0.09384172,0.0008048104545454545,-0.03350548795454545
2022,True,mlp,bottom,manual_weak_bottom_label,0.4,all_signals,123,22,3,0.13636363636363635,0.3333333333333333,0.22727272727272727,0.10606060606060605,0.3333333333333333,0.6666666666666666,-0.060220093333333335,-0.1278713,0.03185032,-0.11789450333333333,0.0008048104545454545,-0.06102490378787879
2022,True,mlp,bottom,manual_weak_bottom_label,0.4,non_overlapping,123,22,2,0.09090909090909091,0.5,0.22727272727272727,0.2727272727272727,0.5,0.5,-0.02639449,-0.026394490000000007,0.05013211,-0.06958143,0.0008048104545454545,-0.027199300454545453
2022,True,mlp,bottom,manual_weak_bottom_label,0.5,all_signals,123,22,0,0.0,,0.22727272727272727,,,,,,,,0.0008048104545454545,
2022,True,mlp,bottom,manual_weak_bottom_label,0.5,non_overlapping,123,22,0,0.0,,0.22727272727272727,,,,,,,,0.0008048104545454545,
2022,True,mlp,bottom,manual_weak_bottom_label,0.6,all_signals,123,22,0,0.0,,0.22727272727272727,,,,,,,,0.0008048104545454545,
2022,True,mlp,bottom,manual_weak_bottom_label,0.6,non_overlapping,123,22,0,0.0,,0.22727272727272727,,,,,,,,0.0008048104545454545,
2022,True,mlp,bottom,manual_weak_bottom_label,0.7,all_signals,123,22,0,0.0,,0.22727272727272727,,,,,,,,0.0008048104545454545,
2022,True,mlp,bottom,manual_weak_bottom_label,0.7,non_overlapping,123,22,0,0.0,,0.22727272727272727,,,,,,,,0.0008048104545454545,
2022,True,mlp,top,manual_weak_top_label,0.3,all_signals,126,16,13,0.8125,0.23076923076923078,0.375,-0.14423076923076922,0.6153846153846154,0.38461538461538464,0.002294049230769231,0.00573265,0.030561200000000004,-0.037821716153846156,-0.0019850775,0.004279126730769231
2022,True,mlp,top,manual_weak_top_label,0.3,non_overlapping,126,16,6,0.375,0.3333333333333333,0.375,-0.041666666666666685,0.3333333333333333,0.6666666666666666,-0.008749321666666667,-0.02040316,0.030425788333333332,-0.03788525,-0.0019850775,-0.006764244166666667
2022,True,mlp,top,manual_weak_top_label,0.4,all_signals,126,16,11,0.6875,0.18181818181818182,0.375,-0.19318181818181818,0.5454545454545454,0.45454545454545453,-9.902e-05,0.00573265,0.03152585636363636,-0.03899682181818182,-0.0019850775,0.0018860575000000002
2022,True,mlp,top,manual_weak_top_label,0.4,non_overlapping,126,16,6,0.375,0.3333333333333333,0.375,-0.041666666666666685,0.3333333333333333,0.6666666666666666,-0.008749321666666667,-0.02040316,0.030425788333333332,-0.03788525,-0.0019850775,-0.006764244166666667
2022,True,mlp,top,manual_weak_top_label,0.5,all_signals,126,16,8,0.5,0.125,0.375,-0.25,0.75,0.25,0.01050804375,0.025014215,0.03769364625,-0.03600711375,-0.0019850775,0.01249312125
2022,True,mlp,top,manual_weak_top_label,0.5,non_overlapping,126,16,3,0.1875,0.3333333333333333,0.375,-0.041666666666666685,0.6666666666666666,0.3333333333333333,0.00125956,0.00573265,0.03570293333333333,-0.040365356666666664,-0.0019850775,0.0032446375000000005
2022,True,mlp,top,manual_weak_top_label,0.6,all_signals,126,16,3,0.1875,0.0,0.375,-0.375,0.6666666666666666,0.3333333333333333,0.016924963333333334,0.03461161,0.04320450666666667,-0.02879348666666667,-0.0019850775,0.018910040833333336
2022,True,mlp,top,manual_weak_top_label,0.6,non_overlapping,126,16,3,0.1875,0.0,0.375,-0.375,0.6666666666666666,0.3333333333333333,0.016924963333333334,0.03461161,0.04320450666666667,-0.02879348666666667,-0.0019850775,0.018910040833333336
2022,True,mlp,top,manual_weak_top_label,0.7,all_signals,126,16,0,0.0,,0.375,,,,,,,,-0.0019850775,
2022,True,mlp,top,manual_weak_top_label,0.7,non_overlapping,126,16,0,0.0,,0.375,,,,,,,,-0.0019850775,
2022,True,qda,bottom,manual_weak_bottom_label,0.3,all_signals,123,22,22,1.0,0.22727272727272727,0.22727272727272727,0.0,0.5454545454545454,0.45454545454545453,0.0008048104545454545,0.014786775,0.04297147363636364,-0.063933425,0.0008048104545454545,0.0
2022,True,qda,bottom,manual_weak_bottom_label,0.3,non_overlapping,123,22,10,0.45454545454545453,0.1,0.22727272727272727,-0.12727272727272726,0.5,0.5,-0.004932005,-0.0038743500000000004,0.03590008,-0.06822118099999999,0.0008048104545454545,-0.005736815454545454
2022,True,qda,bottom,manual_weak_bottom_label,0.4,all_signals,123,22,22,1.0,0.22727272727272727,0.22727272727272727,0.0,0.5454545454545454,0.45454545454545453,0.0008048104545454545,0.014786775,0.04297147363636364,-0.063933425,0.0008048104545454545,0.0
2022,True,qda,bottom,manual_weak_bottom_label,0.4,non_overlapping,123,22,10,0.45454545454545453,0.1,0.22727272727272727,-0.12727272727272726,0.5,0.5,-0.004932005,-0.0038743500000000004,0.03590008,-0.06822118099999999,0.0008048104545454545,-0.005736815454545454
2022,True,qda,bottom,manual_weak_bottom_label,0.5,all_signals,123,22,22,1.0,0.22727272727272727,0.22727272727272727,0.0,0.5454545454545454,0.45454545454545453,0.0008048104545454545,0.014786775,0.04297147363636364,-0.063933425,0.0008048104545454545,0.0
2022,True,qda,bottom,manual_weak_bottom_label,0.5,non_overlapping,123,22,10,0.45454545454545453,0.1,0.22727272727272727,-0.12727272727272726,0.5,0.5,-0.004932005,-0.0038743500000000004,0.03590008,-0.06822118099999999,0.0008048104545454545,-0.005736815454545454
2022,True,qda,bottom,manual_weak_bottom_label,0.6,all_signals,123,22,22,1.0,0.22727272727272727,0.22727272727272727,0.0,0.5454545454545454,0.45454545454545453,0.0008048104545454545,0.014786775,0.04297147363636364,-0.063933425,0.0008048104545454545,0.0
2022,True,qda,bottom,manual_weak_bottom_label,0.6,non_overlapping,123,22,10,0.45454545454545453,0.1,0.22727272727272727,-0.12727272727272726,0.5,0.5,-0.004932005,-0.0038743500000000004,0.03590008,-0.06822118099999999,0.0008048104545454545,-0.005736815454545454
2022,True,qda,bottom,manual_weak_bottom_label,0.7,all_signals,123,22,22,1.0,0.22727272727272727,0.22727272727272727,0.0,0.5454545454545454,0.45454545454545453,0.0008048104545454545,0.014786775,0.04297147363636364,-0.063933425,0.0008048104545454545,0.0
2022,True,qda,bottom,manual_weak_bottom_label,0.7,non_overlapping,123,22,10,0.45454545454545453,0.1,0.22727272727272727,-0.12727272727272726,0.5,0.5,-0.004932005,-0.0038743500000000004,0.03590008,-0.06822118099999999,0.0008048104545454545,-0.005736815454545454
2022,True,qda,top,manual_weak_top_label,0.3,all_signals,126,16,16,1.0,0.375,0.375,0.0,0.5625,0.4375,-0.0019850775,0.00451642,0.0307305025,-0.0390637625,-0.0019850775,0.0
2022,True,qda,top,manual_weak_top_label,0.3,non_overlapping,126,16,6,0.375,0.3333333333333333,0.375,-0.041666666666666685,0.3333333333333333,0.6666666666666666,-0.003939753333333333,-0.01343173,0.03514235166666667,-0.029202311666666664,-0.0019850775,-0.001954675833333333
2022,True,qda,top,manual_weak_top_label,0.4,all_signals,126,16,16,1.0,0.375,0.375,0.0,0.5625,0.4375,-0.0019850775,0.00451642,0.0307305025,-0.0390637625,-0.0019850775,0.0
2022,True,qda,top,manual_weak_top_label,0.4,non_overlapping,126,16,6,0.375,0.3333333333333333,0.375,-0.041666666666666685,0.3333333333333333,0.6666666666666666,-0.003939753333333333,-0.01343173,0.03514235166666667,-0.029202311666666664,-0.0019850775,-0.001954675833333333
2022,True,qda,top,manual_weak_top_label,0.5,all_signals,126,16,16,1.0,0.375,0.375,0.0,0.5625,0.4375,-0.0019850775,0.00451642,0.0307305025,-0.0390637625,-0.0019850775,0.0
2022,True,qda,top,manual_weak_top_label,0.5,non_overlapping,126,16,6,0.375,0.3333333333333333,0.375,-0.041666666666666685,0.3333333333333333,0.6666666666666666,-0.003939753333333333,-0.01343173,0.03514235166666667,-0.029202311666666664,-0.0019850775,-0.001954675833333333
2022,True,qda,top,manual_weak_top_label,0.6,all_signals,126,16,16,1.0,0.375,0.375,0.0,0.5625,0.4375,-0.0019850775,0.00451642,0.0307305025,-0.0390637625,-0.0019850775,0.0
2022,True,qda,top,manual_weak_top_label,0.6,non_overlapping,126,16,6,0.375,0.3333333333333333,0.375,-0.041666666666666685,0.3333333333333333,0.6666666666666666,-0.003939753333333333,-0.01343173,0.03514235166666667,-0.029202311666666664,-0.0019850775,-0.001954675833333333
2022,True,qda,top,manual_weak_top_label,0.7,all_signals,126,16,15,0.9375,0.3333333333333333,0.375,-0.041666666666666685,0.6,0.4,0.003069758,0.00573265,0.03226311666666667,-0.036083656,-0.0019850775,0.0050548355
2022,True,qda,top,manual_weak_top_label,0.7,non_overlapping,126,16,6,0.375,0.16666666666666666,0.375,-0.20833333333333334,0.3333333333333333,0.6666666666666666,-0.0009202116666666666,-0.01343173,0.033858025,-0.029198493333333336,-0.0019850775,0.0010648658333333337
2022,True,svm,bottom,manual_weak_bottom_label,0.3,all_signals,123,22,5,0.22727272727272727,0.2,0.22727272727272727,-0.027272727272727254,0.8,0.2,0.04457443,0.06114746,0.07007693000000001,-0.026236727999999997,0.0008048104545454545,0.043769619545454545
2022,True,svm,bottom,manual_weak_bottom_label,0.3,non_overlapping,123,22,3,0.13636363636363635,0.3333333333333333,0.22727272727272727,0.10606060606060605,1.0,0.0,0.06590590666666667,0.0772638,0.08548353333333332,-0.006536473333333333,0.0008048104545454545,0.0651010962121212
2022,True,svm,bottom,manual_weak_bottom_label,0.4,all_signals,123,22,2,0.09090909090909091,0.0,0.22727272727272727,-0.22727272727272727,0.5,0.5,-0.003231345,-0.003231345000000002,0.04760921,-0.05617108,0.0008048104545454545,-0.004036155454545455
2022,True,svm,bottom,manual_weak_bottom_label,0.4,non_overlapping,123,22,1,0.045454545454545456,0.0,0.22727272727272727,-0.22727272727272727,1.0,0.0,0.02953034,0.02953034,0.06359148,-0.01031441,0.0008048104545454545,0.028725529545454546
2022,True,svm,bottom,manual_weak_bottom_label,0.5,all_signals,123,22,1,0.045454545454545456,0.0,0.22727272727272727,-0.22727272727272727,1.0,0.0,0.02953034,0.02953034,0.06359148,-0.01031441,0.0008048104545454545,0.028725529545454546
2022,True,svm,bottom,manual_weak_bottom_label,0.5,non_overlapping,123,22,1,0.045454545454545456,0.0,0.22727272727272727,-0.22727272727272727,1.0,0.0,0.02953034,0.02953034,0.06359148,-0.01031441,0.0008048104545454545,0.028725529545454546
2022,True,svm,bottom,manual_weak_bottom_label,0.6,all_signals,123,22,0,0.0,,0.22727272727272727,,,,,,,,0.0008048104545454545,
2022,True,svm,bottom,manual_weak_bottom_label,0.6,non_overlapping,123,22,0,0.0,,0.22727272727272727,,,,,,,,0.0008048104545454545,
2022,True,svm,bottom,manual_weak_bottom_label,0.7,all_signals,123,22,0,0.0,,0.22727272727272727,,,,,,,,0.0008048104545454545,
2022,True,svm,bottom,manual_weak_bottom_label,0.7,non_overlapping,123,22,0,0.0,,0.22727272727272727,,,,,,,,0.0008048104545454545,
2022,True,svm,top,manual_weak_top_label,0.3,all_signals,126,16,14,0.875,0.35714285714285715,0.375,-0.01785714285714285,0.5714285714285714,0.42857142857142855,-0.00018563785714285715,0.00451642,0.03031406,-0.03805456285714286,-0.0019850775,0.001799439642857143
2022,True,svm,top,manual_weak_top_label,0.3,non_overlapping,126,16,6,0.375,0.3333333333333333,0.375,-0.041666666666666685,0.3333333333333333,0.6666666666666666,-0.003939753333333333,-0.01343173,0.03514235166666667,-0.029202311666666664,-0.0019850775,-0.001954675833333333
2022,True,svm,top,manual_weak_top_label,0.4,all_signals,126,16,6,0.375,0.3333333333333333,0.375,-0.041666666666666685,0.5,0.5,-0.018981548333333334,-0.0193073,0.02141853,-0.051076155000000005,-0.0019850775,-0.016996470833333333
2022,True,svm,top,manual_weak_top_label,0.4,non_overlapping,126,16,4,0.25,0.5,0.375,0.125,0.5,0.5,-0.022202635,-0.0193073,0.0195724775,-0.05517941,-0.0019850775,-0.020217557499999997
2022,True,svm,top,manual_weak_top_label,0.5,all_signals,126,16,2,0.125,0.5,0.375,0.125,0.0,1.0,-0.068748985,-0.068748985,0.00388831,-0.083753905,-0.0019850775,-0.0667639075
2022,True,svm,top,manual_weak_top_label,0.5,non_overlapping,126,16,1,0.0625,1.0,0.375,0.625,0.0,1.0,-0.07780761,-0.07780761,0.00774129,-0.08376536,-0.0019850775,-0.0758225325
2022,True,svm,top,manual_weak_top_label,0.6,all_signals,126,16,1,0.0625,0.0,0.375,-0.375,0.0,1.0,-0.05969036,-0.05969036,3.533e-05,-0.08374245,-0.0019850775,-0.057705282499999996
2022,True,svm,top,manual_weak_top_label,0.6,non_overlapping,126,16,1,0.0625,0.0,0.375,-0.375,0.0,1.0,-0.05969036,-0.05969036,3.533e-05,-0.08374245,-0.0019850775,-0.057705282499999996
2022,True,svm,top,manual_weak_top_label,0.7,all_signals,126,16,0,0.0,,0.375,,,,,,,,-0.0019850775,
2022,True,svm,top,manual_weak_top_label,0.7,non_overlapping,126,16,0,0.0,,0.375,,,,,,,,-0.0019850775,
2023,True,bp,bottom,manual_weak_bottom_label,0.3,all_signals,144,17,0,0.0,,0.0,,,,,,,,-0.0002588494117647059,
2023,True,bp,bottom,manual_weak_bottom_label,0.3,non_overlapping,144,17,0,0.0,,0.0,,,,,,,,-0.0002588494117647059,
2023,True,bp,bottom,manual_weak_bottom_label,0.4,all_signals,144,17,0,0.0,,0.0,,,,,,,,-0.0002588494117647059,
2023,True,bp,bottom,manual_weak_bottom_label,0.4,non_overlapping,144,17,0,0.0,,0.0,,,,,,,,-0.0002588494117647059,
2023,True,bp,bottom,manual_weak_bottom_label,0.5,all_signals,144,17,0,0.0,,0.0,,,,,,,,-0.0002588494117647059,
2023,True,bp,bottom,manual_weak_bottom_label,0.5,non_overlapping,144,17,0,0.0,,0.0,,,,,,,,-0.0002588494117647059,
2023,True,bp,bottom,manual_weak_bottom_label,0.6,all_signals,144,17,0,0.0,,0.0,,,,,,,,-0.0002588494117647059,
2023,True,bp,bottom,manual_weak_bottom_label,0.6,non_overlapping,144,17,0,0.0,,0.0,,,,,,,,-0.0002588494117647059,
2023,True,bp,bottom,manual_weak_bottom_label,0.7,all_signals,144,17,0,0.0,,0.0,,,,,,,,-0.0002588494117647059,
2023,True,bp,bottom,manual_weak_bottom_label,0.7,non_overlapping,144,17,0,0.0,,0.0,,,,,,,,-0.0002588494117647059,
2023,True,bp,top,manual_weak_top_label,0.3,all_signals,143,6,5,0.8333333333333334,0.8,0.6666666666666666,0.13333333333333341,0.0,1.0,-0.02020785,-0.01434972,0.011516024,-0.037372936,-0.016364596666666665,-0.0038432533333333345
2023,True,bp,top,manual_weak_top_label,0.3,non_overlapping,143,6,3,0.5,0.6666666666666666,0.6666666666666666,0.0,0.0,1.0,-0.02026515,-0.01434972,0.008128046666666666,-0.04590757333333333,-0.016364596666666665,-0.003900553333333334
2023,True,bp,top,manual_weak_top_label,0.4,all_signals,143,6,4,0.6666666666666666,0.75,0.6666666666666666,0.08333333333333337,0.0,1.0,-0.01391557,-0.012288674999999999,0.01404535,-0.0280584525,-0.016364596666666665,0.0024490266666666646
2023,True,bp,top,manual_weak_top_label,0.4,non_overlapping,143,6,2,0.3333333333333333,0.5,0.6666666666666666,-0.16666666666666663,0.0,1.0,-0.00770924,-0.00770924,0.01149271,-0.031545925,-0.016364596666666665,0.008655356666666666
2023,True,bp,top,manual_weak_top_label,0.5,all_signals,143,6,4,0.6666666666666666,0.75,0.6666666666666666,0.08333333333333337,0.0,1.0,-0.01391557,-0.012288674999999999,0.01404535,-0.0280584525,-0.016364596666666665,0.0024490266666666646
2023,True,bp,top,manual_weak_top_label,0.5,non_overlapping,143,6,2,0.3333333333333333,0.5,0.6666666666666666,-0.16666666666666663,0.0,1.0,-0.00770924,-0.00770924,0.01149271,-0.031545925,-0.016364596666666665,0.008655356666666666
2023,True,bp,top,manual_weak_top_label,0.6,all_signals,143,6,4,0.6666666666666666,0.75,0.6666666666666666,0.08333333333333337,0.0,1.0,-0.01391557,-0.012288674999999999,0.01404535,-0.0280584525,-0.016364596666666665,0.0024490266666666646
2023,True,bp,top,manual_weak_top_label,0.6,non_overlapping,143,6,2,0.3333333333333333,0.5,0.6666666666666666,-0.16666666666666663,0.0,1.0,-0.00770924,-0.00770924,0.01149271,-0.031545925,-0.016364596666666665,0.008655356666666666
2023,True,bp,top,manual_weak_top_label,0.7,all_signals,143,6,2,0.3333333333333333,0.5,0.6666666666666666,-0.16666666666666663,0.0,1.0,-0.015542465,-0.015542464999999998,0.014346415,-0.02995099,-0.016364596666666665,0.0008221316666666648
2023,True,bp,top,manual_weak_top_label,0.7,non_overlapping,143,6,1,0.16666666666666666,0.0,0.6666666666666666,-0.6666666666666666,0.0,1.0,-0.00106876,-0.00106876,0.01770839,-0.02143549,-0.016364596666666665,0.015295836666666665
2023,True,lda,bottom,manual_weak_bottom_label,0.3,all_signals,144,17,0,0.0,,0.0,,,,,,,,-0.0002588494117647059,
2023,True,lda,bottom,manual_weak_bottom_label,0.3,non_overlapping,144,17,0,0.0,,0.0,,,,,,,,-0.0002588494117647059,
2023,True,lda,bottom,manual_weak_bottom_label,0.4,all_signals,144,17,0,0.0,,0.0,,,,,,,,-0.0002588494117647059,
2023,True,lda,bottom,manual_weak_bottom_label,0.4,non_overlapping,144,17,0,0.0,,0.0,,,,,,,,-0.0002588494117647059,
2023,True,lda,bottom,manual_weak_bottom_label,0.5,all_signals,144,17,0,0.0,,0.0,,,,,,,,-0.0002588494117647059,
2023,True,lda,bottom,manual_weak_bottom_label,0.5,non_overlapping,144,17,0,0.0,,0.0,,,,,,,,-0.0002588494117647059,
2023,True,lda,bottom,manual_weak_bottom_label,0.6,all_signals,144,17,0,0.0,,0.0,,,,,,,,-0.0002588494117647059,
2023,True,lda,bottom,manual_weak_bottom_label,0.6,non_overlapping,144,17,0,0.0,,0.0,,,,,,,,-0.0002588494117647059,
2023,True,lda,bottom,manual_weak_bottom_label,0.7,all_signals,144,17,0,0.0,,0.0,,,,,,,,-0.0002588494117647059,
2023,True,lda,bottom,manual_weak_bottom_label,0.7,non_overlapping,144,17,0,0.0,,0.0,,,,,,,,-0.0002588494117647059,
2023,True,lda,top,manual_weak_top_label,0.3,all_signals,143,6,6,1.0,0.6666666666666666,0.6666666666666666,0.0,0.16666666666666666,0.8333333333333334,-0.016364596666666665,-0.012288674999999999,0.013780563333333334,-0.03353162,-0.016364596666666665,0.0
2023,True,lda,top,manual_weak_top_label,0.3,non_overlapping,143,6,3,0.5,0.6666666666666666,0.6666666666666666,0.0,0.3333333333333333,0.6666666666666666,-0.02418049,-0.03001617,0.012495473333333333,-0.04247413333333333,-0.016364596666666665,-0.007815893333333334
2023,True,lda,top,manual_weak_top_label,0.4,all_signals,143,6,6,1.0,0.6666666666666666,0.6666666666666666,0.0,0.16666666666666666,0.8333333333333334,-0.016364596666666665,-0.012288674999999999,0.013780563333333334,-0.03353162,-0.016364596666666665,0.0
2023,True,lda,top,manual_weak_top_label,0.4,non_overlapping,143,6,3,0.5,0.6666666666666666,0.6666666666666666,0.0,0.3333333333333333,0.6666666666666666,-0.02418049,-0.03001617,0.012495473333333333,-0.04247413333333333,-0.016364596666666665,-0.007815893333333334
2023,True,lda,top,manual_weak_top_label,0.5,all_signals,143,6,6,1.0,0.6666666666666666,0.6666666666666666,0.0,0.16666666666666666,0.8333333333333334,-0.016364596666666665,-0.012288674999999999,0.013780563333333334,-0.03353162,-0.016364596666666665,0.0
2023,True,lda,top,manual_weak_top_label,0.5,non_overlapping,143,6,3,0.5,0.6666666666666666,0.6666666666666666,0.0,0.3333333333333333,0.6666666666666666,-0.02418049,-0.03001617,0.012495473333333333,-0.04247413333333333,-0.016364596666666665,-0.007815893333333334
2023,True,lda,top,manual_weak_top_label,0.6,all_signals,143,6,6,1.0,0.6666666666666666,0.6666666666666666,0.0,0.16666666666666666,0.8333333333333334,-0.016364596666666665,-0.012288674999999999,0.013780563333333334,-0.03353162,-0.016364596666666665,0.0
2023,True,lda,top,manual_weak_top_label,0.6,non_overlapping,143,6,3,0.5,0.6666666666666666,0.6666666666666666,0.0,0.3333333333333333,0.6666666666666666,-0.02418049,-0.03001617,0.012495473333333333,-0.04247413333333333,-0.016364596666666665,-0.007815893333333334
2023,True,lda,top,manual_weak_top_label,0.7,all_signals,143,6,6,1.0,0.6666666666666666,0.6666666666666666,0.0,0.16666666666666666,0.8333333333333334,-0.016364596666666665,-0.012288674999999999,0.013780563333333334,-0.03353162,-0.016364596666666665,0.0
2023,True,lda,top,manual_weak_top_label,0.7,non_overlapping,143,6,3,0.5,0.6666666666666666,0.6666666666666666,0.0,0.3333333333333333,0.6666666666666666,-0.02418049,-0.03001617,0.012495473333333333,-0.04247413333333333,-0.016364596666666665,-0.007815893333333334
2023,True,lightgbm,bottom,manual_weak_bottom_label,0.3,all_signals,144,17,0,0.0,,0.0,,,,,,,,-0.0002588494117647059,
2023,True,lightgbm,bottom,manual_weak_bottom_label,0.3,non_overlapping,144,17,0,0.0,,0.0,,,,,,,,-0.0002588494117647059,
2023,True,lightgbm,bottom,manual_weak_bottom_label,0.4,all_signals,144,17,0,0.0,,0.0,,,,,,,,-0.0002588494117647059,
2023,True,lightgbm,bottom,manual_weak_bottom_label,0.4,non_overlapping,144,17,0,0.0,,0.0,,,,,,,,-0.0002588494117647059,
2023,True,lightgbm,bottom,manual_weak_bottom_label,0.5,all_signals,144,17,0,0.0,,0.0,,,,,,,,-0.0002588494117647059,
2023,True,lightgbm,bottom,manual_weak_bottom_label,0.5,non_overlapping,144,17,0,0.0,,0.0,,,,,,,,-0.0002588494117647059,
2023,True,lightgbm,bottom,manual_weak_bottom_label,0.6,all_signals,144,17,0,0.0,,0.0,,,,,,,,-0.0002588494117647059,
2023,True,lightgbm,bottom,manual_weak_bottom_label,0.6,non_overlapping,144,17,0,0.0,,0.0,,,,,,,,-0.0002588494117647059,
2023,True,lightgbm,bottom,manual_weak_bottom_label,0.7,all_signals,144,17,0,0.0,,0.0,,,,,,,,-0.0002588494117647059,
2023,True,lightgbm,bottom,manual_weak_bottom_label,0.7,non_overlapping,144,17,0,0.0,,0.0,,,,,,,,-0.0002588494117647059,
2023,True,lightgbm,top,manual_weak_top_label,0.3,all_signals,143,6,3,0.5,1.0,0.6666666666666666,0.33333333333333337,0.0,1.0,-0.01819784,-0.01434972,0.012824336666666667,-0.030266106666666667,-0.016364596666666665,-0.001833243333333335
2023,True,lightgbm,top,manual_weak_top_label,0.3,non_overlapping,143,6,1,0.16666666666666666,1.0,0.6666666666666666,0.33333333333333337,0.0,1.0,-0.01022763,-0.01022763,0.02221154,-0.01067547,-0.016364596666666665,0.006136966666666665
2023,True,lightgbm,top,manual_weak_top_label,0.4,all_signals,143,6,2,0.3333333333333333,1.0,0.6666666666666666,0.33333333333333337,0.0,1.0,-0.022182945,-0.022182945,0.008130735,-0.040061425,-0.016364596666666665,-0.005818348333333334
2023,True,lightgbm,top,manual_weak_top_label,0.4,non_overlapping,143,6,1,0.16666666666666666,1.0,0.6666666666666666,0.33333333333333337,0.0,1.0,-0.03001617,-0.03001617,0.01098444,-0.03846649,-0.016364596666666665,-0.013651573333333333
2023,True,lightgbm,top,manual_weak_top_label,0.5,all_signals,143,6,2,0.3333333333333333,1.0,0.6666666666666666,0.33333333333333337,0.0,1.0,-0.022182945,-0.022182945,0.008130735,-0.040061425,-0.016364596666666665,-0.005818348333333334
2023,True,lightgbm,top,manual_weak_top_label,0.5,non_overlapping,143,6,1,0.16666666666666666,1.0,0.6666666666666666,0.33333333333333337,0.0,1.0,-0.03001617,-0.03001617,0.01098444,-0.03846649,-0.016364596666666665,-0.013651573333333333
2023,True,lightgbm,top,manual_weak_top_label,0.6,all_signals,143,6,2,0.3333333333333333,1.0,0.6666666666666666,0.33333333333333337,0.0,1.0,-0.022182945,-0.022182945,0.008130735,-0.040061425,-0.016364596666666665,-0.005818348333333334
2023,True,lightgbm,top,manual_weak_top_label,0.6,non_overlapping,143,6,1,0.16666666666666666,1.0,0.6666666666666666,0.33333333333333337,0.0,1.0,-0.03001617,-0.03001617,0.01098444,-0.03846649,-0.016364596666666665,-0.013651573333333333
2023,True,lightgbm,top,manual_weak_top_label,0.7,all_signals,143,6,2,0.3333333333333333,1.0,0.6666666666666666,0.33333333333333337,0.0,1.0,-0.022182945,-0.022182945,0.008130735,-0.040061425,-0.016364596666666665,-0.005818348333333334
2023,True,lightgbm,top,manual_weak_top_label,0.7,non_overlapping,143,6,1,0.16666666666666666,1.0,0.6666666666666666,0.33333333333333337,0.0,1.0,-0.03001617,-0.03001617,0.01098444,-0.03846649,-0.016364596666666665,-0.013651573333333333
2023,True,logistic,bottom,manual_weak_bottom_label,0.3,all_signals,144,17,0,0.0,,0.0,,,,,,,,-0.0002588494117647059,
2023,True,logistic,bottom,manual_weak_bottom_label,0.3,non_overlapping,144,17,0,0.0,,0.0,,,,,,,,-0.0002588494117647059,
2023,True,logistic,bottom,manual_weak_bottom_label,0.4,all_signals,144,17,0,0.0,,0.0,,,,,,,,-0.0002588494117647059,
2023,True,logistic,bottom,manual_weak_bottom_label,0.4,non_overlapping,144,17,0,0.0,,0.0,,,,,,,,-0.0002588494117647059,
2023,True,logistic,bottom,manual_weak_bottom_label,0.5,all_signals,144,17,0,0.0,,0.0,,,,,,,,-0.0002588494117647059,
2023,True,logistic,bottom,manual_weak_bottom_label,0.5,non_overlapping,144,17,0,0.0,,0.0,,,,,,,,-0.0002588494117647059,
2023,True,logistic,bottom,manual_weak_bottom_label,0.6,all_signals,144,17,0,0.0,,0.0,,,,,,,,-0.0002588494117647059,
2023,True,logistic,bottom,manual_weak_bottom_label,0.6,non_overlapping,144,17,0,0.0,,0.0,,,,,,,,-0.0002588494117647059,
2023,True,logistic,bottom,manual_weak_bottom_label,0.7,all_signals,144,17,0,0.0,,0.0,,,,,,,,-0.0002588494117647059,
2023,True,logistic,bottom,manual_weak_bottom_label,0.7,non_overlapping,144,17,0,0.0,,0.0,,,,,,,,-0.0002588494117647059,
2023,True,logistic,top,manual_weak_top_label,0.3,all_signals,143,6,6,1.0,0.6666666666666666,0.6666666666666666,0.0,0.16666666666666666,0.8333333333333334,-0.016364596666666665,-0.012288674999999999,0.013780563333333334,-0.03353162,-0.016364596666666665,0.0
2023,True,logistic,top,manual_weak_top_label,0.3,non_overlapping,143,6,3,0.5,0.6666666666666666,0.6666666666666666,0.0,0.3333333333333333,0.6666666666666666,-0.02418049,-0.03001617,0.012495473333333333,-0.04247413333333333,-0.016364596666666665,-0.007815893333333334
2023,True,logistic,top,manual_weak_top_label,0.4,all_signals,143,6,5,0.8333333333333334,0.6,0.6666666666666666,-0.06666666666666665,0.2,0.8,-0.010562122,-0.01022763,0.016256931999999998,-0.02531177,-0.016364596666666665,0.005802474666666665
2023,True,logistic,top,manual_weak_top_label,0.4,non_overlapping,143,6,2,0.3333333333333333,0.5,0.6666666666666666,-0.16666666666666663,0.5,0.5,-0.01358225,-0.013582249999999999,0.01804385,-0.026395765,-0.016364596666666665,0.0027823466666666644
2023,True,logistic,top,manual_weak_top_label,0.5,all_signals,143,6,5,0.8333333333333334,0.6,0.6666666666666666,-0.06666666666666665,0.2,0.8,-0.010562122,-0.01022763,0.016256931999999998,-0.02531177,-0.016364596666666665,0.005802474666666665
2023,True,logistic,top,manual_weak_top_label,0.5,non_overlapping,143,6,2,0.3333333333333333,0.5,0.6666666666666666,-0.16666666666666663,0.5,0.5,-0.01358225,-0.013582249999999999,0.01804385,-0.026395765,-0.016364596666666665,0.0027823466666666644
2023,True,logistic,top,manual_weak_top_label,0.6,all_signals,143,6,5,0.8333333333333334,0.6,0.6666666666666666,-0.06666666666666665,0.2,0.8,-0.010562122,-0.01022763,0.016256931999999998,-0.02531177,-0.016364596666666665,0.005802474666666665
2023,True,logistic,top,manual_weak_top_label,0.6,non_overlapping,143,6,2,0.3333333333333333,0.5,0.6666666666666666,-0.16666666666666663,0.5,0.5,-0.01358225,-0.013582249999999999,0.01804385,-0.026395765,-0.016364596666666665,0.0027823466666666644
2023,True,logistic,top,manual_weak_top_label,0.7,all_signals,143,6,4,0.6666666666666666,0.75,0.6666666666666666,0.08333333333333337,0.0,1.0,-0.01391557,-0.012288674999999999,0.01404535,-0.0280584525,-0.016364596666666665,0.0024490266666666646
2023,True,logistic,top,manual_weak_top_label,0.7,non_overlapping,143,6,2,0.3333333333333333,0.5,0.6666666666666666,-0.16666666666666663,0.0,1.0,-0.00770924,-0.00770924,0.01149271,-0.031545925,-0.016364596666666665,0.008655356666666666
2023,True,mlp,bottom,manual_weak_bottom_label,0.3,all_signals,144,17,0,0.0,,0.0,,,,,,,,-0.0002588494117647059,
2023,True,mlp,bottom,manual_weak_bottom_label,0.3,non_overlapping,144,17,0,0.0,,0.0,,,,,,,,-0.0002588494117647059,
2023,True,mlp,bottom,manual_weak_bottom_label,0.4,all_signals,144,17,0,0.0,,0.0,,,,,,,,-0.0002588494117647059,
2023,True,mlp,bottom,manual_weak_bottom_label,0.4,non_overlapping,144,17,0,0.0,,0.0,,,,,,,,-0.0002588494117647059,
2023,True,mlp,bottom,manual_weak_bottom_label,0.5,all_signals,144,17,0,0.0,,0.0,,,,,,,,-0.0002588494117647059,
2023,True,mlp,bottom,manual_weak_bottom_label,0.5,non_overlapping,144,17,0,0.0,,0.0,,,,,,,,-0.0002588494117647059,
2023,True,mlp,bottom,manual_weak_bottom_label,0.6,all_signals,144,17,0,0.0,,0.0,,,,,,,,-0.0002588494117647059,
2023,True,mlp,bottom,manual_weak_bottom_label,0.6,non_overlapping,144,17,0,0.0,,0.0,,,,,,,,-0.0002588494117647059,
2023,True,mlp,bottom,manual_weak_bottom_label,0.7,all_signals,144,17,0,0.0,,0.0,,,,,,,,-0.0002588494117647059,
2023,True,mlp,bottom,manual_weak_bottom_label,0.7,non_overlapping,144,17,0,0.0,,0.0,,,,,,,,-0.0002588494117647059,
2023,True,mlp,top,manual_weak_top_label,0.3,all_signals,143,6,6,1.0,0.6666666666666666,0.6666666666666666,0.0,0.16666666666666666,0.8333333333333334,-0.016364596666666665,-0.012288674999999999,0.013780563333333334,-0.03353162,-0.016364596666666665,0.0
2023,True,mlp,top,manual_weak_top_label,0.3,non_overlapping,143,6,3,0.5,0.6666666666666666,0.6666666666666666,0.0,0.3333333333333333,0.6666666666666666,-0.02418049,-0.03001617,0.012495473333333333,-0.04247413333333333,-0.016364596666666665,-0.007815893333333334
2023,True,mlp,top,manual_weak_top_label,0.4,all_signals,143,6,6,1.0,0.6666666666666666,0.6666666666666666,0.0,0.16666666666666666,0.8333333333333334,-0.016364596666666665,-0.012288674999999999,0.013780563333333334,-0.03353162,-0.016364596666666665,0.0
2023,True,mlp,top,manual_weak_top_label,0.4,non_overlapping,143,6,3,0.5,0.6666666666666666,0.6666666666666666,0.0,0.3333333333333333,0.6666666666666666,-0.02418049,-0.03001617,0.012495473333333333,-0.04247413333333333,-0.016364596666666665,-0.007815893333333334
2023,True,mlp,top,manual_weak_top_label,0.5,all_signals,143,6,6,1.0,0.6666666666666666,0.6666666666666666,0.0,0.16666666666666666,0.8333333333333334,-0.016364596666666665,-0.012288674999999999,0.013780563333333334,-0.03353162,-0.016364596666666665,0.0
2023,True,mlp,top,manual_weak_top_label,0.5,non_overlapping,143,6,3,0.5,0.6666666666666666,0.6666666666666666,0.0,0.3333333333333333,0.6666666666666666,-0.02418049,-0.03001617,0.012495473333333333,-0.04247413333333333,-0.016364596666666665,-0.007815893333333334
2023,True,mlp,top,manual_weak_top_label,0.6,all_signals,143,6,6,1.0,0.6666666666666666,0.6666666666666666,0.0,0.16666666666666666,0.8333333333333334,-0.016364596666666665,-0.012288674999999999,0.013780563333333334,-0.03353162,-0.016364596666666665,0.0
2023,True,mlp,top,manual_weak_top_label,0.6,non_overlapping,143,6,3,0.5,0.6666666666666666,0.6666666666666666,0.0,0.3333333333333333,0.6666666666666666,-0.02418049,-0.03001617,0.012495473333333333,-0.04247413333333333,-0.016364596666666665,-0.007815893333333334
2023,True,mlp,top,manual_weak_top_label,0.7,all_signals,143,6,6,1.0,0.6666666666666666,0.6666666666666666,0.0,0.16666666666666666,0.8333333333333334,-0.016364596666666665,-0.012288674999999999,0.013780563333333334,-0.03353162,-0.016364596666666665,0.0
2023,True,mlp,top,manual_weak_top_label,0.7,non_overlapping,143,6,3,0.5,0.6666666666666666,0.6666666666666666,0.0,0.3333333333333333,0.6666666666666666,-0.02418049,-0.03001617,0.012495473333333333,-0.04247413333333333,-0.016364596666666665,-0.007815893333333334
2023,True,qda,bottom,manual_weak_bottom_label,0.3,all_signals,144,17,17,1.0,0.0,0.0,0.0,0.4117647058823529,0.5882352941176471,-0.0002588494117647059,-0.00385793,0.023011038823529412,-0.03163664647058823,-0.0002588494117647059,0.0
2023,True,qda,bottom,manual_weak_bottom_label,0.3,non_overlapping,144,17,8,0.47058823529411764,0.0,0.0,0.0,0.25,0.75,-0.0090813325,-0.01343542,0.022303585,-0.03629726375,-0.0002588494117647059,-0.008822483088235295
2023,True,qda,bottom,manual_weak_bottom_label,0.4,all_signals,144,17,17,1.0,0.0,0.0,0.0,0.4117647058823529,0.5882352941176471,-0.0002588494117647059,-0.00385793,0.023011038823529412,-0.03163664647058823,-0.0002588494117647059,0.0
2023,True,qda,bottom,manual_weak_bottom_label,0.4,non_overlapping,144,17,8,0.47058823529411764,0.0,0.0,0.0,0.25,0.75,-0.0090813325,-0.01343542,0.022303585,-0.03629726375,-0.0002588494117647059,-0.008822483088235295
2023,True,qda,bottom,manual_weak_bottom_label,0.5,all_signals,144,17,17,1.0,0.0,0.0,0.0,0.4117647058823529,0.5882352941176471,-0.0002588494117647059,-0.00385793,0.023011038823529412,-0.03163664647058823,-0.0002588494117647059,0.0
2023,True,qda,bottom,manual_weak_bottom_label,0.5,non_overlapping,144,17,8,0.47058823529411764,0.0,0.0,0.0,0.25,0.75,-0.0090813325,-0.01343542,0.022303585,-0.03629726375,-0.0002588494117647059,-0.008822483088235295
2023,True,qda,bottom,manual_weak_bottom_label,0.6,all_signals,144,17,17,1.0,0.0,0.0,0.0,0.4117647058823529,0.5882352941176471,-0.0002588494117647059,-0.00385793,0.023011038823529412,-0.03163664647058823,-0.0002588494117647059,0.0
2023,True,qda,bottom,manual_weak_bottom_label,0.6,non_overlapping,144,17,8,0.47058823529411764,0.0,0.0,0.0,0.25,0.75,-0.0090813325,-0.01343542,0.022303585,-0.03629726375,-0.0002588494117647059,-0.008822483088235295
2023,True,qda,bottom,manual_weak_bottom_label,0.7,all_signals,144,17,17,1.0,0.0,0.0,0.0,0.4117647058823529,0.5882352941176471,-0.0002588494117647059,-0.00385793,0.023011038823529412,-0.03163664647058823,-0.0002588494117647059,0.0
2023,True,qda,bottom,manual_weak_bottom_label,0.7,non_overlapping,144,17,8,0.47058823529411764,0.0,0.0,0.0,0.25,0.75,-0.0090813325,-0.01343542,0.022303585,-0.03629726375,-0.0002588494117647059,-0.008822483088235295
2023,True,qda,top,manual_weak_top_label,0.3,all_signals,143,6,6,1.0,0.6666666666666666,0.6666666666666666,0.0,0.16666666666666666,0.8333333333333334,-0.016364596666666665,-0.012288674999999999,0.013780563333333334,-0.03353162,-0.016364596666666665,0.0
2023,True,qda,top,manual_weak_top_label,0.3,non_overlapping,143,6,3,0.5,0.6666666666666666,0.6666666666666666,0.0,0.3333333333333333,0.6666666666666666,-0.02418049,-0.03001617,0.012495473333333333,-0.04247413333333333,-0.016364596666666665,-0.007815893333333334
2023,True,qda,top,manual_weak_top_label,0.4,all_signals,143,6,6,1.0,0.6666666666666666,0.6666666666666666,0.0,0.16666666666666666,0.8333333333333334,-0.016364596666666665,-0.012288674999999999,0.013780563333333334,-0.03353162,-0.016364596666666665,0.0
2023,True,qda,top,manual_weak_top_label,0.4,non_overlapping,143,6,3,0.5,0.6666666666666666,0.6666666666666666,0.0,0.3333333333333333,0.6666666666666666,-0.02418049,-0.03001617,0.012495473333333333,-0.04247413333333333,-0.016364596666666665,-0.007815893333333334
2023,True,qda,top,manual_weak_top_label,0.5,all_signals,143,6,6,1.0,0.6666666666666666,0.6666666666666666,0.0,0.16666666666666666,0.8333333333333334,-0.016364596666666665,-0.012288674999999999,0.013780563333333334,-0.03353162,-0.016364596666666665,0.0
2023,True,qda,top,manual_weak_top_label,0.5,non_overlapping,143,6,3,0.5,0.6666666666666666,0.6666666666666666,0.0,0.3333333333333333,0.6666666666666666,-0.02418049,-0.03001617,0.012495473333333333,-0.04247413333333333,-0.016364596666666665,-0.007815893333333334
2023,True,qda,top,manual_weak_top_label,0.6,all_signals,143,6,6,1.0,0.6666666666666666,0.6666666666666666,0.0,0.16666666666666666,0.8333333333333334,-0.016364596666666665,-0.012288674999999999,0.013780563333333334,-0.03353162,-0.016364596666666665,0.0
2023,True,qda,top,manual_weak_top_label,0.6,non_overlapping,143,6,3,0.5,0.6666666666666666,0.6666666666666666,0.0,0.3333333333333333,0.6666666666666666,-0.02418049,-0.03001617,0.012495473333333333,-0.04247413333333333,-0.016364596666666665,-0.007815893333333334
2023,True,qda,top,manual_weak_top_label,0.7,all_signals,143,6,6,1.0,0.6666666666666666,0.6666666666666666,0.0,0.16666666666666666,0.8333333333333334,-0.016364596666666665,-0.012288674999999999,0.013780563333333334,-0.03353162,-0.016364596666666665,0.0
2023,True,qda,top,manual_weak_top_label,0.7,non_overlapping,143,6,3,0.5,0.6666666666666666,0.6666666666666666,0.0,0.3333333333333333,0.6666666666666666,-0.02418049,-0.03001617,0.012495473333333333,-0.04247413333333333,-0.016364596666666665,-0.007815893333333334
2023,True,svm,bottom,manual_weak_bottom_label,0.3,all_signals,144,17,17,1.0,0.0,0.0,0.0,0.4117647058823529,0.5882352941176471,-0.0002588494117647059,-0.00385793,0.023011038823529412,-0.03163664647058823,-0.0002588494117647059,0.0
2023,True,svm,bottom,manual_weak_bottom_label,0.3,non_overlapping,144,17,8,0.47058823529411764,0.0,0.0,0.0,0.25,0.75,-0.0090813325,-0.01343542,0.022303585,-0.03629726375,-0.0002588494117647059,-0.008822483088235295
2023,True,svm,bottom,manual_weak_bottom_label,0.4,all_signals,144,17,0,0.0,,0.0,,,,,,,,-0.0002588494117647059,
2023,True,svm,bottom,manual_weak_bottom_label,0.4,non_overlapping,144,17,0,0.0,,0.0,,,,,,,,-0.0002588494117647059,
2023,True,svm,bottom,manual_weak_bottom_label,0.5,all_signals,144,17,0,0.0,,0.0,,,,,,,,-0.0002588494117647059,
2023,True,svm,bottom,manual_weak_bottom_label,0.5,non_overlapping,144,17,0,0.0,,0.0,,,,,,,,-0.0002588494117647059,
2023,True,svm,bottom,manual_weak_bottom_label,0.6,all_signals,144,17,0,0.0,,0.0,,,,,,,,-0.0002588494117647059,
2023,True,svm,bottom,manual_weak_bottom_label,0.6,non_overlapping,144,17,0,0.0,,0.0,,,,,,,,-0.0002588494117647059,
2023,True,svm,bottom,manual_weak_bottom_label,0.7,all_signals,144,17,0,0.0,,0.0,,,,,,,,-0.0002588494117647059,
2023,True,svm,bottom,manual_weak_bottom_label,0.7,non_overlapping,144,17,0,0.0,,0.0,,,,,,,,-0.0002588494117647059,
2023,True,svm,top,manual_weak_top_label,0.3,all_signals,143,6,0,0.0,,0.6666666666666666,,,,,,,,-0.016364596666666665,
2023,True,svm,top,manual_weak_top_label,0.3,non_overlapping,143,6,0,0.0,,0.6666666666666666,,,,,,,,-0.016364596666666665,
2023,True,svm,top,manual_weak_top_label,0.4,all_signals,143,6,0,0.0,,0.6666666666666666,,,,,,,,-0.016364596666666665,
2023,True,svm,top,manual_weak_top_label,0.4,non_overlapping,143,6,0,0.0,,0.6666666666666666,,,,,,,,-0.016364596666666665,
2023,True,svm,top,manual_weak_top_label,0.5,all_signals,143,6,0,0.0,,0.6666666666666666,,,,,,,,-0.016364596666666665,
2023,True,svm,top,manual_weak_top_label,0.5,non_overlapping,143,6,0,0.0,,0.6666666666666666,,,,,,,,-0.016364596666666665,
2023,True,svm,top,manual_weak_top_label,0.6,all_signals,143,6,0,0.0,,0.6666666666666666,,,,,,,,-0.016364596666666665,
2023,True,svm,top,manual_weak_top_label,0.6,non_overlapping,143,6,0,0.0,,0.6666666666666666,,,,,,,,-0.016364596666666665,
2023,True,svm,top,manual_weak_top_label,0.7,all_signals,143,6,0,0.0,,0.6666666666666666,,,,,,,,-0.016364596666666665,
2023,True,svm,top,manual_weak_top_label,0.7,non_overlapping,143,6,0,0.0,,0.6666666666666666,,,,,,,,-0.016364596666666665,
2024,True,bp,bottom,manual_weak_bottom_label,0.3,all_signals,161,24,1,0.041666666666666664,0.0,0.20833333333333334,-0.20833333333333334,0.0,1.0,-0.02259793,-0.02259793,0.01795442,-0.04637218,0.011790934166666668,-0.034388864166666665
2024,True,bp,bottom,manual_weak_bottom_label,0.3,non_overlapping,161,24,1,0.041666666666666664,0.0,0.20833333333333334,-0.20833333333333334,0.0,1.0,-0.02259793,-0.02259793,0.01795442,-0.04637218,0.011790934166666668,-0.034388864166666665
2024,True,bp,bottom,manual_weak_bottom_label,0.4,all_signals,161,24,1,0.041666666666666664,0.0,0.20833333333333334,-0.20833333333333334,0.0,1.0,-0.02259793,-0.02259793,0.01795442,-0.04637218,0.011790934166666668,-0.034388864166666665
2024,True,bp,bottom,manual_weak_bottom_label,0.4,non_overlapping,161,24,1,0.041666666666666664,0.0,0.20833333333333334,-0.20833333333333334,0.0,1.0,-0.02259793,-0.02259793,0.01795442,-0.04637218,0.011790934166666668,-0.034388864166666665
2024,True,bp,bottom,manual_weak_bottom_label,0.5,all_signals,161,24,0,0.0,,0.20833333333333334,,,,,,,,0.011790934166666668,
2024,True,bp,bottom,manual_weak_bottom_label,0.5,non_overlapping,161,24,0,0.0,,0.20833333333333334,,,,,,,,0.011790934166666668,
2024,True,bp,bottom,manual_weak_bottom_label,0.6,all_signals,161,24,0,0.0,,0.20833333333333334,,,,,,,,0.011790934166666668,
2024,True,bp,bottom,manual_weak_bottom_label,0.6,non_overlapping,161,24,0,0.0,,0.20833333333333334,,,,,,,,0.011790934166666668,
2024,True,bp,bottom,manual_weak_bottom_label,0.7,all_signals,161,24,0,0.0,,0.20833333333333334,,,,,,,,0.011790934166666668,
2024,True,bp,bottom,manual_weak_bottom_label,0.7,non_overlapping,161,24,0,0.0,,0.20833333333333334,,,,,,,,0.011790934166666668,
2024,True,bp,top,manual_weak_top_label,0.3,all_signals,149,21,15,0.7142857142857143,0.4,0.3333333333333333,0.06666666666666671,0.5333333333333333,0.4666666666666667,0.010971927333333333,0.01335002,0.06580096933333333,-0.03675940066666667,0.015038420952380952,-0.00406649361904762
2024,True,bp,top,manual_weak_top_label,0.3,non_overlapping,149,21,7,0.3333333333333333,0.42857142857142855,0.3333333333333333,0.09523809523809523,0.5714285714285714,0.42857142857142855,0.03281289285714286,0.01335002,0.08765114714285714,-0.024198287142857145,0.015038420952380952,0.017774471904761908
2024,True,bp,top,manual_weak_top_label,0.4,all_signals,149,21,15,0.7142857142857143,0.4,0.3333333333333333,0.06666666666666671,0.5333333333333333,0.4666666666666667,0.010971927333333333,0.01335002,0.06580096933333333,-0.03675940066666667,0.015038420952380952,-0.00406649361904762
2024,True,bp,top,manual_weak_top_label,0.4,non_overlapping,149,21,7,0.3333333333333333,0.42857142857142855,0.3333333333333333,0.09523809523809523,0.5714285714285714,0.42857142857142855,0.03281289285714286,0.01335002,0.08765114714285714,-0.024198287142857145,0.015038420952380952,0.017774471904761908
2024,True,bp,top,manual_weak_top_label,0.5,all_signals,149,21,12,0.5714285714285714,0.4166666666666667,0.3333333333333333,0.08333333333333337,0.5,0.5,-0.00011290166666666668,-0.0010498699999999996,0.060701628333333334,-0.04326814666666667,0.015038420952380952,-0.015151322619047619
2024,True,bp,top,manual_weak_top_label,0.5,non_overlapping,149,21,6,0.2857142857142857,0.3333333333333333,0.3333333333333333,0.0,0.5,0.5,0.013549110000000001,-0.0014179599999999994,0.075806605,-0.031589985,0.015038420952380952,-0.0014893109523809508
2024,True,bp,top,manual_weak_top_label,0.6,all_signals,149,21,12,0.5714285714285714,0.4166666666666667,0.3333333333333333,0.08333333333333337,0.5,0.5,-0.00011290166666666668,-0.0010498699999999996,0.060701628333333334,-0.04326814666666667,0.015038420952380952,-0.015151322619047619
2024,True,bp,top,manual_weak_top_label,0.6,non_overlapping,149,21,6,0.2857142857142857,0.3333333333333333,0.3333333333333333,0.0,0.5,0.5,0.013549110000000001,-0.0014179599999999994,0.075806605,-0.031589985,0.015038420952380952,-0.0014893109523809508
2024,True,bp,top,manual_weak_top_label,0.7,all_signals,149,21,11,0.5238095238095238,0.36363636363636365,0.3333333333333333,0.03030303030303033,0.5454545454545454,0.45454545454545453,0.0012813581818181818,0.01335002,0.06636091,-0.03997992090909091,0.015038420952380952,-0.01375706277056277
2024,True,bp,top,manual_weak_top_label,0.7,non_overlapping,149,21,6,0.2857142857142857,0.3333333333333333,0.3333333333333333,0.0,0.5,0.5,0.013549110000000001,-0.0014179599999999994,0.075806605,-0.031589985,0.015038420952380952,-0.0014893109523809508
2024,True,lda,bottom,manual_weak_bottom_label,0.3,all_signals,161,24,7,0.2916666666666667,0.14285714285714285,0.20833333333333334,-0.0654761904761905,0.42857142857142855,0.5714285714285714,0.06481774428571428,-0.01396694,0.09155772,-0.04955189571428571,0.011790934166666668,0.05302681011904761
2024,True,lda,bottom,manual_weak_bottom_label,0.3,non_overlapping,161,24,4,0.16666666666666666,0.25,0.20833333333333334,0.04166666666666666,0.5,0.5,0.1063448175,0.083435095,0.1256662275,-0.0608623475,0.011790934166666668,0.09455388333333332
2024,True,lda,bottom,manual_weak_bottom_label,0.4,all_signals,161,24,6,0.25,0.16666666666666666,0.20833333333333334,-0.041666666666666685,0.3333333333333333,0.6666666666666666,0.06302777,-0.018282435,0.09062898333333334,-0.056382676666666666,0.011790934166666668,0.05123683583333333
2024,True,lda,bottom,manual_weak_bottom_label,0.4,non_overlapping,161,24,4,0.16666666666666666,0.25,0.20833333333333334,0.04166666666666666,0.5,0.5,0.1063448175,0.083435095,0.1256662275,-0.0608623475,0.011790934166666668,0.09455388333333332
2024,True,lda,bottom,manual_weak_bottom_label,0.5,all_signals,161,24,6,0.25,0.16666666666666666,0.20833333333333334,-0.041666666666666685,0.3333333333333333,0.6666666666666666,0.06302777,-0.018282435,0.09062898333333334,-0.056382676666666666,0.011790934166666668,0.05123683583333333
2024,True,lda,bottom,manual_weak_bottom_label,0.5,non_overlapping,161,24,4,0.16666666666666666,0.25,0.20833333333333334,0.04166666666666666,0.5,0.5,0.1063448175,0.083435095,0.1256662275,-0.0608623475,0.011790934166666668,0.09455388333333332
2024,True,lda,bottom,manual_weak_bottom_label,0.6,all_signals,161,24,4,0.16666666666666666,0.0,0.20833333333333334,-0.20833333333333334,0.25,0.75,0.029914385,-0.018282435,0.062468735,-0.0602708825,0.011790934166666668,0.018123450833333332
2024,True,lda,bottom,manual_weak_bottom_label,0.6,non_overlapping,161,24,2,0.08333333333333333,0.0,0.20833333333333334,-0.20833333333333334,0.5,0.5,0.0791196,0.07911960000000001,0.10771845,-0.06654726,0.011790934166666668,0.06732866583333333
2024,True,lda,bottom,manual_weak_bottom_label,0.7,all_signals,161,24,4,0.16666666666666666,0.0,0.20833333333333334,-0.20833333333333334,0.25,0.75,0.029914385,-0.018282435,0.062468735,-0.0602708825,0.011790934166666668,0.018123450833333332
2024,True,lda,bottom,manual_weak_bottom_label,0.7,non_overlapping,161,24,2,0.08333333333333333,0.0,0.20833333333333334,-0.20833333333333334,0.5,0.5,0.0791196,0.07911960000000001,0.10771845,-0.06654726,0.011790934166666668,0.06732866583333333
2024,True,lda,top,manual_weak_top_label,0.3,all_signals,149,21,14,0.6666666666666666,0.42857142857142855,0.3333333333333333,0.09523809523809523,0.5,0.5,0.004990893571428572,-0.0010498699999999996,0.061887568571428575,-0.04111799642857143,0.015038420952380952,-0.010047527380952381
2024,True,lda,top,manual_weak_top_label,0.3,non_overlapping,149,21,6,0.2857142857142857,0.3333333333333333,0.3333333333333333,0.0,0.5,0.5,0.02136625,-0.011539965000000001,0.07966818166666667,-0.029063715,0.015038420952380952,0.006327829047619048
2024,True,lda,top,manual_weak_top_label,0.4,all_signals,149,21,14,0.6666666666666666,0.42857142857142855,0.3333333333333333,0.09523809523809523,0.5,0.5,0.004990893571428572,-0.0010498699999999996,0.061887568571428575,-0.04111799642857143,0.015038420952380952,-0.010047527380952381
2024,True,lda,top,manual_weak_top_label,0.4,non_overlapping,149,21,6,0.2857142857142857,0.3333333333333333,0.3333333333333333,0.0,0.5,0.5,0.02136625,-0.011539965000000001,0.07966818166666667,-0.029063715,0.015038420952380952,0.006327829047619048
2024,True,lda,top,manual_weak_top_label,0.5,all_signals,149,21,13,0.6190476190476191,0.46153846153846156,0.3333333333333333,0.12820512820512825,0.46153846153846156,0.5384615384615384,-0.0036386269230769233,-0.01544976,0.05624958846153846,-0.04452650846153846,0.015038420952380952,-0.018677047875457875
2024,True,lda,top,manual_weak_top_label,0.5,non_overlapping,149,21,6,0.2857142857142857,0.3333333333333333,0.3333333333333333,0.0,0.5,0.5,0.011308808333333335,-0.0014179599999999994,0.072644475,-0.029970421666666667,0.015038420952380952,-0.003729612619047617
2024,True,lda,top,manual_weak_top_label,0.6,all_signals,149,21,12,0.5714285714285714,0.4166666666666667,0.3333333333333333,0.08333333333333337,0.5,0.5,-0.00011290166666666668,-0.0010498699999999996,0.060701628333333334,-0.04326814666666667,0.015038420952380952,-0.015151322619047619
2024,True,lda,top,manual_weak_top_label,0.6,non_overlapping,149,21,6,0.2857142857142857,0.3333333333333333,0.3333333333333333,0.0,0.5,0.5,0.013549110000000001,-0.0014179599999999994,0.075806605,-0.031589985,0.015038420952380952,-0.0014893109523809508
2024,True,lda,top,manual_weak_top_label,0.7,all_signals,149,21,12,0.5714285714285714,0.4166666666666667,0.3333333333333333,0.08333333333333337,0.5,0.5,-0.00011290166666666668,-0.0010498699999999996,0.060701628333333334,-0.04326814666666667,0.015038420952380952,-0.015151322619047619
2024,True,lda,top,manual_weak_top_label,0.7,non_overlapping,149,21,6,0.2857142857142857,0.3333333333333333,0.3333333333333333,0.0,0.5,0.5,0.013549110000000001,-0.0014179599999999994,0.075806605,-0.031589985,0.015038420952380952,-0.0014893109523809508
2024,True,lightgbm,bottom,manual_weak_bottom_label,0.3,all_signals,161,24,6,0.25,0.16666666666666666,0.20833333333333334,-0.041666666666666685,0.5,0.5,0.08383817333333334,0.033595019999999996,0.10568441,-0.07109130166666668,0.011790934166666668,0.07204723916666667
2024,True,lightgbm,bottom,manual_weak_bottom_label,0.3,non_overlapping,161,24,3,0.125,0.3333333333333333,0.20833333333333334,0.12499999999999997,0.3333333333333333,0.6666666666666666,0.09041634666666666,-0.00836755,0.10544642333333333,-0.09426125666666667,0.011790934166666668,0.07862541249999999
2024,True,lightgbm,bottom,manual_weak_bottom_label,0.4,all_signals,161,24,3,0.125,0.0,0.20833333333333334,-0.20833333333333334,0.6666666666666666,0.3333333333333333,0.07726000000000001,0.07555759,0.10592239666666665,-0.04792134666666667,0.011790934166666668,0.06546906583333334
2024,True,lightgbm,bottom,manual_weak_bottom_label,0.4,non_overlapping,161,24,2,0.08333333333333333,0.0,0.20833333333333334,-0.20833333333333334,0.5,0.5,0.078111205,0.078111205,0.110318525,-0.067598415,0.011790934166666668,0.06632027083333333
2024,True,lightgbm,bottom,manual_weak_bottom_label,0.5,all_signals,161,24,3,0.125,0.0,0.20833333333333334,-0.20833333333333334,0.6666666666666666,0.3333333333333333,0.07726000000000001,0.07555759,0.10592239666666665,-0.04792134666666667,0.011790934166666668,0.06546906583333334
2024,True,lightgbm,bottom,manual_weak_bottom_label,0.5,non_overlapping,161,24,2,0.08333333333333333,0.0,0.20833333333333334,-0.20833333333333334,0.5,0.5,0.078111205,0.078111205,0.110318525,-0.067598415,0.011790934166666668,0.06632027083333333
2024,True,lightgbm,bottom,manual_weak_bottom_label,0.6,all_signals,161,24,2,0.08333333333333333,0.0,0.20833333333333334,-0.20833333333333334,0.5,0.5,0.025471435,0.025471434999999997,0.060142355,-0.02852085,0.011790934166666668,0.013680500833333333
2024,True,lightgbm,bottom,manual_weak_bottom_label,0.6,non_overlapping,161,24,2,0.08333333333333333,0.0,0.20833333333333334,-0.20833333333333334,0.5,0.5,0.025471435,0.025471434999999997,0.060142355,-0.02852085,0.011790934166666668,0.013680500833333333
2024,True,lightgbm,bottom,manual_weak_bottom_label,0.7,all_signals,161,24,2,0.08333333333333333,0.0,0.20833333333333334,-0.20833333333333334,0.5,0.5,0.025471435,0.025471434999999997,0.060142355,-0.02852085,0.011790934166666668,0.013680500833333333
2024,True,lightgbm,bottom,manual_weak_bottom_label,0.7,non_overlapping,161,24,2,0.08333333333333333,0.0,0.20833333333333334,-0.20833333333333334,0.5,0.5,0.025471435,0.025471434999999997,0.060142355,-0.02852085,0.011790934166666668,0.013680500833333333
2024,True,lightgbm,top,manual_weak_top_label,0.3,all_signals,149,21,10,0.47619047619047616,0.3,0.3333333333333333,-0.033333333333333326,0.7,0.3,0.011561098,0.021055995,0.074094016,-0.03718353,0.015038420952380952,-0.0034773229523809516
2024,True,lightgbm,top,manual_weak_top_label,0.3,non_overlapping,149,21,5,0.23809523809523808,0.2,0.3333333333333333,-0.1333333333333333,0.8,0.2,0.03656214,0.02971865,0.093161956,-0.024319215999999998,0.015038420952380952,0.021523719047619048
2024,True,lightgbm,top,manual_weak_top_label,0.4,all_signals,149,21,9,0.42857142857142855,0.3333333333333333,0.3333333333333333,0.0,0.6666666666666666,0.3333333333333333,-0.00041455444444444444,0.01690592,0.05419064444444444,-0.04501642888888889,0.015038420952380952,-0.015452975396825396
2024,True,lightgbm,top,manual_weak_top_label,0.4,non_overlapping,149,21,4,0.19047619047619047,0.25,0.3333333333333333,-0.08333333333333331,0.75,0.25,0.0158671825,0.027462359999999998,0.053146355,-0.03872716,0.015038420952380952,0.0008287615476190481
2024,True,lightgbm,top,manual_weak_top_label,0.5,all_signals,149,21,8,0.38095238095238093,0.375,0.3333333333333333,0.041666666666666685,0.625,0.375,-0.0036171325,0.015127970000000001,0.04754904,-0.04933394375,0.015038420952380952,-0.01865555345238095
2024,True,lightgbm,top,manual_weak_top_label,0.5,non_overlapping,149,21,4,0.19047619047619047,0.25,0.3333333333333333,-0.08333333333333331,0.75,0.25,-0.003600285,0.023312285000000002,0.0586987925,-0.050133525,0.015038420952380952,-0.01863870595238095
2024,True,lightgbm,top,manual_weak_top_label,0.6,all_signals,149,21,8,0.38095238095238093,0.375,0.3333333333333333,0.041666666666666685,0.625,0.375,-0.0036171325,0.015127970000000001,0.04754904,-0.04933394375,0.015038420952380952,-0.01865555345238095
2024,True,lightgbm,top,manual_weak_top_label,0.6,non_overlapping,149,21,4,0.19047619047619047,0.25,0.3333333333333333,-0.08333333333333331,0.75,0.25,-0.003600285,0.023312285000000002,0.0586987925,-0.050133525,0.015038420952380952,-0.01863870595238095
2024,True,lightgbm,top,manual_weak_top_label,0.7,all_signals,149,21,8,0.38095238095238093,0.375,0.3333333333333333,0.041666666666666685,0.625,0.375,-0.0036171325,0.015127970000000001,0.04754904,-0.04933394375,0.015038420952380952,-0.01865555345238095
2024,True,lightgbm,top,manual_weak_top_label,0.7,non_overlapping,149,21,4,0.19047619047619047,0.25,0.3333333333333333,-0.08333333333333331,0.75,0.25,-0.003600285,0.023312285000000002,0.0586987925,-0.050133525,0.015038420952380952,-0.01863870595238095
2024,True,logistic,bottom,manual_weak_bottom_label,0.3,all_signals,161,24,10,0.4166666666666667,0.3,0.20833333333333334,0.09166666666666665,0.4,0.6,0.070601749,-0.01192054,0.119257692,-0.044757428,0.011790934166666668,0.058810814833333336
2024,True,logistic,bottom,manual_weak_bottom_label,0.3,non_overlapping,161,24,4,0.16666666666666666,0.25,0.20833333333333334,0.04166666666666666,0.5,0.5,0.06778596,0.06269058,0.0873207425,-0.0660480025,0.011790934166666668,0.05599502583333334
2024,True,logistic,bottom,manual_weak_bottom_label,0.4,all_signals,161,24,10,0.4166666666666667,0.3,0.20833333333333334,0.09166666666666665,0.4,0.6,0.070601749,-0.01192054,0.119257692,-0.044757428,0.011790934166666668,0.058810814833333336
2024,True,logistic,bottom,manual_weak_bottom_label,0.4,non_overlapping,161,24,4,0.16666666666666666,0.25,0.20833333333333334,0.04166666666666666,0.5,0.5,0.06778596,0.06269058,0.0873207425,-0.0660480025,0.011790934166666668,0.05599502583333334
2024,True,logistic,bottom,manual_weak_bottom_label,0.5,all_signals,161,24,8,0.3333333333333333,0.25,0.20833333333333334,0.04166666666666666,0.25,0.75,0.0482290325,-0.01459828,0.10618913375,-0.04050327,0.011790934166666668,0.03643809833333333
2024,True,logistic,bottom,manual_weak_bottom_label,0.5,non_overlapping,161,24,3,0.125,0.3333333333333333,0.20833333333333334,0.12499999999999997,0.3333333333333333,0.6666666666666666,0.08151404666666666,-0.01396694,0.10172747666666666,-0.05224235,0.011790934166666668,0.06972311249999999
2024,True,logistic,bottom,manual_weak_bottom_label,0.6,all_signals,161,24,5,0.20833333333333334,0.2,0.20833333333333334,-0.008333333333333331,0.2,0.8,0.039465898,-0.02259793,0.069258284,-0.050314744,0.011790934166666668,0.02767496383333333
2024,True,logistic,bottom,manual_weak_bottom_label,0.6,non_overlapping,161,24,3,0.125,0.3333333333333333,0.20833333333333334,0.12499999999999997,0.3333333333333333,0.6666666666666666,0.08151404666666666,-0.01396694,0.10172747666666666,-0.05224235,0.011790934166666668,0.06972311249999999
2024,True,logistic,bottom,manual_weak_bottom_label,0.7,all_signals,161,24,5,0.20833333333333334,0.2,0.20833333333333334,-0.008333333333333331,0.2,0.8,0.039465898,-0.02259793,0.069258284,-0.050314744,0.011790934166666668,0.02767496383333333
2024,True,logistic,bottom,manual_weak_bottom_label,0.7,non_overlapping,161,24,3,0.125,0.3333333333333333,0.20833333333333334,0.12499999999999997,0.3333333333333333,0.6666666666666666,0.08151404666666666,-0.01396694,0.10172747666666666,-0.05224235,0.011790934166666668,0.06972311249999999
2024,True,logistic,top,manual_weak_top_label,0.3,all_signals,149,21,13,0.6190476190476191,0.46153846153846156,0.3333333333333333,0.12820512820512825,0.5384615384615384,0.46153846153846156,0.005707905384615385,0.01335002,0.06350382153846154,-0.04059884384615385,0.015038420952380952,-0.009330515567765568
2024,True,logistic,top,manual_weak_top_label,0.3,non_overlapping,149,21,7,0.3333333333333333,0.42857142857142855,0.3333333333333333,0.09523809523809523,0.5714285714285714,0.42857142857142855,0.022407464285714284,0.02520607,0.07885282428571429,-0.028301017142857144,0.015038420952380952,0.007369043333333332
2024,True,logistic,top,manual_weak_top_label,0.4,all_signals,149,21,13,0.6190476190476191,0.46153846153846156,0.3333333333333333,0.12820512820512825,0.5384615384615384,0.46153846153846156,0.005707905384615385,0.01335002,0.06350382153846154,-0.04059884384615385,0.015038420952380952,-0.009330515567765568
2024,True,logistic,top,manual_weak_top_label,0.4,non_overlapping,149,21,7,0.3333333333333333,0.42857142857142855,0.3333333333333333,0.09523809523809523,0.5714285714285714,0.42857142857142855,0.022407464285714284,0.02520607,0.07885282428571429,-0.028301017142857144,0.015038420952380952,0.007369043333333332
2024,True,logistic,top,manual_weak_top_label,0.5,all_signals,149,21,12,0.5714285714285714,0.5,0.3333333333333333,0.16666666666666669,0.5,0.5,0.004083058333333333,-0.0010498699999999996,0.059852183333333336,-0.043109055,0.015038420952380952,-0.010955362619047618
2024,True,logistic,top,manual_weak_top_label,0.5,non_overlapping,149,21,7,0.3333333333333333,0.42857142857142855,0.3333333333333333,0.09523809523809523,0.5714285714285714,0.42857142857142855,0.011283197142857143,0.01690592,0.08202564571428572,-0.03481894,0.015038420952380952,-0.0037552238095238093
2024,True,logistic,top,manual_weak_top_label,0.6,all_signals,149,21,12,0.5714285714285714,0.5,0.3333333333333333,0.16666666666666669,0.5,0.5,0.004083058333333333,-0.0010498699999999996,0.059852183333333336,-0.043109055,0.015038420952380952,-0.010955362619047618
2024,True,logistic,top,manual_weak_top_label,0.6,non_overlapping,149,21,7,0.3333333333333333,0.42857142857142855,0.3333333333333333,0.09523809523809523,0.5714285714285714,0.42857142857142855,0.011283197142857143,0.01690592,0.08202564571428572,-0.03481894,0.015038420952380952,-0.0037552238095238093
2024,True,logistic,top,manual_weak_top_label,0.7,all_signals,149,21,8,0.38095238095238093,0.5,0.3333333333333333,0.16666666666666669,0.5,0.5,-0.01175289375,-0.007345984999999999,0.04242112875,-0.0468095975,0.015038420952380952,-0.026791314702380952
2024,True,logistic,top,manual_weak_top_label,0.7,non_overlapping,149,21,5,0.23809523809523808,0.4,0.3333333333333333,0.06666666666666671,0.4,0.6,-0.023183435999999998,-0.03250552,0.044765004000000004,-0.053695586,0.015038420952380952,-0.03822185695238095
2024,True,mlp,bottom,manual_weak_bottom_label,0.3,all_signals,161,24,2,0.08333333333333333,0.0,0.20833333333333334,-0.20833333333333334,0.5,0.5,0.043213025,0.043213025,0.07179558,-0.110085305,0.011790934166666668,0.03142209083333333
2024,True,mlp,bottom,manual_weak_bottom_label,0.3,non_overlapping,161,24,2,0.08333333333333333,0.0,0.20833333333333334,-0.20833333333333334,0.5,0.5,0.043213025,0.043213025,0.07179558,-0.110085305,0.011790934166666668,0.03142209083333333
2024,True,mlp,bottom,manual_weak_bottom_label,0.4,all_signals,161,24,0,0.0,,0.20833333333333334,,,,,,,,0.011790934166666668,
2024,True,mlp,bottom,manual_weak_bottom_label,0.4,non_overlapping,161,24,0,0.0,,0.20833333333333334,,,,,,,,0.011790934166666668,
2024,True,mlp,bottom,manual_weak_bottom_label,0.5,all_signals,161,24,0,0.0,,0.20833333333333334,,,,,,,,0.011790934166666668,
2024,True,mlp,bottom,manual_weak_bottom_label,0.5,non_overlapping,161,24,0,0.0,,0.20833333333333334,,,,,,,,0.011790934166666668,
2024,True,mlp,bottom,manual_weak_bottom_label,0.6,all_signals,161,24,0,0.0,,0.20833333333333334,,,,,,,,0.011790934166666668,
2024,True,mlp,bottom,manual_weak_bottom_label,0.6,non_overlapping,161,24,0,0.0,,0.20833333333333334,,,,,,,,0.011790934166666668,
2024,True,mlp,bottom,manual_weak_bottom_label,0.7,all_signals,161,24,0,0.0,,0.20833333333333334,,,,,,,,0.011790934166666668,
2024,True,mlp,bottom,manual_weak_bottom_label,0.7,non_overlapping,161,24,0,0.0,,0.20833333333333334,,,,,,,,0.011790934166666668,
2024,True,mlp,top,manual_weak_top_label,0.3,all_signals,149,21,21,1.0,0.3333333333333333,0.3333333333333333,0.0,0.5714285714285714,0.42857142857142855,0.015038420952380952,0.01690592,0.06534244285714286,-0.03875084,0.015038420952380952,0.0
2024,True,mlp,top,manual_weak_top_label,0.3,non_overlapping,149,21,8,0.38095238095238093,0.375,0.3333333333333333,0.041666666666666685,0.5,0.5,0.02961211625,0.0017504700000000005,0.0768094075,-0.02903723625,0.015038420952380952,0.014573695297619049
2024,True,mlp,top,manual_weak_top_label,0.4,all_signals,149,21,20,0.9523809523809523,0.3,0.3333333333333333,-0.033333333333333326,0.6,0.4,0.021532123,0.021055995,0.0685086915,-0.034825098,0.015038420952380952,0.006493702047619048
2024,True,mlp,top,manual_weak_top_label,0.4,non_overlapping,149,21,8,0.38095238095238093,0.375,0.3333333333333333,0.041666666666666685,0.5,0.5,0.02961211625,0.0017504700000000005,0.0768094075,-0.02903723625,0.015038420952380952,0.014573695297619049
2024,True,mlp,top,manual_weak_top_label,0.5,all_signals,149,21,20,0.9523809523809523,0.3,0.3333333333333333,-0.033333333333333326,0.6,0.4,0.021532123,0.021055995,0.0685086915,-0.034825098,0.015038420952380952,0.006493702047619048
2024,True,mlp,top,manual_weak_top_label,0.5,non_overlapping,149,21,8,0.38095238095238093,0.375,0.3333333333333333,0.041666666666666685,0.5,0.5,0.02961211625,0.0017504700000000005,0.0768094075,-0.02903723625,0.015038420952380952,0.014573695297619049
2024,True,mlp,top,manual_weak_top_label,0.6,all_signals,149,21,19,0.9047619047619048,0.3157894736842105,0.3333333333333333,-0.017543859649122806,0.5789473684210527,0.42105263157894735,0.02077575947368421,0.01690592,0.0693033747368421,-0.03550058684210526,0.015038420952380952,0.005737338521303259
2024,True,mlp,top,manual_weak_top_label,0.6,non_overlapping,149,21,8,0.38095238095238093,0.375,0.3333333333333333,0.041666666666666685,0.5,0.5,0.02961211625,0.0017504700000000005,0.0768094075,-0.02903723625,0.015038420952380952,0.014573695297619049
2024,True,mlp,top,manual_weak_top_label,0.7,all_signals,149,21,18,0.8571428571428571,0.2777777777777778,0.3333333333333333,-0.055555555555555525,0.5555555555555556,0.4444444444444444,0.017732324444444444,0.015127970000000001,0.06775744333333333,-0.03699688555555555,0.015038420952380952,0.0026939034920634916
2024,True,mlp,top,manual_weak_top_label,0.7,non_overlapping,149,21,7,0.3333333333333333,0.2857142857142857,0.3333333333333333,-0.047619047619047616,0.42857142857142855,0.5714285714285714,0.023048477142857144,-0.00984908,0.07390644571428572,-0.03196152571428571,0.015038420952380952,0.008010056190476192
2024,True,qda,bottom,manual_weak_bottom_label,0.3,all_signals,161,24,24,1.0,0.20833333333333334,0.20833333333333334,0.0,0.2916666666666667,0.7083333333333334,0.011790934166666668,-0.01694462,0.06707726291666667,-0.06913052208333333,0.011790934166666668,0.0
2024,True,qda,bottom,manual_weak_bottom_label,0.3,non_overlapping,161,24,10,0.4166666666666667,0.2,0.20833333333333334,-0.008333333333333331,0.3,0.7,0.010040022,-0.01542142,0.070570123,-0.065830263,0.011790934166666668,-0.0017509121666666686
2024,True,qda,bottom,manual_weak_bottom_label,0.4,all_signals,161,24,24,1.0,0.20833333333333334,0.20833333333333334,0.0,0.2916666666666667,0.7083333333333334,0.011790934166666668,-0.01694462,0.06707726291666667,-0.06913052208333333,0.011790934166666668,0.0
2024,True,qda,bottom,manual_weak_bottom_label,0.4,non_overlapping,161,24,10,0.4166666666666667,0.2,0.20833333333333334,-0.008333333333333331,0.3,0.7,0.010040022,-0.01542142,0.070570123,-0.065830263,0.011790934166666668,-0.0017509121666666686
2024,True,qda,bottom,manual_weak_bottom_label,0.5,all_signals,161,24,24,1.0,0.20833333333333334,0.20833333333333334,0.0,0.2916666666666667,0.7083333333333334,0.011790934166666668,-0.01694462,0.06707726291666667,-0.06913052208333333,0.011790934166666668,0.0
2024,True,qda,bottom,manual_weak_bottom_label,0.5,non_overlapping,161,24,10,0.4166666666666667,0.2,0.20833333333333334,-0.008333333333333331,0.3,0.7,0.010040022,-0.01542142,0.070570123,-0.065830263,0.011790934166666668,-0.0017509121666666686
2024,True,qda,bottom,manual_weak_bottom_label,0.6,all_signals,161,24,24,1.0,0.20833333333333334,0.20833333333333334,0.0,0.2916666666666667,0.7083333333333334,0.011790934166666668,-0.01694462,0.06707726291666667,-0.06913052208333333,0.011790934166666668,0.0
2024,True,qda,bottom,manual_weak_bottom_label,0.6,non_overlapping,161,24,10,0.4166666666666667,0.2,0.20833333333333334,-0.008333333333333331,0.3,0.7,0.010040022,-0.01542142,0.070570123,-0.065830263,0.011790934166666668,-0.0017509121666666686
2024,True,qda,bottom,manual_weak_bottom_label,0.7,all_signals,161,24,24,1.0,0.20833333333333334,0.20833333333333334,0.0,0.2916666666666667,0.7083333333333334,0.011790934166666668,-0.01694462,0.06707726291666667,-0.06913052208333333,0.011790934166666668,0.0
2024,True,qda,bottom,manual_weak_bottom_label,0.7,non_overlapping,161,24,10,0.4166666666666667,0.2,0.20833333333333334,-0.008333333333333331,0.3,0.7,0.010040022,-0.01542142,0.070570123,-0.065830263,0.011790934166666668,-0.0017509121666666686
2024,True,qda,top,manual_weak_top_label,0.3,all_signals,149,21,21,1.0,0.3333333333333333,0.3333333333333333,0.0,0.5714285714285714,0.42857142857142855,0.015038420952380952,0.01690592,0.06534244285714286,-0.03875084,0.015038420952380952,0.0
2024,True,qda,top,manual_weak_top_label,0.3,non_overlapping,149,21,8,0.38095238095238093,0.375,0.3333333333333333,0.041666666666666685,0.5,0.5,0.02961211625,0.0017504700000000005,0.0768094075,-0.02903723625,0.015038420952380952,0.014573695297619049
2024,True,qda,top,manual_weak_top_label,0.4,all_signals,149,21,21,1.0,0.3333333333333333,0.3333333333333333,0.0,0.5714285714285714,0.42857142857142855,0.015038420952380952,0.01690592,0.06534244285714286,-0.03875084,0.015038420952380952,0.0
2024,True,qda,top,manual_weak_top_label,0.4,non_overlapping,149,21,8,0.38095238095238093,0.375,0.3333333333333333,0.041666666666666685,0.5,0.5,0.02961211625,0.0017504700000000005,0.0768094075,-0.02903723625,0.015038420952380952,0.014573695297619049
2024,True,qda,top,manual_weak_top_label,0.5,all_signals,149,21,21,1.0,0.3333333333333333,0.3333333333333333,0.0,0.5714285714285714,0.42857142857142855,0.015038420952380952,0.01690592,0.06534244285714286,-0.03875084,0.015038420952380952,0.0
2024,True,qda,top,manual_weak_top_label,0.5,non_overlapping,149,21,8,0.38095238095238093,0.375,0.3333333333333333,0.041666666666666685,0.5,0.5,0.02961211625,0.0017504700000000005,0.0768094075,-0.02903723625,0.015038420952380952,0.014573695297619049
2024,True,qda,top,manual_weak_top_label,0.6,all_signals,149,21,21,1.0,0.3333333333333333,0.3333333333333333,0.0,0.5714285714285714,0.42857142857142855,0.015038420952380952,0.01690592,0.06534244285714286,-0.03875084,0.015038420952380952,0.0
2024,True,qda,top,manual_weak_top_label,0.6,non_overlapping,149,21,8,0.38095238095238093,0.375,0.3333333333333333,0.041666666666666685,0.5,0.5,0.02961211625,0.0017504700000000005,0.0768094075,-0.02903723625,0.015038420952380952,0.014573695297619049
2024,True,qda,top,manual_weak_top_label,0.7,all_signals,149,21,21,1.0,0.3333333333333333,0.3333333333333333,0.0,0.5714285714285714,0.42857142857142855,0.015038420952380952,0.01690592,0.06534244285714286,-0.03875084,0.015038420952380952,0.0
2024,True,qda,top,manual_weak_top_label,0.7,non_overlapping,149,21,8,0.38095238095238093,0.375,0.3333333333333333,0.041666666666666685,0.5,0.5,0.02961211625,0.0017504700000000005,0.0768094075,-0.02903723625,0.015038420952380952,0.014573695297619049
2024,True,svm,bottom,manual_weak_bottom_label,0.3,all_signals,161,24,0,0.0,,0.20833333333333334,,,,,,,,0.011790934166666668,
2024,True,svm,bottom,manual_weak_bottom_label,0.3,non_overlapping,161,24,0,0.0,,0.20833333333333334,,,,,,,,0.011790934166666668,
2024,True,svm,bottom,manual_weak_bottom_label,0.4,all_signals,161,24,0,0.0,,0.20833333333333334,,,,,,,,0.011790934166666668,
2024,True,svm,bottom,manual_weak_bottom_label,0.4,non_overlapping,161,24,0,0.0,,0.20833333333333334,,,,,,,,0.011790934166666668,
2024,True,svm,bottom,manual_weak_bottom_label,0.5,all_signals,161,24,0,0.0,,0.20833333333333334,,,,,,,,0.011790934166666668,
2024,True,svm,bottom,manual_weak_bottom_label,0.5,non_overlapping,161,24,0,0.0,,0.20833333333333334,,,,,,,,0.011790934166666668,
2024,True,svm,bottom,manual_weak_bottom_label,0.6,all_signals,161,24,0,0.0,,0.20833333333333334,,,,,,,,0.011790934166666668,
2024,True,svm,bottom,manual_weak_bottom_label,0.6,non_overlapping,161,24,0,0.0,,0.20833333333333334,,,,,,,,0.011790934166666668,
2024,True,svm,bottom,manual_weak_bottom_label,0.7,all_signals,161,24,0,0.0,,0.20833333333333334,,,,,,,,0.011790934166666668,
2024,True,svm,bottom,manual_weak_bottom_label,0.7,non_overlapping,161,24,0,0.0,,0.20833333333333334,,,,,,,,0.011790934166666668,
2024,True,svm,top,manual_weak_top_label,0.3,all_signals,149,21,21,1.0,0.3333333333333333,0.3333333333333333,0.0,0.5714285714285714,0.42857142857142855,0.015038420952380952,0.01690592,0.06534244285714286,-0.03875084,0.015038420952380952,0.0
2024,True,svm,top,manual_weak_top_label,0.3,non_overlapping,149,21,8,0.38095238095238093,0.375,0.3333333333333333,0.041666666666666685,0.5,0.5,0.02961211625,0.0017504700000000005,0.0768094075,-0.02903723625,0.015038420952380952,0.014573695297619049
2024,True,svm,top,manual_weak_top_label,0.4,all_signals,149,21,11,0.5238095238095238,0.45454545454545453,0.3333333333333333,0.12121212121212122,0.36363636363636365,0.6363636363636364,-0.007958783636363638,-0.01544976,0.036731723636363636,-0.04685325363636363,0.015038420952380952,-0.022997204588744588
2024,True,svm,top,manual_weak_top_label,0.4,non_overlapping,149,21,5,0.23809523809523808,0.2,0.3333333333333333,-0.1333333333333333,0.6,0.4,0.0042759320000000005,0.01690592,0.051248896,-0.032697136,0.015038420952380952,-0.010762488952380952
2024,True,svm,top,manual_weak_top_label,0.5,all_signals,149,21,2,0.09523809523809523,1.0,0.3333333333333333,0.6666666666666667,0.0,1.0,-0.021745875,-0.021745874999999998,0.01090011,-0.064278655,0.015038420952380952,-0.03678429595238095
2024,True,svm,top,manual_weak_top_label,0.5,non_overlapping,149,21,2,0.09523809523809523,1.0,0.3333333333333333,0.6666666666666667,0.0,1.0,-0.021745875,-0.021745874999999998,0.01090011,-0.064278655,0.015038420952380952,-0.03678429595238095
2024,True,svm,top,manual_weak_top_label,0.6,all_signals,149,21,0,0.0,,0.3333333333333333,,,,,,,,0.015038420952380952,
2024,True,svm,top,manual_weak_top_label,0.6,non_overlapping,149,21,0,0.0,,0.3333333333333333,,,,,,,,0.015038420952380952,
2024,True,svm,top,manual_weak_top_label,0.7,all_signals,149,21,0,0.0,,0.3333333333333333,,,,,,,,0.015038420952380952,
2024,True,svm,top,manual_weak_top_label,0.7,non_overlapping,149,21,0,0.0,,0.3333333333333333,,,,,,,,0.015038420952380952,
2025,True,bp,bottom,manual_weak_bottom_label,0.3,all_signals,186,6,0,0.0,,0.6666666666666666,,,,,,,,0.037432285,
2025,True,bp,bottom,manual_weak_bottom_label,0.3,non_overlapping,186,6,0,0.0,,0.6666666666666666,,,,,,,,0.037432285,
2025,True,bp,bottom,manual_weak_bottom_label,0.4,all_signals,186,6,0,0.0,,0.6666666666666666,,,,,,,,0.037432285,
2025,True,bp,bottom,manual_weak_bottom_label,0.4,non_overlapping,186,6,0,0.0,,0.6666666666666666,,,,,,,,0.037432285,
2025,True,bp,bottom,manual_weak_bottom_label,0.5,all_signals,186,6,0,0.0,,0.6666666666666666,,,,,,,,0.037432285,
2025,True,bp,bottom,manual_weak_bottom_label,0.5,non_overlapping,186,6,0,0.0,,0.6666666666666666,,,,,,,,0.037432285,
2025,True,bp,bottom,manual_weak_bottom_label,0.6,all_signals,186,6,0,0.0,,0.6666666666666666,,,,,,,,0.037432285,
2025,True,bp,bottom,manual_weak_bottom_label,0.6,non_overlapping,186,6,0,0.0,,0.6666666666666666,,,,,,,,0.037432285,
2025,True,bp,bottom,manual_weak_bottom_label,0.7,all_signals,186,6,0,0.0,,0.6666666666666666,,,,,,,,0.037432285,
2025,True,bp,bottom,manual_weak_bottom_label,0.7,non_overlapping,186,6,0,0.0,,0.6666666666666666,,,,,,,,0.037432285,
2025,True,bp,top,manual_weak_top_label,0.3,all_signals,169,33,26,0.7878787878787878,0.34615384615384615,0.2727272727272727,0.07342657342657344,0.6153846153846154,0.38461538461538464,0.013666112692307691,0.018457655,0.042671641923076924,-0.03624100269230769,0.016796002727272726,-0.003129890034965034
2025,True,bp,top,manual_weak_top_label,0.3,non_overlapping,169,33,11,0.3333333333333333,0.36363636363636365,0.2727272727272727,0.09090909090909094,0.6363636363636364,0.36363636363636365,0.013210788181818183,0.02096729,0.05219059272727273,-0.030504334545454547,0.016796002727272726,-0.0035852145454545424
2025,True,bp,top,manual_weak_top_label,0.4,all_signals,169,33,26,0.7878787878787878,0.34615384615384615,0.2727272727272727,0.07342657342657344,0.6153846153846154,0.38461538461538464,0.013666112692307691,0.018457655,0.042671641923076924,-0.03624100269230769,0.016796002727272726,-0.003129890034965034
2025,True,bp,top,manual_weak_top_label,0.4,non_overlapping,169,33,11,0.3333333333333333,0.36363636363636365,0.2727272727272727,0.09090909090909094,0.6363636363636364,0.36363636363636365,0.013210788181818183,0.02096729,0.05219059272727273,-0.030504334545454547,0.016796002727272726,-0.0035852145454545424
2025,True,bp,top,manual_weak_top_label,0.5,all_signals,169,33,25,0.7575757575757576,0.36,0.2727272727272727,0.08727272727272728,0.6,0.4,0.0134924708,0.01890815,0.0418616016,-0.036691213199999996,0.016796002727272726,-0.003303531927272726
2025,True,bp,top,manual_weak_top_label,0.5,non_overlapping,169,33,11,0.3333333333333333,0.2727272727272727,0.2727272727272727,0.0,0.6363636363636364,0.36363636363636365,0.013008011818181819,0.02048786,0.04446577636363636,-0.036439933636363636,0.016796002727272726,-0.0037879909090909065
2025,True,bp,top,manual_weak_top_label,0.6,all_signals,169,33,24,0.7272727272727273,0.375,0.2727272727272727,0.10227272727272729,0.625,0.375,0.01424111625,0.019698004999999998,0.04222429083333334,-0.03801972,0.016796002727272726,-0.002554886477272726
2025,True,bp,top,manual_weak_top_label,0.6,non_overlapping,169,33,10,0.30303030303030304,0.3,0.2727272727272727,0.027272727272727282,0.7,0.3,0.014756315,0.02102407,0.045596648000000004,-0.039603222,0.016796002727272726,-0.0020396877272727248
2025,True,bp,top,manual_weak_top_label,0.7,all_signals,169,33,22,0.6666666666666666,0.4090909090909091,0.2727272727272727,0.1363636363636364,0.5909090909090909,0.4090909090909091,0.013203346818181817,0.01667231,0.04257147045454546,-0.03928541681818182,0.016796002727272726,-0.0035926559090909086
2025,True,bp,top,manual_weak_top_label,0.7,non_overlapping,169,33,10,0.30303030303030304,0.3,0.2727272727272727,0.027272727272727282,0.7,0.3,0.014756315,0.02102407,0.045596648000000004,-0.039603222,0.016796002727272726,-0.0020396877272727248
2025,True,lda,bottom,manual_weak_bottom_label,0.3,all_signals,186,6,1,0.16666666666666666,1.0,0.6666666666666666,0.33333333333333337,1.0,0.0,0.04293698,0.04293698,0.06232365,-0.00494745,0.037432285,0.005504694999999997
2025,True,lda,bottom,manual_weak_bottom_label,0.3,non_overlapping,186,6,1,0.16666666666666666,1.0,0.6666666666666666,0.33333333333333337,1.0,0.0,0.04293698,0.04293698,0.06232365,-0.00494745,0.037432285,0.005504694999999997
2025,True,lda,bottom,manual_weak_bottom_label,0.4,all_signals,186,6,1,0.16666666666666666,1.0,0.6666666666666666,0.33333333333333337,1.0,0.0,0.04293698,0.04293698,0.06232365,-0.00494745,0.037432285,0.005504694999999997
2025,True,lda,bottom,manual_weak_bottom_label,0.4,non_overlapping,186,6,1,0.16666666666666666,1.0,0.6666666666666666,0.33333333333333337,1.0,0.0,0.04293698,0.04293698,0.06232365,-0.00494745,0.037432285,0.005504694999999997
2025,True,lda,bottom,manual_weak_bottom_label,0.5,all_signals,186,6,1,0.16666666666666666,1.0,0.6666666666666666,0.33333333333333337,1.0,0.0,0.04293698,0.04293698,0.06232365,-0.00494745,0.037432285,0.005504694999999997
2025,True,lda,bottom,manual_weak_bottom_label,0.5,non_overlapping,186,6,1,0.16666666666666666,1.0,0.6666666666666666,0.33333333333333337,1.0,0.0,0.04293698,0.04293698,0.06232365,-0.00494745,0.037432285,0.005504694999999997
2025,True,lda,bottom,manual_weak_bottom_label,0.6,all_signals,186,6,1,0.16666666666666666,1.0,0.6666666666666666,0.33333333333333337,1.0,0.0,0.04293698,0.04293698,0.06232365,-0.00494745,0.037432285,0.005504694999999997
2025,True,lda,bottom,manual_weak_bottom_label,0.6,non_overlapping,186,6,1,0.16666666666666666,1.0,0.6666666666666666,0.33333333333333337,1.0,0.0,0.04293698,0.04293698,0.06232365,-0.00494745,0.037432285,0.005504694999999997
2025,True,lda,bottom,manual_weak_bottom_label,0.7,all_signals,186,6,1,0.16666666666666666,1.0,0.6666666666666666,0.33333333333333337,1.0,0.0,0.04293698,0.04293698,0.06232365,-0.00494745,0.037432285,0.005504694999999997
2025,True,lda,bottom,manual_weak_bottom_label,0.7,non_overlapping,186,6,1,0.16666666666666666,1.0,0.6666666666666666,0.33333333333333337,1.0,0.0,0.04293698,0.04293698,0.06232365,-0.00494745,0.037432285,0.005504694999999997
2025,True,lda,top,manual_weak_top_label,0.3,all_signals,169,33,31,0.9393939393939394,0.2903225806451613,0.2727272727272727,0.017595307917888603,0.6451612903225806,0.3548387096774194,0.016139730322580644,0.01890815,0.04246251580645161,-0.03173711483870968,0.016796002727272726,-0.0006562724046920813
2025,True,lda,top,manual_weak_top_label,0.3,non_overlapping,169,33,13,0.3939393939393939,0.23076923076923078,0.2727272727272727,-0.041958041958041925,0.6153846153846154,0.38461538461538464,0.017180605384615386,0.02048786,0.04769666615384616,-0.03304309923076923,0.016796002727272726,0.0003846026573426607
2025,True,lda,top,manual_weak_top_label,0.4,all_signals,169,33,30,0.9090909090909091,0.3,0.2727272727272727,0.027272727272727282,0.6666666666666666,0.3333333333333333,0.016826888666666664,0.019165204999999998,0.04277269766666667,-0.03263478366666667,0.016796002727272726,3.0885939393938966e-05
2025,True,lda,top,manual_weak_top_label,0.4,non_overlapping,169,33,12,0.36363636363636365,0.25,0.2727272727272727,-0.022727272727272707,0.6666666666666666,0.3333333333333333,0.018985240833333333,0.02102407,0.048908299999999995,-0.03539610333333333,0.016796002727272726,0.002189238106060608
2025,True,lda,top,manual_weak_top_label,0.5,all_signals,169,33,29,0.8787878787878788,0.3103448275862069,0.2727272727272727,0.0376175548589342,0.6551724137931034,0.3448275862068966,0.016925649655172414,0.01942226,0.04364109586206897,-0.03321021448275862,0.016796002727272726,0.00012964692789968826
2025,True,lda,top,manual_weak_top_label,0.5,non_overlapping,169,33,12,0.36363636363636365,0.25,0.2727272727272727,-0.022727272727272707,0.6666666666666666,0.3333333333333333,0.018985240833333333,0.02102407,0.048908299999999995,-0.03539610333333333,0.016796002727272726,0.002189238106060608
2025,True,lda,top,manual_weak_top_label,0.6,all_signals,169,33,28,0.8484848484848485,0.32142857142857145,0.2727272727272727,0.048701298701298745,0.6428571428571429,0.35714285714285715,0.016836485,0.019698004999999998,0.04378830142857143,-0.03428701035714286,0.016796002727272726,4.04822727272762e-05
2025,True,lda,top,manual_weak_top_label,0.6,non_overlapping,169,33,12,0.36363636363636365,0.25,0.2727272727272727,-0.022727272727272707,0.6666666666666666,0.3333333333333333,0.018985240833333333,0.02102407,0.048908299999999995,-0.03539610333333333,0.016796002727272726,0.002189238106060608
2025,True,lda,top,manual_weak_top_label,0.7,all_signals,169,33,26,0.7878787878787878,0.34615384615384615,0.2727272727272727,0.07342657342657344,0.6538461538461539,0.34615384615384615,0.015524113461538461,0.019698004999999998,0.04315420961538462,-0.036006710769230774,0.016796002727272726,-0.0012718892657342645
2025,True,lda,top,manual_weak_top_label,0.7,non_overlapping,169,33,11,0.3333333333333333,0.36363636363636365,0.2727272727272727,0.09090909090909094,0.6363636363636364,0.36363636363636365,0.018204053636363637,0.02156028,0.04831584272727273,-0.03505084818181818,0.016796002727272726,0.0014080509090909112
2025,True,lightgbm,bottom,manual_weak_bottom_label,0.3,all_signals,186,6,0,0.0,,0.6666666666666666,,,,,,,,0.037432285,
2025,True,lightgbm,bottom,manual_weak_bottom_label,0.3,non_overlapping,186,6,0,0.0,,0.6666666666666666,,,,,,,,0.037432285,
2025,True,lightgbm,bottom,manual_weak_bottom_label,0.4,all_signals,186,6,0,0.0,,0.6666666666666666,,,,,,,,0.037432285,
2025,True,lightgbm,bottom,manual_weak_bottom_label,0.4,non_overlapping,186,6,0,0.0,,0.6666666666666666,,,,,,,,0.037432285,
2025,True,lightgbm,bottom,manual_weak_bottom_label,0.5,all_signals,186,6,0,0.0,,0.6666666666666666,,,,,,,,0.037432285,
2025,True,lightgbm,bottom,manual_weak_bottom_label,0.5,non_overlapping,186,6,0,0.0,,0.6666666666666666,,,,,,,,0.037432285,
2025,True,lightgbm,bottom,manual_weak_bottom_label,0.6,all_signals,186,6,0,0.0,,0.6666666666666666,,,,,,,,0.037432285,
2025,True,lightgbm,bottom,manual_weak_bottom_label,0.6,non_overlapping,186,6,0,0.0,,0.6666666666666666,,,,,,,,0.037432285,
2025,True,lightgbm,bottom,manual_weak_bottom_label,0.7,all_signals,186,6,0,0.0,,0.6666666666666666,,,,,,,,0.037432285,
2025,True,lightgbm,bottom,manual_weak_bottom_label,0.7,non_overlapping,186,6,0,0.0,,0.6666666666666666,,,,,,,,0.037432285,
2025,True,lightgbm,top,manual_weak_top_label,0.3,all_signals,169,33,22,0.6666666666666666,0.4090909090909091,0.2727272727272727,0.1363636363636364,0.5909090909090909,0.4090909090909091,0.009051974090909092,0.015431960000000002,0.03881137909090909,-0.041579086363636365,0.016796002727272726,-0.007744028636363634
2025,True,lightgbm,top,manual_weak_top_label,0.3,non_overlapping,169,33,9,0.2727272727272727,0.3333333333333333,0.2727272727272727,0.06060606060606061,0.6666666666666666,0.3333333333333333,0.008086846666666668,0.02016823,0.03793586666666667,-0.04673003444444444,0.016796002727272726,-0.008709156060606058
2025,True,lightgbm,top,manual_weak_top_label,0.4,all_signals,169,33,20,0.6060606060606061,0.4,0.2727272727272727,0.12727272727272732,0.55,0.45,0.005754944,0.010499035,0.036518553999999995,-0.0452514705,0.016796002727272726,-0.011041058727272726
2025,True,lightgbm,top,manual_weak_top_label,0.4,non_overlapping,169,33,9,0.2727272727272727,0.3333333333333333,0.2727272727272727,0.06060606060606061,0.4444444444444444,0.5555555555555556,0.002560945555555556,-6.56e-05,0.028704651111111108,-0.046990283333333334,0.016796002727272726,-0.01423505717171717
2025,True,lightgbm,top,manual_weak_top_label,0.5,all_signals,169,33,16,0.48484848484848486,0.4375,0.2727272727272727,0.1647727272727273,0.5,0.5,-0.00015362625,0.004037855,0.033419975,-0.052277833125,0.016796002727272726,-0.016949628977272726
2025,True,lightgbm,top,manual_weak_top_label,0.5,non_overlapping,169,33,8,0.24242424242424243,0.25,0.2727272727272727,-0.022727272727272707,0.5,0.5,-0.00311692,-0.00620847,0.02464353375,-0.05616396375,0.016796002727272726,-0.019912922727272724
2025,True,lightgbm,top,manual_weak_top_label,0.6,all_signals,169,33,14,0.42424242424242425,0.5,0.2727272727272727,0.2272727272727273,0.42857142857142855,0.5714285714285714,-0.009031227857142858,-0.001834345,0.028848422142857145,-0.05715174857142857,0.016796002727272726,-0.025827230584415585
2025,True,lightgbm,top,manual_weak_top_label,0.6,non_overlapping,169,33,7,0.21212121212121213,0.42857142857142855,0.2727272727272727,0.15584415584415584,0.2857142857142857,0.7142857142857143,-0.008567728571428571,-0.00360309,0.024563877142857144,-0.05965804714285715,0.016796002727272726,-0.025363731298701297
2025,True,lightgbm,top,manual_weak_top_label,0.7,all_signals,169,33,12,0.36363636363636365,0.5,0.2727272727272727,0.2272727272727273,0.4166666666666667,0.5833333333333334,-0.00737127,-0.001834345,0.027503840833333335,-0.05917322083333334,0.016796002727272726,-0.024167272727272725
2025,True,lightgbm,top,manual_weak_top_label,0.7,non_overlapping,169,33,6,0.18181818181818182,0.5,0.2727272727272727,0.2272727272727273,0.3333333333333333,0.6666666666666666,-0.007716945,-0.001834345,0.032123735,-0.06319240666666666,0.016796002727272726,-0.024512947727272725
2025,True,logistic,bottom,manual_weak_bottom_label,0.3,all_signals,186,6,0,0.0,,0.6666666666666666,,,,,,,,0.037432285,
2025,True,logistic,bottom,manual_weak_bottom_label,0.3,non_overlapping,186,6,0,0.0,,0.6666666666666666,,,,,,,,0.037432285,
2025,True,logistic,bottom,manual_weak_bottom_label,0.4,all_signals,186,6,0,0.0,,0.6666666666666666,,,,,,,,0.037432285,
2025,True,logistic,bottom,manual_weak_bottom_label,0.4,non_overlapping,186,6,0,0.0,,0.6666666666666666,,,,,,,,0.037432285,
2025,True,logistic,bottom,manual_weak_bottom_label,0.5,all_signals,186,6,0,0.0,,0.6666666666666666,,,,,,,,0.037432285,
2025,True,logistic,bottom,manual_weak_bottom_label,0.5,non_overlapping,186,6,0,0.0,,0.6666666666666666,,,,,,,,0.037432285,
2025,True,logistic,bottom,manual_weak_bottom_label,0.6,all_signals,186,6,0,0.0,,0.6666666666666666,,,,,,,,0.037432285,
2025,True,logistic,bottom,manual_weak_bottom_label,0.6,non_overlapping,186,6,0,0.0,,0.6666666666666666,,,,,,,,0.037432285,
2025,True,logistic,bottom,manual_weak_bottom_label,0.7,all_signals,186,6,0,0.0,,0.6666666666666666,,,,,,,,0.037432285,
2025,True,logistic,bottom,manual_weak_bottom_label,0.7,non_overlapping,186,6,0,0.0,,0.6666666666666666,,,,,,,,0.037432285,
2025,True,logistic,top,manual_weak_top_label,0.3,all_signals,169,33,28,0.8484848484848485,0.32142857142857145,0.2727272727272727,0.048701298701298745,0.6785714285714286,0.32142857142857145,0.0156075725,0.019165204999999998,0.042111355,-0.03411363214285714,0.016796002727272726,-0.0011884302272727257
2025,True,logistic,top,manual_weak_top_label,0.3,non_overlapping,169,33,12,0.36363636363636365,0.3333333333333333,0.2727272727272727,0.06060606060606061,0.6666666666666666,0.3333333333333333,0.0178506175,0.01776155,0.045755285,-0.033458885,0.016796002727272726,0.0010546147727272734
2025,True,logistic,top,manual_weak_top_label,0.4,all_signals,169,33,27,0.8181818181818182,0.3333333333333333,0.2727272727272727,0.06060606060606061,0.6666666666666666,0.3333333333333333,0.014562186296296296,0.01890815,0.04197830074074074,-0.035424675555555556,0.016796002727272726,-0.0022338164309764295
2025,True,logistic,top,manual_weak_top_label,0.4,non_overlapping,169,33,11,0.3333333333333333,0.36363636363636365,0.2727272727272727,0.09090909090909094,0.7272727272727273,0.2727272727272727,0.014886955454545454,0.02096729,0.05077532818181818,-0.03151708363636364,0.016796002727272726,-0.0019090472727272718
2025,True,logistic,top,manual_weak_top_label,0.5,all_signals,169,33,26,0.7878787878787878,0.34615384615384615,0.2727272727272727,0.07342657342657344,0.6538461538461539,0.34615384615384615,0.014585238846153845,0.019165204999999998,0.042916345,-0.036173805769230766,0.016796002727272726,-0.0022107638811188803
2025,True,logistic,top,manual_weak_top_label,0.5,non_overlapping,169,33,11,0.3333333333333333,0.36363636363636365,0.2727272727272727,0.09090909090909094,0.7272727272727273,0.2727272727272727,0.015383268181818182,0.02096729,0.05276898181818182,-0.030345505454545455,0.016796002727272726,-0.0014127345454545432
2025,True,logistic,top,manual_weak_top_label,0.6,all_signals,169,33,26,0.7878787878787878,0.34615384615384615,0.2727272727272727,0.07342657342657344,0.6538461538461539,0.34615384615384615,0.014585238846153845,0.019165204999999998,0.042916345,-0.036173805769230766,0.016796002727272726,-0.0022107638811188803
2025,True,logistic,top,manual_weak_top_label,0.6,non_overlapping,169,33,11,0.3333333333333333,0.36363636363636365,0.2727272727272727,0.09090909090909094,0.7272727272727273,0.2727272727272727,0.015383268181818182,0.02096729,0.05276898181818182,-0.030345505454545455,0.016796002727272726,-0.0014127345454545432
2025,True,logistic,top,manual_weak_top_label,0.7,all_signals,169,33,23,0.696969696969697,0.391304347826087,0.2727272727272727,0.11857707509881427,0.6086956521739131,0.391304347826087,0.012432713913043477,0.01800716,0.04240117043478261,-0.03927582173913043,0.016796002727272726,-0.004363288814229248
2025,True,logistic,top,manual_weak_top_label,0.7,non_overlapping,169,33,10,0.30303030303030304,0.4,0.2727272727272727,0.12727272727272732,0.7,0.3,0.014979369000000001,0.021263785,0.054093946000000004,-0.033074063,0.016796002727272726,-0.0018166337272727245
2025,True,mlp,bottom,manual_weak_bottom_label,0.3,all_signals,186,6,0,0.0,,0.6666666666666666,,,,,,,,0.037432285,
2025,True,mlp,bottom,manual_weak_bottom_label,0.3,non_overlapping,186,6,0,0.0,,0.6666666666666666,,,,,,,,0.037432285,
2025,True,mlp,bottom,manual_weak_bottom_label,0.4,all_signals,186,6,0,0.0,,0.6666666666666666,,,,,,,,0.037432285,
2025,True,mlp,bottom,manual_weak_bottom_label,0.4,non_overlapping,186,6,0,0.0,,0.6666666666666666,,,,,,,,0.037432285,
2025,True,mlp,bottom,manual_weak_bottom_label,0.5,all_signals,186,6,0,0.0,,0.6666666666666666,,,,,,,,0.037432285,
2025,True,mlp,bottom,manual_weak_bottom_label,0.5,non_overlapping,186,6,0,0.0,,0.6666666666666666,,,,,,,,0.037432285,
2025,True,mlp,bottom,manual_weak_bottom_label,0.6,all_signals,186,6,0,0.0,,0.6666666666666666,,,,,,,,0.037432285,
2025,True,mlp,bottom,manual_weak_bottom_label,0.6,non_overlapping,186,6,0,0.0,,0.6666666666666666,,,,,,,,0.037432285,
2025,True,mlp,bottom,manual_weak_bottom_label,0.7,all_signals,186,6,0,0.0,,0.6666666666666666,,,,,,,,0.037432285,
2025,True,mlp,bottom,manual_weak_bottom_label,0.7,non_overlapping,186,6,0,0.0,,0.6666666666666666,,,,,,,,0.037432285,
2025,True,mlp,top,manual_weak_top_label,0.3,all_signals,169,33,32,0.9696969696969697,0.28125,0.2727272727272727,0.008522727272727293,0.65625,0.34375,0.0167581540625,0.019795245,0.04139096,-0.031633486875,0.016796002727272726,-3.78486647727265e-05
2025,True,mlp,top,manual_weak_top_label,0.3,non_overlapping,169,33,13,0.3939393939393939,0.23076923076923078,0.2727272727272727,-0.041958041958041925,0.6153846153846154,0.38461538461538464,0.017180605384615386,0.02048786,0.04769666615384616,-0.03304309923076923,0.016796002727272726,0.0003846026573426607
2025,True,mlp,top,manual_weak_top_label,0.4,all_signals,169,33,31,0.9393939393939394,0.25806451612903225,0.2727272727272727,-0.014662756598240456,0.6451612903225806,0.3548387096774194,0.016884005483870965,0.02016823,0.041715751935483866,-0.03188837387096774,0.016796002727272726,8.800275659823914e-05
2025,True,mlp,top,manual_weak_top_label,0.4,non_overlapping,169,33,13,0.3939393939393939,0.23076923076923078,0.2727272727272727,-0.041958041958041925,0.6153846153846154,0.38461538461538464,0.017180605384615386,0.02048786,0.04769666615384616,-0.03304309923076923,0.016796002727272726,0.0003846026573426607
2025,True,mlp,top,manual_weak_top_label,0.5,all_signals,169,33,29,0.8787878787878788,0.27586206896551724,0.2727272727272727,0.0031347962382445305,0.6206896551724138,0.3793103448275862,0.015924117931034484,0.01942226,0.04184445448275862,-0.03228667275862069,0.016796002727272726,-0.0008718847962382419
2025,True,mlp,top,manual_weak_top_label,0.5,non_overlapping,169,33,13,0.3939393939393939,0.23076923076923078,0.2727272727272727,-0.041958041958041925,0.6153846153846154,0.38461538461538464,0.017180605384615386,0.02048786,0.04769666615384616,-0.03304309923076923,0.016796002727272726,0.0003846026573426607
2025,True,mlp,top,manual_weak_top_label,0.6,all_signals,169,33,27,0.8181818181818182,0.2962962962962963,0.2727272727272727,0.023569023569023573,0.6296296296296297,0.37037037037037035,0.016241654444444444,0.01942226,0.042780910000000005,-0.032779852222222225,0.016796002727272726,-0.0005543482828282813
2025,True,mlp,top,manual_weak_top_label,0.6,non_overlapping,169,33,13,0.3939393939393939,0.23076923076923078,0.2727272727272727,-0.041958041958041925,0.6153846153846154,0.38461538461538464,0.018484848461538462,0.02048786,0.04751615230769231,-0.032645086153846155,0.016796002727272726,0.0016888457342657363
2025,True,mlp,top,manual_weak_top_label,0.7,all_signals,169,33,24,0.7272727272727273,0.2916666666666667,0.2727272727272727,0.018939393939393978,0.625,0.375,0.015051885833333334,0.019165204999999998,0.042829642083333334,-0.03527082041666667,0.016796002727272726,-0.0017441168939393917
2025,True,mlp,top,manual_weak_top_label,0.7,non_overlapping,169,33,11,0.3333333333333333,0.2727272727272727,0.2727272727272727,0.0,0.6363636363636364,0.36363636363636365,0.016922214545454548,0.02156028,0.05062336636363636,-0.03515052909090909,0.016796002727272726,0.00012621181818182198
2025,True,qda,bottom,manual_weak_bottom_label,0.3,all_signals,186,6,6,1.0,0.6666666666666666,0.6666666666666666,0.0,1.0,0.0,0.037432285,0.046503105,0.05674198,-0.011000691666666666,0.037432285,0.0
2025,True,qda,bottom,manual_weak_bottom_label,0.3,non_overlapping,186,6,3,0.5,0.6666666666666666,0.6666666666666666,0.0,1.0,0.0,0.025758649999999998,0.01499935,0.04546094333333334,-0.013607686666666667,0.037432285,-0.011673635000000005
2025,True,qda,bottom,manual_weak_bottom_label,0.4,all_signals,186,6,6,1.0,0.6666666666666666,0.6666666666666666,0.0,1.0,0.0,0.037432285,0.046503105,0.05674198,-0.011000691666666666,0.037432285,0.0
2025,True,qda,bottom,manual_weak_bottom_label,0.4,non_overlapping,186,6,3,0.5,0.6666666666666666,0.6666666666666666,0.0,1.0,0.0,0.025758649999999998,0.01499935,0.04546094333333334,-0.013607686666666667,0.037432285,-0.011673635000000005
2025,True,qda,bottom,manual_weak_bottom_label,0.5,all_signals,186,6,6,1.0,0.6666666666666666,0.6666666666666666,0.0,1.0,0.0,0.037432285,0.046503105,0.05674198,-0.011000691666666666,0.037432285,0.0
2025,True,qda,bottom,manual_weak_bottom_label,0.5,non_overlapping,186,6,3,0.5,0.6666666666666666,0.6666666666666666,0.0,1.0,0.0,0.025758649999999998,0.01499935,0.04546094333333334,-0.013607686666666667,0.037432285,-0.011673635000000005
2025,True,qda,bottom,manual_weak_bottom_label,0.6,all_signals,186,6,6,1.0,0.6666666666666666,0.6666666666666666,0.0,1.0,0.0,0.037432285,0.046503105,0.05674198,-0.011000691666666666,0.037432285,0.0
2025,True,qda,bottom,manual_weak_bottom_label,0.6,non_overlapping,186,6,3,0.5,0.6666666666666666,0.6666666666666666,0.0,1.0,0.0,0.025758649999999998,0.01499935,0.04546094333333334,-0.013607686666666667,0.037432285,-0.011673635000000005
2025,True,qda,bottom,manual_weak_bottom_label,0.7,all_signals,186,6,6,1.0,0.6666666666666666,0.6666666666666666,0.0,1.0,0.0,0.037432285,0.046503105,0.05674198,-0.011000691666666666,0.037432285,0.0
2025,True,qda,bottom,manual_weak_bottom_label,0.7,non_overlapping,186,6,3,0.5,0.6666666666666666,0.6666666666666666,0.0,1.0,0.0,0.025758649999999998,0.01499935,0.04546094333333334,-0.013607686666666667,0.037432285,-0.011673635000000005
2025,True,qda,top,manual_weak_top_label,0.3,all_signals,169,33,30,0.9090909090909091,0.3,0.2727272727272727,0.027272727272727282,0.6333333333333333,0.36666666666666664,0.015723092333333334,0.018714710000000002,0.04128464166666667,-0.03253566933333333,0.016796002727272726,-0.0010729103939393914
2025,True,qda,top,manual_weak_top_label,0.3,non_overlapping,169,33,12,0.36363636363636365,0.25,0.2727272727272727,-0.022727272727272707,0.5833333333333334,0.4166666666666667,0.016759768333333334,0.014314585000000001,0.046019268333333335,-0.035505013333333335,0.016796002727272726,-3.6234393939391096e-05
2025,True,qda,top,manual_weak_top_label,0.4,all_signals,169,33,30,0.9090909090909091,0.3,0.2727272727272727,0.027272727272727282,0.6333333333333333,0.36666666666666664,0.015723092333333334,0.018714710000000002,0.04128464166666667,-0.03253566933333333,0.016796002727272726,-0.0010729103939393914
2025,True,qda,top,manual_weak_top_label,0.4,non_overlapping,169,33,12,0.36363636363636365,0.25,0.2727272727272727,-0.022727272727272707,0.5833333333333334,0.4166666666666667,0.016759768333333334,0.014314585000000001,0.046019268333333335,-0.035505013333333335,0.016796002727272726,-3.6234393939391096e-05
2025,True,qda,top,manual_weak_top_label,0.5,all_signals,169,33,30,0.9090909090909091,0.3,0.2727272727272727,0.027272727272727282,0.6333333333333333,0.36666666666666664,0.015723092333333334,0.018714710000000002,0.04128464166666667,-0.03253566933333333,0.016796002727272726,-0.0010729103939393914
2025,True,qda,top,manual_weak_top_label,0.5,non_overlapping,169,33,12,0.36363636363636365,0.25,0.2727272727272727,-0.022727272727272707,0.5833333333333334,0.4166666666666667,0.016759768333333334,0.014314585000000001,0.046019268333333335,-0.035505013333333335,0.016796002727272726,-3.6234393939391096e-05
2025,True,qda,top,manual_weak_top_label,0.6,all_signals,169,33,30,0.9090909090909091,0.3,0.2727272727272727,0.027272727272727282,0.6333333333333333,0.36666666666666664,0.015723092333333334,0.018714710000000002,0.04128464166666667,-0.03253566933333333,0.016796002727272726,-0.0010729103939393914
2025,True,qda,top,manual_weak_top_label,0.6,non_overlapping,169,33,12,0.36363636363636365,0.25,0.2727272727272727,-0.022727272727272707,0.5833333333333334,0.4166666666666667,0.016759768333333334,0.014314585000000001,0.046019268333333335,-0.035505013333333335,0.016796002727272726,-3.6234393939391096e-05
2025,True,qda,top,manual_weak_top_label,0.7,all_signals,169,33,30,0.9090909090909091,0.3,0.2727272727272727,0.027272727272727282,0.6333333333333333,0.36666666666666664,0.015723092333333334,0.018714710000000002,0.04128464166666667,-0.03253566933333333,0.016796002727272726,-0.0010729103939393914
2025,True,qda,top,manual_weak_top_label,0.7,non_overlapping,169,33,12,0.36363636363636365,0.25,0.2727272727272727,-0.022727272727272707,0.5833333333333334,0.4166666666666667,0.016759768333333334,0.014314585000000001,0.046019268333333335,-0.035505013333333335,0.016796002727272726,-3.6234393939391096e-05
2025,True,svm,bottom,manual_weak_bottom_label,0.3,all_signals,186,6,0,0.0,,0.6666666666666666,,,,,,,,0.037432285,
2025,True,svm,bottom,manual_weak_bottom_label,0.3,non_overlapping,186,6,0,0.0,,0.6666666666666666,,,,,,,,0.037432285,
2025,True,svm,bottom,manual_weak_bottom_label,0.4,all_signals,186,6,0,0.0,,0.6666666666666666,,,,,,,,0.037432285,
2025,True,svm,bottom,manual_weak_bottom_label,0.4,non_overlapping,186,6,0,0.0,,0.6666666666666666,,,,,,,,0.037432285,
2025,True,svm,bottom,manual_weak_bottom_label,0.5,all_signals,186,6,0,0.0,,0.6666666666666666,,,,,,,,0.037432285,
2025,True,svm,bottom,manual_weak_bottom_label,0.5,non_overlapping,186,6,0,0.0,,0.6666666666666666,,,,,,,,0.037432285,
2025,True,svm,bottom,manual_weak_bottom_label,0.6,all_signals,186,6,0,0.0,,0.6666666666666666,,,,,,,,0.037432285,
2025,True,svm,bottom,manual_weak_bottom_label,0.6,non_overlapping,186,6,0,0.0,,0.6666666666666666,,,,,,,,0.037432285,
2025,True,svm,bottom,manual_weak_bottom_label,0.7,all_signals,186,6,0,0.0,,0.6666666666666666,,,,,,,,0.037432285,
2025,True,svm,bottom,manual_weak_bottom_label,0.7,non_overlapping,186,6,0,0.0,,0.6666666666666666,,,,,,,,0.037432285,
2025,True,svm,top,manual_weak_top_label,0.3,all_signals,169,33,22,0.6666666666666666,0.22727272727272727,0.2727272727272727,-0.04545454545454544,0.7272727272727273,0.2727272727272727,0.030313946818181815,0.020328045,0.047968775909090905,-0.019910262727272726,0.016796002727272726,0.01351794409090909
2025,True,svm,top,manual_weak_top_label,0.3,non_overlapping,169,33,9,0.2727272727272727,0.1111111111111111,0.2727272727272727,-0.1616161616161616,0.6666666666666666,0.3333333333333333,0.03587444,0.02048786,0.0531859,-0.019431053333333333,0.016796002727272726,0.019078437272727275
2025,True,svm,top,manual_weak_top_label,0.4,all_signals,169,33,15,0.45454545454545453,0.26666666666666666,0.2727272727272727,-0.006060606060606044,0.7333333333333333,0.26666666666666666,0.03485541266666667,0.02096729,0.05320573866666667,-0.021084725333333332,0.016796002727272726,0.018059409939393943
2025,True,svm,top,manual_weak_top_label,0.4,non_overlapping,169,33,7,0.21212121212121213,0.14285714285714285,0.2727272727272727,-0.12987012987012986,0.8571428571428571,0.14285714285714285,0.0380725,0.02048786,0.05058603714285714,-0.020630191428571427,0.016796002727272726,0.021276497272727277
2025,True,svm,top,manual_weak_top_label,0.5,all_signals,169,33,8,0.24242424242424243,0.5,0.2727272727272727,0.2272727272727273,0.5,0.5,0.025953705,0.01021113,0.05018146375,-0.0290418275,0.016796002727272726,0.009157702272727275
2025,True,svm,top,manual_weak_top_label,0.5,non_overlapping,169,33,4,0.12121212121212122,0.5,0.2727272727272727,0.2272727272727273,0.5,0.5,0.0475839575,0.05187267,0.07191028,-0.0247648125,0.016796002727272726,0.030787954772727277
2025,True,svm,top,manual_weak_top_label,0.6,all_signals,169,33,1,0.030303030303030304,0.0,0.2727272727272727,-0.2727272727272727,0.0,1.0,-0.00360309,-0.00360309,0.01035411,-0.04736787,0.016796002727272726,-0.020399092727272725
2025,True,svm,top,manual_weak_top_label,0.6,non_overlapping,169,33,1,0.030303030303030304,0.0,0.2727272727272727,-0.2727272727272727,0.0,1.0,-0.00360309,-0.00360309,0.01035411,-0.04736787,0.016796002727272726,-0.020399092727272725
2025,True,svm,top,manual_weak_top_label,0.7,all_signals,169,33,0,0.0,,0.2727272727272727,,,,,,,,0.016796002727272726,
2025,True,svm,top,manual_weak_top_label,0.7,non_overlapping,169,33,0,0.0,,0.2727272727272727,,,,,,,,0.016796002727272726,
2026,False,bp,bottom,manual_weak_bottom_label,0.3,all_signals,192,3,0,0.0,,0.6666666666666666,,,,,,,,0.06729197333333332,
2026,False,bp,bottom,manual_weak_bottom_label,0.3,non_overlapping,192,3,0,0.0,,0.6666666666666666,,,,,,,,0.06729197333333332,
2026,False,bp,bottom,manual_weak_bottom_label,0.4,all_signals,192,3,0,0.0,,0.6666666666666666,,,,,,,,0.06729197333333332,
2026,False,bp,bottom,manual_weak_bottom_label,0.4,non_overlapping,192,3,0,0.0,,0.6666666666666666,,,,,,,,0.06729197333333332,
2026,False,bp,bottom,manual_weak_bottom_label,0.5,all_signals,192,3,0,0.0,,0.6666666666666666,,,,,,,,0.06729197333333332,
2026,False,bp,bottom,manual_weak_bottom_label,0.5,non_overlapping,192,3,0,0.0,,0.6666666666666666,,,,,,,,0.06729197333333332,
2026,False,bp,bottom,manual_weak_bottom_label,0.6,all_signals,192,3,0,0.0,,0.6666666666666666,,,,,,,,0.06729197333333332,
2026,False,bp,bottom,manual_weak_bottom_label,0.6,non_overlapping,192,3,0,0.0,,0.6666666666666666,,,,,,,,0.06729197333333332,
2026,False,bp,bottom,manual_weak_bottom_label,0.7,all_signals,192,3,0,0.0,,0.6666666666666666,,,,,,,,0.06729197333333332,
2026,False,bp,bottom,manual_weak_bottom_label,0.7,non_overlapping,192,3,0,0.0,,0.6666666666666666,,,,,,,,0.06729197333333332,
2026,False,bp,top,manual_weak_top_label,0.3,all_signals,202,12,7,0.5833333333333334,0.42857142857142855,0.4166666666666667,0.011904761904761862,0.5714285714285714,0.42857142857142855,-0.008471557142857142,0.00115347,0.033412142857142856,-0.04266995285714286,-0.009198810833333333,0.0007272536904761907
2026,False,bp,top,manual_weak_top_label,0.3,non_overlapping,202,12,4,0.3333333333333333,0.5,0.4166666666666667,0.08333333333333331,0.75,0.25,-0.0017644875,0.023342395,0.0368088575,-0.0439768375,-0.009198810833333333,0.007434323333333333
2026,False,bp,top,manual_weak_top_label,0.4,all_signals,202,12,5,0.4166666666666667,0.6,0.4166666666666667,0.1833333333333333,0.6,0.4,-0.010551326,0.00115347,0.029673734,-0.051757399999999995,-0.009198810833333333,-0.001352515166666667
2026,False,bp,top,manual_weak_top_label,0.4,non_overlapping,202,12,3,0.25,0.3333333333333333,0.4166666666666667,-0.08333333333333337,0.6666666666666666,0.3333333333333333,0.0003287033333333333,0.00115347,0.03805712666666667,-0.04361023,-0.009198810833333333,0.009527514166666666
2026,False,bp,top,manual_weak_top_label,0.5,all_signals,202,12,5,0.4166666666666667,0.6,0.4166666666666667,0.1833333333333333,0.6,0.4,-0.010551326,0.00115347,0.029673734,-0.051757399999999995,-0.009198810833333333,-0.001352515166666667
2026,False,bp,top,manual_weak_top_label,0.5,non_overlapping,202,12,3,0.25,0.3333333333333333,0.4166666666666667,-0.08333333333333337,0.6666666666666666,0.3333333333333333,0.0003287033333333333,0.00115347,0.03805712666666667,-0.04361023,-0.009198810833333333,0.009527514166666666
2026,False,bp,top,manual_weak_top_label,0.6,all_signals,202,12,5,0.4166666666666667,0.6,0.4166666666666667,0.1833333333333333,0.6,0.4,-0.010551326,0.00115347,0.029673734,-0.051757399999999995,-0.009198810833333333,-0.001352515166666667
2026,False,bp,top,manual_weak_top_label,0.6,non_overlapping,202,12,3,0.25,0.3333333333333333,0.4166666666666667,-0.08333333333333337,0.6666666666666666,0.3333333333333333,0.0003287033333333333,0.00115347,0.03805712666666667,-0.04361023,-0.009198810833333333,0.009527514166666666
2026,False,bp,top,manual_weak_top_label,0.7,all_signals,202,12,4,0.3333333333333333,0.5,0.4166666666666667,0.08333333333333331,0.75,0.25,0.00951328,0.016189139999999998,0.0378232875,-0.0419401125,-0.009198810833333333,0.018712090833333334
2026,False,bp,top,manual_weak_top_label,0.7,non_overlapping,202,12,3,0.25,0.3333333333333333,0.4166666666666667,-0.08333333333333337,0.6666666666666666,0.3333333333333333,0.0003287033333333333,0.00115347,0.03805712666666667,-0.04361023,-0.009198810833333333,0.009527514166666666
2026,False,lda,bottom,manual_weak_bottom_label,0.3,all_signals,192,3,0,0.0,,0.6666666666666666,,,,,,,,0.06729197333333332,
2026,False,lda,bottom,manual_weak_bottom_label,0.3,non_overlapping,192,3,0,0.0,,0.6666666666666666,,,,,,,,0.06729197333333332,
2026,False,lda,bottom,manual_weak_bottom_label,0.4,all_signals,192,3,0,0.0,,0.6666666666666666,,,,,,,,0.06729197333333332,
2026,False,lda,bottom,manual_weak_bottom_label,0.4,non_overlapping,192,3,0,0.0,,0.6666666666666666,,,,,,,,0.06729197333333332,
2026,False,lda,bottom,manual_weak_bottom_label,0.5,all_signals,192,3,0,0.0,,0.6666666666666666,,,,,,,,0.06729197333333332,
2026,False,lda,bottom,manual_weak_bottom_label,0.5,non_overlapping,192,3,0,0.0,,0.6666666666666666,,,,,,,,0.06729197333333332,
2026,False,lda,bottom,manual_weak_bottom_label,0.6,all_signals,192,3,0,0.0,,0.6666666666666666,,,,,,,,0.06729197333333332,
2026,False,lda,bottom,manual_weak_bottom_label,0.6,non_overlapping,192,3,0,0.0,,0.6666666666666666,,,,,,,,0.06729197333333332,
2026,False,lda,bottom,manual_weak_bottom_label,0.7,all_signals,192,3,0,0.0,,0.6666666666666666,,,,,,,,0.06729197333333332,
2026,False,lda,bottom,manual_weak_bottom_label,0.7,non_overlapping,192,3,0,0.0,,0.6666666666666666,,,,,,,,0.06729197333333332,
2026,False,lda,top,manual_weak_top_label,0.3,all_signals,202,12,5,0.4166666666666667,0.6,0.4166666666666667,0.1833333333333333,0.6,0.4,-0.010551326,0.00115347,0.029673734,-0.051757399999999995,-0.009198810833333333,-0.001352515166666667
2026,False,lda,top,manual_weak_top_label,0.3,non_overlapping,202,12,3,0.25,0.3333333333333333,0.4166666666666667,-0.08333333333333337,0.6666666666666666,0.3333333333333333,0.0003287033333333333,0.00115347,0.03805712666666667,-0.04361023,-0.009198810833333333,0.009527514166666666
2026,False,lda,top,manual_weak_top_label,0.4,all_signals,202,12,5,0.4166666666666667,0.6,0.4166666666666667,0.1833333333333333,0.6,0.4,-0.010551326,0.00115347,0.029673734,-0.051757399999999995,-0.009198810833333333,-0.001352515166666667
2026,False,lda,top,manual_weak_top_label,0.4,non_overlapping,202,12,3,0.25,0.3333333333333333,0.4166666666666667,-0.08333333333333337,0.6666666666666666,0.3333333333333333,0.0003287033333333333,0.00115347,0.03805712666666667,-0.04361023,-0.009198810833333333,0.009527514166666666
2026,False,lda,top,manual_weak_top_label,0.5,all_signals,202,12,4,0.3333333333333333,0.75,0.4166666666666667,0.3333333333333333,0.5,0.5,-0.02099536,-0.015119349999999998,0.0211719425,-0.0540994425,-0.009198810833333333,-0.011796549166666668
2026,False,lda,top,manual_weak_top_label,0.5,non_overlapping,202,12,2,0.16666666666666666,0.5,0.4166666666666667,0.08333333333333331,0.5,0.5,-0.01511935,-0.015119349999999998,0.02524524,-0.04422073,-0.009198810833333333,-0.005920539166666667
2026,False,lda,top,manual_weak_top_label,0.6,all_signals,202,12,4,0.3333333333333333,0.75,0.4166666666666667,0.3333333333333333,0.5,0.5,-0.02099536,-0.015119349999999998,0.0211719425,-0.0540994425,-0.009198810833333333,-0.011796549166666668
2026,False,lda,top,manual_weak_top_label,0.6,non_overlapping,202,12,2,0.16666666666666666,0.5,0.4166666666666667,0.08333333333333331,0.5,0.5,-0.01511935,-0.015119349999999998,0.02524524,-0.04422073,-0.009198810833333333,-0.005920539166666667
2026,False,lda,top,manual_weak_top_label,0.7,all_signals,202,12,4,0.3333333333333333,0.75,0.4166666666666667,0.3333333333333333,0.5,0.5,-0.02099536,-0.015119349999999998,0.0211719425,-0.0540994425,-0.009198810833333333,-0.011796549166666668
2026,False,lda,top,manual_weak_top_label,0.7,non_overlapping,202,12,2,0.16666666666666666,0.5,0.4166666666666667,0.08333333333333331,0.5,0.5,-0.01511935,-0.015119349999999998,0.02524524,-0.04422073,-0.009198810833333333,-0.005920539166666667
2026,False,lightgbm,bottom,manual_weak_bottom_label,0.3,all_signals,192,3,1,0.3333333333333333,1.0,0.6666666666666666,0.33333333333333337,1.0,0.0,0.07243743,0.07243743,0.07576624,-0.02896462,0.06729197333333332,0.005145456666666673
2026,False,lightgbm,bottom,manual_weak_bottom_label,0.3,non_overlapping,192,3,1,0.3333333333333333,1.0,0.6666666666666666,0.33333333333333337,1.0,0.0,0.07243743,0.07243743,0.07576624,-0.02896462,0.06729197333333332,0.005145456666666673
2026,False,lightgbm,bottom,manual_weak_bottom_label,0.4,all_signals,192,3,1,0.3333333333333333,1.0,0.6666666666666666,0.33333333333333337,1.0,0.0,0.07243743,0.07243743,0.07576624,-0.02896462,0.06729197333333332,0.005145456666666673
2026,False,lightgbm,bottom,manual_weak_bottom_label,0.4,non_overlapping,192,3,1,0.3333333333333333,1.0,0.6666666666666666,0.33333333333333337,1.0,0.0,0.07243743,0.07243743,0.07576624,-0.02896462,0.06729197333333332,0.005145456666666673
2026,False,lightgbm,bottom,manual_weak_bottom_label,0.5,all_signals,192,3,1,0.3333333333333333,1.0,0.6666666666666666,0.33333333333333337,1.0,0.0,0.07243743,0.07243743,0.07576624,-0.02896462,0.06729197333333332,0.005145456666666673
2026,False,lightgbm,bottom,manual_weak_bottom_label,0.5,non_overlapping,192,3,1,0.3333333333333333,1.0,0.6666666666666666,0.33333333333333337,1.0,0.0,0.07243743,0.07243743,0.07576624,-0.02896462,0.06729197333333332,0.005145456666666673
2026,False,lightgbm,bottom,manual_weak_bottom_label,0.6,all_signals,192,3,1,0.3333333333333333,1.0,0.6666666666666666,0.33333333333333337,1.0,0.0,0.07243743,0.07243743,0.07576624,-0.02896462,0.06729197333333332,0.005145456666666673
2026,False,lightgbm,bottom,manual_weak_bottom_label,0.6,non_overlapping,192,3,1,0.3333333333333333,1.0,0.6666666666666666,0.33333333333333337,1.0,0.0,0.07243743,0.07243743,0.07576624,-0.02896462,0.06729197333333332,0.005145456666666673
2026,False,lightgbm,bottom,manual_weak_bottom_label,0.7,all_signals,192,3,1,0.3333333333333333,1.0,0.6666666666666666,0.33333333333333337,1.0,0.0,0.07243743,0.07243743,0.07576624,-0.02896462,0.06729197333333332,0.005145456666666673
2026,False,lightgbm,bottom,manual_weak_bottom_label,0.7,non_overlapping,192,3,1,0.3333333333333333,1.0,0.6666666666666666,0.33333333333333337,1.0,0.0,0.07243743,0.07243743,0.07576624,-0.02896462,0.06729197333333332,0.005145456666666673
2026,False,lightgbm,top,manual_weak_top_label,0.3,all_signals,202,12,8,0.6666666666666666,0.625,0.4166666666666667,0.20833333333333331,0.375,0.625,-0.02130852875,-0.02669821,0.0277318675,-0.0534555225,-0.009198810833333333,-0.012109717916666667
2026,False,lightgbm,top,manual_weak_top_label,0.3,non_overlapping,202,12,4,0.3333333333333333,0.25,0.4166666666666667,-0.16666666666666669,0.5,0.5,-0.007244815,-0.01042539,0.0419816225,-0.0392698875,-0.009198810833333333,0.001953995833333333
2026,False,lightgbm,top,manual_weak_top_label,0.4,all_signals,202,12,8,0.6666666666666666,0.625,0.4166666666666667,0.20833333333333331,0.375,0.625,-0.02130852875,-0.02669821,0.0277318675,-0.0534555225,-0.009198810833333333,-0.012109717916666667
2026,False,lightgbm,top,manual_weak_top_label,0.4,non_overlapping,202,12,4,0.3333333333333333,0.25,0.4166666666666667,-0.16666666666666669,0.5,0.5,-0.007244815,-0.01042539,0.0419816225,-0.0392698875,-0.009198810833333333,0.001953995833333333
2026,False,lightgbm,top,manual_weak_top_label,0.5,all_signals,202,12,5,0.4166666666666667,0.6,0.4166666666666667,0.1833333333333333,0.6,0.4,-0.015543704,0.00115347,0.030802126000000003,-0.0556893,-0.009198810833333333,-0.006344893166666667
2026,False,lightgbm,top,manual_weak_top_label,0.5,non_overlapping,202,12,3,0.25,1.0,0.4166666666666667,0.5833333333333333,0.3333333333333333,0.6666666666666666,-0.03669893333333333,-0.05635406,0.015627949999999998,-0.06969674,-0.009198810833333333,-0.027500122499999995
2026,False,lightgbm,top,manual_weak_top_label,0.6,all_signals,202,12,4,0.3333333333333333,0.75,0.4166666666666667,0.3333333333333333,0.5,0.5,-0.0272358325,-0.027600295,0.0225824325,-0.0590143175,-0.009198810833333333,-0.018037021666666667
2026,False,lightgbm,top,manual_weak_top_label,0.6,non_overlapping,202,12,3,0.25,1.0,0.4166666666666667,0.5833333333333333,0.3333333333333333,0.6666666666666666,-0.03669893333333333,-0.05635406,0.015627949999999998,-0.06969674,-0.009198810833333333,-0.027500122499999995
2026,False,lightgbm,top,manual_weak_top_label,0.7,all_signals,202,12,3,0.25,0.6666666666666666,0.4166666666666667,0.24999999999999994,0.6666666666666666,0.3333333333333333,-0.006044526666666667,0.00115347,0.031084736666666668,-0.048343573333333334,-0.009198810833333333,0.003154284166666666
2026,False,lightgbm,top,manual_weak_top_label,0.7,non_overlapping,202,12,2,0.16666666666666666,1.0,0.4166666666666667,0.5833333333333333,0.5,0.5,-0.009643525,-0.009643525,0.024904165,-0.059031835,-0.009198810833333333,-0.00044471416666666715
2026,False,logistic,bottom,manual_weak_bottom_label,0.3,all_signals,192,3,0,0.0,,0.6666666666666666,,,,,,,,0.06729197333333332,
2026,False,logistic,bottom,manual_weak_bottom_label,0.3,non_overlapping,192,3,0,0.0,,0.6666666666666666,,,,,,,,0.06729197333333332,
2026,False,logistic,bottom,manual_weak_bottom_label,0.4,all_signals,192,3,0,0.0,,0.6666666666666666,,,,,,,,0.06729197333333332,
2026,False,logistic,bottom,manual_weak_bottom_label,0.4,non_overlapping,192,3,0,0.0,,0.6666666666666666,,,,,,,,0.06729197333333332,
2026,False,logistic,bottom,manual_weak_bottom_label,0.5,all_signals,192,3,0,0.0,,0.6666666666666666,,,,,,,,0.06729197333333332,
2026,False,logistic,bottom,manual_weak_bottom_label,0.5,non_overlapping,192,3,0,0.0,,0.6666666666666666,,,,,,,,0.06729197333333332,
2026,False,logistic,bottom,manual_weak_bottom_label,0.6,all_signals,192,3,0,0.0,,0.6666666666666666,,,,,,,,0.06729197333333332,
2026,False,logistic,bottom,manual_weak_bottom_label,0.6,non_overlapping,192,3,0,0.0,,0.6666666666666666,,,,,,,,0.06729197333333332,
2026,False,logistic,bottom,manual_weak_bottom_label,0.7,all_signals,192,3,0,0.0,,0.6666666666666666,,,,,,,,0.06729197333333332,
2026,False,logistic,bottom,manual_weak_bottom_label,0.7,non_overlapping,192,3,0,0.0,,0.6666666666666666,,,,,,,,0.06729197333333332,
2026,False,logistic,top,manual_weak_top_label,0.3,all_signals,202,12,7,0.5833333333333334,0.42857142857142855,0.4166666666666667,0.011904761904761862,0.5714285714285714,0.42857142857142855,-0.008471557142857142,0.00115347,0.033412142857142856,-0.04266995285714286,-0.009198810833333333,0.0007272536904761907
2026,False,logistic,top,manual_weak_top_label,0.3,non_overlapping,202,12,4,0.3333333333333333,0.5,0.4166666666666667,0.08333333333333331,0.75,0.25,-0.0017644875,0.023342395,0.0368088575,-0.0439768375,-0.009198810833333333,0.007434323333333333
2026,False,logistic,top,manual_weak_top_label,0.4,all_signals,202,12,7,0.5833333333333334,0.42857142857142855,0.4166666666666667,0.011904761904761862,0.5714285714285714,0.42857142857142855,-0.008471557142857142,0.00115347,0.033412142857142856,-0.04266995285714286,-0.009198810833333333,0.0007272536904761907
2026,False,logistic,top,manual_weak_top_label,0.4,non_overlapping,202,12,4,0.3333333333333333,0.5,0.4166666666666667,0.08333333333333331,0.75,0.25,-0.0017644875,0.023342395,0.0368088575,-0.0439768375,-0.009198810833333333,0.007434323333333333
2026,False,logistic,top,manual_weak_top_label,0.5,all_signals,202,12,6,0.5,0.5,0.4166666666666667,0.08333333333333331,0.5,0.5,-0.012460146666666666,-0.01042539,0.03075462666666667,-0.048854643333333336,-0.009198810833333333,-0.0032613358333333335
2026,False,logistic,top,manual_weak_top_label,0.5,non_overlapping,202,12,3,0.25,0.0,0.4166666666666667,-0.4166666666666667,0.6666666666666666,0.3333333333333333,0.0034580099999999996,0.00115347,0.04776195666666667,-0.03456571333333333,-0.009198810833333333,0.012656820833333332
2026,False,logistic,top,manual_weak_top_label,0.6,all_signals,202,12,6,0.5,0.5,0.4166666666666667,0.08333333333333331,0.5,0.5,-0.012460146666666666,-0.01042539,0.03075462666666667,-0.048854643333333336,-0.009198810833333333,-0.0032613358333333335
2026,False,logistic,top,manual_weak_top_label,0.6,non_overlapping,202,12,3,0.25,0.0,0.4166666666666667,-0.4166666666666667,0.6666666666666666,0.3333333333333333,0.0034580099999999996,0.00115347,0.04776195666666667,-0.03456571333333333,-0.009198810833333333,0.012656820833333332
2026,False,logistic,top,manual_weak_top_label,0.7,all_signals,202,12,5,0.4166666666666667,0.6,0.4166666666666667,0.1833333333333333,0.6,0.4,-0.010551326,0.00115347,0.029673734,-0.051757399999999995,-0.009198810833333333,-0.001352515166666667
2026,False,logistic,top,manual_weak_top_label,0.7,non_overlapping,202,12,3,0.25,0.3333333333333333,0.4166666666666667,-0.08333333333333337,0.6666666666666666,0.3333333333333333,0.0003287033333333333,0.00115347,0.03805712666666667,-0.04361023,-0.009198810833333333,0.009527514166666666
2026,False,mlp,bottom,manual_weak_bottom_label,0.3,all_signals,192,3,1,0.3333333333333333,1.0,0.6666666666666666,0.33333333333333337,1.0,0.0,0.07243743,0.07243743,0.07576624,-0.02896462,0.06729197333333332,0.005145456666666673
2026,False,mlp,bottom,manual_weak_bottom_label,0.3,non_overlapping,192,3,1,0.3333333333333333,1.0,0.6666666666666666,0.33333333333333337,1.0,0.0,0.07243743,0.07243743,0.07576624,-0.02896462,0.06729197333333332,0.005145456666666673
2026,False,mlp,bottom,manual_weak_bottom_label,0.4,all_signals,192,3,0,0.0,,0.6666666666666666,,,,,,,,0.06729197333333332,
2026,False,mlp,bottom,manual_weak_bottom_label,0.4,non_overlapping,192,3,0,0.0,,0.6666666666666666,,,,,,,,0.06729197333333332,
2026,False,mlp,bottom,manual_weak_bottom_label,0.5,all_signals,192,3,0,0.0,,0.6666666666666666,,,,,,,,0.06729197333333332,
2026,False,mlp,bottom,manual_weak_bottom_label,0.5,non_overlapping,192,3,0,0.0,,0.6666666666666666,,,,,,,,0.06729197333333332,
2026,False,mlp,bottom,manual_weak_bottom_label,0.6,all_signals,192,3,0,0.0,,0.6666666666666666,,,,,,,,0.06729197333333332,
2026,False,mlp,bottom,manual_weak_bottom_label,0.6,non_overlapping,192,3,0,0.0,,0.6666666666666666,,,,,,,,0.06729197333333332,
2026,False,mlp,bottom,manual_weak_bottom_label,0.7,all_signals,192,3,0,0.0,,0.6666666666666666,,,,,,,,0.06729197333333332,
2026,False,mlp,bottom,manual_weak_bottom_label,0.7,non_overlapping,192,3,0,0.0,,0.6666666666666666,,,,,,,,0.06729197333333332,
2026,False,mlp,top,manual_weak_top_label,0.3,all_signals,202,12,3,0.25,1.0,0.4166666666666667,0.5833333333333333,0.3333333333333333,0.6666666666666666,-0.01689307333333333,-0.03139217,0.018950976666666668,-0.05984602666666666,-0.009198810833333333,-0.007694262499999998
2026,False,mlp,top,manual_weak_top_label,0.3,non_overlapping,202,12,2,0.16666666666666666,1.0,0.4166666666666667,0.5833333333333333,0.0,1.0,-0.043873115,-0.043873115,0.00986558,-0.07130416,-0.009198810833333333,-0.03467430416666666
2026,False,mlp,top,manual_weak_top_label,0.4,all_signals,202,12,3,0.25,1.0,0.4166666666666667,0.5833333333333333,0.3333333333333333,0.6666666666666666,-0.01689307333333333,-0.03139217,0.018950976666666668,-0.05984602666666666,-0.009198810833333333,-0.007694262499999998
2026,False,mlp,top,manual_weak_top_label,0.4,non_overlapping,202,12,2,0.16666666666666666,1.0,0.4166666666666667,0.5833333333333333,0.0,1.0,-0.043873115,-0.043873115,0.00986558,-0.07130416,-0.009198810833333333,-0.03467430416666666
2026,False,mlp,top,manual_weak_top_label,0.5,all_signals,202,12,1,0.08333333333333333,1.0,0.4166666666666667,0.5833333333333333,0.0,1.0,-0.05635406,-0.05635406,0.01268656,-0.08113391,-0.009198810833333333,-0.04715524916666666
2026,False,mlp,top,manual_weak_top_label,0.5,non_overlapping,202,12,1,0.08333333333333333,1.0,0.4166666666666667,0.5833333333333333,0.0,1.0,-0.05635406,-0.05635406,0.01268656,-0.08113391,-0.009198810833333333,-0.04715524916666666
2026,False,mlp,top,manual_weak_top_label,0.6,all_signals,202,12,1,0.08333333333333333,1.0,0.4166666666666667,0.5833333333333333,0.0,1.0,-0.05635406,-0.05635406,0.01268656,-0.08113391,-0.009198810833333333,-0.04715524916666666
2026,False,mlp,top,manual_weak_top_label,0.6,non_overlapping,202,12,1,0.08333333333333333,1.0,0.4166666666666667,0.5833333333333333,0.0,1.0,-0.05635406,-0.05635406,0.01268656,-0.08113391,-0.009198810833333333,-0.04715524916666666
2026,False,mlp,top,manual_weak_top_label,0.7,all_signals,202,12,1,0.08333333333333333,1.0,0.4166666666666667,0.5833333333333333,0.0,1.0,-0.05635406,-0.05635406,0.01268656,-0.08113391,-0.009198810833333333,-0.04715524916666666
2026,False,mlp,top,manual_weak_top_label,0.7,non_overlapping,202,12,1,0.08333333333333333,1.0,0.4166666666666667,0.5833333333333333,0.0,1.0,-0.05635406,-0.05635406,0.01268656,-0.08113391,-0.009198810833333333,-0.04715524916666666
2026,False,qda,bottom,manual_weak_bottom_label,0.3,all_signals,192,3,3,1.0,0.6666666666666666,0.6666666666666666,0.0,1.0,0.0,0.06729197333333332,0.07243743,0.07971830666666667,-0.027099946666666666,0.06729197333333332,0.0
2026,False,qda,bottom,manual_weak_bottom_label,0.3,non_overlapping,192,3,1,0.3333333333333333,0.0,0.6666666666666666,-0.6666666666666666,1.0,0.0,0.02759668,0.02759668,0.03550104,-0.05469809,0.06729197333333332,-0.039695293333333326
2026,False,qda,bottom,manual_weak_bottom_label,0.4,all_signals,192,3,3,1.0,0.6666666666666666,0.6666666666666666,0.0,1.0,0.0,0.06729197333333332,0.07243743,0.07971830666666667,-0.027099946666666666,0.06729197333333332,0.0
2026,False,qda,bottom,manual_weak_bottom_label,0.4,non_overlapping,192,3,1,0.3333333333333333,0.0,0.6666666666666666,-0.6666666666666666,1.0,0.0,0.02759668,0.02759668,0.03550104,-0.05469809,0.06729197333333332,-0.039695293333333326
2026,False,qda,bottom,manual_weak_bottom_label,0.5,all_signals,192,3,3,1.0,0.6666666666666666,0.6666666666666666,0.0,1.0,0.0,0.06729197333333332,0.07243743,0.07971830666666667,-0.027099946666666666,0.06729197333333332,0.0
2026,False,qda,bottom,manual_weak_bottom_label,0.5,non_overlapping,192,3,1,0.3333333333333333,0.0,0.6666666666666666,-0.6666666666666666,1.0,0.0,0.02759668,0.02759668,0.03550104,-0.05469809,0.06729197333333332,-0.039695293333333326
2026,False,qda,bottom,manual_weak_bottom_label,0.6,all_signals,192,3,3,1.0,0.6666666666666666,0.6666666666666666,0.0,1.0,0.0,0.06729197333333332,0.07243743,0.07971830666666667,-0.027099946666666666,0.06729197333333332,0.0
2026,False,qda,bottom,manual_weak_bottom_label,0.6,non_overlapping,192,3,1,0.3333333333333333,0.0,0.6666666666666666,-0.6666666666666666,1.0,0.0,0.02759668,0.02759668,0.03550104,-0.05469809,0.06729197333333332,-0.039695293333333326
2026,False,qda,bottom,manual_weak_bottom_label,0.7,all_signals,192,3,3,1.0,0.6666666666666666,0.6666666666666666,0.0,1.0,0.0,0.06729197333333332,0.07243743,0.07971830666666667,-0.027099946666666666,0.06729197333333332,0.0
2026,False,qda,bottom,manual_weak_bottom_label,0.7,non_overlapping,192,3,1,0.3333333333333333,0.0,0.6666666666666666,-0.6666666666666666,1.0,0.0,0.02759668,0.02759668,0.03550104,-0.05469809,0.06729197333333332,-0.039695293333333326
2026,False,qda,top,manual_weak_top_label,0.3,all_signals,202,12,12,1.0,0.4166666666666667,0.4166666666666667,0.0,0.5,0.5,-0.009198810833333333,-0.01042539,0.03795596416666667,-0.04037191083333334,-0.009198810833333333,0.0
2026,False,qda,top,manual_weak_top_label,0.3,non_overlapping,202,12,6,0.5,0.5,0.4166666666666667,0.08333333333333331,0.6666666666666666,0.3333333333333333,-0.00013833499999999998,0.023342395,0.04244854,-0.04104071833333333,-0.009198810833333333,0.009060475833333333
2026,False,qda,top,manual_weak_top_label,0.4,all_signals,202,12,12,1.0,0.4166666666666667,0.4166666666666667,0.0,0.5,0.5,-0.009198810833333333,-0.01042539,0.03795596416666667,-0.04037191083333334,-0.009198810833333333,0.0
2026,False,qda,top,manual_weak_top_label,0.4,non_overlapping,202,12,6,0.5,0.5,0.4166666666666667,0.08333333333333331,0.6666666666666666,0.3333333333333333,-0.00013833499999999998,0.023342395,0.04244854,-0.04104071833333333,-0.009198810833333333,0.009060475833333333
2026,False,qda,top,manual_weak_top_label,0.5,all_signals,202,12,12,1.0,0.4166666666666667,0.4166666666666667,0.0,0.5,0.5,-0.009198810833333333,-0.01042539,0.03795596416666667,-0.04037191083333334,-0.009198810833333333,0.0
2026,False,qda,top,manual_weak_top_label,0.5,non_overlapping,202,12,6,0.5,0.5,0.4166666666666667,0.08333333333333331,0.6666666666666666,0.3333333333333333,-0.00013833499999999998,0.023342395,0.04244854,-0.04104071833333333,-0.009198810833333333,0.009060475833333333
2026,False,qda,top,manual_weak_top_label,0.6,all_signals,202,12,12,1.0,0.4166666666666667,0.4166666666666667,0.0,0.5,0.5,-0.009198810833333333,-0.01042539,0.03795596416666667,-0.04037191083333334,-0.009198810833333333,0.0
2026,False,qda,top,manual_weak_top_label,0.6,non_overlapping,202,12,6,0.5,0.5,0.4166666666666667,0.08333333333333331,0.6666666666666666,0.3333333333333333,-0.00013833499999999998,0.023342395,0.04244854,-0.04104071833333333,-0.009198810833333333,0.009060475833333333
2026,False,qda,top,manual_weak_top_label,0.7,all_signals,202,12,12,1.0,0.4166666666666667,0.4166666666666667,0.0,0.5,0.5,-0.009198810833333333,-0.01042539,0.03795596416666667,-0.04037191083333334,-0.009198810833333333,0.0
2026,False,qda,top,manual_weak_top_label,0.7,non_overlapping,202,12,6,0.5,0.5,0.4166666666666667,0.08333333333333331,0.6666666666666666,0.3333333333333333,-0.00013833499999999998,0.023342395,0.04244854,-0.04104071833333333,-0.009198810833333333,0.009060475833333333
2026,False,svm,bottom,manual_weak_bottom_label,0.3,all_signals,192,3,1,0.3333333333333333,1.0,0.6666666666666666,0.33333333333333337,1.0,0.0,0.10184181,0.10184181,0.12788764,0.00236287,0.06729197333333332,0.03454983666666668
2026,False,svm,bottom,manual_weak_bottom_label,0.3,non_overlapping,192,3,1,0.3333333333333333,1.0,0.6666666666666666,0.33333333333333337,1.0,0.0,0.10184181,0.10184181,0.12788764,0.00236287,0.06729197333333332,0.03454983666666668
2026,False,svm,bottom,manual_weak_bottom_label,0.4,all_signals,192,3,0,0.0,,0.6666666666666666,,,,,,,,0.06729197333333332,
2026,False,svm,bottom,manual_weak_bottom_label,0.4,non_overlapping,192,3,0,0.0,,0.6666666666666666,,,,,,,,0.06729197333333332,
2026,False,svm,bottom,manual_weak_bottom_label,0.5,all_signals,192,3,0,0.0,,0.6666666666666666,,,,,,,,0.06729197333333332,
2026,False,svm,bottom,manual_weak_bottom_label,0.5,non_overlapping,192,3,0,0.0,,0.6666666666666666,,,,,,,,0.06729197333333332,
2026,False,svm,bottom,manual_weak_bottom_label,0.6,all_signals,192,3,0,0.0,,0.6666666666666666,,,,,,,,0.06729197333333332,
2026,False,svm,bottom,manual_weak_bottom_label,0.6,non_overlapping,192,3,0,0.0,,0.6666666666666666,,,,,,,,0.06729197333333332,
2026,False,svm,bottom,manual_weak_bottom_label,0.7,all_signals,192,3,0,0.0,,0.6666666666666666,,,,,,,,0.06729197333333332,
2026,False,svm,bottom,manual_weak_bottom_label,0.7,non_overlapping,192,3,0,0.0,,0.6666666666666666,,,,,,,,0.06729197333333332,
2026,False,svm,top,manual_weak_top_label,0.3,all_signals,202,12,2,0.16666666666666666,0.5,0.4166666666666667,0.08333333333333331,1.0,0.0,0.01911024,0.019110239999999997,0.040283825,-0.031948405,-0.009198810833333333,0.028309050833333335
2026,False,svm,top,manual_weak_top_label,0.3,non_overlapping,202,12,1,0.08333333333333333,1.0,0.4166666666666667,0.5833333333333333,1.0,0.0,0.03706701,0.03706701,0.03712177,-0.03692976,-0.009198810833333333,0.04626582083333333
2026,False,svm,top,manual_weak_top_label,0.4,all_signals,202,12,0,0.0,,0.4166666666666667,,,,,,,,-0.009198810833333333,
2026,False,svm,top,manual_weak_top_label,0.4,non_overlapping,202,12,0,0.0,,0.4166666666666667,,,,,,,,-0.009198810833333333,
2026,False,svm,top,manual_weak_top_label,0.5,all_signals,202,12,0,0.0,,0.4166666666666667,,,,,,,,-0.009198810833333333,
2026,False,svm,top,manual_weak_top_label,0.5,non_overlapping,202,12,0,0.0,,0.4166666666666667,,,,,,,,-0.009198810833333333,
2026,False,svm,top,manual_weak_top_label,0.6,all_signals,202,12,0,0.0,,0.4166666666666667,,,,,,,,-0.009198810833333333,
2026,False,svm,top,manual_weak_top_label,0.6,non_overlapping,202,12,0,0.0,,0.4166666666666667,,,,,,,,-0.009198810833333333,
2026,False,svm,top,manual_weak_top_label,0.7,all_signals,202,12,0,0.0,,0.4166666666666667,,,,,,,,-0.009198810833333333,
2026,False,svm,top,manual_weak_top_label,0.7,non_overlapping,202,12,0,0.0,,0.4166666666666667,,,,,,,,-0.009198810833333333,
