test_year,year_complete,model,side,label,threshold,sample_mode,train_rows,candidate_rows,signal_count,coverage,precision,natural_precision,precision_lift,actual_up_rate,actual_down_rate,avg_future_ret_3w,median_future_ret_3w,avg_future_mfe_3w,avg_future_mae_3w,natural_avg_future_ret_3w,avg_return_lift
2021,True,bp,bottom,manual_weak_bottom_label,0.3,all_signals,115,8,3,0.375,0.0,0.25,-0.25,1.0,0.0,0.020051066666666666,0.00848884,0.06239798,-0.011103896666666667,0.034160525,-0.014109458333333331
2021,True,bp,bottom,manual_weak_bottom_label,0.3,non_overlapping,115,8,3,0.375,0.0,0.25,-0.25,1.0,0.0,0.020051066666666666,0.00848884,0.06239798,-0.011103896666666667,0.034160525,-0.014109458333333331
2021,True,bp,bottom,manual_weak_bottom_label,0.4,all_signals,115,8,2,0.25,0.0,0.25,-0.25,1.0,0.0,0.02741185,0.027411849999999998,0.077767045,-0.00877098,0.034160525,-0.006748674999999996
2021,True,bp,bottom,manual_weak_bottom_label,0.4,non_overlapping,115,8,2,0.25,0.0,0.25,-0.25,1.0,0.0,0.02741185,0.027411849999999998,0.077767045,-0.00877098,0.034160525,-0.006748674999999996
2021,True,bp,bottom,manual_weak_bottom_label,0.5,all_signals,115,8,2,0.25,0.0,0.25,-0.25,1.0,0.0,0.02741185,0.027411849999999998,0.077767045,-0.00877098,0.034160525,-0.006748674999999996
2021,True,bp,bottom,manual_weak_bottom_label,0.5,non_overlapping,115,8,2,0.25,0.0,0.25,-0.25,1.0,0.0,0.02741185,0.027411849999999998,0.077767045,-0.00877098,0.034160525,-0.006748674999999996
2021,True,bp,bottom,manual_weak_bottom_label,0.6,all_signals,115,8,1,0.125,0.0,0.25,-0.25,1.0,0.0,0.00848884,0.00848884,0.05394884,-0.01020766,0.034160525,-0.025671685
2021,True,bp,bottom,manual_weak_bottom_label,0.6,non_overlapping,115,8,1,0.125,0.0,0.25,-0.25,1.0,0.0,0.00848884,0.00848884,0.05394884,-0.01020766,0.034160525,-0.025671685
2021,True,bp,bottom,manual_weak_bottom_label,0.7,all_signals,115,8,0,0.0,,0.25,,,,,,,,0.034160525,
2021,True,bp,bottom,manual_weak_bottom_label,0.7,non_overlapping,115,8,0,0.0,,0.25,,,,,,,,0.034160525,
2021,True,bp,top,manual_weak_top_label,0.3,all_signals,104,23,3,0.13043478260869565,0.6666666666666666,0.08695652173913043,0.5797101449275361,0.0,1.0,-0.05829425333333333,-0.06645811,0.00696854,-0.0697498,0.008074103913043479,-0.06636835724637681
2021,True,bp,top,manual_weak_top_label,0.3,non_overlapping,104,23,3,0.13043478260869565,0.6666666666666666,0.08695652173913043,0.5797101449275361,0.0,1.0,-0.05829425333333333,-0.06645811,0.00696854,-0.0697498,0.008074103913043479,-0.06636835724637681
2021,True,bp,top,manual_weak_top_label,0.4,all_signals,104,23,2,0.08695652173913043,0.5,0.08695652173913043,0.41304347826086957,0.0,1.0,-0.054212325,-0.054212325000000006,0.00352795,-0.05838921,0.008074103913043479,-0.06228642891304348
2021,True,bp,top,manual_weak_top_label,0.4,non_overlapping,104,23,2,0.08695652173913043,0.5,0.08695652173913043,0.41304347826086957,0.0,1.0,-0.054212325,-0.054212325000000006,0.00352795,-0.05838921,0.008074103913043479,-0.06228642891304348
2021,True,bp,top,manual_weak_top_label,0.5,all_signals,104,23,2,0.08695652173913043,0.5,0.08695652173913043,0.41304347826086957,0.0,1.0,-0.054212325,-0.054212325000000006,0.00352795,-0.05838921,0.008074103913043479,-0.06228642891304348
2021,True,bp,top,manual_weak_top_label,0.5,non_overlapping,104,23,2,0.08695652173913043,0.5,0.08695652173913043,0.41304347826086957,0.0,1.0,-0.054212325,-0.054212325000000006,0.00352795,-0.05838921,0.008074103913043479,-0.06228642891304348
2021,True,bp,top,manual_weak_top_label,0.6,all_signals,104,23,1,0.043478260869565216,1.0,0.08695652173913043,0.9130434782608696,0.0,1.0,-0.07759736,-0.07759736,0.00632509,-0.07813916,0.008074103913043479,-0.08567146391304348
2021,True,bp,top,manual_weak_top_label,0.6,non_overlapping,104,23,1,0.043478260869565216,1.0,0.08695652173913043,0.9130434782608696,0.0,1.0,-0.07759736,-0.07759736,0.00632509,-0.07813916,0.008074103913043479,-0.08567146391304348
2021,True,bp,top,manual_weak_top_label,0.7,all_signals,104,23,1,0.043478260869565216,1.0,0.08695652173913043,0.9130434782608696,0.0,1.0,-0.07759736,-0.07759736,0.00632509,-0.07813916,0.008074103913043479,-0.08567146391304348
2021,True,bp,top,manual_weak_top_label,0.7,non_overlapping,104,23,1,0.043478260869565216,1.0,0.08695652173913043,0.9130434782608696,0.0,1.0,-0.07759736,-0.07759736,0.00632509,-0.07813916,0.008074103913043479,-0.08567146391304348
2021,True,lda,bottom,manual_weak_bottom_label,0.3,all_signals,115,8,0,0.0,,0.25,,,,,,,,0.034160525,
2021,True,lda,bottom,manual_weak_bottom_label,0.3,non_overlapping,115,8,0,0.0,,0.25,,,,,,,,0.034160525,
2021,True,lda,bottom,manual_weak_bottom_label,0.4,all_signals,115,8,0,0.0,,0.25,,,,,,,,0.034160525,
2021,True,lda,bottom,manual_weak_bottom_label,0.4,non_overlapping,115,8,0,0.0,,0.25,,,,,,,,0.034160525,
2021,True,lda,bottom,manual_weak_bottom_label,0.5,all_signals,115,8,0,0.0,,0.25,,,,,,,,0.034160525,
2021,True,lda,bottom,manual_weak_bottom_label,0.5,non_overlapping,115,8,0,0.0,,0.25,,,,,,,,0.034160525,
2021,True,lda,bottom,manual_weak_bottom_label,0.6,all_signals,115,8,0,0.0,,0.25,,,,,,,,0.034160525,
2021,True,lda,bottom,manual_weak_bottom_label,0.6,non_overlapping,115,8,0,0.0,,0.25,,,,,,,,0.034160525,
2021,True,lda,bottom,manual_weak_bottom_label,0.7,all_signals,115,8,0,0.0,,0.25,,,,,,,,0.034160525,
2021,True,lda,bottom,manual_weak_bottom_label,0.7,non_overlapping,115,8,0,0.0,,0.25,,,,,,,,0.034160525,
2021,True,lda,top,manual_weak_top_label,0.3,all_signals,104,23,3,0.13043478260869565,0.0,0.08695652173913043,-0.08695652173913043,0.6666666666666666,0.3333333333333333,0.024146043333333336,0.03511321,0.03972971,-0.03606237,0.008074103913043479,0.01607193942028986
2021,True,lda,top,manual_weak_top_label,0.3,non_overlapping,104,23,2,0.08695652173913043,0.0,0.08695652173913043,-0.08695652173913043,0.5,0.5,0.01866246,0.018662460000000002,0.04119704,-0.021044715,0.008074103913043479,0.01058835608695652
2021,True,lda,top,manual_weak_top_label,0.4,all_signals,104,23,3,0.13043478260869565,0.0,0.08695652173913043,-0.08695652173913043,0.6666666666666666,0.3333333333333333,0.024146043333333336,0.03511321,0.03972971,-0.03606237,0.008074103913043479,0.01607193942028986
2021,True,lda,top,manual_weak_top_label,0.4,non_overlapping,104,23,2,0.08695652173913043,0.0,0.08695652173913043,-0.08695652173913043,0.5,0.5,0.01866246,0.018662460000000002,0.04119704,-0.021044715,0.008074103913043479,0.01058835608695652
2021,True,lda,top,manual_weak_top_label,0.5,all_signals,104,23,3,0.13043478260869565,0.0,0.08695652173913043,-0.08695652173913043,0.6666666666666666,0.3333333333333333,0.024146043333333336,0.03511321,0.03972971,-0.03606237,0.008074103913043479,0.01607193942028986
2021,True,lda,top,manual_weak_top_label,0.5,non_overlapping,104,23,2,0.08695652173913043,0.0,0.08695652173913043,-0.08695652173913043,0.5,0.5,0.01866246,0.018662460000000002,0.04119704,-0.021044715,0.008074103913043479,0.01058835608695652
2021,True,lda,top,manual_weak_top_label,0.6,all_signals,104,23,2,0.08695652173913043,0.0,0.08695652173913043,-0.08695652173913043,1.0,0.0,0.05163271,0.05163271,0.05922916,-0.034773925,0.008074103913043479,0.04355860608695652
2021,True,lda,top,manual_weak_top_label,0.6,non_overlapping,104,23,1,0.043478260869565216,0.0,0.08695652173913043,-0.08695652173913043,1.0,0.0,0.06815221,0.06815221,0.08166327,-0.00345017,0.008074103913043479,0.060078106086956524
2021,True,lda,top,manual_weak_top_label,0.7,all_signals,104,23,2,0.08695652173913043,0.0,0.08695652173913043,-0.08695652173913043,1.0,0.0,0.05163271,0.05163271,0.05922916,-0.034773925,0.008074103913043479,0.04355860608695652
2021,True,lda,top,manual_weak_top_label,0.7,non_overlapping,104,23,1,0.043478260869565216,0.0,0.08695652173913043,-0.08695652173913043,1.0,0.0,0.06815221,0.06815221,0.08166327,-0.00345017,0.008074103913043479,0.060078106086956524
2021,True,lightgbm,bottom,manual_weak_bottom_label,0.3,all_signals,115,8,0,0.0,,0.25,,,,,,,,0.034160525,
2021,True,lightgbm,bottom,manual_weak_bottom_label,0.3,non_overlapping,115,8,0,0.0,,0.25,,,,,,,,0.034160525,
2021,True,lightgbm,bottom,manual_weak_bottom_label,0.4,all_signals,115,8,0,0.0,,0.25,,,,,,,,0.034160525,
2021,True,lightgbm,bottom,manual_weak_bottom_label,0.4,non_overlapping,115,8,0,0.0,,0.25,,,,,,,,0.034160525,
2021,True,lightgbm,bottom,manual_weak_bottom_label,0.5,all_signals,115,8,0,0.0,,0.25,,,,,,,,0.034160525,
2021,True,lightgbm,bottom,manual_weak_bottom_label,0.5,non_overlapping,115,8,0,0.0,,0.25,,,,,,,,0.034160525,
2021,True,lightgbm,bottom,manual_weak_bottom_label,0.6,all_signals,115,8,0,0.0,,0.25,,,,,,,,0.034160525,
2021,True,lightgbm,bottom,manual_weak_bottom_label,0.6,non_overlapping,115,8,0,0.0,,0.25,,,,,,,,0.034160525,
2021,True,lightgbm,bottom,manual_weak_bottom_label,0.7,all_signals,115,8,0,0.0,,0.25,,,,,,,,0.034160525,
2021,True,lightgbm,bottom,manual_weak_bottom_label,0.7,non_overlapping,115,8,0,0.0,,0.25,,,,,,,,0.034160525,
2021,True,lightgbm,top,manual_weak_top_label,0.3,all_signals,104,23,3,0.13043478260869565,0.6666666666666666,0.08695652173913043,0.5797101449275361,0.3333333333333333,0.6666666666666666,-0.027248546666666665,-0.06645811,0.028469386666666666,-0.05560217333333334,0.008074103913043479,-0.035322650579710145
2021,True,lightgbm,top,manual_weak_top_label,0.3,non_overlapping,104,23,3,0.13043478260869565,0.6666666666666666,0.08695652173913043,0.5797101449275361,0.3333333333333333,0.6666666666666666,-0.027248546666666665,-0.06645811,0.028469386666666666,-0.05560217333333334,0.008074103913043479,-0.035322650579710145
2021,True,lightgbm,top,manual_weak_top_label,0.4,all_signals,104,23,2,0.08695652173913043,1.0,0.08695652173913043,0.9130434782608696,0.0,1.0,-0.072027735,-0.07202773500000001,0.010087405,-0.08530507,0.008074103913043479,-0.08010183891304347
2021,True,lightgbm,top,manual_weak_top_label,0.4,non_overlapping,104,23,2,0.08695652173913043,1.0,0.08695652173913043,0.9130434782608696,0.0,1.0,-0.072027735,-0.07202773500000001,0.010087405,-0.08530507,0.008074103913043479,-0.08010183891304347
2021,True,lightgbm,top,manual_weak_top_label,0.5,all_signals,104,23,1,0.043478260869565216,1.0,0.08695652173913043,0.9130434782608696,0.0,1.0,-0.07759736,-0.07759736,0.00632509,-0.07813916,0.008074103913043479,-0.08567146391304348
2021,True,lightgbm,top,manual_weak_top_label,0.5,non_overlapping,104,23,1,0.043478260869565216,1.0,0.08695652173913043,0.9130434782608696,0.0,1.0,-0.07759736,-0.07759736,0.00632509,-0.07813916,0.008074103913043479,-0.08567146391304348
2021,True,lightgbm,top,manual_weak_top_label,0.6,all_signals,104,23,0,0.0,,0.08695652173913043,,,,,,,,0.008074103913043479,
2021,True,lightgbm,top,manual_weak_top_label,0.6,non_overlapping,104,23,0,0.0,,0.08695652173913043,,,,,,,,0.008074103913043479,
2021,True,lightgbm,top,manual_weak_top_label,0.7,all_signals,104,23,0,0.0,,0.08695652173913043,,,,,,,,0.008074103913043479,
2021,True,lightgbm,top,manual_weak_top_label,0.7,non_overlapping,104,23,0,0.0,,0.08695652173913043,,,,,,,,0.008074103913043479,
2021,True,logistic,bottom,manual_weak_bottom_label,0.3,all_signals,115,8,0,0.0,,0.25,,,,,,,,0.034160525,
2021,True,logistic,bottom,manual_weak_bottom_label,0.3,non_overlapping,115,8,0,0.0,,0.25,,,,,,,,0.034160525,
2021,True,logistic,bottom,manual_weak_bottom_label,0.4,all_signals,115,8,0,0.0,,0.25,,,,,,,,0.034160525,
2021,True,logistic,bottom,manual_weak_bottom_label,0.4,non_overlapping,115,8,0,0.0,,0.25,,,,,,,,0.034160525,
2021,True,logistic,bottom,manual_weak_bottom_label,0.5,all_signals,115,8,0,0.0,,0.25,,,,,,,,0.034160525,
2021,True,logistic,bottom,manual_weak_bottom_label,0.5,non_overlapping,115,8,0,0.0,,0.25,,,,,,,,0.034160525,
2021,True,logistic,bottom,manual_weak_bottom_label,0.6,all_signals,115,8,0,0.0,,0.25,,,,,,,,0.034160525,
2021,True,logistic,bottom,manual_weak_bottom_label,0.6,non_overlapping,115,8,0,0.0,,0.25,,,,,,,,0.034160525,
2021,True,logistic,bottom,manual_weak_bottom_label,0.7,all_signals,115,8,0,0.0,,0.25,,,,,,,,0.034160525,
2021,True,logistic,bottom,manual_weak_bottom_label,0.7,non_overlapping,115,8,0,0.0,,0.25,,,,,,,,0.034160525,
2021,True,logistic,top,manual_weak_top_label,0.3,all_signals,104,23,3,0.13043478260869565,0.6666666666666666,0.08695652173913043,0.5797101449275361,0.3333333333333333,0.6666666666666666,-0.025301086666666667,-0.06645811,0.033946026666666664,-0.05802010333333333,0.008074103913043479,-0.03337519057971015
2021,True,logistic,top,manual_weak_top_label,0.3,non_overlapping,104,23,3,0.13043478260869565,0.6666666666666666,0.08695652173913043,0.5797101449275361,0.3333333333333333,0.6666666666666666,-0.025301086666666667,-0.06645811,0.033946026666666664,-0.05802010333333333,0.008074103913043479,-0.03337519057971015
2021,True,logistic,top,manual_weak_top_label,0.4,all_signals,104,23,2,0.08695652173913043,0.5,0.08695652173913043,0.41304347826086957,0.5,0.5,0.00084705,0.000847050000000002,0.047756495,-0.047960575,0.008074103913043479,-0.007227053913043478
2021,True,logistic,top,manual_weak_top_label,0.4,non_overlapping,104,23,2,0.08695652173913043,0.5,0.08695652173913043,0.41304347826086957,0.5,0.5,0.00084705,0.000847050000000002,0.047756495,-0.047960575,0.008074103913043479,-0.007227053913043478
2021,True,logistic,top,manual_weak_top_label,0.5,all_signals,104,23,0,0.0,,0.08695652173913043,,,,,,,,0.008074103913043479,
2021,True,logistic,top,manual_weak_top_label,0.5,non_overlapping,104,23,0,0.0,,0.08695652173913043,,,,,,,,0.008074103913043479,
2021,True,logistic,top,manual_weak_top_label,0.6,all_signals,104,23,0,0.0,,0.08695652173913043,,,,,,,,0.008074103913043479,
2021,True,logistic,top,manual_weak_top_label,0.6,non_overlapping,104,23,0,0.0,,0.08695652173913043,,,,,,,,0.008074103913043479,
2021,True,logistic,top,manual_weak_top_label,0.7,all_signals,104,23,0,0.0,,0.08695652173913043,,,,,,,,0.008074103913043479,
2021,True,logistic,top,manual_weak_top_label,0.7,non_overlapping,104,23,0,0.0,,0.08695652173913043,,,,,,,,0.008074103913043479,
2021,True,mlp,bottom,manual_weak_bottom_label,0.3,all_signals,115,8,1,0.125,0.0,0.25,-0.25,1.0,0.0,0.04633486,0.04633486,0.10158525,-0.0073343,0.034160525,0.012174335000000001
2021,True,mlp,bottom,manual_weak_bottom_label,0.3,non_overlapping,115,8,1,0.125,0.0,0.25,-0.25,1.0,0.0,0.04633486,0.04633486,0.10158525,-0.0073343,0.034160525,0.012174335000000001
2021,True,mlp,bottom,manual_weak_bottom_label,0.4,all_signals,115,8,1,0.125,0.0,0.25,-0.25,1.0,0.0,0.04633486,0.04633486,0.10158525,-0.0073343,0.034160525,0.012174335000000001
2021,True,mlp,bottom,manual_weak_bottom_label,0.4,non_overlapping,115,8,1,0.125,0.0,0.25,-0.25,1.0,0.0,0.04633486,0.04633486,0.10158525,-0.0073343,0.034160525,0.012174335000000001
2021,True,mlp,bottom,manual_weak_bottom_label,0.5,all_signals,115,8,1,0.125,0.0,0.25,-0.25,1.0,0.0,0.04633486,0.04633486,0.10158525,-0.0073343,0.034160525,0.012174335000000001
2021,True,mlp,bottom,manual_weak_bottom_label,0.5,non_overlapping,115,8,1,0.125,0.0,0.25,-0.25,1.0,0.0,0.04633486,0.04633486,0.10158525,-0.0073343,0.034160525,0.012174335000000001
2021,True,mlp,bottom,manual_weak_bottom_label,0.6,all_signals,115,8,0,0.0,,0.25,,,,,,,,0.034160525,
2021,True,mlp,bottom,manual_weak_bottom_label,0.6,non_overlapping,115,8,0,0.0,,0.25,,,,,,,,0.034160525,
2021,True,mlp,bottom,manual_weak_bottom_label,0.7,all_signals,115,8,0,0.0,,0.25,,,,,,,,0.034160525,
2021,True,mlp,bottom,manual_weak_bottom_label,0.7,non_overlapping,115,8,0,0.0,,0.25,,,,,,,,0.034160525,
2021,True,mlp,top,manual_weak_top_label,0.3,all_signals,104,23,16,0.6956521739130435,0.0625,0.08695652173913043,-0.024456521739130432,0.75,0.25,0.012108745625,0.02253862,0.039017524375,-0.036414503125,0.008074103913043479,0.004034641711956522
2021,True,mlp,top,manual_weak_top_label,0.3,non_overlapping,104,23,7,0.30434782608695654,0.0,0.08695652173913043,-0.08695652173913043,0.8571428571428571,0.14285714285714285,0.015430068571428573,0.02645007,0.036977908571428575,-0.030854915714285714,0.008074103913043479,0.007355964658385094
2021,True,mlp,top,manual_weak_top_label,0.4,all_signals,104,23,8,0.34782608695652173,0.125,0.08695652173913043,0.03804347826086957,0.625,0.375,0.00668584125,0.02992665,0.0388421225,-0.0434502325,0.008074103913043479,-0.0013882626630434781
2021,True,mlp,top,manual_weak_top_label,0.4,non_overlapping,104,23,4,0.17391304347826086,0.25,0.08695652173913043,0.16304347826086957,0.75,0.25,0.0172105525,0.033574055,0.045670175,-0.049634075,0.008074103913043479,0.009136448586956522
2021,True,mlp,top,manual_weak_top_label,0.5,all_signals,104,23,3,0.13043478260869565,0.0,0.08695652173913043,-0.08695652173913043,0.3333333333333333,0.6666666666666666,-0.01624529,-0.03939795,0.022370576666666666,-0.07601520666666667,0.008074103913043479,-0.024319393913043476
2021,True,mlp,top,manual_weak_top_label,0.5,non_overlapping,104,23,2,0.08695652173913043,0.0,0.08695652173913043,-0.08695652173913043,0.5,0.5,-0.00193926,-0.0019392600000000017,0.0311135,-0.076983355,0.008074103913043479,-0.010013363913043478
2021,True,mlp,top,manual_weak_top_label,0.6,all_signals,104,23,0,0.0,,0.08695652173913043,,,,,,,,0.008074103913043479,
2021,True,mlp,top,manual_weak_top_label,0.6,non_overlapping,104,23,0,0.0,,0.08695652173913043,,,,,,,,0.008074103913043479,
2021,True,mlp,top,manual_weak_top_label,0.7,all_signals,104,23,0,0.0,,0.08695652173913043,,,,,,,,0.008074103913043479,
2021,True,mlp,top,manual_weak_top_label,0.7,non_overlapping,104,23,0,0.0,,0.08695652173913043,,,,,,,,0.008074103913043479,
2021,True,qda,bottom,manual_weak_bottom_label,0.3,all_signals,115,8,8,1.0,0.25,0.25,0.0,1.0,0.0,0.034160525,0.029623820000000002,0.05181736125,-0.0164593275,0.034160525,0.0
2021,True,qda,bottom,manual_weak_bottom_label,0.3,non_overlapping,115,8,5,0.625,0.2,0.25,-0.04999999999999999,1.0,0.0,0.029299684,0.02263074,0.045292636,-0.018745012,0.034160525,-0.004860840999999998
2021,True,qda,bottom,manual_weak_bottom_label,0.4,all_signals,115,8,8,1.0,0.25,0.25,0.0,1.0,0.0,0.034160525,0.029623820000000002,0.05181736125,-0.0164593275,0.034160525,0.0
2021,True,qda,bottom,manual_weak_bottom_label,0.4,non_overlapping,115,8,5,0.625,0.2,0.25,-0.04999999999999999,1.0,0.0,0.029299684,0.02263074,0.045292636,-0.018745012,0.034160525,-0.004860840999999998
2021,True,qda,bottom,manual_weak_bottom_label,0.5,all_signals,115,8,8,1.0,0.25,0.25,0.0,1.0,0.0,0.034160525,0.029623820000000002,0.05181736125,-0.0164593275,0.034160525,0.0
2021,True,qda,bottom,manual_weak_bottom_label,0.5,non_overlapping,115,8,5,0.625,0.2,0.25,-0.04999999999999999,1.0,0.0,0.029299684,0.02263074,0.045292636,-0.018745012,0.034160525,-0.004860840999999998
2021,True,qda,bottom,manual_weak_bottom_label,0.6,all_signals,115,8,8,1.0,0.25,0.25,0.0,1.0,0.0,0.034160525,0.029623820000000002,0.05181736125,-0.0164593275,0.034160525,0.0
2021,True,qda,bottom,manual_weak_bottom_label,0.6,non_overlapping,115,8,5,0.625,0.2,0.25,-0.04999999999999999,1.0,0.0,0.029299684,0.02263074,0.045292636,-0.018745012,0.034160525,-0.004860840999999998
2021,True,qda,bottom,manual_weak_bottom_label,0.7,all_signals,115,8,8,1.0,0.25,0.25,0.0,1.0,0.0,0.034160525,0.029623820000000002,0.05181736125,-0.0164593275,0.034160525,0.0
2021,True,qda,bottom,manual_weak_bottom_label,0.7,non_overlapping,115,8,5,0.625,0.2,0.25,-0.04999999999999999,1.0,0.0,0.029299684,0.02263074,0.045292636,-0.018745012,0.034160525,-0.004860840999999998
2021,True,qda,top,manual_weak_top_label,0.3,all_signals,104,23,23,1.0,0.08695652173913043,0.08695652173913043,0.0,0.6956521739130435,0.30434782608695654,0.008074103913043479,0.01672766,0.03496539956521739,-0.034376977391304346,0.008074103913043479,0.0
2021,True,qda,top,manual_weak_top_label,0.3,non_overlapping,104,23,9,0.391304347826087,0.2222222222222222,0.08695652173913043,0.13526570048309178,0.7777777777777778,0.2222222222222222,0.006167588888888889,0.01862717,0.03508798333333333,-0.029983318888888888,0.008074103913043479,-0.00190651502415459
2021,True,qda,top,manual_weak_top_label,0.4,all_signals,104,23,23,1.0,0.08695652173913043,0.08695652173913043,0.0,0.6956521739130435,0.30434782608695654,0.008074103913043479,0.01672766,0.03496539956521739,-0.034376977391304346,0.008074103913043479,0.0
2021,True,qda,top,manual_weak_top_label,0.4,non_overlapping,104,23,9,0.391304347826087,0.2222222222222222,0.08695652173913043,0.13526570048309178,0.7777777777777778,0.2222222222222222,0.006167588888888889,0.01862717,0.03508798333333333,-0.029983318888888888,0.008074103913043479,-0.00190651502415459
2021,True,qda,top,manual_weak_top_label,0.5,all_signals,104,23,23,1.0,0.08695652173913043,0.08695652173913043,0.0,0.6956521739130435,0.30434782608695654,0.008074103913043479,0.01672766,0.03496539956521739,-0.034376977391304346,0.008074103913043479,0.0
2021,True,qda,top,manual_weak_top_label,0.5,non_overlapping,104,23,9,0.391304347826087,0.2222222222222222,0.08695652173913043,0.13526570048309178,0.7777777777777778,0.2222222222222222,0.006167588888888889,0.01862717,0.03508798333333333,-0.029983318888888888,0.008074103913043479,-0.00190651502415459
2021,True,qda,top,manual_weak_top_label,0.6,all_signals,104,23,23,1.0,0.08695652173913043,0.08695652173913043,0.0,0.6956521739130435,0.30434782608695654,0.008074103913043479,0.01672766,0.03496539956521739,-0.034376977391304346,0.008074103913043479,0.0
2021,True,qda,top,manual_weak_top_label,0.6,non_overlapping,104,23,9,0.391304347826087,0.2222222222222222,0.08695652173913043,0.13526570048309178,0.7777777777777778,0.2222222222222222,0.006167588888888889,0.01862717,0.03508798333333333,-0.029983318888888888,0.008074103913043479,-0.00190651502415459
2021,True,qda,top,manual_weak_top_label,0.7,all_signals,104,23,23,1.0,0.08695652173913043,0.08695652173913043,0.0,0.6956521739130435,0.30434782608695654,0.008074103913043479,0.01672766,0.03496539956521739,-0.034376977391304346,0.008074103913043479,0.0
2021,True,qda,top,manual_weak_top_label,0.7,non_overlapping,104,23,9,0.391304347826087,0.2222222222222222,0.08695652173913043,0.13526570048309178,0.7777777777777778,0.2222222222222222,0.006167588888888889,0.01862717,0.03508798333333333,-0.029983318888888888,0.008074103913043479,-0.00190651502415459
2021,True,svm,bottom,manual_weak_bottom_label,0.3,all_signals,115,8,0,0.0,,0.25,,,,,,,,0.034160525,
2021,True,svm,bottom,manual_weak_bottom_label,0.3,non_overlapping,115,8,0,0.0,,0.25,,,,,,,,0.034160525,
2021,True,svm,bottom,manual_weak_bottom_label,0.4,all_signals,115,8,0,0.0,,0.25,,,,,,,,0.034160525,
2021,True,svm,bottom,manual_weak_bottom_label,0.4,non_overlapping,115,8,0,0.0,,0.25,,,,,,,,0.034160525,
2021,True,svm,bottom,manual_weak_bottom_label,0.5,all_signals,115,8,0,0.0,,0.25,,,,,,,,0.034160525,
2021,True,svm,bottom,manual_weak_bottom_label,0.5,non_overlapping,115,8,0,0.0,,0.25,,,,,,,,0.034160525,
2021,True,svm,bottom,manual_weak_bottom_label,0.6,all_signals,115,8,0,0.0,,0.25,,,,,,,,0.034160525,
2021,True,svm,bottom,manual_weak_bottom_label,0.6,non_overlapping,115,8,0,0.0,,0.25,,,,,,,,0.034160525,
2021,True,svm,bottom,manual_weak_bottom_label,0.7,all_signals,115,8,0,0.0,,0.25,,,,,,,,0.034160525,
2021,True,svm,bottom,manual_weak_bottom_label,0.7,non_overlapping,115,8,0,0.0,,0.25,,,,,,,,0.034160525,
2021,True,svm,top,manual_weak_top_label,0.3,all_signals,104,23,0,0.0,,0.08695652173913043,,,,,,,,0.008074103913043479,
2021,True,svm,top,manual_weak_top_label,0.3,non_overlapping,104,23,0,0.0,,0.08695652173913043,,,,,,,,0.008074103913043479,
2021,True,svm,top,manual_weak_top_label,0.4,all_signals,104,23,0,0.0,,0.08695652173913043,,,,,,,,0.008074103913043479,
2021,True,svm,top,manual_weak_top_label,0.4,non_overlapping,104,23,0,0.0,,0.08695652173913043,,,,,,,,0.008074103913043479,
2021,True,svm,top,manual_weak_top_label,0.5,all_signals,104,23,0,0.0,,0.08695652173913043,,,,,,,,0.008074103913043479,
2021,True,svm,top,manual_weak_top_label,0.5,non_overlapping,104,23,0,0.0,,0.08695652173913043,,,,,,,,0.008074103913043479,
2021,True,svm,top,manual_weak_top_label,0.6,all_signals,104,23,0,0.0,,0.08695652173913043,,,,,,,,0.008074103913043479,
2021,True,svm,top,manual_weak_top_label,0.6,non_overlapping,104,23,0,0.0,,0.08695652173913043,,,,,,,,0.008074103913043479,
2021,True,svm,top,manual_weak_top_label,0.7,all_signals,104,23,0,0.0,,0.08695652173913043,,,,,,,,0.008074103913043479,
2021,True,svm,top,manual_weak_top_label,0.7,non_overlapping,104,23,0,0.0,,0.08695652173913043,,,,,,,,0.008074103913043479,
2022,True,bp,bottom,manual_weak_bottom_label,0.3,all_signals,123,22,7,0.3181818181818182,0.2857142857142857,0.3181818181818182,-0.03246753246753248,0.5714285714285714,0.42857142857142855,0.018690104285714288,0.02953034,0.051090261428571426,-0.053982829999999996,0.0008048104545454545,0.017885293831168835
2022,True,bp,bottom,manual_weak_bottom_label,0.3,non_overlapping,123,22,4,0.18181818181818182,0.0,0.3181818181818182,-0.3181818181818182,0.25,0.75,-0.0170508675,-0.027264125,0.02527826,-0.0881227175,0.0008048104545454545,-0.017855677954545453
2022,True,bp,bottom,manual_weak_bottom_label,0.4,all_signals,123,22,6,0.2727272727272727,0.3333333333333333,0.3181818181818182,0.015151515151515138,0.6666666666666666,0.3333333333333333,0.02917215166666667,0.030028649999999997,0.056931706666666665,-0.053696603333333336,0.0008048104545454545,0.028367341212121217
2022,True,bp,bottom,manual_weak_bottom_label,0.4,non_overlapping,123,22,3,0.13636363636363635,0.0,0.3181818181818182,-0.3181818181818182,0.3333333333333333,0.6666666666666666,-0.008000430000000001,-0.01853522,0.02835715,-0.09893022666666666,0.0008048104545454545,-0.008805240454545456
2022,True,bp,bottom,manual_weak_bottom_label,0.5,all_signals,123,22,4,0.18181818181818182,0.25,0.3181818181818182,-0.06818181818181818,0.5,0.5,0.0130664725,0.0054975599999999986,0.0514728825,-0.046705425,0.0008048104545454545,0.012261662045454546
2022,True,bp,bottom,manual_weak_bottom_label,0.5,non_overlapping,123,22,3,0.13636363636363635,0.3333333333333333,0.3181818181818182,0.015151515151515138,0.3333333333333333,0.6666666666666666,0.007578516666666667,-0.01853522,0.047433350000000006,-0.05883576333333334,0.0008048104545454545,0.006773706212121212
2022,True,bp,bottom,manual_weak_bottom_label,0.6,all_signals,123,22,2,0.09090909090909091,0.5,0.3181818181818182,0.18181818181818182,0.5,0.5,0.020635385,0.020635384999999996,0.066157095,-0.05257302,0.0008048104545454545,0.019830574545454546
2022,True,bp,bottom,manual_weak_bottom_label,0.6,non_overlapping,123,22,2,0.09090909090909091,0.5,0.3181818181818182,0.18181818181818182,0.5,0.5,0.020635385,0.020635384999999996,0.066157095,-0.05257302,0.0008048104545454545,0.019830574545454546
2022,True,bp,bottom,manual_weak_bottom_label,0.7,all_signals,123,22,2,0.09090909090909091,0.5,0.3181818181818182,0.18181818181818182,0.5,0.5,0.020635385,0.020635384999999996,0.066157095,-0.05257302,0.0008048104545454545,0.019830574545454546
2022,True,bp,bottom,manual_weak_bottom_label,0.7,non_overlapping,123,22,2,0.09090909090909091,0.5,0.3181818181818182,0.18181818181818182,0.5,0.5,0.020635385,0.020635384999999996,0.066157095,-0.05257302,0.0008048104545454545,0.019830574545454546
2022,True,bp,top,manual_weak_top_label,0.3,all_signals,126,16,6,0.375,0.16666666666666666,0.1875,-0.020833333333333343,0.6666666666666666,0.3333333333333333,0.004516071666666667,0.01108354,0.037036026666666666,-0.03683134833333333,-0.0019850775,0.006501149166666668
2022,True,bp,top,manual_weak_top_label,0.3,non_overlapping,126,16,4,0.25,0.25,0.1875,0.0625,0.75,0.25,0.00653796,0.016672160000000002,0.0368286375,-0.0403709525,-0.0019850775,0.0085230375
2022,True,bp,top,manual_weak_top_label,0.4,all_signals,126,16,4,0.25,0.25,0.1875,0.0625,0.75,0.25,0.009213405,0.022023050000000002,0.04069676,-0.04046237,-0.0019850775,0.011198482499999999
2022,True,bp,top,manual_weak_top_label,0.4,non_overlapping,126,16,3,0.1875,0.3333333333333333,0.1875,0.14583333333333331,0.6666666666666666,0.3333333333333333,0.0068063966666666665,0.02761167,0.04244643,-0.04159809,-0.0019850775,0.008791474166666667
2022,True,bp,top,manual_weak_top_label,0.5,all_signals,126,16,1,0.0625,0.0,0.1875,-0.1875,1.0,0.0,0.02761167,0.02761167,0.03941888,-0.02571604,-0.0019850775,0.029596747500000003
2022,True,bp,top,manual_weak_top_label,0.5,non_overlapping,126,16,1,0.0625,0.0,0.1875,-0.1875,1.0,0.0,0.02761167,0.02761167,0.03941888,-0.02571604,-0.0019850775,0.029596747500000003
2022,True,bp,top,manual_weak_top_label,0.6,all_signals,126,16,0,0.0,,0.1875,,,,,,,,-0.0019850775,
2022,True,bp,top,manual_weak_top_label,0.6,non_overlapping,126,16,0,0.0,,0.1875,,,,,,,,-0.0019850775,
2022,True,bp,top,manual_weak_top_label,0.7,all_signals,126,16,0,0.0,,0.1875,,,,,,,,-0.0019850775,
2022,True,bp,top,manual_weak_top_label,0.7,non_overlapping,126,16,0,0.0,,0.1875,,,,,,,,-0.0019850775,
2022,True,lda,bottom,manual_weak_bottom_label,0.3,all_signals,123,22,4,0.18181818181818182,0.5,0.3181818181818182,0.18181818181818182,0.75,0.25,0.0410094475,0.05389537999999999,0.067003225,-0.06012599,0.0008048104545454545,0.040204637045454544
2022,True,lda,bottom,manual_weak_bottom_label,0.3,non_overlapping,123,22,2,0.09090909090909091,0.0,0.3181818181818182,-0.3181818181818182,0.5,0.5,-0.002733035,-0.0027330350000000017,0.037542795,-0.112714715,0.0008048104545454545,-0.0035378454545454546
2022,True,lda,bottom,manual_weak_bottom_label,0.4,all_signals,123,22,4,0.18181818181818182,0.5,0.3181818181818182,0.18181818181818182,0.75,0.25,0.0410094475,0.05389537999999999,0.067003225,-0.06012599,0.0008048104545454545,0.040204637045454544
2022,True,lda,bottom,manual_weak_bottom_label,0.4,non_overlapping,123,22,2,0.09090909090909091,0.0,0.3181818181818182,-0.3181818181818182,0.5,0.5,-0.002733035,-0.0027330350000000017,0.037542795,-0.112714715,0.0008048104545454545,-0.0035378454545454546
2022,True,lda,bottom,manual_weak_bottom_label,0.5,all_signals,123,22,4,0.18181818181818182,0.5,0.3181818181818182,0.18181818181818182,0.75,0.25,0.0410094475,0.05389537999999999,0.067003225,-0.06012599,0.0008048104545454545,0.040204637045454544
2022,True,lda,bottom,manual_weak_bottom_label,0.5,non_overlapping,123,22,2,0.09090909090909091,0.0,0.3181818181818182,-0.3181818181818182,0.5,0.5,-0.002733035,-0.0027330350000000017,0.037542795,-0.112714715,0.0008048104545454545,-0.0035378454545454546
2022,True,lda,bottom,manual_weak_bottom_label,0.6,all_signals,123,22,4,0.18181818181818182,0.5,0.3181818181818182,0.18181818181818182,0.75,0.25,0.0410094475,0.05389537999999999,0.067003225,-0.06012599,0.0008048104545454545,0.040204637045454544
2022,True,lda,bottom,manual_weak_bottom_label,0.6,non_overlapping,123,22,2,0.09090909090909091,0.0,0.3181818181818182,-0.3181818181818182,0.5,0.5,-0.002733035,-0.0027330350000000017,0.037542795,-0.112714715,0.0008048104545454545,-0.0035378454545454546
2022,True,lda,bottom,manual_weak_bottom_label,0.7,all_signals,123,22,2,0.09090909090909091,0.5,0.3181818181818182,0.18181818181818182,0.5,0.5,0.020635385,0.020635384999999996,0.066157095,-0.05257302,0.0008048104545454545,0.019830574545454546
2022,True,lda,bottom,manual_weak_bottom_label,0.7,non_overlapping,123,22,2,0.09090909090909091,0.5,0.3181818181818182,0.18181818181818182,0.5,0.5,0.020635385,0.020635384999999996,0.066157095,-0.05257302,0.0008048104545454545,0.019830574545454546
2022,True,lda,top,manual_weak_top_label,0.3,all_signals,126,16,2,0.125,0.5,0.1875,0.3125,0.5,0.5,-0.02304702,-0.02304702,0.02746929,-0.05544441,-0.0019850775,-0.0210619425
2022,True,lda,top,manual_weak_top_label,0.3,non_overlapping,126,16,1,0.0625,0.0,0.1875,-0.1875,1.0,0.0,0.01643443,0.01643443,0.03544775,-0.03705521,-0.0019850775,0.0184195075
2022,True,lda,top,manual_weak_top_label,0.4,all_signals,126,16,0,0.0,,0.1875,,,,,,,,-0.0019850775,
2022,True,lda,top,manual_weak_top_label,0.4,non_overlapping,126,16,0,0.0,,0.1875,,,,,,,,-0.0019850775,
2022,True,lda,top,manual_weak_top_label,0.5,all_signals,126,16,0,0.0,,0.1875,,,,,,,,-0.0019850775,
2022,True,lda,top,manual_weak_top_label,0.5,non_overlapping,126,16,0,0.0,,0.1875,,,,,,,,-0.0019850775,
2022,True,lda,top,manual_weak_top_label,0.6,all_signals,126,16,0,0.0,,0.1875,,,,,,,,-0.0019850775,
2022,True,lda,top,manual_weak_top_label,0.6,non_overlapping,126,16,0,0.0,,0.1875,,,,,,,,-0.0019850775,
2022,True,lda,top,manual_weak_top_label,0.7,all_signals,126,16,0,0.0,,0.1875,,,,,,,,-0.0019850775,
2022,True,lda,top,manual_weak_top_label,0.7,non_overlapping,126,16,0,0.0,,0.1875,,,,,,,,-0.0019850775,
2022,True,lightgbm,bottom,manual_weak_bottom_label,0.3,all_signals,123,22,3,0.13636363636363635,0.6666666666666666,0.3181818181818182,0.34848484848484845,1.0,0.0,0.06667694,0.0772638,0.07879532,-0.046158736666666665,0.0008048104545454545,0.06587212954545454
2022,True,lightgbm,bottom,manual_weak_bottom_label,0.3,non_overlapping,123,22,1,0.045454545454545456,0.0,0.3181818181818182,-0.3181818181818182,1.0,0.0,0.03052696,0.03052696,0.04345865,-0.12340168,0.0008048104545454545,0.029722149545454546
2022,True,lightgbm,bottom,manual_weak_bottom_label,0.4,all_signals,123,22,2,0.09090909090909091,0.5,0.3181818181818182,0.18181818181818182,1.0,0.0,0.06138351,0.06138351,0.067849355,-0.06767896,0.0008048104545454545,0.06057869954545455
2022,True,lightgbm,bottom,manual_weak_bottom_label,0.4,non_overlapping,123,22,1,0.045454545454545456,0.0,0.3181818181818182,-0.3181818181818182,1.0,0.0,0.03052696,0.03052696,0.04345865,-0.12340168,0.0008048104545454545,0.029722149545454546
2022,True,lightgbm,bottom,manual_weak_bottom_label,0.5,all_signals,123,22,1,0.045454545454545456,1.0,0.3181818181818182,0.6818181818181819,1.0,0.0,0.09224006,0.09224006,0.09224006,-0.01195624,0.0008048104545454545,0.09143524954545454
2022,True,lightgbm,bottom,manual_weak_bottom_label,0.5,non_overlapping,123,22,1,0.045454545454545456,1.0,0.3181818181818182,0.6818181818181819,1.0,0.0,0.09224006,0.09224006,0.09224006,-0.01195624,0.0008048104545454545,0.09143524954545454
2022,True,lightgbm,bottom,manual_weak_bottom_label,0.6,all_signals,123,22,0,0.0,,0.3181818181818182,,,,,,,,0.0008048104545454545,
2022,True,lightgbm,bottom,manual_weak_bottom_label,0.6,non_overlapping,123,22,0,0.0,,0.3181818181818182,,,,,,,,0.0008048104545454545,
2022,True,lightgbm,bottom,manual_weak_bottom_label,0.7,all_signals,123,22,0,0.0,,0.3181818181818182,,,,,,,,0.0008048104545454545,
2022,True,lightgbm,bottom,manual_weak_bottom_label,0.7,non_overlapping,123,22,0,0.0,,0.3181818181818182,,,,,,,,0.0008048104545454545,
2022,True,lightgbm,top,manual_weak_top_label,0.3,all_signals,126,16,1,0.0625,0.0,0.1875,-0.1875,1.0,0.0,0.00573265,0.00573265,0.01997526,-0.03668954,-0.0019850775,0.0077177275
2022,True,lightgbm,top,manual_weak_top_label,0.3,non_overlapping,126,16,1,0.0625,0.0,0.1875,-0.1875,1.0,0.0,0.00573265,0.00573265,0.01997526,-0.03668954,-0.0019850775,0.0077177275
2022,True,lightgbm,top,manual_weak_top_label,0.4,all_signals,126,16,1,0.0625,0.0,0.1875,-0.1875,1.0,0.0,0.00573265,0.00573265,0.01997526,-0.03668954,-0.0019850775,0.0077177275
2022,True,lightgbm,top,manual_weak_top_label,0.4,non_overlapping,126,16,1,0.0625,0.0,0.1875,-0.1875,1.0,0.0,0.00573265,0.00573265,0.01997526,-0.03668954,-0.0019850775,0.0077177275
2022,True,lightgbm,top,manual_weak_top_label,0.5,all_signals,126,16,0,0.0,,0.1875,,,,,,,,-0.0019850775,
2022,True,lightgbm,top,manual_weak_top_label,0.5,non_overlapping,126,16,0,0.0,,0.1875,,,,,,,,-0.0019850775,
2022,True,lightgbm,top,manual_weak_top_label,0.6,all_signals,126,16,0,0.0,,0.1875,,,,,,,,-0.0019850775,
2022,True,lightgbm,top,manual_weak_top_label,0.6,non_overlapping,126,16,0,0.0,,0.1875,,,,,,,,-0.0019850775,
2022,True,lightgbm,top,manual_weak_top_label,0.7,all_signals,126,16,0,0.0,,0.1875,,,,,,,,-0.0019850775,
2022,True,lightgbm,top,manual_weak_top_label,0.7,non_overlapping,126,16,0,0.0,,0.1875,,,,,,,,-0.0019850775,
2022,True,logistic,bottom,manual_weak_bottom_label,0.3,all_signals,123,22,3,0.13636363636363635,0.3333333333333333,0.3181818181818182,0.015151515151515138,0.6666666666666666,0.3333333333333333,0.02360037,0.02953034,0.06530189,-0.038486816666666666,0.0008048104545454545,0.022795559545454546
2022,True,logistic,bottom,manual_weak_bottom_label,0.3,non_overlapping,123,22,2,0.09090909090909091,0.5,0.3181818181818182,0.18181818181818182,1.0,0.0,0.05339707,0.05339707,0.082139365,-0.00671635,0.0008048104545454545,0.052592259545454545
2022,True,logistic,bottom,manual_weak_bottom_label,0.4,all_signals,123,22,2,0.09090909090909091,0.5,0.3181818181818182,0.18181818181818182,0.5,0.5,0.020635385,0.020635384999999996,0.066157095,-0.05257302,0.0008048104545454545,0.019830574545454546
2022,True,logistic,bottom,manual_weak_bottom_label,0.4,non_overlapping,123,22,2,0.09090909090909091,0.5,0.3181818181818182,0.18181818181818182,0.5,0.5,0.020635385,0.020635384999999996,0.066157095,-0.05257302,0.0008048104545454545,0.019830574545454546
2022,True,logistic,bottom,manual_weak_bottom_label,0.5,all_signals,123,22,1,0.045454545454545456,0.0,0.3181818181818182,-0.3181818181818182,0.0,1.0,-0.03599303,-0.03599303,0.03162694,-0.10202775,0.0008048104545454545,-0.036797840454545455
2022,True,logistic,bottom,manual_weak_bottom_label,0.5,non_overlapping,123,22,1,0.045454545454545456,0.0,0.3181818181818182,-0.3181818181818182,0.0,1.0,-0.03599303,-0.03599303,0.03162694,-0.10202775,0.0008048104545454545,-0.036797840454545455
2022,True,logistic,bottom,manual_weak_bottom_label,0.6,all_signals,123,22,1,0.045454545454545456,0.0,0.3181818181818182,-0.3181818181818182,0.0,1.0,-0.03599303,-0.03599303,0.03162694,-0.10202775,0.0008048104545454545,-0.036797840454545455
2022,True,logistic,bottom,manual_weak_bottom_label,0.6,non_overlapping,123,22,1,0.045454545454545456,0.0,0.3181818181818182,-0.3181818181818182,0.0,1.0,-0.03599303,-0.03599303,0.03162694,-0.10202775,0.0008048104545454545,-0.036797840454545455
2022,True,logistic,bottom,manual_weak_bottom_label,0.7,all_signals,123,22,1,0.045454545454545456,0.0,0.3181818181818182,-0.3181818181818182,0.0,1.0,-0.03599303,-0.03599303,0.03162694,-0.10202775,0.0008048104545454545,-0.036797840454545455
2022,True,logistic,bottom,manual_weak_bottom_label,0.7,non_overlapping,123,22,1,0.045454545454545456,0.0,0.3181818181818182,-0.3181818181818182,0.0,1.0,-0.03599303,-0.03599303,0.03162694,-0.10202775,0.0008048104545454545,-0.036797840454545455
2022,True,logistic,top,manual_weak_top_label,0.3,all_signals,126,16,3,0.1875,0.3333333333333333,0.1875,0.14583333333333331,0.6666666666666666,0.3333333333333333,-0.00616079,0.01643443,0.03145248666666667,-0.04553495333333333,-0.0019850775,-0.0041757124999999996
2022,True,logistic,top,manual_weak_top_label,0.3,non_overlapping,126,16,2,0.125,0.5,0.1875,0.3125,0.5,0.5,-0.0174584,-0.0174584,0.029454855,-0.049774825,-0.0019850775,-0.0154733225
2022,True,logistic,top,manual_weak_top_label,0.4,all_signals,126,16,3,0.1875,0.3333333333333333,0.1875,0.14583333333333331,0.6666666666666666,0.3333333333333333,-0.00616079,0.01643443,0.03145248666666667,-0.04553495333333333,-0.0019850775,-0.0041757124999999996
2022,True,logistic,top,manual_weak_top_label,0.4,non_overlapping,126,16,2,0.125,0.5,0.1875,0.3125,0.5,0.5,-0.0174584,-0.0174584,0.029454855,-0.049774825,-0.0019850775,-0.0154733225
2022,True,logistic,top,manual_weak_top_label,0.5,all_signals,126,16,2,0.125,0.5,0.1875,0.3125,0.5,0.5,-0.02304702,-0.02304702,0.02746929,-0.05544441,-0.0019850775,-0.0210619425
2022,True,logistic,top,manual_weak_top_label,0.5,non_overlapping,126,16,1,0.0625,0.0,0.1875,-0.1875,1.0,0.0,0.01643443,0.01643443,0.03544775,-0.03705521,-0.0019850775,0.0184195075
2022,True,logistic,top,manual_weak_top_label,0.6,all_signals,126,16,2,0.125,0.5,0.1875,0.3125,0.5,0.5,-0.02304702,-0.02304702,0.02746929,-0.05544441,-0.0019850775,-0.0210619425
2022,True,logistic,top,manual_weak_top_label,0.6,non_overlapping,126,16,1,0.0625,0.0,0.1875,-0.1875,1.0,0.0,0.01643443,0.01643443,0.03544775,-0.03705521,-0.0019850775,0.0184195075
2022,True,logistic,top,manual_weak_top_label,0.7,all_signals,126,16,0,0.0,,0.1875,,,,,,,,-0.0019850775,
2022,True,logistic,top,manual_weak_top_label,0.7,non_overlapping,126,16,0,0.0,,0.1875,,,,,,,,-0.0019850775,
2022,True,mlp,bottom,manual_weak_bottom_label,0.3,all_signals,123,22,1,0.045454545454545456,0.0,0.3181818181818182,-0.3181818181818182,0.0,1.0,-0.03599303,-0.03599303,0.03162694,-0.10202775,0.0008048104545454545,-0.036797840454545455
2022,True,mlp,bottom,manual_weak_bottom_label,0.3,non_overlapping,123,22,1,0.045454545454545456,0.0,0.3181818181818182,-0.3181818181818182,0.0,1.0,-0.03599303,-0.03599303,0.03162694,-0.10202775,0.0008048104545454545,-0.036797840454545455
2022,True,mlp,bottom,manual_weak_bottom_label,0.4,all_signals,123,22,0,0.0,,0.3181818181818182,,,,,,,,0.0008048104545454545,
2022,True,mlp,bottom,manual_weak_bottom_label,0.4,non_overlapping,123,22,0,0.0,,0.3181818181818182,,,,,,,,0.0008048104545454545,
2022,True,mlp,bottom,manual_weak_bottom_label,0.5,all_signals,123,22,0,0.0,,0.3181818181818182,,,,,,,,0.0008048104545454545,
2022,True,mlp,bottom,manual_weak_bottom_label,0.5,non_overlapping,123,22,0,0.0,,0.3181818181818182,,,,,,,,0.0008048104545454545,
2022,True,mlp,bottom,manual_weak_bottom_label,0.6,all_signals,123,22,0,0.0,,0.3181818181818182,,,,,,,,0.0008048104545454545,
2022,True,mlp,bottom,manual_weak_bottom_label,0.6,non_overlapping,123,22,0,0.0,,0.3181818181818182,,,,,,,,0.0008048104545454545,
2022,True,mlp,bottom,manual_weak_bottom_label,0.7,all_signals,123,22,0,0.0,,0.3181818181818182,,,,,,,,0.0008048104545454545,
2022,True,mlp,bottom,manual_weak_bottom_label,0.7,non_overlapping,123,22,0,0.0,,0.3181818181818182,,,,,,,,0.0008048104545454545,
2022,True,mlp,top,manual_weak_top_label,0.3,all_signals,126,16,6,0.375,0.5,0.1875,0.3125,0.3333333333333333,0.6666666666666666,-0.03213213166666667,-0.04456153,0.0160267,-0.05586187833333334,-0.0019850775,-0.030147054166666666
2022,True,mlp,top,manual_weak_top_label,0.3,non_overlapping,126,16,4,0.25,0.5,0.1875,0.3125,0.25,0.75,-0.034100655,-0.045980585000000004,0.0212581425,-0.0536068975,-0.0019850775,-0.0321155775
2022,True,mlp,top,manual_weak_top_label,0.4,all_signals,126,16,2,0.125,0.5,0.1875,0.3125,0.5,0.5,-0.02961414,-0.02961414,0.015291565,-0.05541742,-0.0019850775,-0.0276290625
2022,True,mlp,top,manual_weak_top_label,0.4,non_overlapping,126,16,2,0.125,0.5,0.1875,0.3125,0.5,0.5,-0.02961414,-0.02961414,0.015291565,-0.05541742,-0.0019850775,-0.0276290625
2022,True,mlp,top,manual_weak_top_label,0.5,all_signals,126,16,0,0.0,,0.1875,,,,,,,,-0.0019850775,
2022,True,mlp,top,manual_weak_top_label,0.5,non_overlapping,126,16,0,0.0,,0.1875,,,,,,,,-0.0019850775,
2022,True,mlp,top,manual_weak_top_label,0.6,all_signals,126,16,0,0.0,,0.1875,,,,,,,,-0.0019850775,
2022,True,mlp,top,manual_weak_top_label,0.6,non_overlapping,126,16,0,0.0,,0.1875,,,,,,,,-0.0019850775,
2022,True,mlp,top,manual_weak_top_label,0.7,all_signals,126,16,0,0.0,,0.1875,,,,,,,,-0.0019850775,
2022,True,mlp,top,manual_weak_top_label,0.7,non_overlapping,126,16,0,0.0,,0.1875,,,,,,,,-0.0019850775,
2022,True,qda,bottom,manual_weak_bottom_label,0.3,all_signals,123,22,22,1.0,0.3181818181818182,0.3181818181818182,0.0,0.5454545454545454,0.45454545454545453,0.0008048104545454545,0.014786775,0.04297147363636364,-0.063933425,0.0008048104545454545,0.0
2022,True,qda,bottom,manual_weak_bottom_label,0.3,non_overlapping,123,22,10,0.45454545454545453,0.3,0.3181818181818182,-0.018181818181818188,0.5,0.5,-0.004932005,-0.0038743500000000004,0.03590008,-0.06822118099999999,0.0008048104545454545,-0.005736815454545454
2022,True,qda,bottom,manual_weak_bottom_label,0.4,all_signals,123,22,22,1.0,0.3181818181818182,0.3181818181818182,0.0,0.5454545454545454,0.45454545454545453,0.0008048104545454545,0.014786775,0.04297147363636364,-0.063933425,0.0008048104545454545,0.0
2022,True,qda,bottom,manual_weak_bottom_label,0.4,non_overlapping,123,22,10,0.45454545454545453,0.3,0.3181818181818182,-0.018181818181818188,0.5,0.5,-0.004932005,-0.0038743500000000004,0.03590008,-0.06822118099999999,0.0008048104545454545,-0.005736815454545454
2022,True,qda,bottom,manual_weak_bottom_label,0.5,all_signals,123,22,22,1.0,0.3181818181818182,0.3181818181818182,0.0,0.5454545454545454,0.45454545454545453,0.0008048104545454545,0.014786775,0.04297147363636364,-0.063933425,0.0008048104545454545,0.0
2022,True,qda,bottom,manual_weak_bottom_label,0.5,non_overlapping,123,22,10,0.45454545454545453,0.3,0.3181818181818182,-0.018181818181818188,0.5,0.5,-0.004932005,-0.0038743500000000004,0.03590008,-0.06822118099999999,0.0008048104545454545,-0.005736815454545454
2022,True,qda,bottom,manual_weak_bottom_label,0.6,all_signals,123,22,22,1.0,0.3181818181818182,0.3181818181818182,0.0,0.5454545454545454,0.45454545454545453,0.0008048104545454545,0.014786775,0.04297147363636364,-0.063933425,0.0008048104545454545,0.0
2022,True,qda,bottom,manual_weak_bottom_label,0.6,non_overlapping,123,22,10,0.45454545454545453,0.3,0.3181818181818182,-0.018181818181818188,0.5,0.5,-0.004932005,-0.0038743500000000004,0.03590008,-0.06822118099999999,0.0008048104545454545,-0.005736815454545454
2022,True,qda,bottom,manual_weak_bottom_label,0.7,all_signals,123,22,22,1.0,0.3181818181818182,0.3181818181818182,0.0,0.5454545454545454,0.45454545454545453,0.0008048104545454545,0.014786775,0.04297147363636364,-0.063933425,0.0008048104545454545,0.0
2022,True,qda,bottom,manual_weak_bottom_label,0.7,non_overlapping,123,22,10,0.45454545454545453,0.3,0.3181818181818182,-0.018181818181818188,0.5,0.5,-0.004932005,-0.0038743500000000004,0.03590008,-0.06822118099999999,0.0008048104545454545,-0.005736815454545454
2022,True,qda,top,manual_weak_top_label,0.3,all_signals,126,16,16,1.0,0.1875,0.1875,0.0,0.5625,0.4375,-0.0019850775,0.00451642,0.0307305025,-0.0390637625,-0.0019850775,0.0
2022,True,qda,top,manual_weak_top_label,0.3,non_overlapping,126,16,6,0.375,0.16666666666666666,0.1875,-0.020833333333333343,0.3333333333333333,0.6666666666666666,-0.003939753333333333,-0.01343173,0.03514235166666667,-0.029202311666666664,-0.0019850775,-0.001954675833333333
2022,True,qda,top,manual_weak_top_label,0.4,all_signals,126,16,16,1.0,0.1875,0.1875,0.0,0.5625,0.4375,-0.0019850775,0.00451642,0.0307305025,-0.0390637625,-0.0019850775,0.0
2022,True,qda,top,manual_weak_top_label,0.4,non_overlapping,126,16,6,0.375,0.16666666666666666,0.1875,-0.020833333333333343,0.3333333333333333,0.6666666666666666,-0.003939753333333333,-0.01343173,0.03514235166666667,-0.029202311666666664,-0.0019850775,-0.001954675833333333
2022,True,qda,top,manual_weak_top_label,0.5,all_signals,126,16,16,1.0,0.1875,0.1875,0.0,0.5625,0.4375,-0.0019850775,0.00451642,0.0307305025,-0.0390637625,-0.0019850775,0.0
2022,True,qda,top,manual_weak_top_label,0.5,non_overlapping,126,16,6,0.375,0.16666666666666666,0.1875,-0.020833333333333343,0.3333333333333333,0.6666666666666666,-0.003939753333333333,-0.01343173,0.03514235166666667,-0.029202311666666664,-0.0019850775,-0.001954675833333333
2022,True,qda,top,manual_weak_top_label,0.6,all_signals,126,16,16,1.0,0.1875,0.1875,0.0,0.5625,0.4375,-0.0019850775,0.00451642,0.0307305025,-0.0390637625,-0.0019850775,0.0
2022,True,qda,top,manual_weak_top_label,0.6,non_overlapping,126,16,6,0.375,0.16666666666666666,0.1875,-0.020833333333333343,0.3333333333333333,0.6666666666666666,-0.003939753333333333,-0.01343173,0.03514235166666667,-0.029202311666666664,-0.0019850775,-0.001954675833333333
2022,True,qda,top,manual_weak_top_label,0.7,all_signals,126,16,16,1.0,0.1875,0.1875,0.0,0.5625,0.4375,-0.0019850775,0.00451642,0.0307305025,-0.0390637625,-0.0019850775,0.0
2022,True,qda,top,manual_weak_top_label,0.7,non_overlapping,126,16,6,0.375,0.16666666666666666,0.1875,-0.020833333333333343,0.3333333333333333,0.6666666666666666,-0.003939753333333333,-0.01343173,0.03514235166666667,-0.029202311666666664,-0.0019850775,-0.001954675833333333
2022,True,svm,bottom,manual_weak_bottom_label,0.3,all_signals,123,22,1,0.045454545454545456,0.0,0.3181818181818182,-0.3181818181818182,0.0,1.0,-0.03599303,-0.03599303,0.03162694,-0.10202775,0.0008048104545454545,-0.036797840454545455
2022,True,svm,bottom,manual_weak_bottom_label,0.3,non_overlapping,123,22,1,0.045454545454545456,0.0,0.3181818181818182,-0.3181818181818182,0.0,1.0,-0.03599303,-0.03599303,0.03162694,-0.10202775,0.0008048104545454545,-0.036797840454545455
2022,True,svm,bottom,manual_weak_bottom_label,0.4,all_signals,123,22,0,0.0,,0.3181818181818182,,,,,,,,0.0008048104545454545,
2022,True,svm,bottom,manual_weak_bottom_label,0.4,non_overlapping,123,22,0,0.0,,0.3181818181818182,,,,,,,,0.0008048104545454545,
2022,True,svm,bottom,manual_weak_bottom_label,0.5,all_signals,123,22,0,0.0,,0.3181818181818182,,,,,,,,0.0008048104545454545,
2022,True,svm,bottom,manual_weak_bottom_label,0.5,non_overlapping,123,22,0,0.0,,0.3181818181818182,,,,,,,,0.0008048104545454545,
2022,True,svm,bottom,manual_weak_bottom_label,0.6,all_signals,123,22,0,0.0,,0.3181818181818182,,,,,,,,0.0008048104545454545,
2022,True,svm,bottom,manual_weak_bottom_label,0.6,non_overlapping,123,22,0,0.0,,0.3181818181818182,,,,,,,,0.0008048104545454545,
2022,True,svm,bottom,manual_weak_bottom_label,0.7,all_signals,123,22,0,0.0,,0.3181818181818182,,,,,,,,0.0008048104545454545,
2022,True,svm,bottom,manual_weak_bottom_label,0.7,non_overlapping,123,22,0,0.0,,0.3181818181818182,,,,,,,,0.0008048104545454545,
2022,True,svm,top,manual_weak_top_label,0.3,all_signals,126,16,0,0.0,,0.1875,,,,,,,,-0.0019850775,
2022,True,svm,top,manual_weak_top_label,0.3,non_overlapping,126,16,0,0.0,,0.1875,,,,,,,,-0.0019850775,
2022,True,svm,top,manual_weak_top_label,0.4,all_signals,126,16,0,0.0,,0.1875,,,,,,,,-0.0019850775,
2022,True,svm,top,manual_weak_top_label,0.4,non_overlapping,126,16,0,0.0,,0.1875,,,,,,,,-0.0019850775,
2022,True,svm,top,manual_weak_top_label,0.5,all_signals,126,16,0,0.0,,0.1875,,,,,,,,-0.0019850775,
2022,True,svm,top,manual_weak_top_label,0.5,non_overlapping,126,16,0,0.0,,0.1875,,,,,,,,-0.0019850775,
2022,True,svm,top,manual_weak_top_label,0.6,all_signals,126,16,0,0.0,,0.1875,,,,,,,,-0.0019850775,
2022,True,svm,top,manual_weak_top_label,0.6,non_overlapping,126,16,0,0.0,,0.1875,,,,,,,,-0.0019850775,
2022,True,svm,top,manual_weak_top_label,0.7,all_signals,126,16,0,0.0,,0.1875,,,,,,,,-0.0019850775,
2022,True,svm,top,manual_weak_top_label,0.7,non_overlapping,126,16,0,0.0,,0.1875,,,,,,,,-0.0019850775,
2023,True,bp,bottom,manual_weak_bottom_label,0.3,all_signals,144,17,16,0.9411764705882353,0.0,0.058823529411764705,-0.058823529411764705,0.375,0.625,-0.003676271875,-0.006208505,0.020264115,-0.031875745,-0.0002588494117647059,-0.003417422463235294
2023,True,bp,bottom,manual_weak_bottom_label,0.3,non_overlapping,144,17,8,0.47058823529411764,0.0,0.058823529411764705,-0.058823529411764705,0.25,0.75,-0.00991446625,-0.01343542,0.020648655,-0.03348491375,-0.0002588494117647059,-0.009655616838235294
2023,True,bp,bottom,manual_weak_bottom_label,0.4,all_signals,144,17,15,0.8823529411764706,0.0,0.058823529411764705,-0.058823529411764705,0.4,0.6,-0.002913434,-0.00385793,0.019945404666666666,-0.032992872,-0.0002588494117647059,-0.002654584588235294
2023,True,bp,bottom,manual_weak_bottom_label,0.4,non_overlapping,144,17,7,0.4117647058823529,0.0,0.058823529411764705,-0.058823529411764705,0.2857142857142857,0.7142857142857143,-0.009170984285714287,-0.011752,0.02002063857142857,-0.036108638571428577,-0.0002588494117647059,-0.008912134873949581
2023,True,bp,bottom,manual_weak_bottom_label,0.5,all_signals,144,17,8,0.47058823529411764,0.0,0.058823529411764705,-0.058823529411764705,0.375,0.625,-0.0066644175,-0.006208505,0.0165573325,-0.03150267,-0.0002588494117647059,-0.0064055680882352944
2023,True,bp,bottom,manual_weak_bottom_label,0.5,non_overlapping,144,17,3,0.17647058823529413,0.0,0.058823529411764705,-0.058823529411764705,1.0,0.0,0.01610257,0.01382126,0.025756903333333334,-0.012591043333333335,-0.0002588494117647059,0.016361419411764708
2023,True,bp,bottom,manual_weak_bottom_label,0.6,all_signals,144,17,3,0.17647058823529413,0.0,0.058823529411764705,-0.058823529411764705,0.6666666666666666,0.3333333333333333,0.010209506666666666,0.00046109,0.02641903666666667,-0.01669551,-0.0002588494117647059,0.010468356078431372
2023,True,bp,bottom,manual_weak_bottom_label,0.6,non_overlapping,144,17,2,0.11764705882352941,0.0,0.058823529411764705,-0.058823529411764705,1.0,0.0,0.017243225,0.017243224999999997,0.03063452,-0.01035704,-0.0002588494117647059,0.017502074411764705
2023,True,bp,bottom,manual_weak_bottom_label,0.7,all_signals,144,17,0,0.0,,0.058823529411764705,,,,,,,,-0.0002588494117647059,
2023,True,bp,bottom,manual_weak_bottom_label,0.7,non_overlapping,144,17,0,0.0,,0.058823529411764705,,,,,,,,-0.0002588494117647059,
2023,True,bp,top,manual_weak_top_label,0.3,all_signals,143,6,0,0.0,,0.0,,,,,,,,-0.016364596666666665,
2023,True,bp,top,manual_weak_top_label,0.3,non_overlapping,143,6,0,0.0,,0.0,,,,,,,,-0.016364596666666665,
2023,True,bp,top,manual_weak_top_label,0.4,all_signals,143,6,0,0.0,,0.0,,,,,,,,-0.016364596666666665,
2023,True,bp,top,manual_weak_top_label,0.4,non_overlapping,143,6,0,0.0,,0.0,,,,,,,,-0.016364596666666665,
2023,True,bp,top,manual_weak_top_label,0.5,all_signals,143,6,0,0.0,,0.0,,,,,,,,-0.016364596666666665,
2023,True,bp,top,manual_weak_top_label,0.5,non_overlapping,143,6,0,0.0,,0.0,,,,,,,,-0.016364596666666665,
2023,True,bp,top,manual_weak_top_label,0.6,all_signals,143,6,0,0.0,,0.0,,,,,,,,-0.016364596666666665,
2023,True,bp,top,manual_weak_top_label,0.6,non_overlapping,143,6,0,0.0,,0.0,,,,,,,,-0.016364596666666665,
2023,True,bp,top,manual_weak_top_label,0.7,all_signals,143,6,0,0.0,,0.0,,,,,,,,-0.016364596666666665,
2023,True,bp,top,manual_weak_top_label,0.7,non_overlapping,143,6,0,0.0,,0.0,,,,,,,,-0.016364596666666665,
2023,True,lda,bottom,manual_weak_bottom_label,0.3,all_signals,144,17,5,0.29411764705882354,0.0,0.058823529411764705,-0.058823529411764705,0.4,0.6,-0.001849282,-0.00385793,0.019956194,-0.030277352,-0.0002588494117647059,-0.0015904325882352942
2023,True,lda,bottom,manual_weak_bottom_label,0.3,non_overlapping,144,17,2,0.11764705882352941,0.0,0.058823529411764705,-0.058823529411764705,0.0,1.0,-0.019937465,-0.019937465,0.01026193,-0.050650115,-0.0002588494117647059,-0.019678615588235297
2023,True,lda,bottom,manual_weak_bottom_label,0.4,all_signals,144,17,5,0.29411764705882354,0.0,0.058823529411764705,-0.058823529411764705,0.4,0.6,-0.001849282,-0.00385793,0.019956194,-0.030277352,-0.0002588494117647059,-0.0015904325882352942
2023,True,lda,bottom,manual_weak_bottom_label,0.4,non_overlapping,144,17,2,0.11764705882352941,0.0,0.058823529411764705,-0.058823529411764705,0.0,1.0,-0.019937465,-0.019937465,0.01026193,-0.050650115,-0.0002588494117647059,-0.019678615588235297
2023,True,lda,bottom,manual_weak_bottom_label,0.5,all_signals,144,17,5,0.29411764705882354,0.0,0.058823529411764705,-0.058823529411764705,0.4,0.6,-0.001849282,-0.00385793,0.019956194,-0.030277352,-0.0002588494117647059,-0.0015904325882352942
2023,True,lda,bottom,manual_weak_bottom_label,0.5,non_overlapping,144,17,2,0.11764705882352941,0.0,0.058823529411764705,-0.058823529411764705,0.0,1.0,-0.019937465,-0.019937465,0.01026193,-0.050650115,-0.0002588494117647059,-0.019678615588235297
2023,True,lda,bottom,manual_weak_bottom_label,0.6,all_signals,144,17,4,0.23529411764705882,0.0,0.058823529411764705,-0.058823529411764705,0.5,0.5,0.00551736,-0.00169842,0.02411494,-0.020051965,-0.0002588494117647059,0.005776209411764706
2023,True,lda,bottom,manual_weak_bottom_label,0.6,non_overlapping,144,17,2,0.11764705882352941,0.0,0.058823529411764705,-0.058823529411764705,1.0,0.0,0.017243225,0.017243224999999997,0.03063452,-0.01035704,-0.0002588494117647059,0.017502074411764705
2023,True,lda,bottom,manual_weak_bottom_label,0.7,all_signals,144,17,4,0.23529411764705882,0.0,0.058823529411764705,-0.058823529411764705,0.5,0.5,0.00551736,-0.00169842,0.02411494,-0.020051965,-0.0002588494117647059,0.005776209411764706
2023,True,lda,bottom,manual_weak_bottom_label,0.7,non_overlapping,144,17,2,0.11764705882352941,0.0,0.058823529411764705,-0.058823529411764705,1.0,0.0,0.017243225,0.017243224999999997,0.03063452,-0.01035704,-0.0002588494117647059,0.017502074411764705
2023,True,lda,top,manual_weak_top_label,0.3,all_signals,143,6,0,0.0,,0.0,,,,,,,,-0.016364596666666665,
2023,True,lda,top,manual_weak_top_label,0.3,non_overlapping,143,6,0,0.0,,0.0,,,,,,,,-0.016364596666666665,
2023,True,lda,top,manual_weak_top_label,0.4,all_signals,143,6,0,0.0,,0.0,,,,,,,,-0.016364596666666665,
2023,True,lda,top,manual_weak_top_label,0.4,non_overlapping,143,6,0,0.0,,0.0,,,,,,,,-0.016364596666666665,
2023,True,lda,top,manual_weak_top_label,0.5,all_signals,143,6,0,0.0,,0.0,,,,,,,,-0.016364596666666665,
2023,True,lda,top,manual_weak_top_label,0.5,non_overlapping,143,6,0,0.0,,0.0,,,,,,,,-0.016364596666666665,
2023,True,lda,top,manual_weak_top_label,0.6,all_signals,143,6,0,0.0,,0.0,,,,,,,,-0.016364596666666665,
2023,True,lda,top,manual_weak_top_label,0.6,non_overlapping,143,6,0,0.0,,0.0,,,,,,,,-0.016364596666666665,
2023,True,lda,top,manual_weak_top_label,0.7,all_signals,143,6,0,0.0,,0.0,,,,,,,,-0.016364596666666665,
2023,True,lda,top,manual_weak_top_label,0.7,non_overlapping,143,6,0,0.0,,0.0,,,,,,,,-0.016364596666666665,
2023,True,lightgbm,bottom,manual_weak_bottom_label,0.3,all_signals,144,17,1,0.058823529411764705,0.0,0.058823529411764705,-0.058823529411764705,0.0,1.0,-0.02780232,-0.02780232,0.02750619,-0.04735809,-0.0002588494117647059,-0.027543470588235294
2023,True,lightgbm,bottom,manual_weak_bottom_label,0.3,non_overlapping,144,17,1,0.058823529411764705,0.0,0.058823529411764705,-0.058823529411764705,0.0,1.0,-0.02780232,-0.02780232,0.02750619,-0.04735809,-0.0002588494117647059,-0.027543470588235294
2023,True,lightgbm,bottom,manual_weak_bottom_label,0.4,all_signals,144,17,1,0.058823529411764705,0.0,0.058823529411764705,-0.058823529411764705,0.0,1.0,-0.02780232,-0.02780232,0.02750619,-0.04735809,-0.0002588494117647059,-0.027543470588235294
2023,True,lightgbm,bottom,manual_weak_bottom_label,0.4,non_overlapping,144,17,1,0.058823529411764705,0.0,0.058823529411764705,-0.058823529411764705,0.0,1.0,-0.02780232,-0.02780232,0.02750619,-0.04735809,-0.0002588494117647059,-0.027543470588235294
2023,True,lightgbm,bottom,manual_weak_bottom_label,0.5,all_signals,144,17,0,0.0,,0.058823529411764705,,,,,,,,-0.0002588494117647059,
2023,True,lightgbm,bottom,manual_weak_bottom_label,0.5,non_overlapping,144,17,0,0.0,,0.058823529411764705,,,,,,,,-0.0002588494117647059,
2023,True,lightgbm,bottom,manual_weak_bottom_label,0.6,all_signals,144,17,0,0.0,,0.058823529411764705,,,,,,,,-0.0002588494117647059,
2023,True,lightgbm,bottom,manual_weak_bottom_label,0.6,non_overlapping,144,17,0,0.0,,0.058823529411764705,,,,,,,,-0.0002588494117647059,
2023,True,lightgbm,bottom,manual_weak_bottom_label,0.7,all_signals,144,17,0,0.0,,0.058823529411764705,,,,,,,,-0.0002588494117647059,
2023,True,lightgbm,bottom,manual_weak_bottom_label,0.7,non_overlapping,144,17,0,0.0,,0.058823529411764705,,,,,,,,-0.0002588494117647059,
2023,True,lightgbm,top,manual_weak_top_label,0.3,all_signals,143,6,1,0.16666666666666666,0.0,0.0,0.0,0.0,1.0,-0.03001617,-0.03001617,0.01098444,-0.03846649,-0.016364596666666665,-0.013651573333333333
2023,True,lightgbm,top,manual_weak_top_label,0.3,non_overlapping,143,6,1,0.16666666666666666,0.0,0.0,0.0,0.0,1.0,-0.03001617,-0.03001617,0.01098444,-0.03846649,-0.016364596666666665,-0.013651573333333333
2023,True,lightgbm,top,manual_weak_top_label,0.4,all_signals,143,6,0,0.0,,0.0,,,,,,,,-0.016364596666666665,
2023,True,lightgbm,top,manual_weak_top_label,0.4,non_overlapping,143,6,0,0.0,,0.0,,,,,,,,-0.016364596666666665,
2023,True,lightgbm,top,manual_weak_top_label,0.5,all_signals,143,6,0,0.0,,0.0,,,,,,,,-0.016364596666666665,
2023,True,lightgbm,top,manual_weak_top_label,0.5,non_overlapping,143,6,0,0.0,,0.0,,,,,,,,-0.016364596666666665,
2023,True,lightgbm,top,manual_weak_top_label,0.6,all_signals,143,6,0,0.0,,0.0,,,,,,,,-0.016364596666666665,
2023,True,lightgbm,top,manual_weak_top_label,0.6,non_overlapping,143,6,0,0.0,,0.0,,,,,,,,-0.016364596666666665,
2023,True,lightgbm,top,manual_weak_top_label,0.7,all_signals,143,6,0,0.0,,0.0,,,,,,,,-0.016364596666666665,
2023,True,lightgbm,top,manual_weak_top_label,0.7,non_overlapping,143,6,0,0.0,,0.0,,,,,,,,-0.016364596666666665,
2023,True,logistic,bottom,manual_weak_bottom_label,0.3,all_signals,144,17,3,0.17647058823529413,0.0,0.058823529411764705,-0.058823529411764705,0.3333333333333333,0.6666666666666666,0.007202783333333333,-0.00385793,0.030624126666666668,-0.018191873333333334,-0.0002588494117647059,0.007461632745098039
2023,True,logistic,bottom,manual_weak_bottom_label,0.3,non_overlapping,144,17,1,0.058823529411764705,0.0,0.058823529411764705,-0.058823529411764705,1.0,0.0,0.03402536,0.03402536,0.05668166,0.00491816,-0.0002588494117647059,0.0342842094117647
2023,True,logistic,bottom,manual_weak_bottom_label,0.4,all_signals,144,17,3,0.17647058823529413,0.0,0.058823529411764705,-0.058823529411764705,0.3333333333333333,0.6666666666666666,0.007202783333333333,-0.00385793,0.030624126666666668,-0.018191873333333334,-0.0002588494117647059,0.007461632745098039
2023,True,logistic,bottom,manual_weak_bottom_label,0.4,non_overlapping,144,17,1,0.058823529411764705,0.0,0.058823529411764705,-0.058823529411764705,1.0,0.0,0.03402536,0.03402536,0.05668166,0.00491816,-0.0002588494117647059,0.0342842094117647
2023,True,logistic,bottom,manual_weak_bottom_label,0.5,all_signals,144,17,3,0.17647058823529413,0.0,0.058823529411764705,-0.058823529411764705,0.3333333333333333,0.6666666666666666,0.007202783333333333,-0.00385793,0.030624126666666668,-0.018191873333333334,-0.0002588494117647059,0.007461632745098039
2023,True,logistic,bottom,manual_weak_bottom_label,0.5,non_overlapping,144,17,1,0.058823529411764705,0.0,0.058823529411764705,-0.058823529411764705,1.0,0.0,0.03402536,0.03402536,0.05668166,0.00491816,-0.0002588494117647059,0.0342842094117647
2023,True,logistic,bottom,manual_weak_bottom_label,0.6,all_signals,144,17,1,0.058823529411764705,0.0,0.058823529411764705,-0.058823529411764705,0.0,1.0,-0.00385793,-0.00385793,0.01798807,-0.02937245,-0.0002588494117647059,-0.003599080588235294
2023,True,logistic,bottom,manual_weak_bottom_label,0.6,non_overlapping,144,17,1,0.058823529411764705,0.0,0.058823529411764705,-0.058823529411764705,0.0,1.0,-0.00385793,-0.00385793,0.01798807,-0.02937245,-0.0002588494117647059,-0.003599080588235294
2023,True,logistic,bottom,manual_weak_bottom_label,0.7,all_signals,144,17,1,0.058823529411764705,0.0,0.058823529411764705,-0.058823529411764705,0.0,1.0,-0.00385793,-0.00385793,0.01798807,-0.02937245,-0.0002588494117647059,-0.003599080588235294
2023,True,logistic,bottom,manual_weak_bottom_label,0.7,non_overlapping,144,17,1,0.058823529411764705,0.0,0.058823529411764705,-0.058823529411764705,0.0,1.0,-0.00385793,-0.00385793,0.01798807,-0.02937245,-0.0002588494117647059,-0.003599080588235294
2023,True,logistic,top,manual_weak_top_label,0.3,all_signals,143,6,0,0.0,,0.0,,,,,,,,-0.016364596666666665,
2023,True,logistic,top,manual_weak_top_label,0.3,non_overlapping,143,6,0,0.0,,0.0,,,,,,,,-0.016364596666666665,
2023,True,logistic,top,manual_weak_top_label,0.4,all_signals,143,6,0,0.0,,0.0,,,,,,,,-0.016364596666666665,
2023,True,logistic,top,manual_weak_top_label,0.4,non_overlapping,143,6,0,0.0,,0.0,,,,,,,,-0.016364596666666665,
2023,True,logistic,top,manual_weak_top_label,0.5,all_signals,143,6,0,0.0,,0.0,,,,,,,,-0.016364596666666665,
2023,True,logistic,top,manual_weak_top_label,0.5,non_overlapping,143,6,0,0.0,,0.0,,,,,,,,-0.016364596666666665,
2023,True,logistic,top,manual_weak_top_label,0.6,all_signals,143,6,0,0.0,,0.0,,,,,,,,-0.016364596666666665,
2023,True,logistic,top,manual_weak_top_label,0.6,non_overlapping,143,6,0,0.0,,0.0,,,,,,,,-0.016364596666666665,
2023,True,logistic,top,manual_weak_top_label,0.7,all_signals,143,6,0,0.0,,0.0,,,,,,,,-0.016364596666666665,
2023,True,logistic,top,manual_weak_top_label,0.7,non_overlapping,143,6,0,0.0,,0.0,,,,,,,,-0.016364596666666665,
2023,True,mlp,bottom,manual_weak_bottom_label,0.3,all_signals,144,17,0,0.0,,0.058823529411764705,,,,,,,,-0.0002588494117647059,
2023,True,mlp,bottom,manual_weak_bottom_label,0.3,non_overlapping,144,17,0,0.0,,0.058823529411764705,,,,,,,,-0.0002588494117647059,
2023,True,mlp,bottom,manual_weak_bottom_label,0.4,all_signals,144,17,0,0.0,,0.058823529411764705,,,,,,,,-0.0002588494117647059,
2023,True,mlp,bottom,manual_weak_bottom_label,0.4,non_overlapping,144,17,0,0.0,,0.058823529411764705,,,,,,,,-0.0002588494117647059,
2023,True,mlp,bottom,manual_weak_bottom_label,0.5,all_signals,144,17,0,0.0,,0.058823529411764705,,,,,,,,-0.0002588494117647059,
2023,True,mlp,bottom,manual_weak_bottom_label,0.5,non_overlapping,144,17,0,0.0,,0.058823529411764705,,,,,,,,-0.0002588494117647059,
2023,True,mlp,bottom,manual_weak_bottom_label,0.6,all_signals,144,17,0,0.0,,0.058823529411764705,,,,,,,,-0.0002588494117647059,
2023,True,mlp,bottom,manual_weak_bottom_label,0.6,non_overlapping,144,17,0,0.0,,0.058823529411764705,,,,,,,,-0.0002588494117647059,
2023,True,mlp,bottom,manual_weak_bottom_label,0.7,all_signals,144,17,0,0.0,,0.058823529411764705,,,,,,,,-0.0002588494117647059,
2023,True,mlp,bottom,manual_weak_bottom_label,0.7,non_overlapping,144,17,0,0.0,,0.058823529411764705,,,,,,,,-0.0002588494117647059,
2023,True,mlp,top,manual_weak_top_label,0.3,all_signals,143,6,0,0.0,,0.0,,,,,,,,-0.016364596666666665,
2023,True,mlp,top,manual_weak_top_label,0.3,non_overlapping,143,6,0,0.0,,0.0,,,,,,,,-0.016364596666666665,
2023,True,mlp,top,manual_weak_top_label,0.4,all_signals,143,6,0,0.0,,0.0,,,,,,,,-0.016364596666666665,
2023,True,mlp,top,manual_weak_top_label,0.4,non_overlapping,143,6,0,0.0,,0.0,,,,,,,,-0.016364596666666665,
2023,True,mlp,top,manual_weak_top_label,0.5,all_signals,143,6,0,0.0,,0.0,,,,,,,,-0.016364596666666665,
2023,True,mlp,top,manual_weak_top_label,0.5,non_overlapping,143,6,0,0.0,,0.0,,,,,,,,-0.016364596666666665,
2023,True,mlp,top,manual_weak_top_label,0.6,all_signals,143,6,0,0.0,,0.0,,,,,,,,-0.016364596666666665,
2023,True,mlp,top,manual_weak_top_label,0.6,non_overlapping,143,6,0,0.0,,0.0,,,,,,,,-0.016364596666666665,
2023,True,mlp,top,manual_weak_top_label,0.7,all_signals,143,6,0,0.0,,0.0,,,,,,,,-0.016364596666666665,
2023,True,mlp,top,manual_weak_top_label,0.7,non_overlapping,143,6,0,0.0,,0.0,,,,,,,,-0.016364596666666665,
2023,True,qda,bottom,manual_weak_bottom_label,0.3,all_signals,144,17,17,1.0,0.058823529411764705,0.058823529411764705,0.0,0.4117647058823529,0.5882352941176471,-0.0002588494117647059,-0.00385793,0.023011038823529412,-0.03163664647058823,-0.0002588494117647059,0.0
2023,True,qda,bottom,manual_weak_bottom_label,0.3,non_overlapping,144,17,8,0.47058823529411764,0.125,0.058823529411764705,0.0661764705882353,0.25,0.75,-0.0090813325,-0.01343542,0.022303585,-0.03629726375,-0.0002588494117647059,-0.008822483088235295
2023,True,qda,bottom,manual_weak_bottom_label,0.4,all_signals,144,17,17,1.0,0.058823529411764705,0.058823529411764705,0.0,0.4117647058823529,0.5882352941176471,-0.0002588494117647059,-0.00385793,0.023011038823529412,-0.03163664647058823,-0.0002588494117647059,0.0
2023,True,qda,bottom,manual_weak_bottom_label,0.4,non_overlapping,144,17,8,0.47058823529411764,0.125,0.058823529411764705,0.0661764705882353,0.25,0.75,-0.0090813325,-0.01343542,0.022303585,-0.03629726375,-0.0002588494117647059,-0.008822483088235295
2023,True,qda,bottom,manual_weak_bottom_label,0.5,all_signals,144,17,17,1.0,0.058823529411764705,0.058823529411764705,0.0,0.4117647058823529,0.5882352941176471,-0.0002588494117647059,-0.00385793,0.023011038823529412,-0.03163664647058823,-0.0002588494117647059,0.0
2023,True,qda,bottom,manual_weak_bottom_label,0.5,non_overlapping,144,17,8,0.47058823529411764,0.125,0.058823529411764705,0.0661764705882353,0.25,0.75,-0.0090813325,-0.01343542,0.022303585,-0.03629726375,-0.0002588494117647059,-0.008822483088235295
2023,True,qda,bottom,manual_weak_bottom_label,0.6,all_signals,144,17,17,1.0,0.058823529411764705,0.058823529411764705,0.0,0.4117647058823529,0.5882352941176471,-0.0002588494117647059,-0.00385793,0.023011038823529412,-0.03163664647058823,-0.0002588494117647059,0.0
2023,True,qda,bottom,manual_weak_bottom_label,0.6,non_overlapping,144,17,8,0.47058823529411764,0.125,0.058823529411764705,0.0661764705882353,0.25,0.75,-0.0090813325,-0.01343542,0.022303585,-0.03629726375,-0.0002588494117647059,-0.008822483088235295
2023,True,qda,bottom,manual_weak_bottom_label,0.7,all_signals,144,17,17,1.0,0.058823529411764705,0.058823529411764705,0.0,0.4117647058823529,0.5882352941176471,-0.0002588494117647059,-0.00385793,0.023011038823529412,-0.03163664647058823,-0.0002588494117647059,0.0
2023,True,qda,bottom,manual_weak_bottom_label,0.7,non_overlapping,144,17,8,0.47058823529411764,0.125,0.058823529411764705,0.0661764705882353,0.25,0.75,-0.0090813325,-0.01343542,0.022303585,-0.03629726375,-0.0002588494117647059,-0.008822483088235295
2023,True,qda,top,manual_weak_top_label,0.3,all_signals,143,6,6,1.0,0.0,0.0,0.0,0.16666666666666666,0.8333333333333334,-0.016364596666666665,-0.012288674999999999,0.013780563333333334,-0.03353162,-0.016364596666666665,0.0
2023,True,qda,top,manual_weak_top_label,0.3,non_overlapping,143,6,3,0.5,0.0,0.0,0.0,0.3333333333333333,0.6666666666666666,-0.02418049,-0.03001617,0.012495473333333333,-0.04247413333333333,-0.016364596666666665,-0.007815893333333334
2023,True,qda,top,manual_weak_top_label,0.4,all_signals,143,6,6,1.0,0.0,0.0,0.0,0.16666666666666666,0.8333333333333334,-0.016364596666666665,-0.012288674999999999,0.013780563333333334,-0.03353162,-0.016364596666666665,0.0
2023,True,qda,top,manual_weak_top_label,0.4,non_overlapping,143,6,3,0.5,0.0,0.0,0.0,0.3333333333333333,0.6666666666666666,-0.02418049,-0.03001617,0.012495473333333333,-0.04247413333333333,-0.016364596666666665,-0.007815893333333334
2023,True,qda,top,manual_weak_top_label,0.5,all_signals,143,6,6,1.0,0.0,0.0,0.0,0.16666666666666666,0.8333333333333334,-0.016364596666666665,-0.012288674999999999,0.013780563333333334,-0.03353162,-0.016364596666666665,0.0
2023,True,qda,top,manual_weak_top_label,0.5,non_overlapping,143,6,3,0.5,0.0,0.0,0.0,0.3333333333333333,0.6666666666666666,-0.02418049,-0.03001617,0.012495473333333333,-0.04247413333333333,-0.016364596666666665,-0.007815893333333334
2023,True,qda,top,manual_weak_top_label,0.6,all_signals,143,6,6,1.0,0.0,0.0,0.0,0.16666666666666666,0.8333333333333334,-0.016364596666666665,-0.012288674999999999,0.013780563333333334,-0.03353162,-0.016364596666666665,0.0
2023,True,qda,top,manual_weak_top_label,0.6,non_overlapping,143,6,3,0.5,0.0,0.0,0.0,0.3333333333333333,0.6666666666666666,-0.02418049,-0.03001617,0.012495473333333333,-0.04247413333333333,-0.016364596666666665,-0.007815893333333334
2023,True,qda,top,manual_weak_top_label,0.7,all_signals,143,6,6,1.0,0.0,0.0,0.0,0.16666666666666666,0.8333333333333334,-0.016364596666666665,-0.012288674999999999,0.013780563333333334,-0.03353162,-0.016364596666666665,0.0
2023,True,qda,top,manual_weak_top_label,0.7,non_overlapping,143,6,3,0.5,0.0,0.0,0.0,0.3333333333333333,0.6666666666666666,-0.02418049,-0.03001617,0.012495473333333333,-0.04247413333333333,-0.016364596666666665,-0.007815893333333334
2023,True,svm,bottom,manual_weak_bottom_label,0.3,all_signals,144,17,0,0.0,,0.058823529411764705,,,,,,,,-0.0002588494117647059,
2023,True,svm,bottom,manual_weak_bottom_label,0.3,non_overlapping,144,17,0,0.0,,0.058823529411764705,,,,,,,,-0.0002588494117647059,
2023,True,svm,bottom,manual_weak_bottom_label,0.4,all_signals,144,17,0,0.0,,0.058823529411764705,,,,,,,,-0.0002588494117647059,
2023,True,svm,bottom,manual_weak_bottom_label,0.4,non_overlapping,144,17,0,0.0,,0.058823529411764705,,,,,,,,-0.0002588494117647059,
2023,True,svm,bottom,manual_weak_bottom_label,0.5,all_signals,144,17,0,0.0,,0.058823529411764705,,,,,,,,-0.0002588494117647059,
2023,True,svm,bottom,manual_weak_bottom_label,0.5,non_overlapping,144,17,0,0.0,,0.058823529411764705,,,,,,,,-0.0002588494117647059,
2023,True,svm,bottom,manual_weak_bottom_label,0.6,all_signals,144,17,0,0.0,,0.058823529411764705,,,,,,,,-0.0002588494117647059,
2023,True,svm,bottom,manual_weak_bottom_label,0.6,non_overlapping,144,17,0,0.0,,0.058823529411764705,,,,,,,,-0.0002588494117647059,
2023,True,svm,bottom,manual_weak_bottom_label,0.7,all_signals,144,17,0,0.0,,0.058823529411764705,,,,,,,,-0.0002588494117647059,
2023,True,svm,bottom,manual_weak_bottom_label,0.7,non_overlapping,144,17,0,0.0,,0.058823529411764705,,,,,,,,-0.0002588494117647059,
2023,True,svm,top,manual_weak_top_label,0.3,all_signals,143,6,0,0.0,,0.0,,,,,,,,-0.016364596666666665,
2023,True,svm,top,manual_weak_top_label,0.3,non_overlapping,143,6,0,0.0,,0.0,,,,,,,,-0.016364596666666665,
2023,True,svm,top,manual_weak_top_label,0.4,all_signals,143,6,0,0.0,,0.0,,,,,,,,-0.016364596666666665,
2023,True,svm,top,manual_weak_top_label,0.4,non_overlapping,143,6,0,0.0,,0.0,,,,,,,,-0.016364596666666665,
2023,True,svm,top,manual_weak_top_label,0.5,all_signals,143,6,0,0.0,,0.0,,,,,,,,-0.016364596666666665,
2023,True,svm,top,manual_weak_top_label,0.5,non_overlapping,143,6,0,0.0,,0.0,,,,,,,,-0.016364596666666665,
2023,True,svm,top,manual_weak_top_label,0.6,all_signals,143,6,0,0.0,,0.0,,,,,,,,-0.016364596666666665,
2023,True,svm,top,manual_weak_top_label,0.6,non_overlapping,143,6,0,0.0,,0.0,,,,,,,,-0.016364596666666665,
2023,True,svm,top,manual_weak_top_label,0.7,all_signals,143,6,0,0.0,,0.0,,,,,,,,-0.016364596666666665,
2023,True,svm,top,manual_weak_top_label,0.7,non_overlapping,143,6,0,0.0,,0.0,,,,,,,,-0.016364596666666665,
2024,True,bp,bottom,manual_weak_bottom_label,0.3,all_signals,161,24,13,0.5416666666666666,0.3076923076923077,0.25,0.05769230769230771,0.3076923076923077,0.6923076923076923,0.03339712153846154,-0.01522962,0.07149171846153847,-0.050790051538461535,0.011790934166666668,0.02160618737179487
2024,True,bp,bottom,manual_weak_bottom_label,0.3,non_overlapping,161,24,7,0.2916666666666667,0.42857142857142855,0.25,0.17857142857142855,0.42857142857142855,0.5714285714285714,0.04192635714285714,-0.01522962,0.07789953714285715,-0.04990658428571428,0.011790934166666668,0.03013542297619047
2024,True,bp,bottom,manual_weak_bottom_label,0.4,all_signals,161,24,11,0.4583333333333333,0.36363636363636365,0.25,0.11363636363636365,0.36363636363636365,0.6363636363636364,0.04625108181818182,-0.01396694,0.08082623181818181,-0.04959401636363636,0.011790934166666668,0.03446014765151515
2024,True,bp,bottom,manual_weak_bottom_label,0.4,non_overlapping,161,24,7,0.2916666666666667,0.42857142857142855,0.25,0.17857142857142855,0.42857142857142855,0.5714285714285714,0.03992134000000001,-0.00987414,0.08171732571428571,-0.04822622142857143,0.011790934166666668,0.028130405833333337
2024,True,bp,bottom,manual_weak_bottom_label,0.5,all_signals,161,24,8,0.3333333333333333,0.5,0.25,0.25,0.5,0.5,0.07161242,0.040413330000000004,0.10118317125,-0.05437131875,0.011790934166666668,0.05982148583333333
2024,True,bp,bottom,manual_weak_bottom_label,0.5,non_overlapping,161,24,5,0.20833333333333334,0.6,0.25,0.35,0.6,0.4,0.06592398000000001,0.0947936,0.10073631400000001,-0.057306888,0.011790934166666668,0.05413304583333334
2024,True,bp,bottom,manual_weak_bottom_label,0.6,all_signals,161,24,2,0.08333333333333333,0.5,0.25,0.25,0.5,0.5,0.011700805,0.011700805000000002,0.074667125,-0.0517359,0.011790934166666668,-9.012916666666787e-05
2024,True,bp,bottom,manual_weak_bottom_label,0.6,non_overlapping,161,24,2,0.08333333333333333,0.5,0.25,0.25,0.5,0.5,0.011700805,0.011700805000000002,0.074667125,-0.0517359,0.011790934166666668,-9.012916666666787e-05
2024,True,bp,bottom,manual_weak_bottom_label,0.7,all_signals,161,24,1,0.041666666666666664,1.0,0.25,0.75,1.0,0.0,0.0947936,0.0947936,0.13749867,-0.01298452,0.011790934166666668,0.08300266583333334
2024,True,bp,bottom,manual_weak_bottom_label,0.7,non_overlapping,161,24,1,0.041666666666666664,1.0,0.25,0.75,1.0,0.0,0.0947936,0.0947936,0.13749867,-0.01298452,0.011790934166666668,0.08300266583333334
2024,True,bp,top,manual_weak_top_label,0.3,all_signals,149,21,0,0.0,,0.047619047619047616,,,,,,,,0.015038420952380952,
2024,True,bp,top,manual_weak_top_label,0.3,non_overlapping,149,21,0,0.0,,0.047619047619047616,,,,,,,,0.015038420952380952,
2024,True,bp,top,manual_weak_top_label,0.4,all_signals,149,21,0,0.0,,0.047619047619047616,,,,,,,,0.015038420952380952,
2024,True,bp,top,manual_weak_top_label,0.4,non_overlapping,149,21,0,0.0,,0.047619047619047616,,,,,,,,0.015038420952380952,
2024,True,bp,top,manual_weak_top_label,0.5,all_signals,149,21,0,0.0,,0.047619047619047616,,,,,,,,0.015038420952380952,
2024,True,bp,top,manual_weak_top_label,0.5,non_overlapping,149,21,0,0.0,,0.047619047619047616,,,,,,,,0.015038420952380952,
2024,True,bp,top,manual_weak_top_label,0.6,all_signals,149,21,0,0.0,,0.047619047619047616,,,,,,,,0.015038420952380952,
2024,True,bp,top,manual_weak_top_label,0.6,non_overlapping,149,21,0,0.0,,0.047619047619047616,,,,,,,,0.015038420952380952,
2024,True,bp,top,manual_weak_top_label,0.7,all_signals,149,21,0,0.0,,0.047619047619047616,,,,,,,,0.015038420952380952,
2024,True,bp,top,manual_weak_top_label,0.7,non_overlapping,149,21,0,0.0,,0.047619047619047616,,,,,,,,0.015038420952380952,
2024,True,lda,bottom,manual_weak_bottom_label,0.3,all_signals,161,24,6,0.25,0.3333333333333333,0.25,0.08333333333333331,0.3333333333333333,0.6666666666666666,0.033203586666666667,-0.01459828,0.066543075,-0.05088193833333333,0.011790934166666668,0.021412652499999997
2024,True,lda,bottom,manual_weak_bottom_label,0.3,non_overlapping,161,24,4,0.16666666666666666,0.5,0.25,0.25,0.5,0.5,0.0589465975,0.03978199,0.09250514,-0.0498512325,0.011790934166666668,0.047155663333333334
2024,True,lda,bottom,manual_weak_bottom_label,0.4,all_signals,161,24,5,0.20833333333333334,0.4,0.25,0.15000000000000002,0.4,0.6,0.042890228,-0.01396694,0.077474722,-0.050813609999999995,0.011790934166666668,0.031099293833333333
2024,True,lda,bottom,manual_weak_bottom_label,0.4,non_overlapping,161,24,3,0.125,0.6666666666666666,0.25,0.41666666666666663,0.6666666666666666,0.3333333333333333,0.08434426666666667,0.0947936,0.11764519,-0.04869301333333333,0.011790934166666668,0.0725533325
2024,True,lda,bottom,manual_weak_bottom_label,0.5,all_signals,161,24,4,0.16666666666666666,0.25,0.25,0.0,0.25,0.75,0.0084035025,-0.018282435,0.0474727825,-0.0418364275,0.011790934166666668,-0.003387431666666668
2024,True,lda,bottom,manual_weak_bottom_label,0.5,non_overlapping,161,24,2,0.08333333333333333,0.5,0.25,0.25,0.5,0.5,0.036097835,0.036097835,0.077726545,-0.02967835,0.011790934166666668,0.024306900833333332
2024,True,lda,bottom,manual_weak_bottom_label,0.6,all_signals,161,24,4,0.16666666666666666,0.25,0.25,0.0,0.25,0.75,0.0084035025,-0.018282435,0.0474727825,-0.0418364275,0.011790934166666668,-0.003387431666666668
2024,True,lda,bottom,manual_weak_bottom_label,0.6,non_overlapping,161,24,2,0.08333333333333333,0.5,0.25,0.25,0.5,0.5,0.036097835,0.036097835,0.077726545,-0.02967835,0.011790934166666668,0.024306900833333332
2024,True,lda,bottom,manual_weak_bottom_label,0.7,all_signals,161,24,3,0.125,0.3333333333333333,0.25,0.08333333333333331,0.3333333333333333,0.6666666666666666,0.019409576666666668,-0.01396694,0.05557885333333334,-0.03962374,0.011790934166666668,0.0076186425
2024,True,lda,bottom,manual_weak_bottom_label,0.7,non_overlapping,161,24,2,0.08333333333333333,0.5,0.25,0.25,0.5,0.5,0.036097835,0.036097835,0.077726545,-0.02967835,0.011790934166666668,0.024306900833333332
2024,True,lda,top,manual_weak_top_label,0.3,all_signals,149,21,2,0.09523809523809523,0.5,0.047619047619047616,0.4523809523809524,0.0,1.0,-0.071438805,-0.071438805,0.01268408,-0.08319218,0.015038420952380952,-0.08647722595238094
2024,True,lda,top,manual_weak_top_label,0.3,non_overlapping,149,21,1,0.047619047619047616,0.0,0.047619047619047616,-0.047619047619047616,0.0,1.0,-0.02804199,-0.02804199,0.02335069,-0.04911868,0.015038420952380952,-0.04308041095238095
2024,True,lda,top,manual_weak_top_label,0.4,all_signals,149,21,1,0.047619047619047616,1.0,0.047619047619047616,0.9523809523809523,0.0,1.0,-0.11483562,-0.11483562,0.00201747,-0.11726568,0.015038420952380952,-0.12987404095238095
2024,True,lda,top,manual_weak_top_label,0.4,non_overlapping,149,21,1,0.047619047619047616,1.0,0.047619047619047616,0.9523809523809523,0.0,1.0,-0.11483562,-0.11483562,0.00201747,-0.11726568,0.015038420952380952,-0.12987404095238095
2024,True,lda,top,manual_weak_top_label,0.5,all_signals,149,21,1,0.047619047619047616,1.0,0.047619047619047616,0.9523809523809523,0.0,1.0,-0.11483562,-0.11483562,0.00201747,-0.11726568,0.015038420952380952,-0.12987404095238095
2024,True,lda,top,manual_weak_top_label,0.5,non_overlapping,149,21,1,0.047619047619047616,1.0,0.047619047619047616,0.9523809523809523,0.0,1.0,-0.11483562,-0.11483562,0.00201747,-0.11726568,0.015038420952380952,-0.12987404095238095
2024,True,lda,top,manual_weak_top_label,0.6,all_signals,149,21,1,0.047619047619047616,1.0,0.047619047619047616,0.9523809523809523,0.0,1.0,-0.11483562,-0.11483562,0.00201747,-0.11726568,0.015038420952380952,-0.12987404095238095
2024,True,lda,top,manual_weak_top_label,0.6,non_overlapping,149,21,1,0.047619047619047616,1.0,0.047619047619047616,0.9523809523809523,0.0,1.0,-0.11483562,-0.11483562,0.00201747,-0.11726568,0.015038420952380952,-0.12987404095238095
2024,True,lda,top,manual_weak_top_label,0.7,all_signals,149,21,1,0.047619047619047616,1.0,0.047619047619047616,0.9523809523809523,0.0,1.0,-0.11483562,-0.11483562,0.00201747,-0.11726568,0.015038420952380952,-0.12987404095238095
2024,True,lda,top,manual_weak_top_label,0.7,non_overlapping,149,21,1,0.047619047619047616,1.0,0.047619047619047616,0.9523809523809523,0.0,1.0,-0.11483562,-0.11483562,0.00201747,-0.11726568,0.015038420952380952,-0.12987404095238095
2024,True,lightgbm,bottom,manual_weak_bottom_label,0.3,all_signals,161,24,8,0.3333333333333333,0.375,0.25,0.125,0.375,0.625,0.02088640375,-0.027063320000000002,0.0650247375,-0.07079384375,0.011790934166666668,0.009095469583333333
2024,True,lightgbm,bottom,manual_weak_bottom_label,0.3,non_overlapping,161,24,5,0.20833333333333334,0.2,0.25,-0.04999999999999999,0.2,0.8,-0.023448675999999998,-0.0499846,0.035148368,-0.076156502,0.011790934166666668,-0.035239610166666664
2024,True,lightgbm,bottom,manual_weak_bottom_label,0.4,all_signals,161,24,4,0.16666666666666666,0.5,0.25,0.25,0.5,0.5,0.0368163125,0.012786494999999998,0.08010082,-0.0935745275,0.011790934166666668,0.025025378333333327
2024,True,lightgbm,bottom,manual_weak_bottom_label,0.4,non_overlapping,161,24,3,0.125,0.3333333333333333,0.25,0.08333333333333331,0.3333333333333333,0.6666666666666666,-0.011190626666666667,-0.0499846,0.0409736,-0.09585859000000001,0.011790934166666668,-0.022981560833333334
2024,True,lightgbm,bottom,manual_weak_bottom_label,0.5,all_signals,161,24,3,0.125,0.3333333333333333,0.25,0.08333333333333331,0.3333333333333333,0.6666666666666666,0.023902553333333337,-0.0499846,0.07442438,-0.12191030000000001,0.011790934166666668,0.012111619166666669
2024,True,lightgbm,bottom,manual_weak_bottom_label,0.5,non_overlapping,161,24,2,0.08333333333333333,0.0,0.25,-0.25,0.0,1.0,-0.054564735,-0.054564735,0.01289533,-0.13950428,0.011790934166666668,-0.06635566916666667
2024,True,lightgbm,bottom,manual_weak_bottom_label,0.6,all_signals,161,24,1,0.041666666666666664,1.0,0.25,0.75,1.0,0.0,0.18083713,0.18083713,0.19748248,-0.08672234,0.011790934166666668,0.16904619583333336
2024,True,lightgbm,bottom,manual_weak_bottom_label,0.6,non_overlapping,161,24,1,0.041666666666666664,1.0,0.25,0.75,1.0,0.0,0.18083713,0.18083713,0.19748248,-0.08672234,0.011790934166666668,0.16904619583333336
2024,True,lightgbm,bottom,manual_weak_bottom_label,0.7,all_signals,161,24,1,0.041666666666666664,1.0,0.25,0.75,1.0,0.0,0.18083713,0.18083713,0.19748248,-0.08672234,0.011790934166666668,0.16904619583333336
2024,True,lightgbm,bottom,manual_weak_bottom_label,0.7,non_overlapping,161,24,1,0.041666666666666664,1.0,0.25,0.75,1.0,0.0,0.18083713,0.18083713,0.19748248,-0.08672234,0.011790934166666668,0.16904619583333336
2024,True,lightgbm,top,manual_weak_top_label,0.3,all_signals,149,21,6,0.2857142857142857,0.16666666666666666,0.047619047619047616,0.11904761904761904,0.6666666666666666,0.3333333333333333,-0.0029668316666666664,0.021534335,0.040229305,-0.05708856666666667,0.015038420952380952,-0.018005252619047618
2024,True,lightgbm,top,manual_weak_top_label,0.3,non_overlapping,149,21,3,0.14285714285714285,0.0,0.047619047619047616,-0.047619047619047616,0.6666666666666666,0.3333333333333333,0.0022129066666666665,0.01335002,0.03984878333333333,-0.05088702,0.015038420952380952,-0.012825514285714285
2024,True,lightgbm,top,manual_weak_top_label,0.4,all_signals,149,21,4,0.19047619047619047,0.25,0.047619047619047616,0.20238095238095238,0.5,0.5,-0.015217415,7.802499999999893e-05,0.037970655,-0.069502235,0.015038420952380952,-0.030255835952380954
2024,True,lightgbm,top,manual_weak_top_label,0.4,non_overlapping,149,21,2,0.09523809523809523,0.5,0.047619047619047616,0.4523809523809524,0.0,1.0,-0.075632785,-0.07563278500000001,0.016035305,-0.10270214,0.015038420952380952,-0.09067120595238094
2024,True,lightgbm,top,manual_weak_top_label,0.5,all_signals,149,21,1,0.047619047619047616,0.0,0.047619047619047616,-0.047619047619047616,1.0,0.0,0.05380991,0.05380991,0.07750633,-0.02876898,0.015038420952380952,0.038771489047619054
2024,True,lightgbm,top,manual_weak_top_label,0.5,non_overlapping,149,21,1,0.047619047619047616,0.0,0.047619047619047616,-0.047619047619047616,1.0,0.0,0.05380991,0.05380991,0.07750633,-0.02876898,0.015038420952380952,0.038771489047619054
2024,True,lightgbm,top,manual_weak_top_label,0.6,all_signals,149,21,0,0.0,,0.047619047619047616,,,,,,,,0.015038420952380952,
2024,True,lightgbm,top,manual_weak_top_label,0.6,non_overlapping,149,21,0,0.0,,0.047619047619047616,,,,,,,,0.015038420952380952,
2024,True,lightgbm,top,manual_weak_top_label,0.7,all_signals,149,21,0,0.0,,0.047619047619047616,,,,,,,,0.015038420952380952,
2024,True,lightgbm,top,manual_weak_top_label,0.7,non_overlapping,149,21,0,0.0,,0.047619047619047616,,,,,,,,0.015038420952380952,
2024,True,logistic,bottom,manual_weak_bottom_label,0.3,all_signals,161,24,11,0.4583333333333333,0.36363636363636365,0.25,0.11363636363636365,0.36363636363636365,0.6363636363636364,0.05050356090909091,-0.01396694,0.08185523090909091,-0.04577467181818182,0.011790934166666668,0.03871262674242424
2024,True,logistic,bottom,manual_weak_bottom_label,0.3,non_overlapping,161,24,6,0.25,0.5,0.25,0.25,0.5,0.5,0.055712008333333334,0.040413330000000004,0.08322120833333334,-0.054004985,0.011790934166666668,0.043921074166666664
2024,True,logistic,bottom,manual_weak_bottom_label,0.4,all_signals,161,24,9,0.375,0.3333333333333333,0.25,0.08333333333333331,0.3333333333333333,0.6666666666666666,0.04553072111111111,-0.01396694,0.07866549,-0.03729663111111112,0.011790934166666668,0.03373978694444444
2024,True,logistic,bottom,manual_weak_bottom_label,0.4,non_overlapping,161,24,5,0.20833333333333334,0.4,0.25,0.15000000000000002,0.4,0.6,0.032526394,-0.01522962,0.066133012,-0.03927235,0.011790934166666668,0.02073545983333333
2024,True,logistic,bottom,manual_weak_bottom_label,0.5,all_signals,161,24,6,0.25,0.16666666666666666,0.25,-0.08333333333333334,0.16666666666666666,0.8333333333333334,0.0014183750000000001,-0.01459828,0.041816519999999996,-0.03931789333333333,0.011790934166666668,-0.010372559166666668
2024,True,logistic,bottom,manual_weak_bottom_label,0.5,non_overlapping,161,24,3,0.125,0.3333333333333333,0.25,0.08333333333333331,0.3333333333333333,0.6666666666666666,0.01831642,-0.01522962,0.05751269333333334,-0.03756086333333333,0.011790934166666668,0.006525485833333332
2024,True,logistic,bottom,manual_weak_bottom_label,0.6,all_signals,161,24,6,0.25,0.16666666666666666,0.25,-0.08333333333333334,0.16666666666666666,0.8333333333333334,0.0014183750000000001,-0.01459828,0.041816519999999996,-0.03931789333333333,0.011790934166666668,-0.010372559166666668
2024,True,logistic,bottom,manual_weak_bottom_label,0.6,non_overlapping,161,24,3,0.125,0.3333333333333333,0.25,0.08333333333333331,0.3333333333333333,0.6666666666666666,0.01831642,-0.01522962,0.05751269333333334,-0.03756086333333333,0.011790934166666668,0.006525485833333332
2024,True,logistic,bottom,manual_weak_bottom_label,0.7,all_signals,161,24,6,0.25,0.16666666666666666,0.25,-0.08333333333333334,0.16666666666666666,0.8333333333333334,0.0014183750000000001,-0.01459828,0.041816519999999996,-0.03931789333333333,0.011790934166666668,-0.010372559166666668
2024,True,logistic,bottom,manual_weak_bottom_label,0.7,non_overlapping,161,24,3,0.125,0.3333333333333333,0.25,0.08333333333333331,0.3333333333333333,0.6666666666666666,0.01831642,-0.01522962,0.05751269333333334,-0.03756086333333333,0.011790934166666668,0.006525485833333332
2024,True,logistic,top,manual_weak_top_label,0.3,all_signals,149,21,0,0.0,,0.047619047619047616,,,,,,,,0.015038420952380952,
2024,True,logistic,top,manual_weak_top_label,0.3,non_overlapping,149,21,0,0.0,,0.047619047619047616,,,,,,,,0.015038420952380952,
2024,True,logistic,top,manual_weak_top_label,0.4,all_signals,149,21,0,0.0,,0.047619047619047616,,,,,,,,0.015038420952380952,
2024,True,logistic,top,manual_weak_top_label,0.4,non_overlapping,149,21,0,0.0,,0.047619047619047616,,,,,,,,0.015038420952380952,
2024,True,logistic,top,manual_weak_top_label,0.5,all_signals,149,21,0,0.0,,0.047619047619047616,,,,,,,,0.015038420952380952,
2024,True,logistic,top,manual_weak_top_label,0.5,non_overlapping,149,21,0,0.0,,0.047619047619047616,,,,,,,,0.015038420952380952,
2024,True,logistic,top,manual_weak_top_label,0.6,all_signals,149,21,0,0.0,,0.047619047619047616,,,,,,,,0.015038420952380952,
2024,True,logistic,top,manual_weak_top_label,0.6,non_overlapping,149,21,0,0.0,,0.047619047619047616,,,,,,,,0.015038420952380952,
2024,True,logistic,top,manual_weak_top_label,0.7,all_signals,149,21,0,0.0,,0.047619047619047616,,,,,,,,0.015038420952380952,
2024,True,logistic,top,manual_weak_top_label,0.7,non_overlapping,149,21,0,0.0,,0.047619047619047616,,,,,,,,0.015038420952380952,
2024,True,mlp,bottom,manual_weak_bottom_label,0.3,all_signals,161,24,2,0.08333333333333333,1.0,0.25,0.75,1.0,0.0,0.25359503,0.25359503,0.370588485,-0.009986975,0.011790934166666668,0.24180409583333334
2024,True,mlp,bottom,manual_weak_bottom_label,0.3,non_overlapping,161,24,1,0.041666666666666664,1.0,0.25,0.75,1.0,0.0,0.29358353,0.29358353,0.29896331,-0.01608316,0.011790934166666668,0.2817925958333333
2024,True,mlp,bottom,manual_weak_bottom_label,0.4,all_signals,161,24,0,0.0,,0.25,,,,,,,,0.011790934166666668,
2024,True,mlp,bottom,manual_weak_bottom_label,0.4,non_overlapping,161,24,0,0.0,,0.25,,,,,,,,0.011790934166666668,
2024,True,mlp,bottom,manual_weak_bottom_label,0.5,all_signals,161,24,0,0.0,,0.25,,,,,,,,0.011790934166666668,
2024,True,mlp,bottom,manual_weak_bottom_label,0.5,non_overlapping,161,24,0,0.0,,0.25,,,,,,,,0.011790934166666668,
2024,True,mlp,bottom,manual_weak_bottom_label,0.6,all_signals,161,24,0,0.0,,0.25,,,,,,,,0.011790934166666668,
2024,True,mlp,bottom,manual_weak_bottom_label,0.6,non_overlapping,161,24,0,0.0,,0.25,,,,,,,,0.011790934166666668,
2024,True,mlp,bottom,manual_weak_bottom_label,0.7,all_signals,161,24,0,0.0,,0.25,,,,,,,,0.011790934166666668,
2024,True,mlp,bottom,manual_weak_bottom_label,0.7,non_overlapping,161,24,0,0.0,,0.25,,,,,,,,0.011790934166666668,
2024,True,mlp,top,manual_weak_top_label,0.3,all_signals,149,21,12,0.5714285714285714,0.0,0.047619047619047616,-0.047619047619047616,0.6666666666666666,0.3333333333333333,0.034352544166666665,0.02674596,0.07990296416666666,-0.026808020000000002,0.015038420952380952,0.019314123214285713
2024,True,mlp,top,manual_weak_top_label,0.3,non_overlapping,149,21,7,0.3333333333333333,0.0,0.047619047619047616,-0.047619047619047616,0.5714285714285714,0.42857142857142855,0.035545834285714284,0.036586,0.08283251428571428,-0.02634830714285714,0.015038420952380952,0.020507413333333332
2024,True,mlp,top,manual_weak_top_label,0.4,all_signals,149,21,10,0.47619047619047616,0.0,0.047619047619047616,-0.047619047619047616,0.6,0.4,0.021949827999999998,0.015127970000000001,0.072652412,-0.031632169,0.015038420952380952,0.0069114070476190455
2024,True,mlp,top,manual_weak_top_label,0.4,non_overlapping,149,21,5,0.23809523809523808,0.0,0.047619047619047616,-0.047619047619047616,0.6,0.4,0.023652081999999998,0.01690592,0.095006382,-0.023579938,0.015038420952380952,0.008613661047619046
2024,True,mlp,top,manual_weak_top_label,0.5,all_signals,149,21,10,0.47619047619047616,0.0,0.047619047619047616,-0.047619047619047616,0.6,0.4,0.021949827999999998,0.015127970000000001,0.072652412,-0.031632169,0.015038420952380952,0.0069114070476190455
2024,True,mlp,top,manual_weak_top_label,0.5,non_overlapping,149,21,5,0.23809523809523808,0.0,0.047619047619047616,-0.047619047619047616,0.6,0.4,0.023652081999999998,0.01690592,0.095006382,-0.023579938,0.015038420952380952,0.008613661047619046
2024,True,mlp,top,manual_weak_top_label,0.6,all_signals,149,21,6,0.2857142857142857,0.0,0.047619047619047616,-0.047619047619047616,0.6666666666666666,0.3333333333333333,0.0320457,0.02496801,0.08525862833333332,-0.025995655000000003,0.015038420952380952,0.01700727904761905
2024,True,mlp,top,manual_weak_top_label,0.6,non_overlapping,149,21,4,0.19047619047619047,0.0,0.047619047619047616,-0.047619047619047616,0.5,0.5,0.021032645,0.0020402399999999987,0.081041365,-0.03248623,0.015038420952380952,0.005994224047619047
2024,True,mlp,top,manual_weak_top_label,0.7,all_signals,149,21,3,0.14285714285714285,0.0,0.047619047619047616,-0.047619047619047616,1.0,0.0,0.07582852999999999,0.0947936,0.14687022333333333,0.00242785,0.015038420952380952,0.06079010904761904
2024,True,mlp,top,manual_weak_top_label,0.7,non_overlapping,149,21,2,0.09523809523809523,0.0,0.047619047619047616,-0.047619047619047616,1.0,0.0,0.066345995,0.066345995,0.151556,0.010134035,0.015038420952380952,0.051307574047619056
2024,True,qda,bottom,manual_weak_bottom_label,0.3,all_signals,161,24,24,1.0,0.25,0.25,0.0,0.2916666666666667,0.7083333333333334,0.011790934166666668,-0.01694462,0.06707726291666667,-0.06913052208333333,0.011790934166666668,0.0
2024,True,qda,bottom,manual_weak_bottom_label,0.3,non_overlapping,161,24,10,0.4166666666666667,0.2,0.25,-0.04999999999999999,0.3,0.7,0.010040022,-0.01542142,0.070570123,-0.065830263,0.011790934166666668,-0.0017509121666666686
2024,True,qda,bottom,manual_weak_bottom_label,0.4,all_signals,161,24,24,1.0,0.25,0.25,0.0,0.2916666666666667,0.7083333333333334,0.011790934166666668,-0.01694462,0.06707726291666667,-0.06913052208333333,0.011790934166666668,0.0
2024,True,qda,bottom,manual_weak_bottom_label,0.4,non_overlapping,161,24,10,0.4166666666666667,0.2,0.25,-0.04999999999999999,0.3,0.7,0.010040022,-0.01542142,0.070570123,-0.065830263,0.011790934166666668,-0.0017509121666666686
2024,True,qda,bottom,manual_weak_bottom_label,0.5,all_signals,161,24,24,1.0,0.25,0.25,0.0,0.2916666666666667,0.7083333333333334,0.011790934166666668,-0.01694462,0.06707726291666667,-0.06913052208333333,0.011790934166666668,0.0
2024,True,qda,bottom,manual_weak_bottom_label,0.5,non_overlapping,161,24,10,0.4166666666666667,0.2,0.25,-0.04999999999999999,0.3,0.7,0.010040022,-0.01542142,0.070570123,-0.065830263,0.011790934166666668,-0.0017509121666666686
2024,True,qda,bottom,manual_weak_bottom_label,0.6,all_signals,161,24,24,1.0,0.25,0.25,0.0,0.2916666666666667,0.7083333333333334,0.011790934166666668,-0.01694462,0.06707726291666667,-0.06913052208333333,0.011790934166666668,0.0
2024,True,qda,bottom,manual_weak_bottom_label,0.6,non_overlapping,161,24,10,0.4166666666666667,0.2,0.25,-0.04999999999999999,0.3,0.7,0.010040022,-0.01542142,0.070570123,-0.065830263,0.011790934166666668,-0.0017509121666666686
2024,True,qda,bottom,manual_weak_bottom_label,0.7,all_signals,161,24,24,1.0,0.25,0.25,0.0,0.2916666666666667,0.7083333333333334,0.011790934166666668,-0.01694462,0.06707726291666667,-0.06913052208333333,0.011790934166666668,0.0
2024,True,qda,bottom,manual_weak_bottom_label,0.7,non_overlapping,161,24,10,0.4166666666666667,0.2,0.25,-0.04999999999999999,0.3,0.7,0.010040022,-0.01542142,0.070570123,-0.065830263,0.011790934166666668,-0.0017509121666666686
2024,True,qda,top,manual_weak_top_label,0.3,all_signals,149,21,21,1.0,0.047619047619047616,0.047619047619047616,0.0,0.5714285714285714,0.42857142857142855,0.015038420952380952,0.01690592,0.06534244285714286,-0.03875084,0.015038420952380952,0.0
2024,True,qda,top,manual_weak_top_label,0.3,non_overlapping,149,21,8,0.38095238095238093,0.0,0.047619047619047616,-0.047619047619047616,0.5,0.5,0.02961211625,0.0017504700000000005,0.0768094075,-0.02903723625,0.015038420952380952,0.014573695297619049
2024,True,qda,top,manual_weak_top_label,0.4,all_signals,149,21,21,1.0,0.047619047619047616,0.047619047619047616,0.0,0.5714285714285714,0.42857142857142855,0.015038420952380952,0.01690592,0.06534244285714286,-0.03875084,0.015038420952380952,0.0
2024,True,qda,top,manual_weak_top_label,0.4,non_overlapping,149,21,8,0.38095238095238093,0.0,0.047619047619047616,-0.047619047619047616,0.5,0.5,0.02961211625,0.0017504700000000005,0.0768094075,-0.02903723625,0.015038420952380952,0.014573695297619049
2024,True,qda,top,manual_weak_top_label,0.5,all_signals,149,21,21,1.0,0.047619047619047616,0.047619047619047616,0.0,0.5714285714285714,0.42857142857142855,0.015038420952380952,0.01690592,0.06534244285714286,-0.03875084,0.015038420952380952,0.0
2024,True,qda,top,manual_weak_top_label,0.5,non_overlapping,149,21,8,0.38095238095238093,0.0,0.047619047619047616,-0.047619047619047616,0.5,0.5,0.02961211625,0.0017504700000000005,0.0768094075,-0.02903723625,0.015038420952380952,0.014573695297619049
2024,True,qda,top,manual_weak_top_label,0.6,all_signals,149,21,21,1.0,0.047619047619047616,0.047619047619047616,0.0,0.5714285714285714,0.42857142857142855,0.015038420952380952,0.01690592,0.06534244285714286,-0.03875084,0.015038420952380952,0.0
2024,True,qda,top,manual_weak_top_label,0.6,non_overlapping,149,21,8,0.38095238095238093,0.0,0.047619047619047616,-0.047619047619047616,0.5,0.5,0.02961211625,0.0017504700000000005,0.0768094075,-0.02903723625,0.015038420952380952,0.014573695297619049
2024,True,qda,top,manual_weak_top_label,0.7,all_signals,149,21,21,1.0,0.047619047619047616,0.047619047619047616,0.0,0.5714285714285714,0.42857142857142855,0.015038420952380952,0.01690592,0.06534244285714286,-0.03875084,0.015038420952380952,0.0
2024,True,qda,top,manual_weak_top_label,0.7,non_overlapping,149,21,8,0.38095238095238093,0.0,0.047619047619047616,-0.047619047619047616,0.5,0.5,0.02961211625,0.0017504700000000005,0.0768094075,-0.02903723625,0.015038420952380952,0.014573695297619049
2024,True,svm,bottom,manual_weak_bottom_label,0.3,all_signals,161,24,0,0.0,,0.25,,,,,,,,0.011790934166666668,
2024,True,svm,bottom,manual_weak_bottom_label,0.3,non_overlapping,161,24,0,0.0,,0.25,,,,,,,,0.011790934166666668,
2024,True,svm,bottom,manual_weak_bottom_label,0.4,all_signals,161,24,0,0.0,,0.25,,,,,,,,0.011790934166666668,
2024,True,svm,bottom,manual_weak_bottom_label,0.4,non_overlapping,161,24,0,0.0,,0.25,,,,,,,,0.011790934166666668,
2024,True,svm,bottom,manual_weak_bottom_label,0.5,all_signals,161,24,0,0.0,,0.25,,,,,,,,0.011790934166666668,
2024,True,svm,bottom,manual_weak_bottom_label,0.5,non_overlapping,161,24,0,0.0,,0.25,,,,,,,,0.011790934166666668,
2024,True,svm,bottom,manual_weak_bottom_label,0.6,all_signals,161,24,0,0.0,,0.25,,,,,,,,0.011790934166666668,
2024,True,svm,bottom,manual_weak_bottom_label,0.6,non_overlapping,161,24,0,0.0,,0.25,,,,,,,,0.011790934166666668,
2024,True,svm,bottom,manual_weak_bottom_label,0.7,all_signals,161,24,0,0.0,,0.25,,,,,,,,0.011790934166666668,
2024,True,svm,bottom,manual_weak_bottom_label,0.7,non_overlapping,161,24,0,0.0,,0.25,,,,,,,,0.011790934166666668,
2024,True,svm,top,manual_weak_top_label,0.3,all_signals,149,21,0,0.0,,0.047619047619047616,,,,,,,,0.015038420952380952,
2024,True,svm,top,manual_weak_top_label,0.3,non_overlapping,149,21,0,0.0,,0.047619047619047616,,,,,,,,0.015038420952380952,
2024,True,svm,top,manual_weak_top_label,0.4,all_signals,149,21,0,0.0,,0.047619047619047616,,,,,,,,0.015038420952380952,
2024,True,svm,top,manual_weak_top_label,0.4,non_overlapping,149,21,0,0.0,,0.047619047619047616,,,,,,,,0.015038420952380952,
2024,True,svm,top,manual_weak_top_label,0.5,all_signals,149,21,0,0.0,,0.047619047619047616,,,,,,,,0.015038420952380952,
2024,True,svm,top,manual_weak_top_label,0.5,non_overlapping,149,21,0,0.0,,0.047619047619047616,,,,,,,,0.015038420952380952,
2024,True,svm,top,manual_weak_top_label,0.6,all_signals,149,21,0,0.0,,0.047619047619047616,,,,,,,,0.015038420952380952,
2024,True,svm,top,manual_weak_top_label,0.6,non_overlapping,149,21,0,0.0,,0.047619047619047616,,,,,,,,0.015038420952380952,
2024,True,svm,top,manual_weak_top_label,0.7,all_signals,149,21,0,0.0,,0.047619047619047616,,,,,,,,0.015038420952380952,
2024,True,svm,top,manual_weak_top_label,0.7,non_overlapping,149,21,0,0.0,,0.047619047619047616,,,,,,,,0.015038420952380952,
2025,True,bp,bottom,manual_weak_bottom_label,0.3,all_signals,186,6,0,0.0,,0.5,,,,,,,,0.037432285,
2025,True,bp,bottom,manual_weak_bottom_label,0.3,non_overlapping,186,6,0,0.0,,0.5,,,,,,,,0.037432285,
2025,True,bp,bottom,manual_weak_bottom_label,0.4,all_signals,186,6,0,0.0,,0.5,,,,,,,,0.037432285,
2025,True,bp,bottom,manual_weak_bottom_label,0.4,non_overlapping,186,6,0,0.0,,0.5,,,,,,,,0.037432285,
2025,True,bp,bottom,manual_weak_bottom_label,0.5,all_signals,186,6,0,0.0,,0.5,,,,,,,,0.037432285,
2025,True,bp,bottom,manual_weak_bottom_label,0.5,non_overlapping,186,6,0,0.0,,0.5,,,,,,,,0.037432285,
2025,True,bp,bottom,manual_weak_bottom_label,0.6,all_signals,186,6,0,0.0,,0.5,,,,,,,,0.037432285,
2025,True,bp,bottom,manual_weak_bottom_label,0.6,non_overlapping,186,6,0,0.0,,0.5,,,,,,,,0.037432285,
2025,True,bp,bottom,manual_weak_bottom_label,0.7,all_signals,186,6,0,0.0,,0.5,,,,,,,,0.037432285,
2025,True,bp,bottom,manual_weak_bottom_label,0.7,non_overlapping,186,6,0,0.0,,0.5,,,,,,,,0.037432285,
2025,True,bp,top,manual_weak_top_label,0.3,all_signals,169,33,2,0.06060606060606061,0.5,0.09090909090909091,0.40909090909090906,0.0,1.0,-0.03104032,-0.031040320000000003,0.011718965,-0.05292271,0.016796002727272726,-0.04783632272727273
2025,True,bp,top,manual_weak_top_label,0.3,non_overlapping,169,33,2,0.06060606060606061,0.5,0.09090909090909091,0.40909090909090906,0.0,1.0,-0.03104032,-0.031040320000000003,0.011718965,-0.05292271,0.016796002727272726,-0.04783632272727273
2025,True,bp,top,manual_weak_top_label,0.4,all_signals,169,33,0,0.0,,0.09090909090909091,,,,,,,,0.016796002727272726,
2025,True,bp,top,manual_weak_top_label,0.4,non_overlapping,169,33,0,0.0,,0.09090909090909091,,,,,,,,0.016796002727272726,
2025,True,bp,top,manual_weak_top_label,0.5,all_signals,169,33,0,0.0,,0.09090909090909091,,,,,,,,0.016796002727272726,
2025,True,bp,top,manual_weak_top_label,0.5,non_overlapping,169,33,0,0.0,,0.09090909090909091,,,,,,,,0.016796002727272726,
2025,True,bp,top,manual_weak_top_label,0.6,all_signals,169,33,0,0.0,,0.09090909090909091,,,,,,,,0.016796002727272726,
2025,True,bp,top,manual_weak_top_label,0.6,non_overlapping,169,33,0,0.0,,0.09090909090909091,,,,,,,,0.016796002727272726,
2025,True,bp,top,manual_weak_top_label,0.7,all_signals,169,33,0,0.0,,0.09090909090909091,,,,,,,,0.016796002727272726,
2025,True,bp,top,manual_weak_top_label,0.7,non_overlapping,169,33,0,0.0,,0.09090909090909091,,,,,,,,0.016796002727272726,
2025,True,lda,bottom,manual_weak_bottom_label,0.3,all_signals,186,6,1,0.16666666666666666,0.0,0.5,-0.5,1.0,0.0,0.00664827,0.00664827,0.04543238,0.00664827,0.037432285,-0.030784015
2025,True,lda,bottom,manual_weak_bottom_label,0.3,non_overlapping,186,6,1,0.16666666666666666,0.0,0.5,-0.5,1.0,0.0,0.00664827,0.00664827,0.04543238,0.00664827,0.037432285,-0.030784015
2025,True,lda,bottom,manual_weak_bottom_label,0.4,all_signals,186,6,0,0.0,,0.5,,,,,,,,0.037432285,
2025,True,lda,bottom,manual_weak_bottom_label,0.4,non_overlapping,186,6,0,0.0,,0.5,,,,,,,,0.037432285,
2025,True,lda,bottom,manual_weak_bottom_label,0.5,all_signals,186,6,0,0.0,,0.5,,,,,,,,0.037432285,
2025,True,lda,bottom,manual_weak_bottom_label,0.5,non_overlapping,186,6,0,0.0,,0.5,,,,,,,,0.037432285,
2025,True,lda,bottom,manual_weak_bottom_label,0.6,all_signals,186,6,0,0.0,,0.5,,,,,,,,0.037432285,
2025,True,lda,bottom,manual_weak_bottom_label,0.6,non_overlapping,186,6,0,0.0,,0.5,,,,,,,,0.037432285,
2025,True,lda,bottom,manual_weak_bottom_label,0.7,all_signals,186,6,0,0.0,,0.5,,,,,,,,0.037432285,
2025,True,lda,bottom,manual_weak_bottom_label,0.7,non_overlapping,186,6,0,0.0,,0.5,,,,,,,,0.037432285,
2025,True,lda,top,manual_weak_top_label,0.3,all_signals,169,33,2,0.06060606060606061,0.5,0.09090909090909091,0.40909090909090906,0.0,1.0,-0.03104032,-0.031040320000000003,0.011718965,-0.05292271,0.016796002727272726,-0.04783632272727273
2025,True,lda,top,manual_weak_top_label,0.3,non_overlapping,169,33,2,0.06060606060606061,0.5,0.09090909090909091,0.40909090909090906,0.0,1.0,-0.03104032,-0.031040320000000003,0.011718965,-0.05292271,0.016796002727272726,-0.04783632272727273
2025,True,lda,top,manual_weak_top_label,0.4,all_signals,169,33,2,0.06060606060606061,0.5,0.09090909090909091,0.40909090909090906,0.0,1.0,-0.03104032,-0.031040320000000003,0.011718965,-0.05292271,0.016796002727272726,-0.04783632272727273
2025,True,lda,top,manual_weak_top_label,0.4,non_overlapping,169,33,2,0.06060606060606061,0.5,0.09090909090909091,0.40909090909090906,0.0,1.0,-0.03104032,-0.031040320000000003,0.011718965,-0.05292271,0.016796002727272726,-0.04783632272727273
2025,True,lda,top,manual_weak_top_label,0.5,all_signals,169,33,2,0.06060606060606061,0.5,0.09090909090909091,0.40909090909090906,0.0,1.0,-0.03104032,-0.031040320000000003,0.011718965,-0.05292271,0.016796002727272726,-0.04783632272727273
2025,True,lda,top,manual_weak_top_label,0.5,non_overlapping,169,33,2,0.06060606060606061,0.5,0.09090909090909091,0.40909090909090906,0.0,1.0,-0.03104032,-0.031040320000000003,0.011718965,-0.05292271,0.016796002727272726,-0.04783632272727273
2025,True,lda,top,manual_weak_top_label,0.6,all_signals,169,33,2,0.06060606060606061,0.5,0.09090909090909091,0.40909090909090906,0.0,1.0,-0.03104032,-0.031040320000000003,0.011718965,-0.05292271,0.016796002727272726,-0.04783632272727273
2025,True,lda,top,manual_weak_top_label,0.6,non_overlapping,169,33,2,0.06060606060606061,0.5,0.09090909090909091,0.40909090909090906,0.0,1.0,-0.03104032,-0.031040320000000003,0.011718965,-0.05292271,0.016796002727272726,-0.04783632272727273
2025,True,lda,top,manual_weak_top_label,0.7,all_signals,169,33,2,0.06060606060606061,0.5,0.09090909090909091,0.40909090909090906,0.0,1.0,-0.03104032,-0.031040320000000003,0.011718965,-0.05292271,0.016796002727272726,-0.04783632272727273
2025,True,lda,top,manual_weak_top_label,0.7,non_overlapping,169,33,2,0.06060606060606061,0.5,0.09090909090909091,0.40909090909090906,0.0,1.0,-0.03104032,-0.031040320000000003,0.011718965,-0.05292271,0.016796002727272726,-0.04783632272727273
2025,True,lightgbm,bottom,manual_weak_bottom_label,0.3,all_signals,186,6,0,0.0,,0.5,,,,,,,,0.037432285,
2025,True,lightgbm,bottom,manual_weak_bottom_label,0.3,non_overlapping,186,6,0,0.0,,0.5,,,,,,,,0.037432285,
2025,True,lightgbm,bottom,manual_weak_bottom_label,0.4,all_signals,186,6,0,0.0,,0.5,,,,,,,,0.037432285,
2025,True,lightgbm,bottom,manual_weak_bottom_label,0.4,non_overlapping,186,6,0,0.0,,0.5,,,,,,,,0.037432285,
2025,True,lightgbm,bottom,manual_weak_bottom_label,0.5,all_signals,186,6,0,0.0,,0.5,,,,,,,,0.037432285,
2025,True,lightgbm,bottom,manual_weak_bottom_label,0.5,non_overlapping,186,6,0,0.0,,0.5,,,,,,,,0.037432285,
2025,True,lightgbm,bottom,manual_weak_bottom_label,0.6,all_signals,186,6,0,0.0,,0.5,,,,,,,,0.037432285,
2025,True,lightgbm,bottom,manual_weak_bottom_label,0.6,non_overlapping,186,6,0,0.0,,0.5,,,,,,,,0.037432285,
2025,True,lightgbm,bottom,manual_weak_bottom_label,0.7,all_signals,186,6,0,0.0,,0.5,,,,,,,,0.037432285,
2025,True,lightgbm,bottom,manual_weak_bottom_label,0.7,non_overlapping,186,6,0,0.0,,0.5,,,,,,,,0.037432285,
2025,True,lightgbm,top,manual_weak_top_label,0.3,all_signals,169,33,0,0.0,,0.09090909090909091,,,,,,,,0.016796002727272726,
2025,True,lightgbm,top,manual_weak_top_label,0.3,non_overlapping,169,33,0,0.0,,0.09090909090909091,,,,,,,,0.016796002727272726,
2025,True,lightgbm,top,manual_weak_top_label,0.4,all_signals,169,33,0,0.0,,0.09090909090909091,,,,,,,,0.016796002727272726,
2025,True,lightgbm,top,manual_weak_top_label,0.4,non_overlapping,169,33,0,0.0,,0.09090909090909091,,,,,,,,0.016796002727272726,
2025,True,lightgbm,top,manual_weak_top_label,0.5,all_signals,169,33,0,0.0,,0.09090909090909091,,,,,,,,0.016796002727272726,
2025,True,lightgbm,top,manual_weak_top_label,0.5,non_overlapping,169,33,0,0.0,,0.09090909090909091,,,,,,,,0.016796002727272726,
2025,True,lightgbm,top,manual_weak_top_label,0.6,all_signals,169,33,0,0.0,,0.09090909090909091,,,,,,,,0.016796002727272726,
2025,True,lightgbm,top,manual_weak_top_label,0.6,non_overlapping,169,33,0,0.0,,0.09090909090909091,,,,,,,,0.016796002727272726,
2025,True,lightgbm,top,manual_weak_top_label,0.7,all_signals,169,33,0,0.0,,0.09090909090909091,,,,,,,,0.016796002727272726,
2025,True,lightgbm,top,manual_weak_top_label,0.7,non_overlapping,169,33,0,0.0,,0.09090909090909091,,,,,,,,0.016796002727272726,
2025,True,logistic,bottom,manual_weak_bottom_label,0.3,all_signals,186,6,4,0.6666666666666666,0.5,0.5,0.0,1.0,0.0,0.0398812825,0.048624265,0.06338373,-0.010968625,0.037432285,0.002448997499999994
2025,True,logistic,bottom,manual_weak_bottom_label,0.3,non_overlapping,186,6,2,0.3333333333333333,0.5,0.5,0.0,1.0,0.0,0.049282655,0.049282654999999995,0.06375048,-0.01737975,0.037432285,0.011850369999999999
2025,True,logistic,bottom,manual_weak_bottom_label,0.4,all_signals,186,6,3,0.5,0.3333333333333333,0.5,-0.16666666666666669,1.0,0.0,0.03463226666666667,0.04293698,0.06278587000000001,-0.004687483333333333,0.037432285,-0.0028000183333333345
2025,True,logistic,bottom,manual_weak_bottom_label,0.4,non_overlapping,186,6,2,0.3333333333333333,0.5,0.5,0.0,1.0,0.0,0.048624265,0.048624265,0.071462615,-0.01035536,0.037432285,0.011191979999999997
2025,True,logistic,bottom,manual_weak_bottom_label,0.5,all_signals,186,6,3,0.5,0.3333333333333333,0.5,-0.16666666666666669,1.0,0.0,0.03463226666666667,0.04293698,0.06278587000000001,-0.004687483333333333,0.037432285,-0.0028000183333333345
2025,True,logistic,bottom,manual_weak_bottom_label,0.5,non_overlapping,186,6,2,0.3333333333333333,0.5,0.5,0.0,1.0,0.0,0.048624265,0.048624265,0.071462615,-0.01035536,0.037432285,0.011191979999999997
2025,True,logistic,bottom,manual_weak_bottom_label,0.6,all_signals,186,6,2,0.3333333333333333,0.0,0.5,-0.5,1.0,0.0,0.024792625,0.024792625,0.053878015,0.00085041,0.037432285,-0.012639660000000004
2025,True,logistic,bottom,manual_weak_bottom_label,0.6,non_overlapping,186,6,1,0.16666666666666666,0.0,0.5,-0.5,1.0,0.0,0.04293698,0.04293698,0.06232365,-0.00494745,0.037432285,0.005504694999999997
2025,True,logistic,bottom,manual_weak_bottom_label,0.7,all_signals,186,6,2,0.3333333333333333,0.0,0.5,-0.5,1.0,0.0,0.024792625,0.024792625,0.053878015,0.00085041,0.037432285,-0.012639660000000004
2025,True,logistic,bottom,manual_weak_bottom_label,0.7,non_overlapping,186,6,1,0.16666666666666666,0.0,0.5,-0.5,1.0,0.0,0.04293698,0.04293698,0.06232365,-0.00494745,0.037432285,0.005504694999999997
2025,True,logistic,top,manual_weak_top_label,0.3,all_signals,169,33,1,0.030303030303030304,0.0,0.09090909090909091,-0.09090909090909091,0.0,1.0,-0.00360309,-0.00360309,0.01035411,-0.04736787,0.016796002727272726,-0.020399092727272725
2025,True,logistic,top,manual_weak_top_label,0.3,non_overlapping,169,33,1,0.030303030303030304,0.0,0.09090909090909091,-0.09090909090909091,0.0,1.0,-0.00360309,-0.00360309,0.01035411,-0.04736787,0.016796002727272726,-0.020399092727272725
2025,True,logistic,top,manual_weak_top_label,0.4,all_signals,169,33,1,0.030303030303030304,0.0,0.09090909090909091,-0.09090909090909091,0.0,1.0,-0.00360309,-0.00360309,0.01035411,-0.04736787,0.016796002727272726,-0.020399092727272725
2025,True,logistic,top,manual_weak_top_label,0.4,non_overlapping,169,33,1,0.030303030303030304,0.0,0.09090909090909091,-0.09090909090909091,0.0,1.0,-0.00360309,-0.00360309,0.01035411,-0.04736787,0.016796002727272726,-0.020399092727272725
2025,True,logistic,top,manual_weak_top_label,0.5,all_signals,169,33,1,0.030303030303030304,0.0,0.09090909090909091,-0.09090909090909091,0.0,1.0,-0.00360309,-0.00360309,0.01035411,-0.04736787,0.016796002727272726,-0.020399092727272725
2025,True,logistic,top,manual_weak_top_label,0.5,non_overlapping,169,33,1,0.030303030303030304,0.0,0.09090909090909091,-0.09090909090909091,0.0,1.0,-0.00360309,-0.00360309,0.01035411,-0.04736787,0.016796002727272726,-0.020399092727272725
2025,True,logistic,top,manual_weak_top_label,0.6,all_signals,169,33,1,0.030303030303030304,0.0,0.09090909090909091,-0.09090909090909091,0.0,1.0,-0.00360309,-0.00360309,0.01035411,-0.04736787,0.016796002727272726,-0.020399092727272725
2025,True,logistic,top,manual_weak_top_label,0.6,non_overlapping,169,33,1,0.030303030303030304,0.0,0.09090909090909091,-0.09090909090909091,0.0,1.0,-0.00360309,-0.00360309,0.01035411,-0.04736787,0.016796002727272726,-0.020399092727272725
2025,True,logistic,top,manual_weak_top_label,0.7,all_signals,169,33,1,0.030303030303030304,0.0,0.09090909090909091,-0.09090909090909091,0.0,1.0,-0.00360309,-0.00360309,0.01035411,-0.04736787,0.016796002727272726,-0.020399092727272725
2025,True,logistic,top,manual_weak_top_label,0.7,non_overlapping,169,33,1,0.030303030303030304,0.0,0.09090909090909091,-0.09090909090909091,0.0,1.0,-0.00360309,-0.00360309,0.01035411,-0.04736787,0.016796002727272726,-0.020399092727272725
2025,True,mlp,bottom,manual_weak_bottom_label,0.3,all_signals,186,6,0,0.0,,0.5,,,,,,,,0.037432285,
2025,True,mlp,bottom,manual_weak_bottom_label,0.3,non_overlapping,186,6,0,0.0,,0.5,,,,,,,,0.037432285,
2025,True,mlp,bottom,manual_weak_bottom_label,0.4,all_signals,186,6,0,0.0,,0.5,,,,,,,,0.037432285,
2025,True,mlp,bottom,manual_weak_bottom_label,0.4,non_overlapping,186,6,0,0.0,,0.5,,,,,,,,0.037432285,
2025,True,mlp,bottom,manual_weak_bottom_label,0.5,all_signals,186,6,0,0.0,,0.5,,,,,,,,0.037432285,
2025,True,mlp,bottom,manual_weak_bottom_label,0.5,non_overlapping,186,6,0,0.0,,0.5,,,,,,,,0.037432285,
2025,True,mlp,bottom,manual_weak_bottom_label,0.6,all_signals,186,6,0,0.0,,0.5,,,,,,,,0.037432285,
2025,True,mlp,bottom,manual_weak_bottom_label,0.6,non_overlapping,186,6,0,0.0,,0.5,,,,,,,,0.037432285,
2025,True,mlp,bottom,manual_weak_bottom_label,0.7,all_signals,186,6,0,0.0,,0.5,,,,,,,,0.037432285,
2025,True,mlp,bottom,manual_weak_bottom_label,0.7,non_overlapping,186,6,0,0.0,,0.5,,,,,,,,0.037432285,
2025,True,mlp,top,manual_weak_top_label,0.3,all_signals,169,33,1,0.030303030303030304,1.0,0.09090909090909091,0.9090909090909091,0.0,1.0,-0.05847755,-0.05847755,0.01308382,-0.05847755,0.016796002727272726,-0.07527355272727274
2025,True,mlp,top,manual_weak_top_label,0.3,non_overlapping,169,33,1,0.030303030303030304,1.0,0.09090909090909091,0.9090909090909091,0.0,1.0,-0.05847755,-0.05847755,0.01308382,-0.05847755,0.016796002727272726,-0.07527355272727274
2025,True,mlp,top,manual_weak_top_label,0.4,all_signals,169,33,0,0.0,,0.09090909090909091,,,,,,,,0.016796002727272726,
2025,True,mlp,top,manual_weak_top_label,0.4,non_overlapping,169,33,0,0.0,,0.09090909090909091,,,,,,,,0.016796002727272726,
2025,True,mlp,top,manual_weak_top_label,0.5,all_signals,169,33,0,0.0,,0.09090909090909091,,,,,,,,0.016796002727272726,
2025,True,mlp,top,manual_weak_top_label,0.5,non_overlapping,169,33,0,0.0,,0.09090909090909091,,,,,,,,0.016796002727272726,
2025,True,mlp,top,manual_weak_top_label,0.6,all_signals,169,33,0,0.0,,0.09090909090909091,,,,,,,,0.016796002727272726,
2025,True,mlp,top,manual_weak_top_label,0.6,non_overlapping,169,33,0,0.0,,0.09090909090909091,,,,,,,,0.016796002727272726,
2025,True,mlp,top,manual_weak_top_label,0.7,all_signals,169,33,0,0.0,,0.09090909090909091,,,,,,,,0.016796002727272726,
2025,True,mlp,top,manual_weak_top_label,0.7,non_overlapping,169,33,0,0.0,,0.09090909090909091,,,,,,,,0.016796002727272726,
2025,True,qda,bottom,manual_weak_bottom_label,0.3,all_signals,186,6,6,1.0,0.5,0.5,0.0,1.0,0.0,0.037432285,0.046503105,0.05674198,-0.011000691666666666,0.037432285,0.0
2025,True,qda,bottom,manual_weak_bottom_label,0.3,non_overlapping,186,6,3,0.5,0.3333333333333333,0.5,-0.16666666666666669,1.0,0.0,0.025758649999999998,0.01499935,0.04546094333333334,-0.013607686666666667,0.037432285,-0.011673635000000005
2025,True,qda,bottom,manual_weak_bottom_label,0.4,all_signals,186,6,6,1.0,0.5,0.5,0.0,1.0,0.0,0.037432285,0.046503105,0.05674198,-0.011000691666666666,0.037432285,0.0
2025,True,qda,bottom,manual_weak_bottom_label,0.4,non_overlapping,186,6,3,0.5,0.3333333333333333,0.5,-0.16666666666666669,1.0,0.0,0.025758649999999998,0.01499935,0.04546094333333334,-0.013607686666666667,0.037432285,-0.011673635000000005
2025,True,qda,bottom,manual_weak_bottom_label,0.5,all_signals,186,6,6,1.0,0.5,0.5,0.0,1.0,0.0,0.037432285,0.046503105,0.05674198,-0.011000691666666666,0.037432285,0.0
2025,True,qda,bottom,manual_weak_bottom_label,0.5,non_overlapping,186,6,3,0.5,0.3333333333333333,0.5,-0.16666666666666669,1.0,0.0,0.025758649999999998,0.01499935,0.04546094333333334,-0.013607686666666667,0.037432285,-0.011673635000000005
2025,True,qda,bottom,manual_weak_bottom_label,0.6,all_signals,186,6,6,1.0,0.5,0.5,0.0,1.0,0.0,0.037432285,0.046503105,0.05674198,-0.011000691666666666,0.037432285,0.0
2025,True,qda,bottom,manual_weak_bottom_label,0.6,non_overlapping,186,6,3,0.5,0.3333333333333333,0.5,-0.16666666666666669,1.0,0.0,0.025758649999999998,0.01499935,0.04546094333333334,-0.013607686666666667,0.037432285,-0.011673635000000005
2025,True,qda,bottom,manual_weak_bottom_label,0.7,all_signals,186,6,6,1.0,0.5,0.5,0.0,1.0,0.0,0.037432285,0.046503105,0.05674198,-0.011000691666666666,0.037432285,0.0
2025,True,qda,bottom,manual_weak_bottom_label,0.7,non_overlapping,186,6,3,0.5,0.3333333333333333,0.5,-0.16666666666666669,1.0,0.0,0.025758649999999998,0.01499935,0.04546094333333334,-0.013607686666666667,0.037432285,-0.011673635000000005
2025,True,qda,top,manual_weak_top_label,0.3,all_signals,169,33,33,1.0,0.09090909090909091,0.09090909090909091,0.0,0.6666666666666666,0.3333333333333333,0.016796002727272726,0.01942226,0.04204343545454546,-0.031432039999999994,0.016796002727272726,0.0
2025,True,qda,top,manual_weak_top_label,0.3,non_overlapping,169,33,13,0.3939393939393939,0.15384615384615385,0.09090909090909091,0.06293706293706294,0.6153846153846154,0.38461538461538464,0.017180605384615386,0.02048786,0.04769666615384616,-0.03304309923076923,0.016796002727272726,0.0003846026573426607
2025,True,qda,top,manual_weak_top_label,0.4,all_signals,169,33,33,1.0,0.09090909090909091,0.09090909090909091,0.0,0.6666666666666666,0.3333333333333333,0.016796002727272726,0.01942226,0.04204343545454546,-0.031432039999999994,0.016796002727272726,0.0
2025,True,qda,top,manual_weak_top_label,0.4,non_overlapping,169,33,13,0.3939393939393939,0.15384615384615385,0.09090909090909091,0.06293706293706294,0.6153846153846154,0.38461538461538464,0.017180605384615386,0.02048786,0.04769666615384616,-0.03304309923076923,0.016796002727272726,0.0003846026573426607
2025,True,qda,top,manual_weak_top_label,0.5,all_signals,169,33,33,1.0,0.09090909090909091,0.09090909090909091,0.0,0.6666666666666666,0.3333333333333333,0.016796002727272726,0.01942226,0.04204343545454546,-0.031432039999999994,0.016796002727272726,0.0
2025,True,qda,top,manual_weak_top_label,0.5,non_overlapping,169,33,13,0.3939393939393939,0.15384615384615385,0.09090909090909091,0.06293706293706294,0.6153846153846154,0.38461538461538464,0.017180605384615386,0.02048786,0.04769666615384616,-0.03304309923076923,0.016796002727272726,0.0003846026573426607
2025,True,qda,top,manual_weak_top_label,0.6,all_signals,169,33,33,1.0,0.09090909090909091,0.09090909090909091,0.0,0.6666666666666666,0.3333333333333333,0.016796002727272726,0.01942226,0.04204343545454546,-0.031432039999999994,0.016796002727272726,0.0
2025,True,qda,top,manual_weak_top_label,0.6,non_overlapping,169,33,13,0.3939393939393939,0.15384615384615385,0.09090909090909091,0.06293706293706294,0.6153846153846154,0.38461538461538464,0.017180605384615386,0.02048786,0.04769666615384616,-0.03304309923076923,0.016796002727272726,0.0003846026573426607
2025,True,qda,top,manual_weak_top_label,0.7,all_signals,169,33,33,1.0,0.09090909090909091,0.09090909090909091,0.0,0.6666666666666666,0.3333333333333333,0.016796002727272726,0.01942226,0.04204343545454546,-0.031432039999999994,0.016796002727272726,0.0
2025,True,qda,top,manual_weak_top_label,0.7,non_overlapping,169,33,13,0.3939393939393939,0.15384615384615385,0.09090909090909091,0.06293706293706294,0.6153846153846154,0.38461538461538464,0.017180605384615386,0.02048786,0.04769666615384616,-0.03304309923076923,0.016796002727272726,0.0003846026573426607
2025,True,svm,bottom,manual_weak_bottom_label,0.3,all_signals,186,6,0,0.0,,0.5,,,,,,,,0.037432285,
2025,True,svm,bottom,manual_weak_bottom_label,0.3,non_overlapping,186,6,0,0.0,,0.5,,,,,,,,0.037432285,
2025,True,svm,bottom,manual_weak_bottom_label,0.4,all_signals,186,6,0,0.0,,0.5,,,,,,,,0.037432285,
2025,True,svm,bottom,manual_weak_bottom_label,0.4,non_overlapping,186,6,0,0.0,,0.5,,,,,,,,0.037432285,
2025,True,svm,bottom,manual_weak_bottom_label,0.5,all_signals,186,6,0,0.0,,0.5,,,,,,,,0.037432285,
2025,True,svm,bottom,manual_weak_bottom_label,0.5,non_overlapping,186,6,0,0.0,,0.5,,,,,,,,0.037432285,
2025,True,svm,bottom,manual_weak_bottom_label,0.6,all_signals,186,6,0,0.0,,0.5,,,,,,,,0.037432285,
2025,True,svm,bottom,manual_weak_bottom_label,0.6,non_overlapping,186,6,0,0.0,,0.5,,,,,,,,0.037432285,
2025,True,svm,bottom,manual_weak_bottom_label,0.7,all_signals,186,6,0,0.0,,0.5,,,,,,,,0.037432285,
2025,True,svm,bottom,manual_weak_bottom_label,0.7,non_overlapping,186,6,0,0.0,,0.5,,,,,,,,0.037432285,
2025,True,svm,top,manual_weak_top_label,0.3,all_signals,169,33,0,0.0,,0.09090909090909091,,,,,,,,0.016796002727272726,
2025,True,svm,top,manual_weak_top_label,0.3,non_overlapping,169,33,0,0.0,,0.09090909090909091,,,,,,,,0.016796002727272726,
2025,True,svm,top,manual_weak_top_label,0.4,all_signals,169,33,0,0.0,,0.09090909090909091,,,,,,,,0.016796002727272726,
2025,True,svm,top,manual_weak_top_label,0.4,non_overlapping,169,33,0,0.0,,0.09090909090909091,,,,,,,,0.016796002727272726,
2025,True,svm,top,manual_weak_top_label,0.5,all_signals,169,33,0,0.0,,0.09090909090909091,,,,,,,,0.016796002727272726,
2025,True,svm,top,manual_weak_top_label,0.5,non_overlapping,169,33,0,0.0,,0.09090909090909091,,,,,,,,0.016796002727272726,
2025,True,svm,top,manual_weak_top_label,0.6,all_signals,169,33,0,0.0,,0.09090909090909091,,,,,,,,0.016796002727272726,
2025,True,svm,top,manual_weak_top_label,0.6,non_overlapping,169,33,0,0.0,,0.09090909090909091,,,,,,,,0.016796002727272726,
2025,True,svm,top,manual_weak_top_label,0.7,all_signals,169,33,0,0.0,,0.09090909090909091,,,,,,,,0.016796002727272726,
2025,True,svm,top,manual_weak_top_label,0.7,non_overlapping,169,33,0,0.0,,0.09090909090909091,,,,,,,,0.016796002727272726,
2026,False,bp,bottom,manual_weak_bottom_label,0.3,all_signals,192,3,0,0.0,,0.6666666666666666,,,,,,,,0.06729197333333332,
2026,False,bp,bottom,manual_weak_bottom_label,0.3,non_overlapping,192,3,0,0.0,,0.6666666666666666,,,,,,,,0.06729197333333332,
2026,False,bp,bottom,manual_weak_bottom_label,0.4,all_signals,192,3,0,0.0,,0.6666666666666666,,,,,,,,0.06729197333333332,
2026,False,bp,bottom,manual_weak_bottom_label,0.4,non_overlapping,192,3,0,0.0,,0.6666666666666666,,,,,,,,0.06729197333333332,
2026,False,bp,bottom,manual_weak_bottom_label,0.5,all_signals,192,3,0,0.0,,0.6666666666666666,,,,,,,,0.06729197333333332,
2026,False,bp,bottom,manual_weak_bottom_label,0.5,non_overlapping,192,3,0,0.0,,0.6666666666666666,,,,,,,,0.06729197333333332,
2026,False,bp,bottom,manual_weak_bottom_label,0.6,all_signals,192,3,0,0.0,,0.6666666666666666,,,,,,,,0.06729197333333332,
2026,False,bp,bottom,manual_weak_bottom_label,0.6,non_overlapping,192,3,0,0.0,,0.6666666666666666,,,,,,,,0.06729197333333332,
2026,False,bp,bottom,manual_weak_bottom_label,0.7,all_signals,192,3,0,0.0,,0.6666666666666666,,,,,,,,0.06729197333333332,
2026,False,bp,bottom,manual_weak_bottom_label,0.7,non_overlapping,192,3,0,0.0,,0.6666666666666666,,,,,,,,0.06729197333333332,
2026,False,bp,top,manual_weak_top_label,0.3,all_signals,202,12,4,0.3333333333333333,0.25,0.16666666666666666,0.08333333333333334,0.5,0.5,-0.019077875,-0.01128438,0.0280587125,-0.044343475,-0.009198810833333333,-0.009879064166666668
2026,False,bp,top,manual_weak_top_label,0.3,non_overlapping,202,12,4,0.3333333333333333,0.25,0.16666666666666666,0.08333333333333334,0.5,0.5,-0.019077875,-0.01128438,0.0280587125,-0.044343475,-0.009198810833333333,-0.009879064166666668
2026,False,bp,top,manual_weak_top_label,0.4,all_signals,202,12,2,0.16666666666666666,0.0,0.16666666666666666,-0.16666666666666666,1.0,0.0,0.026263495,0.026263494999999998,0.043239505,-0.021245785,-0.009198810833333333,0.03546230583333333
2026,False,bp,top,manual_weak_top_label,0.4,non_overlapping,202,12,2,0.16666666666666666,0.0,0.16666666666666666,-0.16666666666666666,1.0,0.0,0.026263495,0.026263494999999998,0.043239505,-0.021245785,-0.009198810833333333,0.03546230583333333
2026,False,bp,top,manual_weak_top_label,0.5,all_signals,202,12,2,0.16666666666666666,0.0,0.16666666666666666,-0.16666666666666666,1.0,0.0,0.026263495,0.026263494999999998,0.043239505,-0.021245785,-0.009198810833333333,0.03546230583333333
2026,False,bp,top,manual_weak_top_label,0.5,non_overlapping,202,12,2,0.16666666666666666,0.0,0.16666666666666666,-0.16666666666666666,1.0,0.0,0.026263495,0.026263494999999998,0.043239505,-0.021245785,-0.009198810833333333,0.03546230583333333
2026,False,bp,top,manual_weak_top_label,0.6,all_signals,202,12,1,0.08333333333333333,0.0,0.16666666666666666,-0.16666666666666666,1.0,0.0,0.03706701,0.03706701,0.03712177,-0.03692976,-0.009198810833333333,0.04626582083333333
2026,False,bp,top,manual_weak_top_label,0.6,non_overlapping,202,12,1,0.08333333333333333,0.0,0.16666666666666666,-0.16666666666666666,1.0,0.0,0.03706701,0.03706701,0.03712177,-0.03692976,-0.009198810833333333,0.04626582083333333
2026,False,bp,top,manual_weak_top_label,0.7,all_signals,202,12,1,0.08333333333333333,0.0,0.16666666666666666,-0.16666666666666666,1.0,0.0,0.03706701,0.03706701,0.03712177,-0.03692976,-0.009198810833333333,0.04626582083333333
2026,False,bp,top,manual_weak_top_label,0.7,non_overlapping,202,12,1,0.08333333333333333,0.0,0.16666666666666666,-0.16666666666666666,1.0,0.0,0.03706701,0.03706701,0.03712177,-0.03692976,-0.009198810833333333,0.04626582083333333
2026,False,lda,bottom,manual_weak_bottom_label,0.3,all_signals,192,3,0,0.0,,0.6666666666666666,,,,,,,,0.06729197333333332,
2026,False,lda,bottom,manual_weak_bottom_label,0.3,non_overlapping,192,3,0,0.0,,0.6666666666666666,,,,,,,,0.06729197333333332,
2026,False,lda,bottom,manual_weak_bottom_label,0.4,all_signals,192,3,0,0.0,,0.6666666666666666,,,,,,,,0.06729197333333332,
2026,False,lda,bottom,manual_weak_bottom_label,0.4,non_overlapping,192,3,0,0.0,,0.6666666666666666,,,,,,,,0.06729197333333332,
2026,False,lda,bottom,manual_weak_bottom_label,0.5,all_signals,192,3,0,0.0,,0.6666666666666666,,,,,,,,0.06729197333333332,
2026,False,lda,bottom,manual_weak_bottom_label,0.5,non_overlapping,192,3,0,0.0,,0.6666666666666666,,,,,,,,0.06729197333333332,
2026,False,lda,bottom,manual_weak_bottom_label,0.6,all_signals,192,3,0,0.0,,0.6666666666666666,,,,,,,,0.06729197333333332,
2026,False,lda,bottom,manual_weak_bottom_label,0.6,non_overlapping,192,3,0,0.0,,0.6666666666666666,,,,,,,,0.06729197333333332,
2026,False,lda,bottom,manual_weak_bottom_label,0.7,all_signals,192,3,0,0.0,,0.6666666666666666,,,,,,,,0.06729197333333332,
2026,False,lda,bottom,manual_weak_bottom_label,0.7,non_overlapping,192,3,0,0.0,,0.6666666666666666,,,,,,,,0.06729197333333332,
2026,False,lda,top,manual_weak_top_label,0.3,all_signals,202,12,2,0.16666666666666666,0.0,0.16666666666666666,-0.16666666666666666,1.0,0.0,0.026263495,0.026263494999999998,0.043239505,-0.021245785,-0.009198810833333333,0.03546230583333333
2026,False,lda,top,manual_weak_top_label,0.3,non_overlapping,202,12,2,0.16666666666666666,0.0,0.16666666666666666,-0.16666666666666666,1.0,0.0,0.026263495,0.026263494999999998,0.043239505,-0.021245785,-0.009198810833333333,0.03546230583333333
2026,False,lda,top,manual_weak_top_label,0.4,all_signals,202,12,2,0.16666666666666666,0.0,0.16666666666666666,-0.16666666666666666,1.0,0.0,0.026263495,0.026263494999999998,0.043239505,-0.021245785,-0.009198810833333333,0.03546230583333333
2026,False,lda,top,manual_weak_top_label,0.4,non_overlapping,202,12,2,0.16666666666666666,0.0,0.16666666666666666,-0.16666666666666666,1.0,0.0,0.026263495,0.026263494999999998,0.043239505,-0.021245785,-0.009198810833333333,0.03546230583333333
2026,False,lda,top,manual_weak_top_label,0.5,all_signals,202,12,2,0.16666666666666666,0.0,0.16666666666666666,-0.16666666666666666,1.0,0.0,0.026263495,0.026263494999999998,0.043239505,-0.021245785,-0.009198810833333333,0.03546230583333333
2026,False,lda,top,manual_weak_top_label,0.5,non_overlapping,202,12,2,0.16666666666666666,0.0,0.16666666666666666,-0.16666666666666666,1.0,0.0,0.026263495,0.026263494999999998,0.043239505,-0.021245785,-0.009198810833333333,0.03546230583333333
2026,False,lda,top,manual_weak_top_label,0.6,all_signals,202,12,2,0.16666666666666666,0.0,0.16666666666666666,-0.16666666666666666,1.0,0.0,0.026263495,0.026263494999999998,0.043239505,-0.021245785,-0.009198810833333333,0.03546230583333333
2026,False,lda,top,manual_weak_top_label,0.6,non_overlapping,202,12,2,0.16666666666666666,0.0,0.16666666666666666,-0.16666666666666666,1.0,0.0,0.026263495,0.026263494999999998,0.043239505,-0.021245785,-0.009198810833333333,0.03546230583333333
2026,False,lda,top,manual_weak_top_label,0.7,all_signals,202,12,2,0.16666666666666666,0.0,0.16666666666666666,-0.16666666666666666,1.0,0.0,0.026263495,0.026263494999999998,0.043239505,-0.021245785,-0.009198810833333333,0.03546230583333333
2026,False,lda,top,manual_weak_top_label,0.7,non_overlapping,202,12,2,0.16666666666666666,0.0,0.16666666666666666,-0.16666666666666666,1.0,0.0,0.026263495,0.026263494999999998,0.043239505,-0.021245785,-0.009198810833333333,0.03546230583333333
2026,False,lightgbm,bottom,manual_weak_bottom_label,0.3,all_signals,192,3,1,0.3333333333333333,0.0,0.6666666666666666,-0.6666666666666666,1.0,0.0,0.02759668,0.02759668,0.03550104,-0.05469809,0.06729197333333332,-0.039695293333333326
2026,False,lightgbm,bottom,manual_weak_bottom_label,0.3,non_overlapping,192,3,1,0.3333333333333333,0.0,0.6666666666666666,-0.6666666666666666,1.0,0.0,0.02759668,0.02759668,0.03550104,-0.05469809,0.06729197333333332,-0.039695293333333326
2026,False,lightgbm,bottom,manual_weak_bottom_label,0.4,all_signals,192,3,1,0.3333333333333333,0.0,0.6666666666666666,-0.6666666666666666,1.0,0.0,0.02759668,0.02759668,0.03550104,-0.05469809,0.06729197333333332,-0.039695293333333326
2026,False,lightgbm,bottom,manual_weak_bottom_label,0.4,non_overlapping,192,3,1,0.3333333333333333,0.0,0.6666666666666666,-0.6666666666666666,1.0,0.0,0.02759668,0.02759668,0.03550104,-0.05469809,0.06729197333333332,-0.039695293333333326
2026,False,lightgbm,bottom,manual_weak_bottom_label,0.5,all_signals,192,3,0,0.0,,0.6666666666666666,,,,,,,,0.06729197333333332,
2026,False,lightgbm,bottom,manual_weak_bottom_label,0.5,non_overlapping,192,3,0,0.0,,0.6666666666666666,,,,,,,,0.06729197333333332,
2026,False,lightgbm,bottom,manual_weak_bottom_label,0.6,all_signals,192,3,0,0.0,,0.6666666666666666,,,,,,,,0.06729197333333332,
2026,False,lightgbm,bottom,manual_weak_bottom_label,0.6,non_overlapping,192,3,0,0.0,,0.6666666666666666,,,,,,,,0.06729197333333332,
2026,False,lightgbm,bottom,manual_weak_bottom_label,0.7,all_signals,192,3,0,0.0,,0.6666666666666666,,,,,,,,0.06729197333333332,
2026,False,lightgbm,bottom,manual_weak_bottom_label,0.7,non_overlapping,192,3,0,0.0,,0.6666666666666666,,,,,,,,0.06729197333333332,
2026,False,lightgbm,top,manual_weak_top_label,0.3,all_signals,202,12,2,0.16666666666666666,0.5,0.16666666666666666,0.33333333333333337,0.5,0.5,-0.04482814,-0.044828139999999995,0.0202607,-0.0589968,-0.009198810833333333,-0.03562932916666667
2026,False,lightgbm,top,manual_weak_top_label,0.3,non_overlapping,202,12,1,0.08333333333333333,0.0,0.16666666666666666,-0.16666666666666666,1.0,0.0,0.00115347,0.00115347,0.04344588,-0.02696705,-0.009198810833333333,0.010352280833333333
2026,False,lightgbm,top,manual_weak_top_label,0.4,all_signals,202,12,1,0.08333333333333333,1.0,0.16666666666666666,0.8333333333333334,0.0,1.0,-0.09080975,-0.09080975,-0.00292448,-0.09102655,-0.009198810833333333,-0.08161093916666666
2026,False,lightgbm,top,manual_weak_top_label,0.4,non_overlapping,202,12,1,0.08333333333333333,1.0,0.16666666666666666,0.8333333333333334,0.0,1.0,-0.09080975,-0.09080975,-0.00292448,-0.09102655,-0.009198810833333333,-0.08161093916666666
2026,False,lightgbm,top,manual_weak_top_label,0.5,all_signals,202,12,1,0.08333333333333333,1.0,0.16666666666666666,0.8333333333333334,0.0,1.0,-0.09080975,-0.09080975,-0.00292448,-0.09102655,-0.009198810833333333,-0.08161093916666666
2026,False,lightgbm,top,manual_weak_top_label,0.5,non_overlapping,202,12,1,0.08333333333333333,1.0,0.16666666666666666,0.8333333333333334,0.0,1.0,-0.09080975,-0.09080975,-0.00292448,-0.09102655,-0.009198810833333333,-0.08161093916666666
2026,False,lightgbm,top,manual_weak_top_label,0.6,all_signals,202,12,0,0.0,,0.16666666666666666,,,,,,,,-0.009198810833333333,
2026,False,lightgbm,top,manual_weak_top_label,0.6,non_overlapping,202,12,0,0.0,,0.16666666666666666,,,,,,,,-0.009198810833333333,
2026,False,lightgbm,top,manual_weak_top_label,0.7,all_signals,202,12,0,0.0,,0.16666666666666666,,,,,,,,-0.009198810833333333,
2026,False,lightgbm,top,manual_weak_top_label,0.7,non_overlapping,202,12,0,0.0,,0.16666666666666666,,,,,,,,-0.009198810833333333,
2026,False,logistic,bottom,manual_weak_bottom_label,0.3,all_signals,192,3,0,0.0,,0.6666666666666666,,,,,,,,0.06729197333333332,
2026,False,logistic,bottom,manual_weak_bottom_label,0.3,non_overlapping,192,3,0,0.0,,0.6666666666666666,,,,,,,,0.06729197333333332,
2026,False,logistic,bottom,manual_weak_bottom_label,0.4,all_signals,192,3,0,0.0,,0.6666666666666666,,,,,,,,0.06729197333333332,
2026,False,logistic,bottom,manual_weak_bottom_label,0.4,non_overlapping,192,3,0,0.0,,0.6666666666666666,,,,,,,,0.06729197333333332,
2026,False,logistic,bottom,manual_weak_bottom_label,0.5,all_signals,192,3,0,0.0,,0.6666666666666666,,,,,,,,0.06729197333333332,
2026,False,logistic,bottom,manual_weak_bottom_label,0.5,non_overlapping,192,3,0,0.0,,0.6666666666666666,,,,,,,,0.06729197333333332,
2026,False,logistic,bottom,manual_weak_bottom_label,0.6,all_signals,192,3,0,0.0,,0.6666666666666666,,,,,,,,0.06729197333333332,
2026,False,logistic,bottom,manual_weak_bottom_label,0.6,non_overlapping,192,3,0,0.0,,0.6666666666666666,,,,,,,,0.06729197333333332,
2026,False,logistic,bottom,manual_weak_bottom_label,0.7,all_signals,192,3,0,0.0,,0.6666666666666666,,,,,,,,0.06729197333333332,
2026,False,logistic,bottom,manual_weak_bottom_label,0.7,non_overlapping,192,3,0,0.0,,0.6666666666666666,,,,,,,,0.06729197333333332,
2026,False,logistic,top,manual_weak_top_label,0.3,all_signals,202,12,3,0.25,0.3333333333333333,0.16666666666666666,0.16666666666666666,0.6666666666666666,0.3333333333333333,-0.01276092,0.01545998,0.02785151,-0.04450604,-0.009198810833333333,-0.0035621091666666674
2026,False,logistic,top,manual_weak_top_label,0.3,non_overlapping,202,12,3,0.25,0.3333333333333333,0.16666666666666666,0.16666666666666666,0.6666666666666666,0.3333333333333333,-0.01276092,0.01545998,0.02785151,-0.04450604,-0.009198810833333333,-0.0035621091666666674
2026,False,logistic,top,manual_weak_top_label,0.4,all_signals,202,12,3,0.25,0.3333333333333333,0.16666666666666666,0.16666666666666666,0.6666666666666666,0.3333333333333333,-0.01276092,0.01545998,0.02785151,-0.04450604,-0.009198810833333333,-0.0035621091666666674
2026,False,logistic,top,manual_weak_top_label,0.4,non_overlapping,202,12,3,0.25,0.3333333333333333,0.16666666666666666,0.16666666666666666,0.6666666666666666,0.3333333333333333,-0.01276092,0.01545998,0.02785151,-0.04450604,-0.009198810833333333,-0.0035621091666666674
2026,False,logistic,top,manual_weak_top_label,0.5,all_signals,202,12,2,0.16666666666666666,0.0,0.16666666666666666,-0.16666666666666666,1.0,0.0,0.026263495,0.026263494999999998,0.043239505,-0.021245785,-0.009198810833333333,0.03546230583333333
2026,False,logistic,top,manual_weak_top_label,0.5,non_overlapping,202,12,2,0.16666666666666666,0.0,0.16666666666666666,-0.16666666666666666,1.0,0.0,0.026263495,0.026263494999999998,0.043239505,-0.021245785,-0.009198810833333333,0.03546230583333333
2026,False,logistic,top,manual_weak_top_label,0.6,all_signals,202,12,2,0.16666666666666666,0.0,0.16666666666666666,-0.16666666666666666,1.0,0.0,0.026263495,0.026263494999999998,0.043239505,-0.021245785,-0.009198810833333333,0.03546230583333333
2026,False,logistic,top,manual_weak_top_label,0.6,non_overlapping,202,12,2,0.16666666666666666,0.0,0.16666666666666666,-0.16666666666666666,1.0,0.0,0.026263495,0.026263494999999998,0.043239505,-0.021245785,-0.009198810833333333,0.03546230583333333
2026,False,logistic,top,manual_weak_top_label,0.7,all_signals,202,12,2,0.16666666666666666,0.0,0.16666666666666666,-0.16666666666666666,1.0,0.0,0.026263495,0.026263494999999998,0.043239505,-0.021245785,-0.009198810833333333,0.03546230583333333
2026,False,logistic,top,manual_weak_top_label,0.7,non_overlapping,202,12,2,0.16666666666666666,0.0,0.16666666666666666,-0.16666666666666666,1.0,0.0,0.026263495,0.026263494999999998,0.043239505,-0.021245785,-0.009198810833333333,0.03546230583333333
2026,False,mlp,bottom,manual_weak_bottom_label,0.3,all_signals,192,3,0,0.0,,0.6666666666666666,,,,,,,,0.06729197333333332,
2026,False,mlp,bottom,manual_weak_bottom_label,0.3,non_overlapping,192,3,0,0.0,,0.6666666666666666,,,,,,,,0.06729197333333332,
2026,False,mlp,bottom,manual_weak_bottom_label,0.4,all_signals,192,3,0,0.0,,0.6666666666666666,,,,,,,,0.06729197333333332,
2026,False,mlp,bottom,manual_weak_bottom_label,0.4,non_overlapping,192,3,0,0.0,,0.6666666666666666,,,,,,,,0.06729197333333332,
2026,False,mlp,bottom,manual_weak_bottom_label,0.5,all_signals,192,3,0,0.0,,0.6666666666666666,,,,,,,,0.06729197333333332,
2026,False,mlp,bottom,manual_weak_bottom_label,0.5,non_overlapping,192,3,0,0.0,,0.6666666666666666,,,,,,,,0.06729197333333332,
2026,False,mlp,bottom,manual_weak_bottom_label,0.6,all_signals,192,3,0,0.0,,0.6666666666666666,,,,,,,,0.06729197333333332,
2026,False,mlp,bottom,manual_weak_bottom_label,0.6,non_overlapping,192,3,0,0.0,,0.6666666666666666,,,,,,,,0.06729197333333332,
2026,False,mlp,bottom,manual_weak_bottom_label,0.7,all_signals,192,3,0,0.0,,0.6666666666666666,,,,,,,,0.06729197333333332,
2026,False,mlp,bottom,manual_weak_bottom_label,0.7,non_overlapping,192,3,0,0.0,,0.6666666666666666,,,,,,,,0.06729197333333332,
2026,False,mlp,top,manual_weak_top_label,0.3,all_signals,202,12,2,0.16666666666666666,0.0,0.16666666666666666,-0.16666666666666666,0.5,0.5,0.01178849,0.01178849,0.05948714,-0.025647705,-0.009198810833333333,0.020987300833333333
2026,False,mlp,top,manual_weak_top_label,0.3,non_overlapping,202,12,2,0.16666666666666666,0.0,0.16666666666666666,-0.16666666666666666,0.5,0.5,0.01178849,0.01178849,0.05948714,-0.025647705,-0.009198810833333333,0.020987300833333333
2026,False,mlp,top,manual_weak_top_label,0.4,all_signals,202,12,1,0.08333333333333333,0.0,0.16666666666666666,-0.16666666666666666,1.0,0.0,0.04558123,0.04558123,0.08281519,-0.01695455,-0.009198810833333333,0.054780040833333335
2026,False,mlp,top,manual_weak_top_label,0.4,non_overlapping,202,12,1,0.08333333333333333,0.0,0.16666666666666666,-0.16666666666666666,1.0,0.0,0.04558123,0.04558123,0.08281519,-0.01695455,-0.009198810833333333,0.054780040833333335
2026,False,mlp,top,manual_weak_top_label,0.5,all_signals,202,12,1,0.08333333333333333,0.0,0.16666666666666666,-0.16666666666666666,1.0,0.0,0.04558123,0.04558123,0.08281519,-0.01695455,-0.009198810833333333,0.054780040833333335
2026,False,mlp,top,manual_weak_top_label,0.5,non_overlapping,202,12,1,0.08333333333333333,0.0,0.16666666666666666,-0.16666666666666666,1.0,0.0,0.04558123,0.04558123,0.08281519,-0.01695455,-0.009198810833333333,0.054780040833333335
2026,False,mlp,top,manual_weak_top_label,0.6,all_signals,202,12,1,0.08333333333333333,0.0,0.16666666666666666,-0.16666666666666666,1.0,0.0,0.04558123,0.04558123,0.08281519,-0.01695455,-0.009198810833333333,0.054780040833333335
2026,False,mlp,top,manual_weak_top_label,0.6,non_overlapping,202,12,1,0.08333333333333333,0.0,0.16666666666666666,-0.16666666666666666,1.0,0.0,0.04558123,0.04558123,0.08281519,-0.01695455,-0.009198810833333333,0.054780040833333335
2026,False,mlp,top,manual_weak_top_label,0.7,all_signals,202,12,0,0.0,,0.16666666666666666,,,,,,,,-0.009198810833333333,
2026,False,mlp,top,manual_weak_top_label,0.7,non_overlapping,202,12,0,0.0,,0.16666666666666666,,,,,,,,-0.009198810833333333,
2026,False,qda,bottom,manual_weak_bottom_label,0.3,all_signals,192,3,3,1.0,0.6666666666666666,0.6666666666666666,0.0,1.0,0.0,0.06729197333333332,0.07243743,0.07971830666666667,-0.027099946666666666,0.06729197333333332,0.0
2026,False,qda,bottom,manual_weak_bottom_label,0.3,non_overlapping,192,3,1,0.3333333333333333,0.0,0.6666666666666666,-0.6666666666666666,1.0,0.0,0.02759668,0.02759668,0.03550104,-0.05469809,0.06729197333333332,-0.039695293333333326
2026,False,qda,bottom,manual_weak_bottom_label,0.4,all_signals,192,3,3,1.0,0.6666666666666666,0.6666666666666666,0.0,1.0,0.0,0.06729197333333332,0.07243743,0.07971830666666667,-0.027099946666666666,0.06729197333333332,0.0
2026,False,qda,bottom,manual_weak_bottom_label,0.4,non_overlapping,192,3,1,0.3333333333333333,0.0,0.6666666666666666,-0.6666666666666666,1.0,0.0,0.02759668,0.02759668,0.03550104,-0.05469809,0.06729197333333332,-0.039695293333333326
2026,False,qda,bottom,manual_weak_bottom_label,0.5,all_signals,192,3,3,1.0,0.6666666666666666,0.6666666666666666,0.0,1.0,0.0,0.06729197333333332,0.07243743,0.07971830666666667,-0.027099946666666666,0.06729197333333332,0.0
2026,False,qda,bottom,manual_weak_bottom_label,0.5,non_overlapping,192,3,1,0.3333333333333333,0.0,0.6666666666666666,-0.6666666666666666,1.0,0.0,0.02759668,0.02759668,0.03550104,-0.05469809,0.06729197333333332,-0.039695293333333326
2026,False,qda,bottom,manual_weak_bottom_label,0.6,all_signals,192,3,3,1.0,0.6666666666666666,0.6666666666666666,0.0,1.0,0.0,0.06729197333333332,0.07243743,0.07971830666666667,-0.027099946666666666,0.06729197333333332,0.0
2026,False,qda,bottom,manual_weak_bottom_label,0.6,non_overlapping,192,3,1,0.3333333333333333,0.0,0.6666666666666666,-0.6666666666666666,1.0,0.0,0.02759668,0.02759668,0.03550104,-0.05469809,0.06729197333333332,-0.039695293333333326
2026,False,qda,bottom,manual_weak_bottom_label,0.7,all_signals,192,3,3,1.0,0.6666666666666666,0.6666666666666666,0.0,1.0,0.0,0.06729197333333332,0.07243743,0.07971830666666667,-0.027099946666666666,0.06729197333333332,0.0
2026,False,qda,bottom,manual_weak_bottom_label,0.7,non_overlapping,192,3,1,0.3333333333333333,0.0,0.6666666666666666,-0.6666666666666666,1.0,0.0,0.02759668,0.02759668,0.03550104,-0.05469809,0.06729197333333332,-0.039695293333333326
2026,False,qda,top,manual_weak_top_label,0.3,all_signals,202,12,12,1.0,0.16666666666666666,0.16666666666666666,0.0,0.5,0.5,-0.009198810833333333,-0.01042539,0.03795596416666667,-0.04037191083333334,-0.009198810833333333,0.0
2026,False,qda,top,manual_weak_top_label,0.3,non_overlapping,202,12,6,0.5,0.16666666666666666,0.16666666666666666,0.0,0.6666666666666666,0.3333333333333333,-0.00013833499999999998,0.023342395,0.04244854,-0.04104071833333333,-0.009198810833333333,0.009060475833333333
2026,False,qda,top,manual_weak_top_label,0.4,all_signals,202,12,12,1.0,0.16666666666666666,0.16666666666666666,0.0,0.5,0.5,-0.009198810833333333,-0.01042539,0.03795596416666667,-0.04037191083333334,-0.009198810833333333,0.0
2026,False,qda,top,manual_weak_top_label,0.4,non_overlapping,202,12,6,0.5,0.16666666666666666,0.16666666666666666,0.0,0.6666666666666666,0.3333333333333333,-0.00013833499999999998,0.023342395,0.04244854,-0.04104071833333333,-0.009198810833333333,0.009060475833333333
2026,False,qda,top,manual_weak_top_label,0.5,all_signals,202,12,12,1.0,0.16666666666666666,0.16666666666666666,0.0,0.5,0.5,-0.009198810833333333,-0.01042539,0.03795596416666667,-0.04037191083333334,-0.009198810833333333,0.0
2026,False,qda,top,manual_weak_top_label,0.5,non_overlapping,202,12,6,0.5,0.16666666666666666,0.16666666666666666,0.0,0.6666666666666666,0.3333333333333333,-0.00013833499999999998,0.023342395,0.04244854,-0.04104071833333333,-0.009198810833333333,0.009060475833333333
2026,False,qda,top,manual_weak_top_label,0.6,all_signals,202,12,12,1.0,0.16666666666666666,0.16666666666666666,0.0,0.5,0.5,-0.009198810833333333,-0.01042539,0.03795596416666667,-0.04037191083333334,-0.009198810833333333,0.0
2026,False,qda,top,manual_weak_top_label,0.6,non_overlapping,202,12,6,0.5,0.16666666666666666,0.16666666666666666,0.0,0.6666666666666666,0.3333333333333333,-0.00013833499999999998,0.023342395,0.04244854,-0.04104071833333333,-0.009198810833333333,0.009060475833333333
2026,False,qda,top,manual_weak_top_label,0.7,all_signals,202,12,12,1.0,0.16666666666666666,0.16666666666666666,0.0,0.5,0.5,-0.009198810833333333,-0.01042539,0.03795596416666667,-0.04037191083333334,-0.009198810833333333,0.0
2026,False,qda,top,manual_weak_top_label,0.7,non_overlapping,202,12,6,0.5,0.16666666666666666,0.16666666666666666,0.0,0.6666666666666666,0.3333333333333333,-0.00013833499999999998,0.023342395,0.04244854,-0.04104071833333333,-0.009198810833333333,0.009060475833333333
2026,False,svm,bottom,manual_weak_bottom_label,0.3,all_signals,192,3,0,0.0,,0.6666666666666666,,,,,,,,0.06729197333333332,
2026,False,svm,bottom,manual_weak_bottom_label,0.3,non_overlapping,192,3,0,0.0,,0.6666666666666666,,,,,,,,0.06729197333333332,
2026,False,svm,bottom,manual_weak_bottom_label,0.4,all_signals,192,3,0,0.0,,0.6666666666666666,,,,,,,,0.06729197333333332,
2026,False,svm,bottom,manual_weak_bottom_label,0.4,non_overlapping,192,3,0,0.0,,0.6666666666666666,,,,,,,,0.06729197333333332,
2026,False,svm,bottom,manual_weak_bottom_label,0.5,all_signals,192,3,0,0.0,,0.6666666666666666,,,,,,,,0.06729197333333332,
2026,False,svm,bottom,manual_weak_bottom_label,0.5,non_overlapping,192,3,0,0.0,,0.6666666666666666,,,,,,,,0.06729197333333332,
2026,False,svm,bottom,manual_weak_bottom_label,0.6,all_signals,192,3,0,0.0,,0.6666666666666666,,,,,,,,0.06729197333333332,
2026,False,svm,bottom,manual_weak_bottom_label,0.6,non_overlapping,192,3,0,0.0,,0.6666666666666666,,,,,,,,0.06729197333333332,
2026,False,svm,bottom,manual_weak_bottom_label,0.7,all_signals,192,3,0,0.0,,0.6666666666666666,,,,,,,,0.06729197333333332,
2026,False,svm,bottom,manual_weak_bottom_label,0.7,non_overlapping,192,3,0,0.0,,0.6666666666666666,,,,,,,,0.06729197333333332,
2026,False,svm,top,manual_weak_top_label,0.3,all_signals,202,12,0,0.0,,0.16666666666666666,,,,,,,,-0.009198810833333333,
2026,False,svm,top,manual_weak_top_label,0.3,non_overlapping,202,12,0,0.0,,0.16666666666666666,,,,,,,,-0.009198810833333333,
2026,False,svm,top,manual_weak_top_label,0.4,all_signals,202,12,0,0.0,,0.16666666666666666,,,,,,,,-0.009198810833333333,
2026,False,svm,top,manual_weak_top_label,0.4,non_overlapping,202,12,0,0.0,,0.16666666666666666,,,,,,,,-0.009198810833333333,
2026,False,svm,top,manual_weak_top_label,0.5,all_signals,202,12,0,0.0,,0.16666666666666666,,,,,,,,-0.009198810833333333,
2026,False,svm,top,manual_weak_top_label,0.5,non_overlapping,202,12,0,0.0,,0.16666666666666666,,,,,,,,-0.009198810833333333,
2026,False,svm,top,manual_weak_top_label,0.6,all_signals,202,12,0,0.0,,0.16666666666666666,,,,,,,,-0.009198810833333333,
2026,False,svm,top,manual_weak_top_label,0.6,non_overlapping,202,12,0,0.0,,0.16666666666666666,,,,,,,,-0.009198810833333333,
2026,False,svm,top,manual_weak_top_label,0.7,all_signals,202,12,0,0.0,,0.16666666666666666,,,,,,,,-0.009198810833333333,
2026,False,svm,top,manual_weak_top_label,0.7,non_overlapping,202,12,0,0.0,,0.16666666666666666,,,,,,,,-0.009198810833333333,
